task_id,split,subject,level,passed,extracted_prediction,extracted_reference,normalized_prediction,normalized_reference,native_feedback,input_tokens,output_tokens,reasoning_tokens,final_content_tokens,total_tokens,finish_reason,model_version,backend_revision,response_hash,request_hash,native_reported_tokens,native_runner_feedback,empty_final_content,response_path
math_test_prealgebra_181,validation,prealgebra,Level 5,True,135,135,135,135,correct,103,334,171,163,437,stop,deepseek-flash,aeb56401ca74e127821c4f9126dcb669,1d3c1de8818e08265d6295e64340624995efd114d02d12379506dad0ba1c4365,eebe63204551dec0ea08db49d4229ba7320b986b7f8db00a73f7f3dcd400baca,437,correct,False,raw/math_test_prealgebra_181.json
math_test_prealgebra_577,validation,prealgebra,Level 5,True,7,7,7,7,correct,303,651,498,153,954,stop,deepseek-flash,aeb56401ca74e127821c4f9126dcb669,2bde4ab21931c373e0b8951037131f332c65900a99baf98b35212a4ac9654a5f,8ee19dde6f7078db7729dd627da75852b14c1d4cf98da4efbf7ecff21f1e3ca2,954,correct,False,raw/math_test_prealgebra_577.json
math_test_prealgebra_304,validation,prealgebra,Level 5,True,3,3,3,3,correct,123,334,153,181,457,stop,deepseek-flash,aeb56401ca74e127821c4f9126dcb669,ed126e71279a93548803ecebb4058d32907ab8ad60a0a58d69019a1d0e38c51d,c4ac5994c986111685d536004aa5d0cd15b5b21a858a9fd2597c7395a7b5b9cf,457,correct,False,raw/math_test_prealgebra_304.json
math_test_prealgebra_609,validation,prealgebra,Level 5,False,MAKE,\text{MAKE,make,\text{make,"wrong: predicted=MAKE, gold=\text{MAKE",143,765,625,140,908,stop,deepseek-flash,aeb56401ca74e127821c4f9126dcb669,4554dd39775e6bba9b95aa7c97bad03d169c3b51a2747b17be08029ec52dfd4b,b06402f12647ff0e41941fbb847ff2bc5b98983827ea4921478ae9711efebebe,908,"wrong: predicted=MAKE, gold=\text{MAKE",False,raw/math_test_prealgebra_609.json
math_test_prealgebra_464,validation,prealgebra,Level 5,True,200,200,200,200,correct,70,686,608,78,756,stop,deepseek-flash,aeb56401ca74e127821c4f9126dcb669,69c6a3f6ae27a6a4a243c47a8da23385edf96c75529be4ebb4cf6ec4ff6c9c5b,2de45dbbe679fe63b3e941d417a1672f77733215e22bd7ea6e4bd0a527930184,756,correct,False,raw/math_test_prealgebra_464.json
math_test_prealgebra_643,validation,prealgebra,Level 5,False,14+7\sqrt2,14+7\sqrt{2,14+7\sqrt2,14+7\sqrt{2,"wrong: predicted=14+7\sqrt2, gold=14+7\sqrt{2",123,886,719,167,1009,stop,deepseek-flash,aeb56401ca74e127821c4f9126dcb669,dfed1f0ddeb2258c844f2726f0ffdd27674516efdee6b3a6b42bd8cc695f4186,adf2ec3ceecb8de99949e07b50ef16c69352bbbeb9b43ccd82d41c7b90f7376f,1009,"wrong: predicted=14+7\sqrt2, gold=14+7\sqrt{2",False,raw/math_test_prealgebra_643.json
math_test_prealgebra_73,validation,prealgebra,Level 5,True,162,162,162,162,correct,114,458,259,199,572,stop,deepseek-flash,aeb56401ca74e127821c4f9126dcb669,d8c1881ab43dab9fa8915f7ff2b3b2ecd1e401de1d61b5f01e754d01314c4d9d,6ce0130fec63468376dbb3d9c67054584e85337b0db32bd38b73b295282ac1e4,572,correct,False,raw/math_test_prealgebra_73.json
math_test_prealgebra_86,validation,prealgebra,Level 5,False,,4,,4,"wrong: predicted=, gold=4",189,2048,2048,0,2237,length,deepseek-flash,aeb56401ca74e127821c4f9126dcb669,7849b9cbb0778e85b7806d902edc20e0c3ef085184badc125981b61f63ec25c8,6b176bd85a8fb1eddbb36343faa59ca394082fb3bd7286115806ea53a843a3c9,0,error: OpenRouter returned empty content.,True,raw/math_test_prealgebra_86.json
math_test_prealgebra_75,validation,prealgebra,Level 5,True,64,64,64,64,correct,191,376,248,128,567,stop,deepseek-flash,aeb56401ca74e127821c4f9126dcb669,03f513365f7314af0e49e70edb3e59ec3209f2a0a42e4e32c052cd9122bfedbb,86341fa2b5a9df94256340a118911abbcad639aebe6c35340ce023909fea1b3e,567,correct,False,raw/math_test_prealgebra_75.json
math_test_prealgebra_35,validation,prealgebra,Level 5,True,162,162,162,162,correct,71,672,434,238,743,stop,deepseek-flash,aeb56401ca74e127821c4f9126dcb669,fb83f1d34338c88b1b47391c1996256823103bc10395183642e0811b13ce539e,8720370af758475d56da47abe097a0faf2b58af98b677778e4ba3c9a1c878076,743,correct,False,raw/math_test_prealgebra_35.json
math_test_prealgebra_318,validation,prealgebra,Level 5,False,\(\frac{6\sqrt{10}}{7}\),\frac{6\sqrt{10,\frac{6\sqrt{10}}{7},\frac{6\sqrt{10,"wrong: predicted=\(\frac{6\sqrt{10}}{7}\), gold=\frac{6\sqrt{10",70,245,99,146,315,stop,deepseek-flash,aeb56401ca74e127821c4f9126dcb669,406fc64593fccb4902a4ccdc9955a458932f0e5de50b2d6f22411a24e0e580df,5f0ae32dfd97255204137729145217af73ca6d698a616b9ca041e46108144ec6,315,"wrong: predicted=\(\frac{6\sqrt{10}}{7}\), gold=\frac{6\sqrt{10",False,raw/math_test_prealgebra_318.json
math_test_prealgebra_462,validation,prealgebra,Level 5,False,100 square units,100\text{ square units,100,100\text{ square units,"wrong: predicted=100 square units, gold=100\text{ square units",78,210,83,127,288,stop,deepseek-flash,aeb56401ca74e127821c4f9126dcb669,ee0be25be8785d025ef8d98066d3352b661c2026c84206fa8c8ec589b469ffa1,a297ebc945ccdcfcd11a3508c336a152a2c64b15b4bf2ff3de35036c40d06573,288,"wrong: predicted=100 square units, gold=100\text{ square units",False,raw/math_test_prealgebra_462.json
math_test_prealgebra_250,validation,prealgebra,Level 5,True,800,800,800,800,correct,107,578,392,186,685,stop,deepseek-flash,aeb56401ca74e127821c4f9126dcb669,f14e0d1001f11e4cef8594647bbdba2bb498ac099255ca1cac6280f432a0338c,1ccbb0ece7c75207b103c2c631f3fbed75d6d337197493de502020d44562cf62,685,correct,False,raw/math_test_prealgebra_250.json
math_test_prealgebra_248,validation,prealgebra,Level 5,False,28%,28\%,28,28\,"wrong: predicted=28%, gold=28\%",122,203,102,101,325,stop,deepseek-flash,aeb56401ca74e127821c4f9126dcb669,bb587c898b762ff901db89e34985d88923a87ecb5f8cd7f67e27987395bd84fc,0c31d5238c919844140897aa6abf6b4f09f67338e38acc4aaf37449b6f083167,325,"wrong: predicted=28%, gold=28\%",False,raw/math_test_prealgebra_248.json
math_test_prealgebra_648,validation,prealgebra,Level 5,True,22,22,22,22,correct,112,381,221,160,493,stop,deepseek-flash,aeb56401ca74e127821c4f9126dcb669,a8df81ebdadc842752c96d4e284cb63119b2afb2c2ef0b1b02994c7410bcee09,505bccccc73b24ad5b70bc21de5e83672ddbe4c2633e37fcfa6310174498309b,493,correct,False,raw/math_test_prealgebra_648.json
math_test_prealgebra_131,validation,prealgebra,Level 5,False,,19,,19,"wrong: predicted=, gold=19",174,2048,2048,0,2222,length,deepseek-flash,aeb56401ca74e127821c4f9126dcb669,49364a89a60889e19a13ab96110c0bddae8e8f98b83562af135586c5f9dc0a24,9464cdc17f6dbcba87c77fbbfc58b95bab4557d425211c526d73450d31ee589d,0,error: OpenRouter returned empty content.,True,raw/math_test_prealgebra_131.json
math_test_prealgebra_620,validation,prealgebra,Level 5,True,A,A,a,a,correct,428,575,483,92,1003,stop,deepseek-flash,aeb56401ca74e127821c4f9126dcb669,103bc252e8dd6d76ac3f3df7bf80524cb022569c5889d8cae08e2245332d2f60,3c1faa77eb66112069d63f76a6bbf48ab38f2fd3a2b7669f8cf143d1e012b7f2,1003,correct,False,raw/math_test_prealgebra_620.json
math_test_prealgebra_255,validation,prealgebra,Level 5,True,36,36,36,36,correct,74,280,175,105,354,stop,deepseek-flash,aeb56401ca74e127821c4f9126dcb669,a0aa4e333831e3594852842d406088ef2a27652be0de209ff4ca6055ef3646dc,4f689db46558117a0a3ff7612dabfd1368eef14c4e1664d7a115bc03823f7179,354,correct,False,raw/math_test_prealgebra_255.json
math_test_prealgebra_457,validation,prealgebra,Level 5,False,Devon,\text{Devon,devon,\text{devon,"wrong: predicted=Devon, gold=\text{Devon",186,1619,1466,153,1805,stop,deepseek-flash,aeb56401ca74e127821c4f9126dcb669,4b34ab252fd315a342a488ecbd6b95ed4066dc04b1f5728554c498068b668e6c,f0bdf6f5fcf59d890d740100d58e34396db14f74fc6b4b9830b992ab7981eb60,1805,"wrong: predicted=Devon, gold=\text{Devon",False,raw/math_test_prealgebra_457.json
math_test_prealgebra_252,validation,prealgebra,Level 5,True,22,22,22,22,correct,74,1345,1156,189,1419,stop,deepseek-flash,aeb56401ca74e127821c4f9126dcb669,fef176568aa495e2ec7630728549d53c8694963566d7374a1047d3193956dd3b,d39323e8d64751108e921995703662b0a6dfcf767c4e7169e6e41759bbd5059f,1419,correct,False,raw/math_test_prealgebra_252.json
math_test_prealgebra_659,validation,prealgebra,Level 5,True,22,22,22,22,correct,130,413,300,113,543,stop,deepseek-flash,aeb56401ca74e127821c4f9126dcb669,8211b63c9a99e39d9e10d309a320a362335dc3ae41b9c430523f541a42df568a,69561a343075ed31b808e4fb5c754dca0b3265d950d87bede2389602ed82b824,543,correct,False,raw/math_test_prealgebra_659.json
math_test_prealgebra_570,validation,prealgebra,Level 5,True,32,32,32,32,correct,91,1276,1033,243,1367,stop,deepseek-flash,aeb56401ca74e127821c4f9126dcb669,a672f2fc474213e3322b3adb600c70b31ac540627d704ba86ab7bf19a0fa451a,a4c7cb0101066c1a4de69c0b5e25f55a0ef364f73c6bf6c4795b7fa699b4de83,1367,correct,False,raw/math_test_prealgebra_570.json
math_test_prealgebra_476,validation,prealgebra,Level 5,False,\(133^\circ\),133,133^\circ,133,"wrong: predicted=\(133^\circ\), gold=133",267,1481,1275,206,1748,stop,deepseek-flash,aeb56401ca74e127821c4f9126dcb669,a5a8d7390c55a5724337e6990c4f1cd2da06cd71de07d47285793d701465cd55,2730b285623ff04dc6f81a49d2a21c5c76bba48a10ccb14d4740167d817519a2,1748,"wrong: predicted=\(133^\circ\), gold=133",False,raw/math_test_prealgebra_476.json
math_test_prealgebra_396,validation,prealgebra,Level 5,True,\frac{1,\frac{1,\frac{1,\frac{1,correct,91,301,156,145,392,stop,deepseek-flash,aeb56401ca74e127821c4f9126dcb669,a0ad5a843fe046d3b0aa47f3387157f3cecb135f65b917d50d5f2831eecd4cd0,24ce1bfb89ba754b00a930ba55c046d02feb0936cfe61c125e1d0c4a858c01f6,392,correct,False,raw/math_test_prealgebra_396.json
math_test_prealgebra_251,validation,prealgebra,Level 5,True,10,10,10,10,correct,98,1039,916,123,1137,stop,deepseek-flash,aeb56401ca74e127821c4f9126dcb669,a91c5714c5ddf614da2a3c395886174c16604572beb9d1d4a8f7877b20d13f12,e3fbc3754c2ba746d430fab9df1be3e6ce4fd38a2ae5e3a8531dae499d14ced4,1137,correct,False,raw/math_test_prealgebra_251.json
math_test_prealgebra_470,validation,prealgebra,Level 5,False,1,1.125,1,1.125,"wrong: predicted=1, gold=1.125",85,268,157,111,353,stop,deepseek-flash,aeb56401ca74e127821c4f9126dcb669,9f26e08321835b1bd06b611229bd81b937bc5562675524da3a03ac3a2b4b6dca,fb900017d6fe0029af8b076c5b7b6306765f75f1b0762efc4fc903787b04f116,353,"wrong: predicted=1, gold=1.125",False,raw/math_test_prealgebra_470.json
math_test_prealgebra_104,validation,prealgebra,Level 5,True,12,12,12,12,correct,144,640,438,202,784,stop,deepseek-flash,aeb56401ca74e127821c4f9126dcb669,16cb02807102ff5a5e521c5ad0168d86b2da4ed3b7b9d07053030738c47ba540,5b2a2e32b916572a144c601803f901e551243fa84b5992f995b10f27d5ec51dd,784,correct,False,raw/math_test_prealgebra_104.json
math_test_prealgebra_661,validation,prealgebra,Level 5,False,\(36\sqrt{3}\) square inches,36\sqrt{3,36\sqrt{3} square inches,36\sqrt{3,"wrong: predicted=\(36\sqrt{3}\) square inches, gold=36\sqrt{3",88,140,44,96,228,stop,deepseek-flash,aeb56401ca74e127821c4f9126dcb669,bb8c0a74251cced5ffd7be1e1d19307e754a13873cd4cbf5a13a4c98557abbc3,45ee1251f8f736a1a4096079f2696c97d3ee7b366cd44a6db3dc08e35b28dd3a,228,"wrong: predicted=\(36\sqrt{3}\) square inches, gold=36\sqrt{3",False,raw/math_test_prealgebra_661.json
math_test_prealgebra_227,validation,prealgebra,Level 5,True,52 feet,52,52,52,correct,131,527,406,121,658,stop,deepseek-flash,aeb56401ca74e127821c4f9126dcb669,6b3c354ecc351845831e75e3ec10dedeff3c3e4a0fdb9c36e5308b6ead3ae148,d4553d500312c792a27490f94655ad2341e84428e00a8c65117adc9a98ba5918,658,correct,False,raw/math_test_prealgebra_227.json
math_test_prealgebra_596,validation,prealgebra,Level 5,True,90 cents,90,90,90,correct,145,1042,821,221,1187,stop,deepseek-flash,aeb56401ca74e127821c4f9126dcb669,3408a468942d7305f6c8ddfe9ebc8e12e8bfdc443cc02cec06a6bbd990197db1,b85cb93f9eb9ecbe9ba213183156cfc9c43969e9d460a3833c3c5495b7f43645,1187,correct,False,raw/math_test_prealgebra_596.json
math_test_prealgebra_465,validation,prealgebra,Level 5,False,\(7,7.78,7,7.78,"wrong: predicted=\(7, gold=7.78",116,184,98,86,300,stop,deepseek-flash,aeb56401ca74e127821c4f9126dcb669,0fb49762b29d92885e063bd3fb1976e5bb91ee7f31fc5eb0c53cd327c2d3703c,1911d7ecf198ef76ffb2ecaa70a1d7c3a6f1515a43c034d242206b4c686c9625,300,"wrong: predicted=\(7, gold=7.78",False,raw/math_test_prealgebra_465.json
math_test_prealgebra_699,validation,prealgebra,Level 5,True,240,240,240,240,correct,86,275,102,173,361,stop,deepseek-flash,aeb56401ca74e127821c4f9126dcb669,6bdbc816395f6e0b544af0299198db2dd5edd4a5d43619840f858edb07d5a602,0186042bd662449802cc3c077a40220434345eac1659b9a8d11a479c9298040d,361,correct,False,raw/math_test_prealgebra_699.json
math_test_prealgebra_93,validation,prealgebra,Level 5,True,1093,1093,1093,1093,correct,192,567,385,182,759,stop,deepseek-flash,aeb56401ca74e127821c4f9126dcb669,fb14afcc11643486a6142376e1eb2eba39a672484943d15ea54af611b1cbda7e,edee9e91fa170f02a17f0d5b7476f47d5f4aa67faf4cbaaf6851f0058b4a1bea,759,correct,False,raw/math_test_prealgebra_93.json
math_test_prealgebra_363,validation,prealgebra,Level 5,True,9,9,9,9,correct,98,439,275,164,537,stop,deepseek-flash,aeb56401ca74e127821c4f9126dcb669,24e497515a61f146908dc0db8c3925a35b84943eca06278739271626043cb28c,bc7fa96313b498c2a979d2cbf60acbf95df46dda0a6eb7d4eaca1d72a84cf8d1,537,correct,False,raw/math_test_prealgebra_363.json
math_test_prealgebra_723,validation,prealgebra,Level 5,True,5k,5k,5k,5k,correct,81,225,135,90,306,stop,deepseek-flash,aeb56401ca74e127821c4f9126dcb669,96e954f753b6976ffbcf602184b32bf221e4b37e3b872a6118d7707d71cdde98,4516de43c4db8540ca74db2428e4178d52c87e2fa3d6288bd66a36638d859ae5,306,correct,False,raw/math_test_prealgebra_723.json
math_test_prealgebra_21,validation,prealgebra,Level 5,False,5,5.4 \text{ cents,5,5.4 \text{ cents,"wrong: predicted=5, gold=5.4 \text{ cents",835,814,654,160,1649,stop,deepseek-flash,aeb56401ca74e127821c4f9126dcb669,c0e72db9761617c06886e499f2047242e38552178608619427ddb1db38d4843d,71a7ee8ff3bc14b11c40621ff51da1c9f54e03f0aa6649d6ffdc3041096ce872,1649,"wrong: predicted=5, gold=5.4 \text{ cents",False,raw/math_test_prealgebra_21.json
math_test_prealgebra_650,validation,prealgebra,Level 5,True,157,157,157,157,correct,93,660,372,288,753,stop,deepseek-flash,aeb56401ca74e127821c4f9126dcb669,2a02e26321306fe9c76901f4e21f27ec7e49b815ab7270dbe7e57bb847da43ad,7145677ffc9677a599e2642c9149277779c1f6da367213008402696b565ce9da,753,correct,False,raw/math_test_prealgebra_650.json
math_test_prealgebra_602,validation,prealgebra,Level 5,True,17,17,17,17,correct,77,802,601,201,879,stop,deepseek-flash,aeb56401ca74e127821c4f9126dcb669,9ab33cacf2f35141539e80525164a5dba200683ada3d40a63afc46f4f31ae99d,b9173f5ebc6d5994b9a161781e7fa8f039a08b5470d2a5bb645c2cfb5f0be704,879,correct,False,raw/math_test_prealgebra_602.json
math_test_number_theory_46,validation,number_theory,Level 5,True,5,5,5,5,correct,258,1116,804,312,1374,stop,deepseek-flash,aeb56401ca74e127821c4f9126dcb669,8be1dabf1674cec94eda04232f79fd65643dd0c8cbc821ab30f10941089c0569,847eb9d6b81062c7a2c8656802b97721a6901fb6a31be0c13dee7d4377cce36f,1374,correct,False,raw/math_test_number_theory_46.json
math_test_number_theory_311,validation,number_theory,Level 5,True,27,27,27,27,correct,108,989,785,204,1097,stop,deepseek-flash,aeb56401ca74e127821c4f9126dcb669,0e71fd6123e338fc137fbad7525da3cc580e020546c0e799c5a045a48ad773a9,521af73d8d4ecc5114e8b87107affd8aa34b96a5b90dbe08d8da8523387d1927,1097,correct,False,raw/math_test_number_theory_311.json
math_test_number_theory_531,validation,number_theory,Level 5,False,[6],6,[6],6,"wrong: predicted=[6], gold=6",108,726,483,243,834,stop,deepseek-flash,aeb56401ca74e127821c4f9126dcb669,03a8139818256a7a318827c313c5e0370c41acc071a0002ee0c8724cc2adf43b,b56ed4382184c473d6bd3d5abb8a67e7f949a14ec1065d6265c52bab0936fd10,834,"wrong: predicted=[6], gold=6",False,raw/math_test_number_theory_531.json
math_test_number_theory_370,validation,number_theory,Level 5,True,41,41,41,41,correct,119,1731,1451,280,1850,stop,deepseek-flash,aeb56401ca74e127821c4f9126dcb669,3c15562d3377e10e8997657485631caa2e85392a726411b1f0ee98602e90eefb,619a4e812757ebcc87b1f92f098391c1763892767827e44aefdd7d3d1a931e7e,1850,correct,False,raw/math_test_number_theory_370.json
math_test_number_theory_392,validation,number_theory,Level 5,True,1,1,1,1,correct,225,325,129,196,550,stop,deepseek-flash,aeb56401ca74e127821c4f9126dcb669,de6c6f2066b711ddabfe96acc59b671fa6dedc7187f5a6dfe299b8febd8bbb95,b2c26bdffef3a2686dc0a2bfbc444b1afba1c2fed59f27de8cb984b988cc6959,550,correct,False,raw/math_test_number_theory_392.json
math_test_number_theory_209,validation,number_theory,Level 5,True,0,0,0,0,correct,138,1523,1355,168,1661,stop,deepseek-flash,aeb56401ca74e127821c4f9126dcb669,ece85a9eec34662dbc9f350f9540183b0f7c816e60f675ccb5309d1f43d7007b,1c4e42a86f56873d5a2c288fec22d00c709b85edfffca6edaf6e518ee67786da,1661,correct,False,raw/math_test_number_theory_209.json
math_test_number_theory_57,validation,number_theory,Level 5,True,7,7,7,7,correct,90,741,413,328,831,stop,deepseek-flash,aeb56401ca74e127821c4f9126dcb669,517e17ed85ecf98ae4282ba26d382a94e9b8b977634d99cefece19b74e448aaa,5a82268694b2c61b85d14e7430dbcff05324d1fe3a3a2f81018cfa6eba58429c,831,correct,False,raw/math_test_number_theory_57.json
math_test_number_theory_123,validation,number_theory,Level 5,False,,8,,8,"wrong: predicted=, gold=8",109,2048,2048,0,2157,length,deepseek-flash,aeb56401ca74e127821c4f9126dcb669,0e0f19435db683669a86e6b1fb89f17f39dcbca7b77aa0d8cb7cf00d68421068,e8b88e781734834922acd68a509f8496625aaa648926813e988570a495947e6c,0,error: OpenRouter returned empty content.,True,raw/math_test_number_theory_123.json
math_test_number_theory_93,validation,number_theory,Level 5,True,2000,2000,2000,2000,correct,90,934,697,237,1024,stop,deepseek-flash,aeb56401ca74e127821c4f9126dcb669,e25c07b3980ad1a385b6875551899ce0111408c3315a60bd2d770d71835cdc5e,a81e2b042f98c24427c85ceb7c8ff437cc0d958111ae3e5f7456607f2d0a33f8,1024,correct,False,raw/math_test_number_theory_93.json
math_test_number_theory_150,validation,number_theory,Level 5,True,222,222,222,222,correct,98,587,348,239,685,stop,deepseek-flash,aeb56401ca74e127821c4f9126dcb669,fe7f15af0d5b624276603adc4950064e24f462ca8f80d67ce8ee190a94612790,7850d224211f16d75e4a5a71256b2dbfd7a99613c3af5751d042f24913fc9e4d,685,correct,False,raw/math_test_number_theory_150.json
math_test_number_theory_279,validation,number_theory,Level 5,True,44,44,44,44,correct,93,450,269,181,543,stop,deepseek-flash,aeb56401ca74e127821c4f9126dcb669,816c8e6f3ddb69165661a2420b5d00bce5a0d1a9c8581bc644c7176019456389,3f415a0c781f705254f02a5fb5baf2821d12ec14d58a1e96f1a5d525435da0c6,543,correct,False,raw/math_test_number_theory_279.json
math_test_number_theory_489,validation,number_theory,Level 5,True,8000,8000,8000,8000,correct,88,682,462,220,770,stop,deepseek-flash,aeb56401ca74e127821c4f9126dcb669,35396bc455a73046b80b66b3ac1e89933cb89cad5055c9bccd384ad13dc79431,23712fbc38e951b93186d8f0fce0373e904e3c15240db6f1ebbe3cc27af34aa4,770,correct,False,raw/math_test_number_theory_489.json
math_test_number_theory_61,validation,number_theory,Level 5,True,128,128,128,128,correct,128,791,532,259,919,stop,deepseek-flash,aeb56401ca74e127821c4f9126dcb669,e7c1daa292c1a857652162ca1ab3b46e9218d394ec820a3dc52b256f8ac96646,9aa38a4a171007c32ef9757b025e1c0390dd1a66488c361746e7431f09cb8b50,919,correct,False,raw/math_test_number_theory_61.json
math_test_number_theory_511,validation,number_theory,Level 5,True,73,73,73,73,correct,97,519,403,116,616,stop,deepseek-flash,aeb56401ca74e127821c4f9126dcb669,dcffeb8660258b42d891171db1cd14f758cd0a40562e42dbce80c1d336db29e4,c7fb058315e4e4c0396044480ab645525d8f54c982aea317ea0362888f7ec1ed,616,correct,False,raw/math_test_number_theory_511.json
math_test_number_theory_280,validation,number_theory,Level 5,True,25,25,25,25,correct,84,361,208,153,445,stop,deepseek-flash,aeb56401ca74e127821c4f9126dcb669,f20eda5cb915ddfa70cbba5d91069b2e1977bab3beceaed36f42e43814340323,e91b68a228a476ec460766419b1d28fc537187d9fcae97883c47ba82ddd5afee,445,correct,False,raw/math_test_number_theory_280.json
math_test_number_theory_310,validation,number_theory,Level 5,True,9,9,9,9,correct,84,396,203,193,480,stop,deepseek-flash,aeb56401ca74e127821c4f9126dcb669,23d9b11a75b5d14957901449b5beb9071822da48d156a93af26d7d94493e08bb,9ebfbb5df348a10a482e1eaa9ecac539cdf049642be4590aba96e3ceb14ac7a9,480,correct,False,raw/math_test_number_theory_310.json
math_test_number_theory_435,validation,number_theory,Level 5,True,2,2,2,2,correct,134,554,359,195,688,stop,deepseek-flash,aeb56401ca74e127821c4f9126dcb669,c15164fcc4e3aea7101750eea98eb6a2f6401fd6050a88efb58a74b0e02ce820,571c1b76c1c48915c2e8469e5d8e3f64d92dc1d0f0b367fa070fe69c305d13ed,688,correct,False,raw/math_test_number_theory_435.json
math_test_number_theory_37,validation,number_theory,Level 5,True,202,202,202,202,correct,106,555,354,201,661,stop,deepseek-flash,aeb56401ca74e127821c4f9126dcb669,7f00095ca658edd92b1a5c0e20e0b896c477bb9c94dd58a6192fdc800805d505,cc38032c8ab7da0a131f20546691924fed0f5e030683b2a28e5600e147ee5c1d,661,correct,False,raw/math_test_number_theory_37.json
math_test_number_theory_28,validation,number_theory,Level 5,True,75,75,75,75,correct,98,321,164,157,419,stop,deepseek-flash,aeb56401ca74e127821c4f9126dcb669,09399207c87c1955ff5d6526e8ccd122af0f1920ba5f1d3120f700023b59b0f3,d29d50828a3806c949449781ccfe542dc53a7c4fb4f742074d85bbc8f6721f70,419,correct,False,raw/math_test_number_theory_28.json
math_test_number_theory_419,validation,number_theory,Level 5,True,3,3,3,3,correct,71,346,195,151,417,stop,deepseek-flash,aeb56401ca74e127821c4f9126dcb669,a3d26160470cfbfa6be886fd47122785d24bc5b0ac6e253782b6d5bec96dac06,095c7b0d75dbd6d900414569d61f28a667986aea848a2b1c91519ea12e28b7cb,417,correct,False,raw/math_test_number_theory_419.json
math_test_number_theory_79,validation,number_theory,Level 5,False,2,16592,2,16592,"wrong: predicted=2, gold=16592",101,2048,1697,351,2149,length,deepseek-flash,aeb56401ca74e127821c4f9126dcb669,6903c7b2dd1fa756af68eac04a87ca5823cdd7a47709a599cd9dc708f4e48326,374a803f0124d045ed325f864914cd8680068bb5ba01df53c983e6fff187637e,2149,"wrong: predicted=2, gold=16592",False,raw/math_test_number_theory_79.json
math_test_number_theory_108,validation,number_theory,Level 5,True,9,9,9,9,correct,81,465,282,183,546,stop,deepseek-flash,aeb56401ca74e127821c4f9126dcb669,d76697b8445f533e3459bd196024a0a18135b4e969a58c4f386361da4ceb0954,a26aa7a853a161d260dd8df37bb1f0b633f824b74fc488cd0761995c1955620c,546,correct,False,raw/math_test_number_theory_108.json
math_test_number_theory_475,validation,number_theory,Level 5,True,17,17,17,17,correct,95,665,439,226,760,stop,deepseek-flash,aeb56401ca74e127821c4f9126dcb669,e2055f5234c847ddb11c157b13ed4ec541e7ec9e446513e6c4bf0f1024e8ae85,552b11086b93553373b7cbc546277580917a1f63b4207736153bd036bc262ad4,760,correct,False,raw/math_test_number_theory_475.json
math_test_number_theory_212,validation,number_theory,Level 5,True,\(1112112_3\),1112112_3,11121123,11121123,correct,95,1481,1293,188,1576,stop,deepseek-flash,aeb56401ca74e127821c4f9126dcb669,c9288f37706abbc375dc461d07b9ea6b7ce32409aea84800d95950277a744d41,6ea66efce93a4ca422a9433283cad45fdfbf54797fea5cd714c35bf09d172f0d,1576,correct,False,raw/math_test_number_theory_212.json
math_test_number_theory_477,validation,number_theory,Level 5,True,4,4,4,4,correct,222,1163,891,272,1385,stop,deepseek-flash,aeb56401ca74e127821c4f9126dcb669,6f57eb3e8c4d9a941749d6a9768b7849472a85319bb3ca5ad8e4f85701435df3,344f674f4643553bb119d8e87f4c1e95c2077bce919cd308ac3e991a1de65794,1385,correct,False,raw/math_test_number_theory_477.json
math_test_number_theory_80,validation,number_theory,Level 5,False,,"\text{C,E",,\text{ce,"wrong: predicted=, gold=\text{C,E",193,2048,2048,0,2241,length,deepseek-flash,aeb56401ca74e127821c4f9126dcb669,e3a85e4662649674024944982489035a5eec1de4c118d168d59050f413e2a65a,874616b7687237a5caa19e4a4a0de0cfec44cb969c570e3b594a6835f0b6a50c,0,error: OpenRouter returned empty content.,True,raw/math_test_number_theory_80.json
math_test_number_theory_314,validation,number_theory,Level 5,True,556,556,556,556,correct,104,612,440,172,716,stop,deepseek-flash,aeb56401ca74e127821c4f9126dcb669,437b399046a47cde9ecbf3cedead7024face19aa1d4035803befc1fd7fcf2884,f743f93e17330edd2b53c8e894ffce05041ffe8170ea9b3f4a2cf47275908275,716,correct,False,raw/math_test_number_theory_314.json
math_test_number_theory_84,validation,number_theory,Level 5,True,512,512,512,512,correct,114,1332,1059,273,1446,stop,deepseek-flash,aeb56401ca74e127821c4f9126dcb669,d7d38d171a0529f920225e1ab20b0f4c003f41157fd309853715424082d4ec91,d728db40dc8e510e58b41d2bf2d21a0f2e20e8f4582d2400367fc729adb21ffc,1446,correct,False,raw/math_test_number_theory_84.json
math_test_number_theory_264,validation,number_theory,Level 5,False,,10,,10,"wrong: predicted=, gold=10",95,2048,2048,0,2143,length,deepseek-flash,aeb56401ca74e127821c4f9126dcb669,26e72d67ae3e4328ddcc1f58e8ebabe6182f953b87d89ede11fc83616d8bc095,6b06ce2111635e67a6eed6531714d3e486e7e518889a9ae2b1af3ca4919bd25f,0,error: OpenRouter returned empty content.,True,raw/math_test_number_theory_264.json
math_test_number_theory_210,validation,number_theory,Level 5,True,60,60,60,60,correct,101,364,174,190,465,stop,deepseek-flash,aeb56401ca74e127821c4f9126dcb669,b10829e7dcbcca3bef3416035f8267b8b3f3699098ceb48c7e8368efde2c11e2,83df38e452584244c17bbaef0c1c6e762124bb86c9f35a1d241beed278042b4f,465,correct,False,raw/math_test_number_theory_210.json
math_test_precalculus_450,validation,precalculus,Level 5,True,\frac{3,\frac{3,\frac{3,\frac{3,correct,158,701,323,378,859,stop,deepseek-flash,aeb56401ca74e127821c4f9126dcb669,c607f7adec4dca70db8cc1b30ab8abf743d3416686e5623d9c0a206c60455cbe,f73fe63263a733a0a26f0e7d2ce552ef94aeaffac0fcd644db336f0523ebf0e8,859,correct,False,raw/math_test_precalculus_450.json
math_test_precalculus_289,validation,precalculus,Level 5,False,\(-\frac{1}{16}\),-\frac{1,-\frac{1}{16},-\frac{1,"wrong: predicted=\(-\frac{1}{16}\), gold=-\frac{1",95,575,406,169,670,stop,deepseek-flash,aeb56401ca74e127821c4f9126dcb669,2618892b1020ae5c48fb31424e0b4b7b7cd0c0e4336648cb4b525ada02d2a3c8,c29a0a1ba30fc97080b0730bf84dbbf08741f164aec766bf62cd9e8701b6e2cc,670,"wrong: predicted=\(-\frac{1}{16}\), gold=-\frac{1",False,raw/math_test_precalculus_289.json
math_test_precalculus_468,validation,precalculus,Level 5,False,-2+\sqrt3,-2 + \sqrt{3,-2+\sqrt3,-2 + \sqrt{3,"wrong: predicted=-2+\sqrt3, gold=-2 + \sqrt{3",98,1202,843,359,1300,stop,deepseek-flash,aeb56401ca74e127821c4f9126dcb669,fd8c8bad8c9fa2bebc23d6f9a00a99a868c7b08fbf1456a50bbb3ca785594f9a,81261cbdcb90959268f7c99a41c3c56ca4a56b058b22f047e2dee73cf434ae44,1300,"wrong: predicted=-2+\sqrt3, gold=-2 + \sqrt{3",False,raw/math_test_precalculus_468.json
math_test_precalculus_63,validation,precalculus,Level 5,False,\(\frac{4}{3}\),\frac{4,\frac{4}{3},\frac{4,"wrong: predicted=\(\frac{4}{3}\), gold=\frac{4",127,705,525,180,832,stop,deepseek-flash,aeb56401ca74e127821c4f9126dcb669,4d9f7e6a8a995f80fd266226350a35ed7aed22d3132bba349424447b31ee64f8,2e740332da59a8b1e2cae12185f502921f18c7b862420f24bd261b83e24e3428,832,"wrong: predicted=\(\frac{4}{3}\), gold=\frac{4",False,raw/math_test_precalculus_63.json
math_test_precalculus_153,validation,precalculus,Level 5,False,\(\frac{175}{2}\),87.5,\frac{175}{2},87.5,"wrong: predicted=\(\frac{175}{2}\), gold=87.5",90,1186,845,341,1276,stop,deepseek-flash,aeb56401ca74e127821c4f9126dcb669,b0cc6d298e45e062c6f62f0f46443c06964839b6105fbe838c20cb2c6e860a81,b4c7ed1b070027e2fd69d01576238676f61a66fadf0b037a233b16a0d1970481,1276,"wrong: predicted=\(\frac{175}{2}\), gold=87.5",False,raw/math_test_precalculus_153.json
math_test_precalculus_277,validation,precalculus,Level 5,False,\(\begin{pmatrix}\frac15\\[2mm]-\frac{18}{5}\end{pmatrix}\),\begin{pmatrix,\begin{pmatrix}\frac15\2mm]-\frac{18}{5}\end{pmatrix},\begin{pmatrix,"wrong: predicted=\(\begin{pmatrix}\frac15\\[2mm]-\frac{18}{5}\end{pmatrix}\), gold=\begin{pmatrix",108,1378,1098,280,1486,stop,deepseek-flash,aeb56401ca74e127821c4f9126dcb669,0d0392fce4f9373e8a21fd16e66c563bc85772dc42b89984ea34d89deea749e6,8c74a4562fb013ea12424afdc4faf5a0ebf9b6e02213473f6376971f6be96d92,1486,"wrong: predicted=\(\begin{pmatrix}\frac15\\[2mm]-\frac{18}{5}\end{pmatrix}\), gold=\begin{pmatrix",False,raw/math_test_precalculus_277.json
math_test_precalculus_44,validation,precalculus,Level 5,False,,18,,18,"wrong: predicted=, gold=18",143,2048,2048,0,2191,length,deepseek-flash,aeb56401ca74e127821c4f9126dcb669,6a67fa4248704f948c1d5cbdb1bf7abcc602fe8ffef29863f5c41a514673e56f,c903d7bc7518b3432968982dc7c0c379e66bd8d178fb36796358ee036c326a83,0,error: OpenRouter returned empty content.,True,raw/math_test_precalculus_44.json
math_test_precalculus_483,validation,precalculus,Level 5,True,\begin{pmatrix,\begin{pmatrix,\begin{pmatrix,\begin{pmatrix,correct,247,1410,946,464,1657,stop,deepseek-flash,aeb56401ca74e127821c4f9126dcb669,8c72186840288c58f02d67c5ad833936044ce7c830cec81c1d78a76cbe998b4b,87c80bf617ce4126507197f358f5e7107e00e97850bb885d17a7681295329fab,1657,correct,False,raw/math_test_precalculus_483.json
math_test_precalculus_526,validation,precalculus,Level 5,True,\((3-31)\),"(3,-3,1)",(3-31),(3-31),correct,135,1250,892,358,1385,stop,deepseek-flash,aeb56401ca74e127821c4f9126dcb669,7bdbcfe137bcf4f6acd488ede9aaff5c98a461ac5097e037a38038c4aefbfbc7,bf0e4af57441156d0a277b8e8c98d3b1d80271871bd9fec883057b54fdaab846,1385,correct,False,raw/math_test_precalculus_526.json
math_test_precalculus_536,validation,precalculus,Level 5,True,144,144,144,144,correct,219,633,362,271,852,stop,deepseek-flash,aeb56401ca74e127821c4f9126dcb669,20e5121ce23130f79999f30be03eed77ca78e3d398ecb300b85c4b36177ee21a,8e58d64737b149977002d59f2b7a54bbaede4cddb58d0537585aa4ca310f3851,852,correct,False,raw/math_test_precalculus_536.json
math_test_precalculus_165,validation,precalculus,Level 5,False,,120^\circ,,120^\circ,"wrong: predicted=, gold=120^\circ",112,2048,2048,0,2160,length,deepseek-flash,aeb56401ca74e127821c4f9126dcb669,9e857043859cde9d01645dca7ee7e979c28d9f5e6757ab6c655950c42612d267,e8512fa3fbc384c544b4170a1d53b5e404e32840befd6468033468d5a3367f7e,0,error: OpenRouter returned empty content.,True,raw/math_test_precalculus_165.json
math_test_precalculus_134,validation,precalculus,Level 5,False,\(\left(\frac{7}{45}\frac{4}{45}\right)\),\left( \frac{7,(\frac{7}{45}\frac{4}{45}),( \frac{7,"wrong: predicted=\(\left(\frac{7}{45}\frac{4}{45}\right)\), gold=\left( \frac{7",223,961,592,369,1184,stop,deepseek-flash,aeb56401ca74e127821c4f9126dcb669,1a3498023a1527bdbae1740a3ee30e16a5daefe4d59593107a9294cbbed23ddd,e3ff9ec0c067f229298c4d57df836df1e9a3d92760846732f8e0e62073035cb0,1184,"wrong: predicted=\(\left(\frac{7}{45}\frac{4}{45}\right)\), gold=\left( \frac{7",False,raw/math_test_precalculus_134.json
math_test_precalculus_90,validation,precalculus,Level 5,False,,16,,16,"wrong: predicted=, gold=16",118,2048,2048,0,2166,length,deepseek-flash,aeb56401ca74e127821c4f9126dcb669,56620c1b53871b877c3f6877a613a0affeed5677c8ec5ce67e81a6e325dbfc57,ceb59ae45a9d6db1f26b14d4866265db22d12d2dbceed01b96785eb172cf3bca,0,error: OpenRouter returned empty content.,True,raw/math_test_precalculus_90.json
math_test_precalculus_459,validation,precalculus,Level 5,False,,9,,9,"wrong: predicted=, gold=9",88,2048,2048,0,2136,length,deepseek-flash,aeb56401ca74e127821c4f9126dcb669,0ded57c9d7f0875e1f5dc54a1d712fe28c660bc667c307c1ad6cf7d3f3e1b2d7,0ed2c07abfc5a92eba1a3e0646abcfecf1ad1082403e51e0992e9efa6202202b,0,error: OpenRouter returned empty content.,True,raw/math_test_precalculus_459.json
math_test_precalculus_507,validation,precalculus,Level 5,False,,-\frac{31,,-\frac{31,"wrong: predicted=, gold=-\frac{31",159,2048,2048,0,2207,length,deepseek-flash,aeb56401ca74e127821c4f9126dcb669,b094c21a01f98432d763f8cf0c7ce50678a1bd14394b0a280557f9184345b916,64caa0c46b1321de29d1583d3b83e1260090b418e150d926ad052d58a5b90f9c,0,error: OpenRouter returned empty content.,True,raw/math_test_precalculus_507.json
math_test_precalculus_105,validation,precalculus,Level 5,False,\(-1 2\),-1,-1 2,-1,"wrong: predicted=\(-1 2\), gold=-1",127,737,442,295,864,stop,deepseek-flash,aeb56401ca74e127821c4f9126dcb669,1641197fefc4922b5699afc444918c26585f4d57c02bc1400f3bb25fe213b199,b09101dd87041cb6b0651f6d5fcb992bcebf9e72ba50947c5fee4c1090f4ff72,864,"wrong: predicted=\(-1 2\), gold=-1",False,raw/math_test_precalculus_105.json
math_test_precalculus_211,validation,precalculus,Level 5,False,,\begin{pmatrix,,\begin{pmatrix,"wrong: predicted=, gold=\begin{pmatrix",292,2048,2048,0,2340,length,deepseek-flash,aeb56401ca74e127821c4f9126dcb669,a0d2deeaf55fe5ec6303a9b443965d0bc68668c912afcd9b10165362165e3240,e0faee11c23e88657cc83069b9a81720aadf93acc84ea4e5a5bf416de0feca01,0,error: OpenRouter returned empty content.,True,raw/math_test_precalculus_211.json
math_test_precalculus_16,validation,precalculus,Level 5,True,\(-1\),-1,-1,-1,correct,91,215,96,119,306,stop,deepseek-flash,aeb56401ca74e127821c4f9126dcb669,2f27edcefc6b1c0b1e6d1d5873ac6d9a61601c6f84ce00f75be50874895f87d5,cc8798fae6e4478a67ce89a8831d0e2e7bcd5b01846c0cfa9cabff3824805057,306,correct,False,raw/math_test_precalculus_16.json
math_test_precalculus_373,validation,precalculus,Level 5,False,,\frac{1,,\frac{1,"wrong: predicted=, gold=\frac{1",78,2048,2048,0,2126,length,deepseek-flash,aeb56401ca74e127821c4f9126dcb669,6a7792d46957afd0d6c85174809d48a50bb3dbcb272dd76947fd6ff0e39e146c,0b29f746b6855ec314ec99d187d2d72ee7b560da09b0d8851b81a40e45db46e2,0,error: OpenRouter returned empty content.,True,raw/math_test_precalculus_373.json
math_test_precalculus_359,validation,precalculus,Level 5,False,\(\left(\frac{4}{3}-\frac{1}{3}\right)\),\left( \frac{4,(\frac{4}{3}-\frac{1}{3}),( \frac{4,"wrong: predicted=\(\left(\frac{4}{3}-\frac{1}{3}\right)\), gold=\left( \frac{4",202,1082,876,206,1284,stop,deepseek-flash,aeb56401ca74e127821c4f9126dcb669,bdb5b9f751b13b19f472a8b3a7834c0e1cc40e035d42a044e700d9eb57241146,e1121e4c7a272b3b905e6427c665b98317cfc1fc393695863688f114708c3dc0,1284,"wrong: predicted=\(\left(\frac{4}{3}-\frac{1}{3}\right)\), gold=\left( \frac{4",False,raw/math_test_precalculus_359.json
math_test_precalculus_382,validation,precalculus,Level 5,False,\frac67,\frac{6,\frac67,\frac{6,"wrong: predicted=\frac67, gold=\frac{6",92,840,398,442,932,stop,deepseek-flash,aeb56401ca74e127821c4f9126dcb669,46ea62a69ee1dda3f8be96c5e7ab9a42ddb71e90d4de9209148ec31c716b5df3,5994936ee6c445d06af54a1f7029dbb2a068221273bd004f247ed49b21167458,932,"wrong: predicted=\frac67, gold=\frac{6",False,raw/math_test_precalculus_382.json
math_test_precalculus_85,validation,precalculus,Level 5,False,\(\frac{\sqrt{35}}{3}\),\frac{\sqrt{35,\frac{\sqrt{35}}{3},\frac{\sqrt{35,"wrong: predicted=\(\frac{\sqrt{35}}{3}\), gold=\frac{\sqrt{35",111,655,390,265,766,stop,deepseek-flash,aeb56401ca74e127821c4f9126dcb669,71e91ac35d3827c0c4a5e8f82d47dd381f4de450896f9f095ab2c6dddfaa894f,42a3eaebfa2b11b51a5c89fa4e740db87be317e2665f22be69bd4db0df62a329,766,"wrong: predicted=\(\frac{\sqrt{35}}{3}\), gold=\frac{\sqrt{35",False,raw/math_test_precalculus_85.json
math_test_precalculus_60,validation,precalculus,Level 5,True,\(27^\circ 63^\circ 99^\circ 135^\circ 171^\circ\),"27^\circ, 63^\circ, 99^\circ, 135^\circ, 171^\circ",27^\circ 63^\circ 99^\circ 135^\circ 171^\circ,27^\circ 63^\circ 99^\circ 135^\circ 171^\circ,correct,101,1403,1096,307,1504,stop,deepseek-flash,aeb56401ca74e127821c4f9126dcb669,49b1070eddabfef4e497e37ef3f7a07a355546f52a6b5ba9d4cabe7075d65133,1b4686f5529519e686b48610539dba9e5f22d4a604849fbbbbf7192945803937,1504,correct,False,raw/math_test_precalculus_60.json
math_test_precalculus_62,validation,precalculus,Level 5,False,6,\frac{25 \sqrt{10,6,\frac{25 \sqrt{10,"wrong: predicted=6, gold=\frac{25 \sqrt{10",135,2048,1820,228,2183,length,deepseek-flash,aeb56401ca74e127821c4f9126dcb669,b9a794094bf57867770eb9d3b591824d9e9404d4d1fdc9c442683e9ad6d85a7d,209613df496080d2e16724ca806aeb6a6e1d0b58def019888b2d6dbc372a47da,2183,"wrong: predicted=6, gold=\frac{25 \sqrt{10",False,raw/math_test_precalculus_62.json
math_test_precalculus_40,validation,precalculus,Level 5,True,11,11,11,11,correct,138,1299,969,330,1437,stop,deepseek-flash,aeb56401ca74e127821c4f9126dcb669,34dca7f9e11f1d3bb2b268efff033eb525ff6caa1efceebca4168b309a546fb9,b595423ceb58e7439fa6a1cc8d196f2f71376669a094c8e0f54f2465a88b93e9,1437,correct,False,raw/math_test_precalculus_40.json
math_test_precalculus_485,validation,precalculus,Level 5,False,,\frac{5 \sqrt{6,,\frac{5 \sqrt{6,"wrong: predicted=, gold=\frac{5 \sqrt{6",112,2048,2048,0,2160,length,deepseek-flash,aeb56401ca74e127821c4f9126dcb669,e0edb30172ce8707def35c86bc603de5d352756edc2756a0ae16637267f34ce9,09af12e8622cfc77218443ecde7d120c81edac0034be1f205cf864864dc93f49,0,error: OpenRouter returned empty content.,True,raw/math_test_precalculus_485.json
math_test_precalculus_181,validation,precalculus,Level 5,False,\frac78,\frac{7,\frac78,\frac{7,"wrong: predicted=\frac78, gold=\frac{7",103,1861,1508,353,1964,stop,deepseek-flash,aeb56401ca74e127821c4f9126dcb669,49e9f8a0a0967324e96b19773743fe8df84d5fb17ececd2482bbce61f7001fee,839afd7eb5772bee87b13f2f1ed563a137a1121659f515c331d970cce0ea2ca7,1964,"wrong: predicted=\frac78, gold=\frac{7",False,raw/math_test_precalculus_181.json
math_test_counting_probability_51,validation,counting_probability,Level 5,False,,\frac{7,,\frac{7,"wrong: predicted=, gold=\frac{7",172,2048,2048,0,2220,length,deepseek-flash,aeb56401ca74e127821c4f9126dcb669,df7dfa8a9066d1c7d7f821afc60a3f73943c905e1419beaecbb44309305087d3,864bffe7cf84e1e86fd3df9cf6403c8cc6aea19f936ec0c7b06d72bd38c2da57,0,error: OpenRouter returned empty content.,True,raw/math_test_counting_probability_51.json
math_test_counting_probability_184,validation,counting_probability,Level 5,True,\frac{37,\frac{37,\frac{37,\frac{37,correct,109,549,382,167,658,stop,deepseek-flash,aeb56401ca74e127821c4f9126dcb669,2979133887994efae7798943563d0874229c5c3528e551619e2707f3f5b90608,fd8f92b809399fad8ca7cbeee476393059ba6c862d55e3c3bc66bd522d2d6cf3,658,correct,False,raw/math_test_counting_probability_184.json
math_test_counting_probability_192,validation,counting_probability,Level 5,False,,\frac{10,,\frac{10,"wrong: predicted=, gold=\frac{10",105,2048,2048,0,2153,length,deepseek-flash,aeb56401ca74e127821c4f9126dcb669,a5023543052590b6278e136b066711a22f3ff9646d23fbdadb3ba74c5b4ff3de,1f093a75b7043c5841025002d7e9908e27521bc1ea4f9033011d2c85269d4a87,0,error: OpenRouter returned empty content.,True,raw/math_test_counting_probability_192.json
math_test_counting_probability_354,validation,counting_probability,Level 5,False,,\frac{507,,\frac{507,"wrong: predicted=, gold=\frac{507",93,2048,2048,0,2141,length,deepseek-flash,aeb56401ca74e127821c4f9126dcb669,044f1fec98f8cfdae50fa31e7619e8fcc78f83338643027a3d67cceee194ed97,6a65fa5671f7f6c690e5cfd3ab9bc4694fa535a5e9e65e7711e692d760bc9eae,0,error: OpenRouter returned empty content.,True,raw/math_test_counting_probability_354.json
math_test_counting_probability_12,validation,counting_probability,Level 5,False,\(\frac{169}{221}\),\frac{13,\frac{169}{221},\frac{13,"wrong: predicted=\(\frac{169}{221}\), gold=\frac{13",83,591,432,159,674,stop,deepseek-flash,aeb56401ca74e127821c4f9126dcb669,059064b73c4ee9a0b67d4b772598ea501805476fdf457b1dec5687b52e3a6065,b6a0a3bfb28303a922e95b2490d08acfd6622445acd6c40e9ba73c7572eeaeee,674,"wrong: predicted=\(\frac{169}{221}\), gold=\frac{13",False,raw/math_test_counting_probability_12.json
math_test_counting_probability_137,validation,counting_probability,Level 5,False,,\frac{3,,\frac{3,"wrong: predicted=, gold=\frac{3",160,2048,2048,0,2208,length,deepseek-flash,aeb56401ca74e127821c4f9126dcb669,71e383ddb6bb0b9ad8c684a63255af55bc2df627afd0c10e2da1fa60f3f3bed0,13a3bad86bb6aa82265c72643ef1064688ddab13d11ae9055ef888c2fc5ca234,0,error: OpenRouter returned empty content.,True,raw/math_test_counting_probability_137.json
math_test_counting_probability_255,validation,counting_probability,Level 5,False,\(\frac{13}{18}\),\frac{13,\frac{13}{18},\frac{13,"wrong: predicted=\(\frac{13}{18}\), gold=\frac{13",85,381,213,168,466,stop,deepseek-flash,aeb56401ca74e127821c4f9126dcb669,cd07a98d9d6b7a414bb7c967ccdfa1ccf992c634a9c69202c977767bce5f778e,86468a3978aab2d54ef865178b041065b5d90023344db303c82309f941f20c0f,466,"wrong: predicted=\(\frac{13}{18}\), gold=\frac{13",False,raw/math_test_counting_probability_255.json
math_test_counting_probability_404,validation,counting_probability,Level 5,False,,180,,180,"wrong: predicted=, gold=180",113,2048,2048,0,2161,length,deepseek-flash,aeb56401ca74e127821c4f9126dcb669,b479312d037d235ea00b9aeb4d59b8a0ea7e1cb06e4b276902dd4261e0329ab8,74348698322415316d549dd394121891663b480f9d89633f8041c2c8a7692499,0,error: OpenRouter returned empty content.,True,raw/math_test_counting_probability_404.json
math_test_counting_probability_107,validation,counting_probability,Level 5,True,\frac{39,\dfrac{39,\frac{39,\frac{39,correct,107,1078,869,209,1185,stop,deepseek-flash,aeb56401ca74e127821c4f9126dcb669,32093e08866a77f9b8d5293cc1764f8bdd3ebed9f5c88a20cfb5e4aff7698472,c6cc5afa6c815fa4eefc924fe61d90ec9636ffd7052f13a39443c21e4f57aef0,1185,correct,False,raw/math_test_counting_probability_107.json
math_test_counting_probability_214,validation,counting_probability,Level 5,True,4,4,4,4,correct,94,470,242,228,564,stop,deepseek-flash,aeb56401ca74e127821c4f9126dcb669,ac94b5d3a01fc89699e90676651e28fd03af1865693c13ae80102f1a89afb29f,af848a502287c560e9de761ec2ada67f51cc72a61103aad9117d1946651e4cb3,564,correct,False,raw/math_test_counting_probability_214.json
math_test_counting_probability_209,validation,counting_probability,Level 5,True,28,28,28,28,correct,93,317,187,130,410,stop,deepseek-flash,aeb56401ca74e127821c4f9126dcb669,3534e2eec071cf5c4c26bbe83749233151b820be02b070b33dbdb69d6588fddd,1eba4f06adbad838d589649c6df931bbef7e198d88a9a269838611dd4bb6acec,410,correct,False,raw/math_test_counting_probability_209.json
math_test_counting_probability_296,validation,counting_probability,Level 5,False,8,8.5,8,8.5,"wrong: predicted=8, gold=8.5",107,477,311,166,584,stop,deepseek-flash,aeb56401ca74e127821c4f9126dcb669,fb0659b19f8c313d99e0807335fa18bb7e97d2f5589f7ab480e5363c0e569c08,7fabf4e0829a75daef7b5402b944c86e767d4c1ffdc727a5ecdb3396ce740f20,584,"wrong: predicted=8, gold=8.5",False,raw/math_test_counting_probability_296.json
math_test_counting_probability_19,validation,counting_probability,Level 5,True,1440,1440,1440,1440,correct,111,1157,1008,149,1268,stop,deepseek-flash,aeb56401ca74e127821c4f9126dcb669,86269d64f3bb65447dcc08968b6a78bad408bf4a8fb38d9284e29ca5949343ae,e01fbcef43fe7f2d405ba3474c57d28b3ceb747c1d367d8c83e9afb369fd5b50,1268,correct,False,raw/math_test_counting_probability_19.json
math_test_counting_probability_366,validation,counting_probability,Level 5,False,,\frac{1,,\frac{1,"wrong: predicted=, gold=\frac{1",87,2048,2048,0,2135,length,deepseek-flash,aeb56401ca74e127821c4f9126dcb669,73df1a3d424013f6fad9e2f35c9c89831486f0b62fd2b581ac24858743a6cfbe,b3c8e103f7c4333b419e6ef2dd48fbf6ee72417965304dfa021c6a2d8318186e,0,error: OpenRouter returned empty content.,True,raw/math_test_counting_probability_366.json
math_test_counting_probability_376,validation,counting_probability,Level 5,True,50,50,50,50,correct,82,833,538,295,915,stop,deepseek-flash,aeb56401ca74e127821c4f9126dcb669,5a6ee68ba9e7d19e75505e85c566e73c15f79966294badda63bb2178574637e3,f4241306fe992fe61298ac7293c57028fbca9fc8afb8a74a24d48d736da0efca,915,correct,False,raw/math_test_counting_probability_376.json
math_test_counting_probability_25,validation,counting_probability,Level 5,False,\(\frac{2}{27}\),\frac{2,\frac{2}{27},\frac{2,"wrong: predicted=\(\frac{2}{27}\), gold=\frac{2",85,330,151,179,415,stop,deepseek-flash,aeb56401ca74e127821c4f9126dcb669,544512d298d44b48440b9d4e24b8f7512d4cd121005e055302f7e3bec455c19b,f144ea88b38d7608a741274c1acba4334812559fe4fa07ac24b0e5078b5beaaf,415,"wrong: predicted=\(\frac{2}{27}\), gold=\frac{2",False,raw/math_test_counting_probability_25.json
math_test_counting_probability_300,validation,counting_probability,Level 5,True,\frac{3,\frac{3,\frac{3,\frac{3,correct,113,589,347,242,702,stop,deepseek-flash,aeb56401ca74e127821c4f9126dcb669,a79257903c6681d742120cf414f49ece38291726f32d4a6c5491ce3215d7a088,522f5a1a0bdf2625fb328f912885245c3eb822df484eb09966da32b77862c6b5,702,correct,False,raw/math_test_counting_probability_300.json
math_test_counting_probability_233,validation,counting_probability,Level 5,True,960,960,960,960,correct,101,1811,1663,148,1912,stop,deepseek-flash,aeb56401ca74e127821c4f9126dcb669,e81b4653f14c8cdf6d2752a5798c158e249c419f6951b226cce05ad97102d622,9ee318bda0cbf954ff5a887bfa4612c8fffde5d50ef8b5b64ad6f9fa3aaa65d9,1912,correct,False,raw/math_test_counting_probability_233.json
math_test_counting_probability_450,validation,counting_probability,Level 5,False,\(\frac{3}{28}\),\frac{3,\frac{3}{28},\frac{3,"wrong: predicted=\(\frac{3}{28}\), gold=\frac{3",100,657,399,258,757,stop,deepseek-flash,aeb56401ca74e127821c4f9126dcb669,0e7f124a3886f5eda90f176e212155f51da088f6b3a730724e09947ccb8b54ae,f97d5b7ab765d56c47e6807fd3e5d1aa08270eb50eed924978969e61100b4cce,757,"wrong: predicted=\(\frac{3}{28}\), gold=\frac{3",False,raw/math_test_counting_probability_450.json
math_test_counting_probability_3,validation,counting_probability,Level 5,True,29,29,29,29,correct,211,1632,1200,432,1843,stop,deepseek-flash,aeb56401ca74e127821c4f9126dcb669,1830436a2c60684d0ff473950dccd5d40548dd4845972f358d4aea4ce614c27a,d595898be0a1401fbefd27e721ed32039de192898fb258b6c4367f5a7181395a,1843,correct,False,raw/math_test_counting_probability_3.json
math_test_counting_probability_87,validation,counting_probability,Level 5,True,\frac{67,\frac{67,\frac{67,\frac{67,correct,80,407,272,135,487,stop,deepseek-flash,aeb56401ca74e127821c4f9126dcb669,517efb595c6309b648c234a49b4ca43551ed5a9e441f6cef8f4087731a3314b7,ba096cfe5e9d54a6ccf850a9c2ae48b223dcf7d833e06197ca9358e100a45a12,487,correct,False,raw/math_test_counting_probability_87.json
math_test_counting_probability_158,validation,counting_probability,Level 5,True,80,80,80,80,correct,77,813,669,144,890,stop,deepseek-flash,aeb56401ca74e127821c4f9126dcb669,893479aac730bc3a0161296a5e276cf2c0874d3c57e3621b15edbe388db461ab,fc99b17b04d55a2c47adc052247e994611e918b2dbf75135506e08ef25638f05,890,correct,False,raw/math_test_counting_probability_158.json
math_test_counting_probability_262,validation,counting_probability,Level 5,True,144,144,144,144,correct,107,1591,1395,196,1698,stop,deepseek-flash,aeb56401ca74e127821c4f9126dcb669,04f8bde90c7611f3137fc9ca7c0c2e6c7a8449b8f77d877c643a478fcb8ce0ef,416a093d7abc29db427917514e6d6e64056b1e831aeae00391aa330104e47d50,1698,correct,False,raw/math_test_counting_probability_262.json
math_test_counting_probability_424,validation,counting_probability,Level 5,True,420,420,420,420,correct,156,961,760,201,1117,stop,deepseek-flash,aeb56401ca74e127821c4f9126dcb669,69388dfba96e47d154f71679010aac9ed181b2684418b171c5aa9e9bfd183125,cae2569b682d143e9eea8dbb0d6a91bbb2a643a9c826c0e39803cec790cf6625,1117,correct,False,raw/math_test_counting_probability_424.json
math_test_prealgebra_698,test,prealgebra,Level 5,True,23,23,23,23,correct,99,356,162,194,455,stop,deepseek-flash,aeb56401ca74e127821c4f9126dcb669,43b0cf205f61c67bcc5554abd0d7ce388fab2b0d7fde4444e165cb1dca5d0478,6ee41c4a71b145397a774fe2c73808e60e2a2109650de2f26c3c0235117f6775,455,correct,False,raw/math_test_prealgebra_698.json
math_test_prealgebra_330,test,prealgebra,Level 5,True,7\pi,7\pi,7\pi,7\pi,correct,240,803,630,173,1043,stop,deepseek-flash,aeb56401ca74e127821c4f9126dcb669,f45355ab84364df7286536fc2150bd821ad35d4610dd34e061afc254e45e5708,c767c3de4126af3569fe8c4f35263de75a93ad011170ec39965664a8afff20bc,1043,correct,False,raw/math_test_prealgebra_330.json
math_test_prealgebra_452,test,prealgebra,Level 5,True,10,10,10,10,correct,71,229,111,118,300,stop,deepseek-flash,aeb56401ca74e127821c4f9126dcb669,abd57f50901fdc6fe6384ab291ed15c57197ba1bc0003113f36ffcec0b606c88,d426706170b7a94813d2fd4d17245ce7db0ad5718cbc8c51e42b7406934f586e,300,correct,False,raw/math_test_prealgebra_452.json
math_test_prealgebra_674,test,prealgebra,Level 5,False,\(\frac{11}{13}\),\frac{11,\frac{11}{13},\frac{11,"wrong: predicted=\(\frac{11}{13}\), gold=\frac{11",81,270,118,152,351,stop,deepseek-flash,aeb56401ca74e127821c4f9126dcb669,6d18adb71ee8e8cb9e7261c837ca103e1268b3b97cc2f886adb85b209ed29da6,a6be884f72eddacea1b1d93ca806c9ea06baacb8e00a49deaed4d702e56a30d1,351,"wrong: predicted=\(\frac{11}{13}\), gold=\frac{11",False,raw/math_test_prealgebra_674.json
math_test_prealgebra_139,test,prealgebra,Level 5,True,82,82,82,82,correct,180,617,439,178,797,stop,deepseek-flash,aeb56401ca74e127821c4f9126dcb669,49de53a6dbf68f65202d885a9cd0219f26c1243bbda0992efffed70ca5d0f85b,03848547d8a0122248b2dc37794491de8a907761a19db62114837f0216c57657,797,correct,False,raw/math_test_prealgebra_139.json
math_test_prealgebra_573,test,prealgebra,Level 5,False,,8\sqrt{3,,8\sqrt{3,"wrong: predicted=, gold=8\sqrt{3",357,2048,2048,0,2405,length,deepseek-flash,aeb56401ca74e127821c4f9126dcb669,066b3f63289e721c5f63459c80787b8954eabe222f5111e2000db06d2dfe1e05,e8b3fcb2c23ba7a9dd6efbb1895b91d50eb0b7eacb47f23277b35927bd8a66d0,0,error: OpenRouter returned empty content.,True,raw/math_test_prealgebra_573.json
math_test_prealgebra_170,test,prealgebra,Level 5,False,16+12\sqrt2,16+12\sqrt{2,16+12\sqrt2,16+12\sqrt{2,"wrong: predicted=16+12\sqrt2, gold=16+12\sqrt{2",301,1378,1035,343,1679,stop,deepseek-flash,aeb56401ca74e127821c4f9126dcb669,b2f7d29a360d31a8517c7bf8825ea564a9dfd6426b49d9f74246806dcf2d6ea1,ba7fd0ba79c77b8d8db2c06e9b8cfc89c30fb015951ed54f67ee241091600b45,1679,"wrong: predicted=16+12\sqrt2, gold=16+12\sqrt{2",False,raw/math_test_prealgebra_170.json
math_test_prealgebra_808,test,prealgebra,Level 5,True,4,4,4,4,correct,65,277,191,86,342,stop,deepseek-flash,aeb56401ca74e127821c4f9126dcb669,90bf221bcdcfd6423db743ebb9ac68a3011af43c1c466cdfb51e0aaf92ba48de,06d20fdd1e16857f201ec680a85bd0fe285fb090a540dfc6fa78580c3a71739c,342,correct,False,raw/math_test_prealgebra_808.json
math_test_prealgebra_411,test,prealgebra,Level 5,False,,80,,80,"wrong: predicted=, gold=80",422,2048,2048,0,2470,length,deepseek-flash,aeb56401ca74e127821c4f9126dcb669,c266e5729a1320798f7b04edcbe1b9656b950ebc3ac415a0925dab4f667f61b7,ad0033d272a7b7cf3c1770973c21d82f24a4bda1db64e735eea91367e18be86a,0,error: OpenRouter returned empty content.,True,raw/math_test_prealgebra_411.json
math_test_prealgebra_217,test,prealgebra,Level 5,False,,12,,12,"wrong: predicted=, gold=12",424,2048,2048,0,2472,length,deepseek-flash,aeb56401ca74e127821c4f9126dcb669,c83c9683231504a74bcd054acc82b12b6b1e65ab3242b726513d2674a2029f0f,966c5e63099d1756557d949946d2a6e061006f12a7f976fa7b5792d34eb58479,0,error: OpenRouter returned empty content.,True,raw/math_test_prealgebra_217.json
math_test_prealgebra_274,test,prealgebra,Level 5,True,30,30,30,30,correct,89,720,366,354,809,stop,deepseek-flash,aeb56401ca74e127821c4f9126dcb669,66f40eaff7bd03d14f720954c73fc8766cce5f6542e9b11cfdd23a9d2643bff2,943d8fdd5ab223264f0b694d580332953abcdd0700187a789a7154760aeb2821,809,correct,False,raw/math_test_prealgebra_274.json
math_test_prealgebra_546,test,prealgebra,Level 5,True,\sqrt{6,\sqrt{6,\sqrt{6,\sqrt{6,correct,222,1131,911,220,1353,stop,deepseek-flash,aeb56401ca74e127821c4f9126dcb669,3cc99deb89e6ab3d39ed3945b494fed58d781d423a287e9904dbd69e184f4033,d91c4e2b3ec416dbd26c28c5140c8c5ec082b8c0e8ce08c0e3740d5210a47596,1353,correct,False,raw/math_test_prealgebra_546.json
math_test_prealgebra_130,test,prealgebra,Level 5,True,298,298,298,298,correct,83,974,733,241,1057,stop,deepseek-flash,aeb56401ca74e127821c4f9126dcb669,6e3f1e33777573abc3ae297213214c109ee9273e3693989f736c44d2f36ae3f2,43e9a29dd012496a8d69d7d287c5fdc37c9e2213cfde083430e52a44f2ba85b8,1057,correct,False,raw/math_test_prealgebra_130.json
math_test_prealgebra_740,test,prealgebra,Level 5,True,400,400,400,400,correct,115,235,129,106,350,stop,deepseek-flash,aeb56401ca74e127821c4f9126dcb669,f4ea5a111fe4c8b43a3624dc6ac2d183a7bd9c22523478d6dfa62032dcd18e3b,5f3d27c39319d93bf2cba42e7cdfe10d989ea570743ac5c75aac94efdd30989f,350,correct,False,raw/math_test_prealgebra_740.json
math_test_prealgebra_219,test,prealgebra,Level 5,True,4,4,4,4,correct,119,460,212,248,579,stop,deepseek-flash,aeb56401ca74e127821c4f9126dcb669,c6cb3eb4052bb0c9600781d11db327b9b82e2e3f42a9c89ea4942f279a5b6b96,d9cbe1dd5babb3d23104ebf378110a19f960ad465cb7058cddc7168fb577f200,579,correct,False,raw/math_test_prealgebra_219.json
math_test_prealgebra_204,test,prealgebra,Level 5,True,70,70,70,70,correct,89,328,171,157,417,stop,deepseek-flash,aeb56401ca74e127821c4f9126dcb669,34625a3e752b3e5a1057f1a96cbe7123aa61444d1ff9ea6e0b314f3ab989abec,d55625806e8c449a88a5469eb11062b0a8d55a8cd5fb58f87f8c5c173eaf4991,417,correct,False,raw/math_test_prealgebra_204.json
math_test_prealgebra_675,test,prealgebra,Level 5,False,\(12x - 34\),12x -34,12x - 34,12x -34,"wrong: predicted=\(12x - 34\), gold=12x -34",135,369,207,162,504,stop,deepseek-flash,aeb56401ca74e127821c4f9126dcb669,2ff0fe50abf645598c03749cf3341336914db592ea2734b15527f11efc3fc674,98a26717000baeb053c5db426528757e13aad442e985c4da3364fcf63d56a20c,504,"wrong: predicted=\(12x - 34\), gold=12x -34",False,raw/math_test_prealgebra_675.json
math_test_prealgebra_145,test,prealgebra,Level 5,False,,1208,,1208,"wrong: predicted=, gold=1208",425,2048,2048,0,2473,length,deepseek-flash,aeb56401ca74e127821c4f9126dcb669,b2563f30cc08c4229c3493a07b66a60511ead895eca2fa317c070e657974efd0,ada45447b6d61f3d23a421b4e27adc236d6a17a849c178a32d50b91e349b6318,0,error: OpenRouter returned empty content.,True,raw/math_test_prealgebra_145.json
math_test_prealgebra_132,test,prealgebra,Level 5,True,15,15,15,15,correct,89,415,290,125,504,stop,deepseek-flash,aeb56401ca74e127821c4f9126dcb669,12fbe1b5481ff7368b39320838de5a02933103750c0ccc9daca6b8c352455654,b9d6de65e54b01d23f1081afba0f95654a4e031b81b14fdf37a481b2de43b190,504,correct,False,raw/math_test_prealgebra_132.json
math_test_prealgebra_653,test,prealgebra,Level 5,True,900,900,900,900,correct,68,571,455,116,639,stop,deepseek-flash,aeb56401ca74e127821c4f9126dcb669,9cec2d7f21da0186f7d4b84231fecbf3db5662f74adb607447ad0f8082762453,09de157c1e66183507b1dc3c971c71a60fd8e2fceaf3bf1f6fdf24c20a06a3cf,639,correct,False,raw/math_test_prealgebra_653.json
math_test_prealgebra_59,test,prealgebra,Level 5,True,64,64,64,64,correct,99,272,142,130,371,stop,deepseek-flash,aeb56401ca74e127821c4f9126dcb669,f6f73372478c381c41cd82dc202b6f9f121e8c011285aed6ad8667f4588472c4,e280e10f2d6217b7251bfd828c6bab29ae983da49fb57f3ef1b11ac6c019644d,371,correct,False,raw/math_test_prealgebra_59.json
math_test_prealgebra_166,test,prealgebra,Level 5,False,\(\frac{2}{5}\),\frac{2,\frac{2}{5},\frac{2,"wrong: predicted=\(\frac{2}{5}\), gold=\frac{2",85,361,225,136,446,stop,deepseek-flash,aeb56401ca74e127821c4f9126dcb669,29a3ec7076fd9af33e891ba062560bc288d0187fd339a669c741af1a94a6ac97,efaa3bf3cd89063dd18bde7c1918218bc631f8e9380f1cf62250bff257e47fc0,446,"wrong: predicted=\(\frac{2}{5}\), gold=\frac{2",False,raw/math_test_prealgebra_166.json
math_test_prealgebra_701,test,prealgebra,Level 5,False,\(10\pi\) feet,10\pi,10\pi feet,10\pi,"wrong: predicted=\(10\pi\) feet, gold=10\pi",100,229,83,146,329,stop,deepseek-flash,aeb56401ca74e127821c4f9126dcb669,eb54d1f131084c8ea183ef30c39b22767399e8923c234dbceb68fba8baa57145,a72442ff21c385e8f260c1af2c9abfcd05ee99bf218d3916c2283c5499f5f290,329,"wrong: predicted=\(10\pi\) feet, gold=10\pi",False,raw/math_test_prealgebra_701.json
math_test_prealgebra_850,test,prealgebra,Level 5,True,96,96,96,96,correct,84,673,479,194,757,stop,deepseek-flash,aeb56401ca74e127821c4f9126dcb669,322028c42c4aca1839906aea2395aeba40cf181d92a2a9fb1984bb4251ffadde,b5451cb335c5709c39cb8c850e1505fcbc1a362b41de724bea82ce73de9bebd9,757,correct,False,raw/math_test_prealgebra_850.json
math_test_prealgebra_825,test,prealgebra,Level 5,False,\(\frac{128}{1875}\),\frac{128,\frac{128}{1875},\frac{128,"wrong: predicted=\(\frac{128}{1875}\), gold=\frac{128",165,466,233,233,631,stop,deepseek-flash,aeb56401ca74e127821c4f9126dcb669,1985495bc122afd07430391ea3ecc89c875ce979e302ba30f9c43f63c72ebcd3,a3b99e4cb12e572fa7a303423f09f1180a3614e34d479b0651b48f50a0c94bae,631,"wrong: predicted=\(\frac{128}{1875}\), gold=\frac{128",False,raw/math_test_prealgebra_825.json
math_test_prealgebra_394,test,prealgebra,Level 5,True,3,3,3,3,correct,139,340,194,146,479,stop,deepseek-flash,aeb56401ca74e127821c4f9126dcb669,88fc61212d50d07e1d61ab2f9151cb73bbbe9fcaeb039789b3d89b5d5cb4f434,baad8c9f45d28c4fbb178a93fa417a36c994e1520281434e796eac9d00ba31ea,479,correct,False,raw/math_test_prealgebra_394.json
math_test_prealgebra_115,test,prealgebra,Level 5,True,60,60,60,60,correct,167,311,191,120,478,stop,deepseek-flash,aeb56401ca74e127821c4f9126dcb669,c567ac743f28b8e7a006d700b573890aad23f8a46f9cd6180fbcd0b5ca33a2ea,9277c0fa5063523b36f773be7f494a5287b80f19114c46fe6c7fc3b6233f3e16,478,correct,False,raw/math_test_prealgebra_115.json
math_test_prealgebra_520,test,prealgebra,Level 5,True,30,30,30,30,correct,100,919,450,469,1019,stop,deepseek-flash,aeb56401ca74e127821c4f9126dcb669,6279e5e8798554a2899ba051d9dbb80b2bb0b24fb6b4f6b441d2082d396e522e,9d5a3b0992e4bf641b811963bd2f59f7b5283f792bd92ff9e19005a10cfa2c24,1019,correct,False,raw/math_test_prealgebra_520.json
math_test_prealgebra_350,test,prealgebra,Level 5,True,234,234,234,234,correct,80,441,294,147,521,stop,deepseek-flash,aeb56401ca74e127821c4f9126dcb669,30334b120cb2a94996f6262193990b7023eab690518c1d8b673a053ee8011eb0,caf6422f09458261b363b27ae7df4ead0a30814def5992b43e9a1bcc4f01ab48,521,correct,False,raw/math_test_prealgebra_350.json
math_test_prealgebra_391,test,prealgebra,Level 5,True,448,448,448,448,correct,94,916,749,167,1010,stop,deepseek-flash,aeb56401ca74e127821c4f9126dcb669,a04605b64a3f7db13998e63c32090e969cc50fa2d35538a77d8f5cee385ea0bd,08ab0d3ee4a67921061f1d3bb9b9290870f5d44b0f155520f3e96105fa5513c1,1010,correct,False,raw/math_test_prealgebra_391.json
math_test_prealgebra_4,test,prealgebra,Level 5,False,162,162\text{ minutes,162,162\text{ minutes,"wrong: predicted=162, gold=162\text{ minutes",127,301,140,161,428,stop,deepseek-flash,aeb56401ca74e127821c4f9126dcb669,69d768195a3f4aee583b85f2be963421fe3d850726788c98bd046229c447048b,bbb24c6f2cffe4135cb0d7b7726b5838f047f89c24d227f5595db9485c05fbfc,428,"wrong: predicted=162, gold=162\text{ minutes",False,raw/math_test_prealgebra_4.json
math_test_prealgebra_184,test,prealgebra,Level 5,True,52,52,52,52,correct,83,293,106,187,376,stop,deepseek-flash,aeb56401ca74e127821c4f9126dcb669,a38b18644bcb249361dcf2b7555474bfae966f239a5e8859812c2e6d4fa5c454,f35463e13a351fa4c7dffc3ded1c31d4fa28d854865f6dd823e8cb957995cd25,376,correct,False,raw/math_test_prealgebra_184.json
math_test_prealgebra_407,test,prealgebra,Level 5,True,32,32,32,32,correct,85,339,166,173,424,stop,deepseek-flash,aeb56401ca74e127821c4f9126dcb669,9f7e0fecb064c7e4d68633d5847cb06fc5ccaf471b3f1e250896853168b41cd1,9aa2c46623f1ff828d59c6a8f4ef3299149dc4d79c79fd0c47eb1435af88efd6,424,correct,False,raw/math_test_prealgebra_407.json
math_test_prealgebra_385,test,prealgebra,Level 5,False,,20,,20,"wrong: predicted=, gold=20",142,2048,2048,0,2190,length,deepseek-flash,aeb56401ca74e127821c4f9126dcb669,71003034de47251889bf0e16207ca83b85ea331257ffd915cc64efcb6b933267,79c59831a94ff9ea3bce347a96631b2098c7ec155cddef2e2cc3b5d6eafc6811,0,error: OpenRouter returned empty content.,True,raw/math_test_prealgebra_385.json
math_test_prealgebra_549,test,prealgebra,Level 5,True,180,180,180,180,correct,128,220,66,154,348,stop,deepseek-flash,aeb56401ca74e127821c4f9126dcb669,d544b336f7a185f238c5d756c7c2199ed49517783cd686b5d3d501d8a4be3dcf,8d4fab609a8fc57a6c6ea9aa9297476495928e592d2a27bee87b862dd4d7e9f3,348,correct,False,raw/math_test_prealgebra_549.json
math_test_prealgebra_140,test,prealgebra,Level 5,True,72,72,72,72,correct,103,367,222,145,470,stop,deepseek-flash,aeb56401ca74e127821c4f9126dcb669,14fea63140f02e77972dc91d0029867ddf1d5a5bd539be1073b2c806048aceda,281860882c73072c802fcb0bd1356f171301120ef5ffb256328ff87cfec02215,470,correct,False,raw/math_test_prealgebra_140.json
math_test_prealgebra_803,test,prealgebra,Level 5,True,107,107,107,107,correct,256,403,261,142,659,stop,deepseek-flash,aeb56401ca74e127821c4f9126dcb669,81b5a22e1edddbe0f5a87c6ea19b8cd0c168e882cd4b4aee5a7503fc5f7da259,760ea1cea6ff24f67a6090f662ee20914e7e93bd4e28f8514465dfd4ffb322d5,659,correct,False,raw/math_test_prealgebra_803.json
math_test_prealgebra_100,test,prealgebra,Level 5,False,,133,,133,"wrong: predicted=, gold=133",261,2048,2048,0,2309,length,deepseek-flash,aeb56401ca74e127821c4f9126dcb669,7beb7874ebaec2c3e0411f61e96cfb57bbb7634b7c391f3532c790179df8994f,8ab638773b42a4202acf769785cd749b7f5f443441b94b224534d79a66e4c409,0,error: OpenRouter returned empty content.,True,raw/math_test_prealgebra_100.json
math_test_prealgebra_822,test,prealgebra,Level 5,False,4\sqrt2,4\sqrt{2,4\sqrt2,4\sqrt{2,"wrong: predicted=4\sqrt2, gold=4\sqrt{2",804,1641,1527,114,2445,stop,deepseek-flash,aeb56401ca74e127821c4f9126dcb669,09aa8d557411d178edb0f8cc983e67c1fd1a39d54176c002ced3ef65a43f5b60,8e5013db39c38564abc91214a3428248878fda4bb1530fd1e4c64f1e2964ce21,2445,"wrong: predicted=4\sqrt2, gold=4\sqrt{2",False,raw/math_test_prealgebra_822.json
math_test_prealgebra_474,test,prealgebra,Level 5,True,29,29,29,29,correct,142,527,360,167,669,stop,deepseek-flash,aeb56401ca74e127821c4f9126dcb669,8d6f1a0a00d5cb5c5bf8c1d93a94e519f9abd4c06aa52b3cba8399fea37a6af0,0533a57fd41943a641ccc37d9d1e9239d6dcddcca4d7afe11f50a3ba59f52e5e,669,correct,False,raw/math_test_prealgebra_474.json
math_test_prealgebra_547,test,prealgebra,Level 5,True,25 trips,25,25,25,correct,81,194,114,80,275,stop,deepseek-flash,aeb56401ca74e127821c4f9126dcb669,1ec8b9a33417b85a2118122bdec317868dd451317019c0cf41db95367c234aea,460954b947a4a41bc539731ebd35f8b9a7174b5fa8dfa82d4792d0765a1940b6,275,correct,False,raw/math_test_prealgebra_547.json
math_test_prealgebra_55,test,prealgebra,Level 5,True,\(26\pi\),26\pi,26\pi,26\pi,correct,104,199,102,97,303,stop,deepseek-flash,aeb56401ca74e127821c4f9126dcb669,6dab7d861dbb3c6861550bbbd65ac9b03e1b6067f885779229fa938d2e354d46,4ce6f118b5adb5e0a4d1ac3b34656b67e62b874ec67e72540d5f662010d9f4db,303,correct,False,raw/math_test_prealgebra_55.json
math_test_prealgebra_480,test,prealgebra,Level 5,False,\(\frac{25}{52}\),\dfrac{25,\frac{25}{52},\frac{25,"wrong: predicted=\(\frac{25}{52}\), gold=\dfrac{25",100,284,160,124,384,stop,deepseek-flash,aeb56401ca74e127821c4f9126dcb669,65b0d823a74324a6cf250360278cae228c17070f26af66db23999a47e8686f5e,623682a77e355c8bb039f36730ea0734e683be3456176f1ffc29fa937542d87b,384,"wrong: predicted=\(\frac{25}{52}\), gold=\dfrac{25",False,raw/math_test_prealgebra_480.json
math_test_prealgebra_647,test,prealgebra,Level 5,False,,636,,636,"wrong: predicted=, gold=636",159,2048,2048,0,2207,length,deepseek-flash,aeb56401ca74e127821c4f9126dcb669,4ad7f41ccd76e38706b78d09b603fc83c4e6fe5069ce8047bbfa4a5e1cf228a7,280c84103e0d16da6bcff0e36c2e327902b3594a48f1147df1bd02da03f71823,0,error: OpenRouter returned empty content.,True,raw/math_test_prealgebra_647.json
math_test_prealgebra_28,test,prealgebra,Level 5,False,3,3.24,3,3.24,"wrong: predicted=3, gold=3.24",165,287,143,144,452,stop,deepseek-flash,aeb56401ca74e127821c4f9126dcb669,b2e272e69b64b7af8638d86591843eeb8580c71ccb01552b5880c1edf3a5e1af,e4dc639495e1aff6ae1deb61d5d23ed964b0023246407c1dddb270bf33d53871,452,"wrong: predicted=3, gold=3.24",False,raw/math_test_prealgebra_28.json
math_test_prealgebra_119,test,prealgebra,Level 5,False,\(\frac{3x^2}{2}\),\frac{3x^2,\frac{3x^2}{2},\frac{3x^2,"wrong: predicted=\(\frac{3x^2}{2}\), gold=\frac{3x^2",98,208,91,117,306,stop,deepseek-flash,aeb56401ca74e127821c4f9126dcb669,5eea21e3528860abef160a9cf33b7bb6fc985ff5829c8679ba95741b7b614ea8,c9da2a4ade7c64bfe81156fa61c7b37b8828dd484cf45cad28eb6003fb1ff446,306,"wrong: predicted=\(\frac{3x^2}{2}\), gold=\frac{3x^2",False,raw/math_test_prealgebra_119.json
math_test_prealgebra_421,test,prealgebra,Level 5,True,17,17,17,17,correct,85,1490,1241,249,1575,stop,deepseek-flash,aeb56401ca74e127821c4f9126dcb669,8aef2a58bfc41ca58b2a4b4143c56781dd1dd634dd6a9abcbe0214daa56e3226,096e92e0f09b7c3be179cd2c51035b843cf3470fe705ef52a12c7e0095003402,1575,correct,False,raw/math_test_prealgebra_421.json
math_test_prealgebra_20,test,prealgebra,Level 5,True,13,13,13,13,correct,117,1491,1401,90,1608,stop,deepseek-flash,aeb56401ca74e127821c4f9126dcb669,e042b00adf028d4bd3daef3e24f9263e36e26e2fcc528f30b747631bd588617d,6fd0cfccd287f3f02404279390c8ba1ff3c36ecfeb4c1038e4a16569f1865654,1608,correct,False,raw/math_test_prealgebra_20.json
math_test_prealgebra_133,test,prealgebra,Level 5,False,\(10\sqrt{2}\) cm,10\sqrt{2,10\sqrt{2} cm,10\sqrt{2,"wrong: predicted=\(10\sqrt{2}\) cm, gold=10\sqrt{2",216,631,473,158,847,stop,deepseek-flash,aeb56401ca74e127821c4f9126dcb669,64e5da7ec4d7b3d63ef1eb73941271fdc1e0163f02be959c855fc2e2c632e8e0,f7a163a369ecb7cd846e293d14394106c1b4f1c833bbed053344595090cc50e7,847,"wrong: predicted=\(10\sqrt{2}\) cm, gold=10\sqrt{2",False,raw/math_test_prealgebra_133.json
math_test_prealgebra_540,test,prealgebra,Level 5,False,,6\sqrt{7,,6\sqrt{7,"wrong: predicted=, gold=6\sqrt{7",260,2048,2048,0,2308,length,deepseek-flash,aeb56401ca74e127821c4f9126dcb669,6283ac8d704722a2ab1867f019599412e5b5a20ffeae2b63d386195e4f1419ef,a2e39d5fff0c1f5fc14774268c0f5e6e755956a0dc0ac1cb7b2b3d4c5f74dcb9,0,error: OpenRouter returned empty content.,True,raw/math_test_prealgebra_540.json
math_test_prealgebra_581,test,prealgebra,Level 5,False,75%,75\%,75,75\,"wrong: predicted=75%, gold=75\%",505,345,260,85,850,stop,deepseek-flash,aeb56401ca74e127821c4f9126dcb669,5ddec4a279f6b5810f7e9fd21eb04420406079a6da7b01339e5c4c3f176558ce,3e7df9288a7ac816fe0be5439839bf3cc1bd0819909f4b9d8d12f4e033814c93,850,"wrong: predicted=75%, gold=75\%",False,raw/math_test_prealgebra_581.json
math_test_prealgebra_514,test,prealgebra,Level 5,True,12 minutes,12,12,12,correct,112,188,86,102,300,stop,deepseek-flash,aeb56401ca74e127821c4f9126dcb669,37b4287944e4c240d0b8dba73d32194f65a310cf67d063100dc3160a7d3e9b21,be64150bc3e9cc2f384333a36a77c88d8687240fb3372ba66b03a852bf43b57e,300,correct,False,raw/math_test_prealgebra_514.json
math_test_prealgebra_580,test,prealgebra,Level 5,True,23,23,23,23,correct,113,293,126,167,406,stop,deepseek-flash,aeb56401ca74e127821c4f9126dcb669,504bea9a7c16e5e5c1a4a6e0cec719ccd48a38936e2ff818f8d1997d70ecb45f,3f1ce31434f4372e91cc0288380f9084858e7cea45d250e8528ed5873bf9e23a,406,correct,False,raw/math_test_prealgebra_580.json
math_test_prealgebra_46,test,prealgebra,Level 5,False,\(\frac{1}{4}\),\frac{1,\frac{1}{4},\frac{1,"wrong: predicted=\(\frac{1}{4}\), gold=\frac{1",112,291,166,125,403,stop,deepseek-flash,aeb56401ca74e127821c4f9126dcb669,e31be8a4b8caf57a2b576e005cc2d028c6642ac9efe2033cc5951ecd9c1eb307,95546d7ad2c32a6ed1a290da2f273f1a2f9d7ba26cffb7951ecb5d2ba9526002,403,"wrong: predicted=\(\frac{1}{4}\), gold=\frac{1",False,raw/math_test_prealgebra_46.json
math_test_prealgebra_231,test,prealgebra,Level 5,True,19,19,19,19,correct,197,1453,1289,164,1650,stop,deepseek-flash,aeb56401ca74e127821c4f9126dcb669,3d55a9309ad9d85e50894bd048fa5792d7ea508d6fc7379ffbd5afa3e2e22351,6396d868c8e53029479bdf6372f431d17ce1442f9863cf23597939e87fb70786,1650,correct,False,raw/math_test_prealgebra_231.json
math_test_prealgebra_392,test,prealgebra,Level 5,False,\(\frac{3}{5}\),\frac{3,\frac{3}{5},\frac{3,"wrong: predicted=\(\frac{3}{5}\), gold=\frac{3",95,335,168,167,430,stop,deepseek-flash,aeb56401ca74e127821c4f9126dcb669,a9969d6723a221bfdbc583aa7be90144939445222cc339b2c892a82363b24597,a1c6e0a1c55e6a277d228986527829dc1d18a09188bceca36fcd0ae7faef22a5,430,"wrong: predicted=\(\frac{3}{5}\), gold=\frac{3",False,raw/math_test_prealgebra_392.json
math_test_prealgebra_592,test,prealgebra,Level 5,True,15,15,15,15,correct,137,301,142,159,438,stop,deepseek-flash,aeb56401ca74e127821c4f9126dcb669,872a5a33621fe4be354d7445ae65d28dfb7eb8b807aca743ffb674e68efab48d,06b3760b0870130f1a9398036917307d391d27104bb24c5372203cb94d87994c,438,correct,False,raw/math_test_prealgebra_592.json
math_test_prealgebra_0,test,prealgebra,Level 5,True,4,4,4,4,correct,174,1855,1710,145,2029,stop,deepseek-flash,aeb56401ca74e127821c4f9126dcb669,c7da8f8fe8b11dbc7c47bf2f5c1ff3b54dce34f8d7abf9fee3ea48b1f5969681,2243dd6b3873cb3ed322b4aabea7e1acd36e2ebfccdff495e52b02f4a64ca50e,2029,correct,False,raw/math_test_prealgebra_0.json
math_test_prealgebra_756,test,prealgebra,Level 5,True,90,90,90,90,correct,96,363,222,141,459,stop,deepseek-flash,aeb56401ca74e127821c4f9126dcb669,9901b9bd20e6cc20af07b17601e2fcd938cce7d3b6abf9e7f378942880ebb169,002818efdcde6d49c94ab227fc24c0a51dee486cbfc6e7275835b099096d04fc,459,correct,False,raw/math_test_prealgebra_756.json
math_test_prealgebra_624,test,prealgebra,Level 5,True,6,6,6,6,correct,86,709,562,147,795,stop,deepseek-flash,aeb56401ca74e127821c4f9126dcb669,8c3daba6b0c12f6c8a7dd652decf23c9179366ae87eee635dc21a3dd176ec567,d8af36a08c123cee322f757babab409409bdf045505b146b16f1b91840b01790,795,correct,False,raw/math_test_prealgebra_624.json
math_test_prealgebra_257,test,prealgebra,Level 5,True,3,3,3,3,correct,85,570,359,211,655,stop,deepseek-flash,aeb56401ca74e127821c4f9126dcb669,e3ca1463005f1147c5a3e8dda2ef9d57df7e9e6b33b6f05972e13e4f73870b22,4b6403f7efe83a75aa3446f86b912db7a8cbbbca4bf37a6e3f488aa1c61f9e4a,655,correct,False,raw/math_test_prealgebra_257.json
math_test_prealgebra_844,test,prealgebra,Level 5,True,54000 square meters,54000,54000,54000,correct,170,326,196,130,496,stop,deepseek-flash,aeb56401ca74e127821c4f9126dcb669,a331b364016274d50f644355294e5e7e134b84847b23aeef645287fe86c04e2e,f9c66c546086ff77edf72f7edca72f38b891cb7d8d824f50f83d89c2db33e4e3,496,correct,False,raw/math_test_prealgebra_844.json
math_test_prealgebra_240,test,prealgebra,Level 5,False,$3,3.25\text{ dollars,3,3.25\text{ dollars,"wrong: predicted=$3, gold=3.25\text{ dollars",126,350,230,120,476,stop,deepseek-flash,aeb56401ca74e127821c4f9126dcb669,30a25652e8c51eddecaeee7dbe1e282c52af1e28cbbd51e5bb2aed9bb8574659,dd069a1d169fe7e52eb9a713c98812091cc04e6dfe500e4a46c233d1e6231663,476,"wrong: predicted=$3, gold=3.25\text{ dollars",False,raw/math_test_prealgebra_240.json
math_test_prealgebra_177,test,prealgebra,Level 5,False,3,3.7,3,3.7,"wrong: predicted=3, gold=3.7",257,829,698,131,1086,stop,deepseek-flash,aeb56401ca74e127821c4f9126dcb669,dc23c61e150937bc59c50ee6b4d8ccbe28520fafa0baea8051e7c9b70e5c6044,0aed442093eac26e1e173664f7f978e675db07bb24217ead5c1da0f81b0d2f1c,1086,"wrong: predicted=3, gold=3.7",False,raw/math_test_prealgebra_177.json
math_test_prealgebra_492,test,prealgebra,Level 5,True,256,256,256,256,correct,72,211,129,82,283,stop,deepseek-flash,aeb56401ca74e127821c4f9126dcb669,af824be0bb5851bc6a72e4f4e471c0a55a7d66e41f697aea91b5d1816fa70b54,1dd56ec102a2258d6b14c039f1dd5ee3ff63ca17df843f7f2090a8e73ddd4899,283,correct,False,raw/math_test_prealgebra_492.json
math_test_prealgebra_128,test,prealgebra,Level 5,True,\(\$36\),\$36,\36,\36,correct,90,152,55,97,242,stop,deepseek-flash,aeb56401ca74e127821c4f9126dcb669,f3f91ae95fbf7bdce91ab624c4401a94502eeb335758a2a60caa26c98ed67c0e,5b3d1621c49315e8836d62a3af70ef9b7d5b8ca410a59c1ee25d87c987364584,242,correct,False,raw/math_test_prealgebra_128.json
math_test_prealgebra_157,test,prealgebra,Level 5,True,8,8,8,8,correct,84,667,439,228,751,stop,deepseek-flash,aeb56401ca74e127821c4f9126dcb669,9f13566ca17ea2d06bd451f592ddaea36a2000c5de73a244886feadcdaa9aed3,4208227c42d0202005dd268af60f942c9add6df15ef2b1de13cd688adf4006d1,751,correct,False,raw/math_test_prealgebra_157.json
math_test_prealgebra_771,test,prealgebra,Level 5,True,23,23,23,23,correct,125,185,84,101,310,stop,deepseek-flash,aeb56401ca74e127821c4f9126dcb669,ab171359cc8f508cbfd0eddd9372c29252c650498516715fb5f87408307a26dd,96d2cf6e6d8ac13d72b8335fec565310eb0c1ecf0b546399947037e8f2e4bac3,310,correct,False,raw/math_test_prealgebra_771.json
math_test_prealgebra_641,test,prealgebra,Level 5,True,8,8,8,8,correct,127,625,402,223,752,stop,deepseek-flash,aeb56401ca74e127821c4f9126dcb669,aef13c46ad9c70825c3239ef6aaa41e835cf467c9d081b778f0d6bcc5d5185fa,c51400c84e86e4db5456870742803dfe8ed8775135b68c8defda41b6b57365b2,752,correct,False,raw/math_test_prealgebra_641.json
math_test_prealgebra_109,test,prealgebra,Level 5,True,16,16,16,16,correct,144,496,318,178,640,stop,deepseek-flash,aeb56401ca74e127821c4f9126dcb669,fcc957bd732d5b1813feefd0b0b442e062c2f66ddf4e776ca25881c7cda4e679,1a9b02bd70c51e9fa41cbbe9b5e9be91d495a8558a43be9950b7449f071d72ca,640,correct,False,raw/math_test_prealgebra_109.json
math_test_prealgebra_103,test,prealgebra,Level 5,True,-13,-13,-13,-13,correct,79,573,408,165,652,stop,deepseek-flash,aeb56401ca74e127821c4f9126dcb669,8bc0fdc38b8b4686bc7ea5f5c2f497412105fbb0007dea98be1a79ecea8bca17,b6afe3e794d8a03b347e192d073aa09019ee48f7ca62e148cebd22850baa7a48,652,correct,False,raw/math_test_prealgebra_103.json
math_test_prealgebra_611,test,prealgebra,Level 5,False,,"5,\!460",,5\!460,"wrong: predicted=, gold=5,\!460",104,2048,2048,0,2152,length,deepseek-flash,aeb56401ca74e127821c4f9126dcb669,30b1b66f291b41d69251841779ef9f28b8bf68c3c97031c10161aeb531c7d37a,47dd0bb070be8f76b3c70af333ec3e09bed5861c8bfd0cc31981dca95d276fa4,0,error: OpenRouter returned empty content.,True,raw/math_test_prealgebra_611.json
math_test_prealgebra_594,test,prealgebra,Level 5,False,\(\frac{16}{27}\) gallons,\frac{16,\frac{16}{27} gallons,\frac{16,"wrong: predicted=\(\frac{16}{27}\) gallons, gold=\frac{16",136,250,137,113,386,stop,deepseek-flash,aeb56401ca74e127821c4f9126dcb669,3b915786137343dd3c4541cbb4c6f0ceae8c8fc7be036936aaaa65d2ec61025c,9d77c5fa1f8f0102587966b3ff2a9ec912b048ed1eb389359e8fe3cd8871bf1e,386,"wrong: predicted=\(\frac{16}{27}\) gallons, gold=\frac{16",False,raw/math_test_prealgebra_594.json
math_test_prealgebra_329,test,prealgebra,Level 5,False,\frac{13,\frac{1,\frac{13,\frac{1,"wrong: predicted=\frac{13, gold=\frac{1",131,329,220,109,460,stop,deepseek-flash,aeb56401ca74e127821c4f9126dcb669,156a2d9441423b5f21d14c2daf0f287fabac8e95a322304f6c0df82ea0157313,7e573873cc46def618ce3e4f436283b863f8010dff2d94e6424b5ee3e7603df0,460,"wrong: predicted=\frac{13, gold=\frac{1",False,raw/math_test_prealgebra_329.json
math_test_prealgebra_448,test,prealgebra,Level 5,True,18,18,18,18,correct,92,572,473,99,664,stop,deepseek-flash,aeb56401ca74e127821c4f9126dcb669,19ce3483aadff7217d6ed6a42b74d012aec07d770b3fd025db28148b16b9ceef,8ad974ec6b0e316096531733de8f43e023191157d1d4801cd60544460e173bea,664,correct,False,raw/math_test_prealgebra_448.json
math_test_prealgebra_321,test,prealgebra,Level 5,True,8,8,8,8,correct,88,408,201,207,496,stop,deepseek-flash,aeb56401ca74e127821c4f9126dcb669,feb1e1d6629fff5fcf6026c320619fee379f0a34b0d7faf2386e118df1ec8ac0,74cf26738a75ec44de41094ca48d4836488da38dd9e6902fbfdc1b517ae03d99,496,correct,False,raw/math_test_prealgebra_321.json
math_test_prealgebra_348,test,prealgebra,Level 5,False,,-89,,-89,"wrong: predicted=, gold=-89",314,2048,2048,0,2362,length,deepseek-flash,aeb56401ca74e127821c4f9126dcb669,d26b85c4051ee58de017b2d8f2ad40d4b85e06cace0f1e7f84214c37fb3254d1,be8737bc021eb502c9389b5871581af46a4020d001b3856bf2bec9a7694538ec,0,error: OpenRouter returned empty content.,True,raw/math_test_prealgebra_348.json
math_test_prealgebra_154,test,prealgebra,Level 5,True,108,108,108,108,correct,285,776,578,198,1061,stop,deepseek-flash,aeb56401ca74e127821c4f9126dcb669,a788b8e98096b87c0cf0bb78be55bf542447e4054655bf44dff6cef596653873,c114e1406760bc6995fc7f8adab93841b37ec7f3b4c18387b340246db208f204,1061,correct,False,raw/math_test_prealgebra_154.json
math_test_prealgebra_545,test,prealgebra,Level 5,True,28 meters,28,28,28,correct,438,864,670,194,1302,stop,deepseek-flash,aeb56401ca74e127821c4f9126dcb669,fee0691be91a6fb4bed705d8f10f1e341e58b9de0bbf68653806961f8dbfdfbe,113fe5bf8fc762a22ce5c5fc2e49110ecd42b862518f4877f7a9ddfc81c0daee,1302,correct,False,raw/math_test_prealgebra_545.json
math_test_prealgebra_353,test,prealgebra,Level 5,False,3,"14{,",3,14{,"wrong: predicted=3, gold=14{,",99,2048,1947,101,2147,length,deepseek-flash,aeb56401ca74e127821c4f9126dcb669,4747dece510c0f3f7a17653c9d7369feaa59be0b12a923eb0da1df9834a594a6,7b2210127f6d27a69f40f0d7872b20de3e152c75c0613096f318dac766fe6024,2147,"wrong: predicted=3, gold=14{,",False,raw/math_test_prealgebra_353.json
math_test_prealgebra_305,test,prealgebra,Level 5,True,330,330,330,330,correct,105,245,177,68,350,stop,deepseek-flash,aeb56401ca74e127821c4f9126dcb669,161dce0a4f49091dadec2c8e52670cc3daa32b58d5973509c6289e0dbe3017c8,d0e63783b6b74fda55658b09d765e38ac6a2160e24ac300470cd911bce61e3d3,350,correct,False,raw/math_test_prealgebra_305.json
math_test_prealgebra_842,test,prealgebra,Level 5,True,10 meters,10,10,10,correct,107,256,134,122,363,stop,deepseek-flash,aeb56401ca74e127821c4f9126dcb669,5a2e5ac4392f21169e24395d4adad114c2947ee6a23a88061d9d95bff32aeffb,942cfe5df998f11da8985bd2926e95d8d760fdf9b1070780530ce743a06b3feb,363,correct,False,raw/math_test_prealgebra_842.json
math_test_prealgebra_671,test,prealgebra,Level 5,False,,68,,68,"wrong: predicted=, gold=68",205,2048,2048,0,2253,length,deepseek-flash,aeb56401ca74e127821c4f9126dcb669,5159e40c824d571e89875ad17912e64d29c21b42a8ab40ad530bd663d763420d,06c7e6be45a3469ced07af2afeb9534a231a91ca36972c8836af02226941eacf,0,error: OpenRouter returned empty content.,True,raw/math_test_prealgebra_671.json
math_test_prealgebra_185,test,prealgebra,Level 5,True,9,9,9,9,correct,119,258,76,182,377,stop,deepseek-flash,aeb56401ca74e127821c4f9126dcb669,6f145d23fd63afeef031298d64b2b68b516300f5996fa2479cb6a3d7e3c39d4c,9d31745e9bdda12bc32b8b8c9ea742d578abc0c3030f50b52507ad5a361ff477,377,correct,False,raw/math_test_prealgebra_185.json
math_test_prealgebra_388,test,prealgebra,Level 5,False,\(11 \frac{2}{3}\) hours,11 \frac{2,11 \frac{2}{3} hours,11 \frac{2,"wrong: predicted=\(11 \frac{2}{3}\) hours, gold=11 \frac{2",106,186,102,84,292,stop,deepseek-flash,aeb56401ca74e127821c4f9126dcb669,f68405899e58daeade5dfb0659581c56586b13fad961a139f5573d15983855f6,dc0db86c9e771323f8ce9693fd6622a20fbc274dee31d3e92799b72ea994003c,292,"wrong: predicted=\(11 \frac{2}{3}\) hours, gold=11 \frac{2",False,raw/math_test_prealgebra_388.json
math_test_prealgebra_626,test,prealgebra,Level 5,False,\(\sqrt{6} + 3\sqrt{2}\) centimeters,\sqrt{6,\sqrt{6} + 3\sqrt{2} centimeters,\sqrt{6,"wrong: predicted=\(\sqrt{6} + 3\sqrt{2}\) centimeters, gold=\sqrt{6",96,320,148,172,416,stop,deepseek-flash,aeb56401ca74e127821c4f9126dcb669,1ad24d66afd1b9699deb9d7dd4f77519d79884fbb07bf41a9b485d1f9477138f,37c47c945e3e346aed7133d6f384b9b94967105bf0c4338d494a03113373dd48,416,"wrong: predicted=\(\sqrt{6} + 3\sqrt{2}\) centimeters, gold=\sqrt{6",False,raw/math_test_prealgebra_626.json
math_test_prealgebra_795,test,prealgebra,Level 5,False,\(\frac{5}{36}\),\dfrac{5,\frac{5}{36},\frac{5,"wrong: predicted=\(\frac{5}{36}\), gold=\dfrac{5",114,412,234,178,526,stop,deepseek-flash,aeb56401ca74e127821c4f9126dcb669,01bcb900be295920a8296b8eaa31d3cbeb61868e82e09b8cab24bcd4967cd8b7,31259c237f9b520a7acd898b4730471dc29cae69fed0237d4b4f634e03e3a124,526,"wrong: predicted=\(\frac{5}{36}\), gold=\dfrac{5",False,raw/math_test_prealgebra_795.json
math_test_prealgebra_229,test,prealgebra,Level 5,False,5,5.5,5,5.5,"wrong: predicted=5, gold=5.5",116,1494,1342,152,1610,stop,deepseek-flash,aeb56401ca74e127821c4f9126dcb669,f209465ca0d60095155ddf833d9f4e542b18fa54916ce0e2ebe98d26d607adaf,c3c52846339e9b2b4f79b3d04eb31beb8a219622b63690457ab8af8e6d581f46,1610,"wrong: predicted=5, gold=5.5",False,raw/math_test_prealgebra_229.json
math_test_prealgebra_268,test,prealgebra,Level 5,False,30%,30\%,30,30\,"wrong: predicted=30%, gold=30\%",317,596,333,263,913,stop,deepseek-flash,aeb56401ca74e127821c4f9126dcb669,6bea4697edf424ba2f51c66050b9e567b56e1f4683b8c63ad9ff9bd7a93a2437,0499707e06c74757ec9e60e3af5780e7182aa36edcb719b04a2cf4f09b791010,913,"wrong: predicted=30%, gold=30\%",False,raw/math_test_prealgebra_268.json
math_test_prealgebra_137,test,prealgebra,Level 5,True,8,8,8,8,correct,182,1349,1189,160,1531,stop,deepseek-flash,aeb56401ca74e127821c4f9126dcb669,4bfe78affbd4779c76db4427c2ed631d4a0e21da91222177290e00ece5afd831,5eee55997ecfbde9714aee612708d3ea872b7b7e9720db964fc85186bcf2d4e2,1531,correct,False,raw/math_test_prealgebra_137.json
math_test_prealgebra_171,test,prealgebra,Level 5,True,351,351,351,351,correct,138,441,287,154,579,stop,deepseek-flash,aeb56401ca74e127821c4f9126dcb669,df7467b7013b61782c81a23663bf11e67f1b06221a42f17fb9f7da27aa482d53,e5fabb961efc07ee5b729a3fa92fe55d2b572805c391998e1050f8f0fc520bc9,579,correct,False,raw/math_test_prealgebra_171.json
math_test_prealgebra_563,test,prealgebra,Level 5,False,\(\sqrt{6}\),\sqrt{6,\sqrt{6},\sqrt{6,"wrong: predicted=\(\sqrt{6}\), gold=\sqrt{6",217,1087,918,169,1304,stop,deepseek-flash,aeb56401ca74e127821c4f9126dcb669,ba7ecf32fb1a9d94a29edb1069f7994c1d9add4a3e1e153f52cbb31ed48b83f0,259c3ee0581267d90d0d224adeeebf616554ddb4a4d11de33e255cd5be724232,1304,"wrong: predicted=\(\sqrt{6}\), gold=\sqrt{6",False,raw/math_test_prealgebra_563.json
math_test_prealgebra_5,test,prealgebra,Level 5,False,\(\frac{1}{2}\),\frac{1,\frac{1}{2},\frac{1,"wrong: predicted=\(\frac{1}{2}\), gold=\frac{1",94,540,299,241,634,stop,deepseek-flash,aeb56401ca74e127821c4f9126dcb669,151d2be3cb783f9547d74847c5c8acca4cd24438a192f02b9d78a59cf9bd54bb,f70dceb4c0e8d916796a787736e8c9c74969caf4f0df52e349a9840e91baac34,634,"wrong: predicted=\(\frac{1}{2}\), gold=\frac{1",False,raw/math_test_prealgebra_5.json
math_test_prealgebra_430,test,prealgebra,Level 5,False,\(\frac{137}{111}\),\frac{137,\frac{137}{111},\frac{137,"wrong: predicted=\(\frac{137}{111}\), gold=\frac{137",68,494,335,159,562,stop,deepseek-flash,aeb56401ca74e127821c4f9126dcb669,adcef2e5e7935a7ef56fc1de1de1304c1d00602ddbfef0e9c528cdced7578859,2ea2ed481ffde5beb720419708c64b5c4a1e6d6547f5affdc96107a7b0479680,562,"wrong: predicted=\(\frac{137}{111}\), gold=\frac{137",False,raw/math_test_prealgebra_430.json
math_test_prealgebra_209,test,prealgebra,Level 5,True,87,87,87,87,correct,140,310,156,154,450,stop,deepseek-flash,aeb56401ca74e127821c4f9126dcb669,f545336b193bd05eb9f889095d10477fcbd9b15bc428aef9f2e90c68be7bfc90,d88a50af64d313ffd3db0bd6108fc1c19b6a2fc7bb32b366d7ce8950ccf254d8,450,correct,False,raw/math_test_prealgebra_209.json
math_test_prealgebra_564,test,prealgebra,Level 5,False,\(\frac{23}{7}\),\frac{23,\frac{23}{7},\frac{23,"wrong: predicted=\(\frac{23}{7}\), gold=\frac{23",108,320,143,177,428,stop,deepseek-flash,aeb56401ca74e127821c4f9126dcb669,3a687ff6d3abf1f02e81c21e4b2e060341349b1f039d8acb3d367db4b78d8d8b,d786135cc2a30f2d012856fd04f926ae07f1f7eac17be3953677a865972ba997,428,"wrong: predicted=\(\frac{23}{7}\), gold=\frac{23",False,raw/math_test_prealgebra_564.json
math_test_prealgebra_766,test,prealgebra,Level 5,False,\(1\frac{1}{10}\),1\frac{1,1\frac{1}{10},1\frac{1,"wrong: predicted=\(1\frac{1}{10}\), gold=1\frac{1",80,559,343,216,639,stop,deepseek-flash,aeb56401ca74e127821c4f9126dcb669,77a27fc848a576e57c36289f427d5d941d78902c464441569fa9c2163733bb21,175c6fff52ab226087d5594f9ee999f15d8dfed00641c0d78857ed4b0d079bbf,639,"wrong: predicted=\(1\frac{1}{10}\), gold=1\frac{1",False,raw/math_test_prealgebra_766.json
math_test_prealgebra_787,test,prealgebra,Level 5,True,220,220,220,220,correct,97,431,257,174,528,stop,deepseek-flash,aeb56401ca74e127821c4f9126dcb669,32c1ad28efed4fb183be805575299879086b118cad51f3eb8671e9a4116b8333,dd5a36b9df251604d0685de5fe528c5c9abc15884216a1c829a02a8dd2975afe,528,correct,False,raw/math_test_prealgebra_787.json
math_test_prealgebra_852,test,prealgebra,Level 5,True,13 square inches,13,13,13,correct,107,232,82,150,339,stop,deepseek-flash,aeb56401ca74e127821c4f9126dcb669,58cbedd4a0c3d8d3d7c19080c881845b87e1e4a30062eb934d8e69d0ed44f899,90f7ce1ff87e2f0332a115251d1834f6260a31b93e34fccd7f7d16df5806bdec,339,correct,False,raw/math_test_prealgebra_852.json
math_test_prealgebra_197,test,prealgebra,Level 5,True,7,7,7,7,correct,121,351,172,179,472,stop,deepseek-flash,aeb56401ca74e127821c4f9126dcb669,ceccaaccc904026d5d11b8731cb82d3447c95b7ca67d4df56c86b30ce48f4490,ba45734ff097ed5c774c44752bf8528c15036fe9985ff264cbd9ce3847007943,472,correct,False,raw/math_test_prealgebra_197.json
math_test_prealgebra_326,test,prealgebra,Level 5,True,2\sqrt{10,2\sqrt{10,2\sqrt{10,2\sqrt{10,correct,214,624,379,245,838,stop,deepseek-flash,aeb56401ca74e127821c4f9126dcb669,7321c896f90417c9a8b485cfd2c5a912ce8ee5ab915dbf9ac521cfde043e6104,8727a0200a69433c5e8ac40b9cf2fc2fd433239e309ebdb47aff99b6d4ec3313,838,correct,False,raw/math_test_prealgebra_326.json
math_test_prealgebra_138,test,prealgebra,Level 5,False,156 degrees,156^\circ,156,156^\circ,"wrong: predicted=156 degrees, gold=156^\circ",85,470,308,162,555,stop,deepseek-flash,aeb56401ca74e127821c4f9126dcb669,dfe36ece870aea8805912b2e463d4f1b1d5e3de3b0d320e7c9ef558e6f630a9c,7cc83c67cb1ed1be0cdbc42ec062933857e4e37fd093cbce671bf4feb6738ad1,555,"wrong: predicted=156 degrees, gold=156^\circ",False,raw/math_test_prealgebra_138.json
math_test_prealgebra_29,test,prealgebra,Level 5,True,7,7,7,7,correct,103,324,168,156,427,stop,deepseek-flash,aeb56401ca74e127821c4f9126dcb669,9fff08f8804712085e09a9ab417967531af82540b9bf9f47ad184882fee02d09,e641f69ea6d71878f8277ff607575c3f0640decd9c3c86c3517de594b5f0e5eb,427,correct,False,raw/math_test_prealgebra_29.json
math_test_prealgebra_456,test,prealgebra,Level 5,True,\frac{1,\frac{1,\frac{1,\frac{1,correct,133,376,164,212,509,stop,deepseek-flash,aeb56401ca74e127821c4f9126dcb669,1b48cfbddbbe618b93b49c2957ac18859266522f317d95178cfab4db637ffee6,54d32092fa861ced6e7745c31338122676f796878034e32f06883fd2e4ab3301,509,correct,False,raw/math_test_prealgebra_456.json
math_test_prealgebra_379,test,prealgebra,Level 5,True,27,27,27,27,correct,102,546,329,217,648,stop,deepseek-flash,aeb56401ca74e127821c4f9126dcb669,985eb7c2d97d28ed358767ae1f3a16e2297d7ced6257c953fef9bf6a4aff7d3b,f9a839caa090d4ff4164848c152884f6f9f26020a9ba94f81bf8c659ae71d6fa,648,correct,False,raw/math_test_prealgebra_379.json
math_test_prealgebra_342,test,prealgebra,Level 5,False,\(\frac{1}{11}\),\frac{1,\frac{1}{11},\frac{1,"wrong: predicted=\(\frac{1}{11}\), gold=\frac{1",81,321,199,122,402,stop,deepseek-flash,aeb56401ca74e127821c4f9126dcb669,33146e00f04ee7642540ee7f4f77830793842c8412d229659a028791a4f00bd2,69850c53e966e41dec0f556469e64a44edac6ffde43547bab20be51903b15a3a,402,"wrong: predicted=\(\frac{1}{11}\), gold=\frac{1",False,raw/math_test_prealgebra_342.json
math_test_prealgebra_718,test,prealgebra,Level 5,True,50,50,50,50,correct,85,228,89,139,313,stop,deepseek-flash,aeb56401ca74e127821c4f9126dcb669,29baeb915492d1606e99b57214a554866cd81d521f5ceb8f518bfcb3ef5f2e02,3f1a3875ffe92547e29a3d7a02e9509c0aecc7bdea71faf13e13f70500b63d37,313,correct,False,raw/math_test_prealgebra_718.json
math_test_prealgebra_767,test,prealgebra,Level 5,False,7,7.2,7,7.2,"wrong: predicted=7, gold=7.2",252,430,240,190,682,stop,deepseek-flash,aeb56401ca74e127821c4f9126dcb669,de75c56c0bea7ed4dbd46bf8ebcb513ca0e9a7acf4fc9e374e30c1a73f01dc6f,3b0949d1ef5c36aaf87579c7c5fcb88ea908364c9313e05cd6c68fca49fea624,682,"wrong: predicted=7, gold=7.2",False,raw/math_test_prealgebra_767.json
math_test_prealgebra_362,test,prealgebra,Level 5,False,,4,,4,"wrong: predicted=, gold=4",115,2048,2048,0,2163,length,deepseek-flash,aeb56401ca74e127821c4f9126dcb669,e695fc2b3717a2b137b95bfbc8fed982b760a1897f5571caca2113ce013580ba,dc78926c326b13658c6a0942ebc4646b73cb31e32529751b8d87d88b07a14bf2,0,error: OpenRouter returned empty content.,True,raw/math_test_prealgebra_362.json
math_test_prealgebra_32,test,prealgebra,Level 5,False,\(\frac{2}{5}\),\frac{2,\frac{2}{5},\frac{2,"wrong: predicted=\(\frac{2}{5}\), gold=\frac{2",80,403,296,107,483,stop,deepseek-flash,aeb56401ca74e127821c4f9126dcb669,054b9bf49ae7012153f423580ecf4350d5c0d120f052dcce900c06a7075d8052,41c7823c72103ef0776b182bc73a526bd6a0cc20c79d7112954e86a880aac280,483,"wrong: predicted=\(\frac{2}{5}\), gold=\frac{2",False,raw/math_test_prealgebra_32.json
math_test_prealgebra_66,test,prealgebra,Level 5,True,60 cents,60,60,60,correct,119,232,124,108,351,stop,deepseek-flash,aeb56401ca74e127821c4f9126dcb669,54a6ec492ee7a6fc020d3c2b53d61bf403ac901ef7528216d417db3b46d97cd3,1886256dc7010d245bd31f6094aba23fce82c50307706a69c6e9efd0bc23f9d8,351,correct,False,raw/math_test_prealgebra_66.json
math_test_prealgebra_225,test,prealgebra,Level 5,False,\(\frac{21\pi}{2}\),\frac{21,\frac{21\pi}{2},\frac{21,"wrong: predicted=\(\frac{21\pi}{2}\), gold=\frac{21",144,415,202,213,559,stop,deepseek-flash,aeb56401ca74e127821c4f9126dcb669,7b87bcac7ccdf13cd9130ea8f92ce0a370c8c5a88b7b967655433c830fd9bbd3,b3973981d094ce9d3aca9aeeec1b1a5e4e546869a71ba79d0d278f1dbb6258fb,559,"wrong: predicted=\(\frac{21\pi}{2}\), gold=\frac{21",False,raw/math_test_prealgebra_225.json
math_test_prealgebra_684,test,prealgebra,Level 5,True,36,36,36,36,correct,117,284,177,107,401,stop,deepseek-flash,aeb56401ca74e127821c4f9126dcb669,109fb745231a970642a2541576ba0c98351c5353f269483f102a12cbf93fe6e1,e0fa1300bc114570632e1161777974f71583a0ed97385067f6e4a7bd11e86769,401,correct,False,raw/math_test_prealgebra_684.json
math_test_prealgebra_562,test,prealgebra,Level 5,True,\(49\pi\),49\pi,49\pi,49\pi,correct,110,212,97,115,322,stop,deepseek-flash,aeb56401ca74e127821c4f9126dcb669,43619178d02ed3c917c42b890e14788e0c9ac23d948565dbcf20d495819b9a4c,d17abad66d674c3d6a958b44ff2d4d8e169f3ce89d636f660f8d69894c09ab42,322,correct,False,raw/math_test_prealgebra_562.json
math_test_prealgebra_83,test,prealgebra,Level 5,True,53,53,53,53,correct,120,327,115,212,447,stop,deepseek-flash,aeb56401ca74e127821c4f9126dcb669,94284cf0c7fb7442adea2ea2c65d18a3dab1e89e3acb8bcd80d27c7e674e6c4b,6940922ac9ebfefd7bbe853e03252685f806b7271958fd48290b0b769d2dfb8e,447,correct,False,raw/math_test_prealgebra_83.json
math_test_prealgebra_266,test,prealgebra,Level 5,False,\(12\pi\) inches per second,12\pi,12\pi inches per second,12\pi,"wrong: predicted=\(12\pi\) inches per second, gold=12\pi",98,255,119,136,353,stop,deepseek-flash,aeb56401ca74e127821c4f9126dcb669,d835f8f0cef49968a28da14f6f164486135c538efbedbf9664664ba4e21bb952,d844f08d440ac72a985dd7eae69578ed7e6d5858ca27ce2947881a1a53c9db22,353,"wrong: predicted=\(12\pi\) inches per second, gold=12\pi",False,raw/math_test_prealgebra_266.json
math_test_prealgebra_708,test,prealgebra,Level 5,False,\(\frac{1}{12}\),\dfrac{1,\frac{1}{12},\frac{1,"wrong: predicted=\(\frac{1}{12}\), gold=\dfrac{1",81,167,75,92,248,stop,deepseek-flash,aeb56401ca74e127821c4f9126dcb669,eaa4f35e8a095cf255f199df2c79851a74b7866363582e15ad7ee02d42d5b866,080ab2220cb92835ced541bc805c3d05d5553de7ae30cf03ec6fd7258bf3b8f4,248,"wrong: predicted=\(\frac{1}{12}\), gold=\dfrac{1",False,raw/math_test_prealgebra_708.json
math_test_prealgebra_568,test,prealgebra,Level 5,False,\(33\sqrt{30}\),33\sqrt{30,33\sqrt{30},33\sqrt{30,"wrong: predicted=\(33\sqrt{30}\), gold=33\sqrt{30",63,420,219,201,483,stop,deepseek-flash,aeb56401ca74e127821c4f9126dcb669,60011172002af1ce0e1f617a84f52aa3558c6871d1ee19827fda3974ab5209bb,33de1b44978ef17cf2bb734cf05ab499cc6c1a141246f9ade7a7d4c025be1399,483,"wrong: predicted=\(33\sqrt{30}\), gold=33\sqrt{30",False,raw/math_test_prealgebra_568.json
math_test_prealgebra_666,test,prealgebra,Level 5,True,36,36,36,36,correct,82,367,200,167,449,stop,deepseek-flash,aeb56401ca74e127821c4f9126dcb669,be88b2feabebc26138a672a7e3efca221ce28cd944c931f1e87f3c259d6dccf0,5c06c925bc2a8c61e8c21aaf5062d8494b2db86ea2508288cc080f9e33d67891,449,correct,False,raw/math_test_prealgebra_666.json
math_test_prealgebra_784,test,prealgebra,Level 5,True,27,27,27,27,correct,111,238,125,113,349,stop,deepseek-flash,aeb56401ca74e127821c4f9126dcb669,433752af97ccccc89a2e4f8aa54235f451624c521431cd72cb830a58f733aa4b,e8e156bfb4940fe32f6646b8ab8fc418ac38fa35c728c0bd42ac74f9bc79ab26,349,correct,False,raw/math_test_prealgebra_784.json
math_test_prealgebra_232,test,prealgebra,Level 5,True,2,2,2,2,correct,531,1352,1120,232,1883,stop,deepseek-flash,aeb56401ca74e127821c4f9126dcb669,f00cdb0d3c938e531aba538a6165ce0e9c49ad3acfb00f355aa2ae66770936d9,18238853dcd62223d7b2b61075b798ff28954d112b1699b817a160783ce57b33,1883,correct,False,raw/math_test_prealgebra_232.json
math_test_prealgebra_213,test,prealgebra,Level 5,False,\(\frac{5}{8}\),\frac{5,\frac{5}{8},\frac{5,"wrong: predicted=\(\frac{5}{8}\), gold=\frac{5",121,608,460,148,729,stop,deepseek-flash,aeb56401ca74e127821c4f9126dcb669,578c83a96a41938d9338ded8bb2ae6a0e5bb9115e9979da6060266acb946dee8,130bb79e59f5d1518a4924566816b697e610fc83986d8935307e924885e979c0,729,"wrong: predicted=\(\frac{5}{8}\), gold=\frac{5",False,raw/math_test_prealgebra_213.json
math_test_prealgebra_446,test,prealgebra,Level 5,True,12,12,12,12,correct,69,381,237,144,450,stop,deepseek-flash,aeb56401ca74e127821c4f9126dcb669,6e5dd14c8e7f5831b5b97e2ebe9fcdc69a15940f9910f15aa25c4bad534528ee,5a8778719eef23e0fd51398270c3af061afc2a64674e4b04b66ef5c89503143d,450,correct,False,raw/math_test_prealgebra_446.json
math_test_prealgebra_202,test,prealgebra,Level 5,True,\(m+2\),m+2,m+2,m+2,correct,74,197,83,114,271,stop,deepseek-flash,aeb56401ca74e127821c4f9126dcb669,cf3c73462bb1c9e03ab2588b53cb9e5eee6037b558c005bfd49f54f6b31ba538,1f8ee3dfa86c5abb73511de22d896fcd00a409b509397cdc366907ad656f0d98,271,correct,False,raw/math_test_prealgebra_202.json
math_test_prealgebra_849,test,prealgebra,Level 5,True,11,11,11,11,correct,97,610,368,242,707,stop,deepseek-flash,aeb56401ca74e127821c4f9126dcb669,725779853d5d983c9d3eb01b0e182fa38e024eb1c9e7cbf1f35ccaef542de62b,8f5eae6cd18b6ab6f424a4183d5f60e42da70bafac139a149c2a0b96d0cbd031,707,correct,False,raw/math_test_prealgebra_849.json
math_test_prealgebra_224,test,prealgebra,Level 5,False,,50,,50,"wrong: predicted=, gold=50",235,2048,2048,0,2283,length,deepseek-flash,aeb56401ca74e127821c4f9126dcb669,e18c9afa0f35295ed24306ac4bf68794c01e9366ca31fbea4ba1f1a50a81906b,5a15dcbf928f389dc1494a0a87e1b06fc4423c833b551e8715749a1e71f17301,0,error: OpenRouter returned empty content.,True,raw/math_test_prealgebra_224.json
math_test_prealgebra_192,test,prealgebra,Level 5,True,162,162,162,162,correct,105,519,327,192,624,stop,deepseek-flash,aeb56401ca74e127821c4f9126dcb669,4d8ff4081c05c2a4277fd5deda661971188f3ee420000db14f6fe0727947708c,a019246e5a54e4cc3f5c01af419a1c803bc9b39648b9d0d513f82a8200fe55d5,624,correct,False,raw/math_test_prealgebra_192.json
math_test_prealgebra_361,test,prealgebra,Level 5,False,,8,,8,"wrong: predicted=, gold=8",102,2048,2048,0,2150,length,deepseek-flash,aeb56401ca74e127821c4f9126dcb669,b89d5a63f2f8a08784b52b65c447e215d306ff39324434a663555db3fc8bc75f,82b41b687fcbef5d4d2088ae4590b1e1b3f0425c774ba6917bf4680640ad218a,0,error: OpenRouter returned empty content.,True,raw/math_test_prealgebra_361.json
math_test_prealgebra_95,test,prealgebra,Level 5,False,\(\frac{7}{20}\),\frac{7,\frac{7}{20},\frac{7,"wrong: predicted=\(\frac{7}{20}\), gold=\frac{7",136,538,303,235,674,stop,deepseek-flash,aeb56401ca74e127821c4f9126dcb669,e260418159f2e073e1d777c342de8d051c6ffb26bc2fa0c2dd5ecd96c193053a,4775cde9acd29c9041958793ee2e376098b989c8922c3e68b4bb6685a16bb767,674,"wrong: predicted=\(\frac{7}{20}\), gold=\frac{7",False,raw/math_test_prealgebra_95.json
math_test_prealgebra_220,test,prealgebra,Level 5,False,68.,100,68,100,"wrong: predicted=68., gold=100",345,2048,1949,99,2393,length,deepseek-flash,aeb56401ca74e127821c4f9126dcb669,7c1029ce908942d0373ca4d3f6e3f2b74cbf39f8c9bd0977846a857a1bd19148,a10e410d610199a44bfac560815c05fceed49e8ff2be8981860276adfd26dd06,2393,"wrong: predicted=68., gold=100",False,raw/math_test_prealgebra_220.json
math_test_prealgebra_663,test,prealgebra,Level 5,True,52,52,52,52,correct,119,561,401,160,680,stop,deepseek-flash,aeb56401ca74e127821c4f9126dcb669,8260a1001ffd590df4429e8c0165d9638f6872a0899da7d33243b0df0a21e34c,7072d5c9adbbd2ec664e00e120ec45d8989963a094c819abe5fbbe8abd8eed94,680,correct,False,raw/math_test_prealgebra_663.json
math_test_prealgebra_840,test,prealgebra,Level 5,True,12,12,12,12,correct,83,212,121,91,295,stop,deepseek-flash,aeb56401ca74e127821c4f9126dcb669,d6baaa1ea0c5f68bd638873c1def2020d83efc48b79b67d9d1d0a4439507ea93,395e50ae62d7911a6dd5e6e9a268073774919cffb38422c440784170a5ca1a26,295,correct,False,raw/math_test_prealgebra_840.json
math_test_prealgebra_550,test,prealgebra,Level 5,True,\frac{19,\frac{19,\frac{19,\frac{19,correct,71,687,548,139,758,stop,deepseek-flash,aeb56401ca74e127821c4f9126dcb669,1c0635b8e82cbb840998e97915323ba03ff5b8068ad549b0e5f1f24239ecf6ef,94840bb0ef66eb807e36aa8a032b76fa687d56af0b399c50336afffdcb0025c2,758,correct,False,raw/math_test_prealgebra_550.json
math_test_prealgebra_143,test,prealgebra,Level 5,True,54,54,54,54,correct,75,171,80,91,246,stop,deepseek-flash,aeb56401ca74e127821c4f9126dcb669,75752536b56718290e34366377f16198184dd892b079542f4313433dab4423dc,ff320c5a1d9fed473f1de524967df51eec7db087b7b6bad3ddcd2f3ac164e50c,246,correct,False,raw/math_test_prealgebra_143.json
math_test_prealgebra_655,test,prealgebra,Level 5,True,10090,10090,10090,10090,correct,74,670,508,162,744,stop,deepseek-flash,aeb56401ca74e127821c4f9126dcb669,3bb09f0de0f19e83dfd899c7d74ab67708e2d088765e1c6138a879df16aefe8c,26b643c2ee279cf41a48802cdf50b371a8555f94f543f1b064cb77691b3f8f4d,744,correct,False,raw/math_test_prealgebra_655.json
math_test_prealgebra_805,test,prealgebra,Level 5,False,,8,,8,"wrong: predicted=, gold=8",856,2048,2048,0,2904,length,deepseek-flash,aeb56401ca74e127821c4f9126dcb669,144364491a1b69aa82f1668b2a0ecb90f761f80b3d2ece55e66f0e15536aa706,1b0da81ddce4945294fbf50601642f2338dc9f15ab294c08f3f131eefd709629,0,error: OpenRouter returned empty content.,True,raw/math_test_prealgebra_805.json
math_test_prealgebra_3,test,prealgebra,Level 5,False,,\frac{270,,\frac{270,"wrong: predicted=, gold=\frac{270",248,2048,2048,0,2296,length,deepseek-flash,aeb56401ca74e127821c4f9126dcb669,129f1b2bba564d94584e179bbbfbd56b63541174c744cc28ac4f511087968032,3f734b43820f94f58a57fb0590294da397e7688c96d68240f2294037684e4128,0,error: OpenRouter returned empty content.,True,raw/math_test_prealgebra_3.json
math_test_prealgebra_206,test,prealgebra,Level 5,True,9604,9604,9604,9604,correct,101,357,197,160,458,stop,deepseek-flash,aeb56401ca74e127821c4f9126dcb669,cc074d331fdfa93eb5b84a11e88119352ce5c284bd2828fade872be1688d4cd2,07582537d2c9e0608d57e9b96dcf5c44463a144426c490cfe5ab2a1c1961ebdf,458,correct,False,raw/math_test_prealgebra_206.json
math_test_prealgebra_628,test,prealgebra,Level 5,True,957,957,957,957,correct,122,685,390,295,807,stop,deepseek-flash,aeb56401ca74e127821c4f9126dcb669,4d12556169028acb0450bfa2a74ea2e651d949b998e6e4c0723a2aa60b9ddddd,2270fc99b11e99b18980aef59df38eab641f82bd9a20f2b4602871c46ab6bf03,807,correct,False,raw/math_test_prealgebra_628.json
math_test_prealgebra_553,test,prealgebra,Level 5,True,25,25,25,25,correct,107,390,262,128,497,stop,deepseek-flash,aeb56401ca74e127821c4f9126dcb669,8e0282844dd20f86aa16852fe7c3b81041d82bc9a480429c15ad43e47a3c6f77,811b3d67435c52ace4c2e4b138b73b186878bf2651072c6344a8b45492cbab7f,497,correct,False,raw/math_test_prealgebra_553.json
math_test_prealgebra_642,test,prealgebra,Level 5,False,156,156^\circ,156,156^\circ,"wrong: predicted=156, gold=156^\circ",87,304,145,159,391,stop,deepseek-flash,aeb56401ca74e127821c4f9126dcb669,a7428f4fc16d178fea62d3e6ad0130a5bc3494b3bc879907ff49916295b5b40e,42f81e5cb50039198a4daf84e6b4b733a8cba914e392609e1db3dd0dfd13e9d6,391,"wrong: predicted=156, gold=156^\circ",False,raw/math_test_prealgebra_642.json
math_test_prealgebra_417,test,prealgebra,Level 5,False,50625,"50,\!625",50625,50\!625,"wrong: predicted=50625, gold=50,\!625",663,1895,1710,185,2558,stop,deepseek-flash,aeb56401ca74e127821c4f9126dcb669,6fa3fee7dc838775300bb31579037e59636e55dd98cc095d3206d7a9b5ffb69e,e3ec6583a966da57fc9bfd1ed34fbdf692a338420919161fc597bffec04d9667,2558,"wrong: predicted=50625, gold=50,\!625",False,raw/math_test_prealgebra_417.json
math_test_prealgebra_405,test,prealgebra,Level 5,True,16,16,16,16,correct,90,180,91,89,270,stop,deepseek-flash,aeb56401ca74e127821c4f9126dcb669,354ad5845d6ac22e25af83de126f1a01dd216e8534f47ddb529ef82906de931f,2d83c123d812ae1c0e6324aec966bab75f93ebfbc1a28ca2fa7511f53e444a56,270,correct,False,raw/math_test_prealgebra_405.json
math_test_prealgebra_473,test,prealgebra,Level 5,True,20,20,20,20,correct,85,326,163,163,411,stop,deepseek-flash,aeb56401ca74e127821c4f9126dcb669,407d2a44cd4b6b9fa4d5a1a1473bb5c018ef5f4f1fdc23b550f2d21e1d240f41,917d243dacdb5c6634c14fd07e76b28700988b4bfbb3a5f5cb289781db569820,411,correct,False,raw/math_test_prealgebra_473.json
math_test_prealgebra_359,test,prealgebra,Level 5,False,1,1.25,1,1.25,"wrong: predicted=1, gold=1.25",119,271,120,151,390,stop,deepseek-flash,aeb56401ca74e127821c4f9126dcb669,bb3274b55e601450b56bb7a9485781d2ee6821d52b9104dfa28e31f96d6ebe54,640605d9f1615b1fcb13c8576d87bd5545f4d4c4f788d6161e150faf8612bc76,390,"wrong: predicted=1, gold=1.25",False,raw/math_test_prealgebra_359.json
math_test_prealgebra_272,test,prealgebra,Level 5,False,\(14\sqrt{15}\),14\sqrt{15,14\sqrt{15},14\sqrt{15,"wrong: predicted=\(14\sqrt{15}\), gold=14\sqrt{15",65,266,185,81,331,stop,deepseek-flash,aeb56401ca74e127821c4f9126dcb669,0003899e5bf5428c4d899add25fe9705dd5b9b2a07a8e5db18f2b335994c4d4a,fd6683dac90b2a17b3345d11a11c47c9b08ecdcb3ed561fc3c06e50376d4b40f,331,"wrong: predicted=\(14\sqrt{15}\), gold=14\sqrt{15",False,raw/math_test_prealgebra_272.json
math_test_prealgebra_508,test,prealgebra,Level 5,False,\(12\sqrt{35}\),12\sqrt{35,12\sqrt{35},12\sqrt{35,"wrong: predicted=\(12\sqrt{35}\), gold=12\sqrt{35",92,326,184,142,418,stop,deepseek-flash,aeb56401ca74e127821c4f9126dcb669,93b6ee6519a2137cb30cc3c6c2be2a22f1b5b61fefb584ff751172cb435c120f,b5ae977de23b1d0790aecdd3d5a48b6866b7a7435c28cb89408b25603d83bdfb,418,"wrong: predicted=\(12\sqrt{35}\), gold=12\sqrt{35",False,raw/math_test_prealgebra_508.json
math_test_prealgebra_859,test,prealgebra,Level 5,False,\(\frac{427}{495}\),\frac{427,\frac{427}{495},\frac{427,"wrong: predicted=\(\frac{427}{495}\), gold=\frac{427",83,556,351,205,639,stop,deepseek-flash,aeb56401ca74e127821c4f9126dcb669,35ef2ed61fed5a5182511292cc7f2eb0ff375543298eb60dfc2a6be0fb45aff9,97d6c73674f137a359b07d912361a51cec9c2ea68bac1d3f357865919358766a,639,"wrong: predicted=\(\frac{427}{495}\), gold=\frac{427",False,raw/math_test_prealgebra_859.json
math_test_prealgebra_94,test,prealgebra,Level 5,False,\(1,1.4,1,1.4,"wrong: predicted=\(1, gold=1.4",76,182,107,75,258,stop,deepseek-flash,aeb56401ca74e127821c4f9126dcb669,14fa91dada607ee2c22bcb7b1eafa3173342895de5702bb24477e84ba4f5dcd5,10800f01719f3fc3b57f63b17a9fae04aa31f11e4f06e17b86ab757409a0fa7a,258,"wrong: predicted=\(1, gold=1.4",False,raw/math_test_prealgebra_94.json
math_test_prealgebra_263,test,prealgebra,Level 5,True,9,9,9,9,correct,94,406,236,170,500,stop,deepseek-flash,aeb56401ca74e127821c4f9126dcb669,817223a85fba825ddd1682e5da950c2a29d4e0728650e909c8623eeb599b1c21,9686c180dfc025168bc9ebcf4d8bc69a92c9583bb62e44ff25e5c2140f2b8f6e,500,correct,False,raw/math_test_prealgebra_263.json
math_test_prealgebra_441,test,prealgebra,Level 5,False,,118^{\circ,,118^{\circ,"wrong: predicted=, gold=118^{\circ",103,2048,2048,0,2151,length,deepseek-flash,aeb56401ca74e127821c4f9126dcb669,0453eca9153ba0175601871b14c71c6729bde5a51af65f5075e9a066a3f22a46,99131ef7c7ac3fd03011934e38dee11b02b5b5f6d133476a1a36e99a045807c2,0,error: OpenRouter returned empty content.,True,raw/math_test_prealgebra_441.json
math_test_prealgebra_72,test,prealgebra,Level 5,False,12 and 13,12\text{ and,12,12\text{ and,"wrong: predicted=12 and 13, gold=12\text{ and",111,600,389,211,711,stop,deepseek-flash,aeb56401ca74e127821c4f9126dcb669,653871d9a9109eefc623191f9ea85095f41b97a22ffa82d964e32671bea1abf2,4c2933c8fdf5eb51c833b09070b4eb2d384cd6c51a49d52f5b15beb6260a2599,711,"wrong: predicted=12 and 13, gold=12\text{ and",False,raw/math_test_prealgebra_72.json
math_test_prealgebra_384,test,prealgebra,Level 5,True,5,5,5,5,correct,95,358,194,164,453,stop,deepseek-flash,aeb56401ca74e127821c4f9126dcb669,a995628d9263e89f678423ae19688267892ed0410e5f6cbe9a14fe017f48f5d7,d9553880e4f3c950a0680926a7d1ab26aa2a340e13ed56876430c92ca46de29b,453,correct,False,raw/math_test_prealgebra_384.json
math_test_prealgebra_793,test,prealgebra,Level 5,True,\frac{19,\dfrac{19,\frac{19,\frac{19,correct,98,270,115,155,368,stop,deepseek-flash,aeb56401ca74e127821c4f9126dcb669,e29737c2ebfc5830677f2d696fbb3d33bd99468738b93c7599e271264c62a6d0,14d76444bd436986ab09226b8e69e460bc4874bec89375e35b5fedd0b43677f1,368,correct,False,raw/math_test_prealgebra_793.json
math_test_prealgebra_416,test,prealgebra,Level 5,False,\(\frac{17}{50}\),\dfrac{17,\frac{17}{50},\frac{17,"wrong: predicted=\(\frac{17}{50}\), gold=\dfrac{17",101,284,133,151,385,stop,deepseek-flash,aeb56401ca74e127821c4f9126dcb669,133454d0019bb04d95d4298511804b54337e9a2f5940aac13e0fe55b075a72d5,7b56e62453937c1870c4679ed8fda79cfe1306923be2c0702d5a4a3681dfa80f,385,"wrong: predicted=\(\frac{17}{50}\), gold=\dfrac{17",False,raw/math_test_prealgebra_416.json
math_test_number_theory_487,test,number_theory,Level 5,False,[231],231,[231],231,"wrong: predicted=[231], gold=231",105,360,193,167,465,stop,deepseek-flash,aeb56401ca74e127821c4f9126dcb669,4586ad59d6704048cd2cf82a2a152d35cfa37b1d4da47852a78101cc66da87b8,457cf65c83f8d7447fca8f7486665315f1700412f30d31b19b7eabacff3cd04f,465,"wrong: predicted=[231], gold=231",False,raw/math_test_number_theory_487.json
math_test_number_theory_434,test,number_theory,Level 5,True,10,10,10,10,correct,91,643,427,216,734,stop,deepseek-flash,aeb56401ca74e127821c4f9126dcb669,97c1fb5e787bdb432189d81a7f77fa68a53ae2a938baae69fa0c8051547eddb7,4c2f19be54c42d5bb8b36e0393061056391928f801aabf4fcf8d1d5b085ef1ca,734,correct,False,raw/math_test_number_theory_434.json
math_test_number_theory_224,test,number_theory,Level 5,True,111,111,111,111,correct,132,365,196,169,497,stop,deepseek-flash,aeb56401ca74e127821c4f9126dcb669,ab47df3d2a239800c6a81dff063b54249c1bbf0132cc79b83ae37faba99a00cd,ecd69390e4513a04589e549fec0532ce937381beec35701b7ac5d8e055242ac5,497,correct,False,raw/math_test_number_theory_224.json
math_test_number_theory_76,test,number_theory,Level 5,True,53,53,53,53,correct,104,519,364,155,623,stop,deepseek-flash,aeb56401ca74e127821c4f9126dcb669,98b32c0c8fcbe78c8672f191a60e4235435b056be8fe286c803d26f77647323e,6f9f7abd0ac8b7538f5d9597b616f5985000fb259e868641ae8c46cab68f0d94,623,correct,False,raw/math_test_number_theory_76.json
math_test_number_theory_457,test,number_theory,Level 5,True,4,4,4,4,correct,113,1199,986,213,1312,stop,deepseek-flash,aeb56401ca74e127821c4f9126dcb669,0b91b3431d082c0c8354ad955ebaa93433cf765ddd0ea427802b6fab622f3437,1c480c6a089f56d225cbc51c176e9e564d2e15648ef1e6746008ae295d5a7750,1312,correct,False,raw/math_test_number_theory_457.json
math_test_number_theory_509,test,number_theory,Level 5,False,,100,,100,"wrong: predicted=, gold=100",99,2048,2048,0,2147,length,deepseek-flash,aeb56401ca74e127821c4f9126dcb669,5321cc4c56698ca4f5d3e8882ec4912acf197e2648c5d1e7ecc2a7249629c0cc,100cfa57079d2489c69da99933cbfb55a1467dfff6bba79a1ead60638647991f,0,error: OpenRouter returned empty content.,True,raw/math_test_number_theory_509.json
math_test_number_theory_152,test,number_theory,Level 5,False,[17],17,[17],17,"wrong: predicted=[17], gold=17",114,642,437,205,756,stop,deepseek-flash,aeb56401ca74e127821c4f9126dcb669,ac2f2d3130698b02e8a3357886556aa622a7271e0a16e5293cfa4a64b37f822e,a3ed1f50f1e96a76f9814174b31db9e2b9c23fed6051496df1204758a9ca550d,756,"wrong: predicted=[17], gold=17",False,raw/math_test_number_theory_152.json
math_test_number_theory_67,test,number_theory,Level 5,False,,1,,1,"wrong: predicted=, gold=1",133,2048,2048,0,2181,length,deepseek-flash,aeb56401ca74e127821c4f9126dcb669,72c7754cd0cbe5891bca19b8d191991339875bc3ece66180e7fefe44b3f96641,cec398546f382f434b5daca42363f2f3d0cf5ea3b99b08b1b3918b9290a19f57,0,error: OpenRouter returned empty content.,True,raw/math_test_number_theory_67.json
math_test_number_theory_339,test,number_theory,Level 5,True,12,12,12,12,correct,123,876,490,386,999,stop,deepseek-flash,aeb56401ca74e127821c4f9126dcb669,c476554b14a5a078c2ea92a3dbb83ef25df960c0a7edc090095ca29368bdae23,a223100a2e9cbca5e0f354a08201aefa43a8420c5ee719fe3b6623acc48eaeda,999,correct,False,raw/math_test_number_theory_339.json
math_test_number_theory_270,test,number_theory,Level 5,True,270,270,270,270,correct,80,334,166,168,414,stop,deepseek-flash,aeb56401ca74e127821c4f9126dcb669,a83a762557207ee6bc7b1570442ea0f48b75f8a8036458da95e40480d8a5993c,acbf0600bf37f1ea12b304fd881687811206ffad50c4fb97563f9a9787cc05d8,414,correct,False,raw/math_test_number_theory_270.json
math_test_number_theory_35,test,number_theory,Level 5,True,\(-221_3\),-221_3,-2213,-2213,correct,84,1031,873,158,1115,stop,deepseek-flash,aeb56401ca74e127821c4f9126dcb669,844f59980f2463a525aaffce1bc477a1c0b308a061ab027e7b809207e308252c,748e2cab87b236a03d57c2fdf8fa56799ff4fda0f5edb001b3ca0a826925336f,1115,correct,False,raw/math_test_number_theory_35.json
math_test_number_theory_415,test,number_theory,Level 5,True,72,72,72,72,correct,101,368,192,176,469,stop,deepseek-flash,aeb56401ca74e127821c4f9126dcb669,acded31fea3b7d2e5d46c40db14bf1204702602e90e7a42b024c6651883516da,47d6b2a350ec670701bd084d3b6c75eba35fa572ba40889df0a46569e97ae687,469,correct,False,raw/math_test_number_theory_415.json
math_test_number_theory_508,test,number_theory,Level 5,True,90,90,90,90,correct,86,551,389,162,637,stop,deepseek-flash,aeb56401ca74e127821c4f9126dcb669,4e233be0fe2ea63ba52dd889efe2e08df246f67736794ada034442f359c05d51,35e5eae074169f4b5d331b88b665457e7c9992b06934c280b411bace17364f4e,637,correct,False,raw/math_test_number_theory_508.json
math_test_number_theory_278,test,number_theory,Level 5,True,62,62,62,62,correct,90,342,181,161,432,stop,deepseek-flash,aeb56401ca74e127821c4f9126dcb669,008d86b18722149360d0571b242d0d6cdbfe4034605d7a474688be6e850fde42,6861f15c9e1024595f930b7e615566b9118446bd0b0f19aa8dd448365ba9e9c1,432,correct,False,raw/math_test_number_theory_278.json
math_test_number_theory_77,test,number_theory,Level 5,True,12,12,12,12,correct,77,600,371,229,677,stop,deepseek-flash,aeb56401ca74e127821c4f9126dcb669,1bd3a641bde49b2ebfa8cb56d332206cbf99158ac38c5c511e29b97e7db6216d,55fc1f4075ef69dbf0d1ee50c5ec23d58cf6b777a6fcf131ab9633ab6e73e012,677,correct,False,raw/math_test_number_theory_77.json
math_test_number_theory_214,test,number_theory,Level 5,False,[2079],2079,[2079],2079,"wrong: predicted=[2079], gold=2079",119,905,672,233,1024,stop,deepseek-flash,aeb56401ca74e127821c4f9126dcb669,dc0000f23a6ff2a91051482a7eff3a5b35cfa4a2c0f75e9e00b6e9da0b60b057,ebbfb336ea7487e6e05b23cb27896380453caf2e39703096d9ebf813bbf3ff1b,1024,"wrong: predicted=[2079], gold=2079",False,raw/math_test_number_theory_214.json
math_test_number_theory_413,test,number_theory,Level 5,True,35,35,35,35,correct,97,1736,1429,307,1833,stop,deepseek-flash,aeb56401ca74e127821c4f9126dcb669,b12656331cafa6889b10b36c581a1be49e35ec82f64dce6686dc63142ac8e5e7,40159d99f89052329005e45f7fda0ce23dba653e818c6df58588d37f599cea8d,1833,correct,False,raw/math_test_number_theory_413.json
math_test_number_theory_104,test,number_theory,Level 5,True,6152,6152,6152,6152,correct,115,474,239,235,589,stop,deepseek-flash,aeb56401ca74e127821c4f9126dcb669,46312e29c92ac43a44b0fc32d4f6e5dff0bdb2c9c638b2cccd1f3ba9b7f151b1,f4d94c3e868d40b72c7f518f0d44fb48ed24c366f36760081c883110b499ff3e,589,correct,False,raw/math_test_number_theory_104.json
math_test_number_theory_18,test,number_theory,Level 5,True,21022,21022,21022,21022,correct,102,1517,1176,341,1619,stop,deepseek-flash,aeb56401ca74e127821c4f9126dcb669,0f9ba0efabfe2f0c752210699751a53ed65d098b7f298d32bf4af714acb953b1,09d490b172b1c8a7e94acae2c61ead2203ef7aa26dd52f6341a4c40cd427e5c5,1619,correct,False,raw/math_test_number_theory_18.json
math_test_number_theory_87,test,number_theory,Level 5,True,16,16,16,16,correct,69,435,249,186,504,stop,deepseek-flash,aeb56401ca74e127821c4f9126dcb669,d91775441b7eb361042e0c66d7988d58748fcdceca2c3d840cdf93e6d22901a1,07e5856547b8b583c7e72b4eca24494555d11c2934bd648f0790eaa8da3d1902,504,correct,False,raw/math_test_number_theory_87.json
math_test_number_theory_142,test,number_theory,Level 5,False,,11,,11,"wrong: predicted=, gold=11",156,2048,2048,0,2204,length,deepseek-flash,aeb56401ca74e127821c4f9126dcb669,12fd17643abc671e1094ce2e6d791a2bf5da236bcfe43ab1b8170eaaf26b9f4a,6e59e7be50f008447b223d7909132da56acef4547da29d5f851137e05f1833ad,0,error: OpenRouter returned empty content.,True,raw/math_test_number_theory_142.json
math_test_number_theory_312,test,number_theory,Level 5,True,108,108,108,108,correct,127,1083,837,246,1210,stop,deepseek-flash,aeb56401ca74e127821c4f9126dcb669,e65704d32758b5e12593446610c60e81f93c8a794a70bb05163bf27b3f31c53d,8368706f280b9e99c77ac6c5dba5aa35ad305937bb67525de6cd992339d1113f,1210,correct,False,raw/math_test_number_theory_312.json
math_test_number_theory_464,test,number_theory,Level 5,True,6,6,6,6,correct,120,802,519,283,922,stop,deepseek-flash,aeb56401ca74e127821c4f9126dcb669,8612677822378c723352005ce2d587bb88bf1d54aa5e5a29d6b6b3f198c30185,a69ee1f03ed9ba38eda8bb7b8b9c42809f902bdddf1fbdb9ac5e9c0c2ddba09c,922,correct,False,raw/math_test_number_theory_464.json
math_test_number_theory_47,test,number_theory,Level 5,True,31,31,31,31,correct,93,406,244,162,499,stop,deepseek-flash,aeb56401ca74e127821c4f9126dcb669,2f39d9395b9278b20999f310e1c0b35b3c42674e7a90b56e48b0fce3bf0e6301,71be140e28d561decac4451b8c6fa22bf64e7615a5e37916af9ac12258438954,499,correct,False,raw/math_test_number_theory_47.json
math_test_number_theory_495,test,number_theory,Level 5,True,3224,3224,3224,3224,correct,71,368,193,175,439,stop,deepseek-flash,aeb56401ca74e127821c4f9126dcb669,4a3f6ec5c43f095dfc8ef1d82fe91547b2755256d5eda20c5edf442369775ae9,58e9157b7658ea8931ca7f607568f8caecd8bcfb6c763035a3374f9a37bb2a81,439,correct,False,raw/math_test_number_theory_495.json
math_test_number_theory_32,test,number_theory,Level 5,False,\frac13,\frac{1,\frac13,\frac{1,"wrong: predicted=\frac13, gold=\frac{1",121,381,236,145,502,stop,deepseek-flash,aeb56401ca74e127821c4f9126dcb669,f36476d5fa38d036f646f4a66d91082761d2526ad800f875593fa216a6fa3428,216c8ce35cf10d2ecb5793ef7c0ddc2784c3f2d7766525880c3f77741213d8bd,502,"wrong: predicted=\frac13, gold=\frac{1",False,raw/math_test_number_theory_32.json
math_test_number_theory_180,test,number_theory,Level 5,True,20,20,20,20,correct,83,551,293,258,634,stop,deepseek-flash,aeb56401ca74e127821c4f9126dcb669,d0179fc80bf079bfb64c31b014ccb1f710f1270925277a3d19f0384ef5cc59cf,44aa81a036006c459efc78c6828699255dba3082ac9d1e3a3eea5d662cea7446,634,correct,False,raw/math_test_number_theory_180.json
math_test_number_theory_317,test,number_theory,Level 5,True,6,6,6,6,correct,76,821,473,348,897,stop,deepseek-flash,aeb56401ca74e127821c4f9126dcb669,09e35fd203e365e138b07d835b0dae0e84d694211d419d5710e7d648acdbcb77,cc0737fde47ec07ac0ed01a6031feda49420cb2f7700ea042c9683ef814005be,897,correct,False,raw/math_test_number_theory_317.json
math_test_number_theory_272,test,number_theory,Level 5,True,5,5,5,5,correct,195,1204,823,381,1399,stop,deepseek-flash,aeb56401ca74e127821c4f9126dcb669,475d097dbdd253b36d7f0ab537c8adb8120c0916597cf34ed5ab6d2d3360ba61,3243c13fb7f425db6ff862c30847d1bcc14bdc78bb95f2ce24496a2ca5dfe797,1399,correct,False,raw/math_test_number_theory_272.json
math_test_number_theory_3,test,number_theory,Level 5,True,44,44,44,44,correct,102,373,162,211,475,stop,deepseek-flash,aeb56401ca74e127821c4f9126dcb669,a00c58ad3b3c86a3c684595fd185cd7687326c9ec85bf927c01a965c41ab4c1a,f3a3bfb23c4569aef9482314d81fa8c7d5cf41dc7d2df4822c426ad46de56832,475,correct,False,raw/math_test_number_theory_3.json
math_test_number_theory_248,test,number_theory,Level 5,False,"ab=n,\",240,ab=n\,240,"wrong: predicted=ab=n,\, gold=240",138,2048,2010,38,2186,length,deepseek-flash,aeb56401ca74e127821c4f9126dcb669,5caf670f90a2e74c099f458dc185a4433c9058447fda73123653d7ad77c41abd,b544ba0065ef7ccacc5d8979e07c968aeadeb579d63a8f7d70054162bc0fc7c5,2186,"wrong: predicted=ab=n,\, gold=240",False,raw/math_test_number_theory_248.json
math_test_number_theory_517,test,number_theory,Level 5,True,41,41,41,41,correct,145,881,609,272,1026,stop,deepseek-flash,aeb56401ca74e127821c4f9126dcb669,379bac103577c44ee5b5b4e43a480ae362b60ac2d927f2b55b750b01bff4e4f2,5d25447e91dedcb3b73fa9ac5aeec18ec472ab6ed652051ba31a4579780d3737,1026,correct,False,raw/math_test_number_theory_517.json
math_test_number_theory_436,test,number_theory,Level 5,True,-449,-449,-449,-449,correct,82,617,383,234,699,stop,deepseek-flash,aeb56401ca74e127821c4f9126dcb669,3b364d89a13fea50d674be9bd9cf06b4a83ec3337c94e4740d2c7b359b1c9e7f,0cc2b07c0e84951d6d276e2e9b5d1026f6010fb2e90e22c964ce03956cd7f39f,699,correct,False,raw/math_test_number_theory_436.json
math_test_number_theory_73,test,number_theory,Level 5,True,60,60,60,60,correct,79,532,318,214,611,stop,deepseek-flash,aeb56401ca74e127821c4f9126dcb669,28c9da3b61d631dbc48bab6a64b8db4294e28c72ff44298fcb229730dbd6a560,bfeb01a7801a70ba085c78f4b2c3ca5873b861f45cb091d179241ae0c32e51c5,611,correct,False,raw/math_test_number_theory_73.json
math_test_number_theory_192,test,number_theory,Level 5,True,116,116,116,116,correct,116,277,147,130,393,stop,deepseek-flash,aeb56401ca74e127821c4f9126dcb669,ec6e82499d8e3d2031b2ae9671f824f8cb20b38eadd3f63349d398538f1ec095,b8105523c99bdaa0d28992b67d4a49aaf878be4425df490d00656affcfe02b0a,393,correct,False,raw/math_test_number_theory_192.json
math_test_number_theory_121,test,number_theory,Level 5,True,46,46,46,46,correct,84,457,268,189,541,stop,deepseek-flash,aeb56401ca74e127821c4f9126dcb669,effe4a92f7c1dd51bf8fd30784b1c273d1e4917c62aa2b7c73bee6788459b504,c908182940602ccdddfadae912fcd4f3469d9b1502537df927dddc0a27cda1b5,541,correct,False,raw/math_test_number_theory_121.json
math_test_number_theory_260,test,number_theory,Level 5,True,9,9,9,9,correct,89,622,427,195,711,stop,deepseek-flash,aeb56401ca74e127821c4f9126dcb669,58f64ae247030faadd946d26a319872a85bfab082acfa42bed90d913eaf85ed5,828ea87e05df12f73e6d06fa405df390a3cfb953fc310f334119dbe82e313dc8,711,correct,False,raw/math_test_number_theory_260.json
math_test_number_theory_78,test,number_theory,Level 5,True,88,88,88,88,correct,84,1458,1227,231,1542,stop,deepseek-flash,aeb56401ca74e127821c4f9126dcb669,c911675b05551b1f64b847f2947dc47e7dcc08afc7491682233e3152b1215aeb,0180f7a9eb9c0455d6e74e6e7867cfbc1543678994ba8a89048ee01aaca7182c,1542,correct,False,raw/math_test_number_theory_78.json
math_test_number_theory_103,test,number_theory,Level 5,False,,13,,13,"wrong: predicted=, gold=13",127,2048,2048,0,2175,length,deepseek-flash,aeb56401ca74e127821c4f9126dcb669,0ea45902988037ded8b7c6226de80ef18e1713cfb73bdf4a8408e78048d2e726,f25dee565621ead1c61dbccad6a21146a9bb37dd83a321b4394c4cbc358b441e,0,error: OpenRouter returned empty content.,True,raw/math_test_number_theory_103.json
math_test_number_theory_433,test,number_theory,Level 5,True,8,8,8,8,correct,92,685,462,223,777,stop,deepseek-flash,aeb56401ca74e127821c4f9126dcb669,b4610792aef90cfcd06609897889e9102afebbc1b16f0be9e02d8d443cba2435,c965ad1e8db8691ab35672423e9cb19d2520f1405527937aa2e1d41b8495a3fe,777,correct,False,raw/math_test_number_theory_433.json
math_test_number_theory_75,test,number_theory,Level 5,False,\(0,0.0011_{2,0,0.0011_{2,"wrong: predicted=\(0, gold=0.0011_{2",79,271,133,138,350,stop,deepseek-flash,aeb56401ca74e127821c4f9126dcb669,fc9cf5bb741630d595fea1832feb1e6892b7382fc2c6e6b83794b7158ea66a91,cb4a68f38ebdd90260f97adaaa5f903560d81de9121ebd739c8b5b9c7640d944,350,"wrong: predicted=\(0, gold=0.0011_{2",False,raw/math_test_number_theory_75.json
math_test_number_theory_68,test,number_theory,Level 5,True,2,2,2,2,correct,140,308,125,183,448,stop,deepseek-flash,aeb56401ca74e127821c4f9126dcb669,69a7af4a096d79d168c84e6b55659f0147000d5e636e632972c31c3dc4686bb8,f131ee39cfa4d8e9bea23999428ac12c6da20d055914458121cd26d20ea25748,448,correct,False,raw/math_test_number_theory_68.json
math_test_number_theory_362,test,number_theory,Level 5,True,10,10,10,10,correct,122,1836,1599,237,1958,stop,deepseek-flash,aeb56401ca74e127821c4f9126dcb669,879477dcd8ea20dea622a9b3542a95653b74408ec35c77cf50f3f31cb279f211,253e6f740725d1fab303d8f84f1730d40bf20f89eede7ba48a73c9bce80d0641,1958,correct,False,raw/math_test_number_theory_362.json
math_test_number_theory_101,test,number_theory,Level 5,False,,1155,,1155,"wrong: predicted=, gold=1155",115,2048,2048,0,2163,length,deepseek-flash,aeb56401ca74e127821c4f9126dcb669,455e99d39fee47d82ab72d3f5f9b2190b80be3ca20a554ba99087cb0028c313b,1d504abfbc2a6bd8a92ecf15181f67190612fa42ffe9c3a12de8deb00c1943ac,0,error: OpenRouter returned empty content.,True,raw/math_test_number_theory_101.json
math_test_number_theory_265,test,number_theory,Level 5,True,4,4,4,4,correct,94,961,667,294,1055,stop,deepseek-flash,aeb56401ca74e127821c4f9126dcb669,23cd6a1a7ee53b624eac77aaa2283102bccddc73a792e60ec12c7ae3736108b1,d79862292d39be7dae6e6edbb21cbc23779df17f9ce1dd728ed4c0131c8beebb,1055,correct,False,raw/math_test_number_theory_265.json
math_test_number_theory_515,test,number_theory,Level 5,True,9,9,9,9,correct,100,714,465,249,814,stop,deepseek-flash,aeb56401ca74e127821c4f9126dcb669,7755d5d695137ebd4746279e0da16a4d1453fb05cbfdeb3b5124d96a9e46cd1b,3abf1925f9766554d6063fc854642482a66d1f557700421e801d419d3b2d3273,814,correct,False,raw/math_test_number_theory_515.json
math_test_number_theory_453,test,number_theory,Level 5,True,102,102,102,102,correct,100,783,546,237,883,stop,deepseek-flash,aeb56401ca74e127821c4f9126dcb669,23bd4bf64e84a6ba9f8a385517eca6ed22e6ea2bcb8f1598c50b4ba35f87ede3,5c062e6ba785ee21e8f8c166e4a644cfa0f8dbd7fdda841b15a4854a0ef29648,883,correct,False,raw/math_test_number_theory_453.json
math_test_number_theory_131,test,number_theory,Level 5,True,5,5,5,5,correct,146,1420,896,524,1566,stop,deepseek-flash,aeb56401ca74e127821c4f9126dcb669,b906758f009850b304bd4da5011e08ea87346c337774724ffa7bdc16975979fa,995f3431a22365a06b50ba27d6a6d9d5b0633ab0ffb6578924cc41b999576246,1566,correct,False,raw/math_test_number_theory_131.json
math_test_number_theory_438,test,number_theory,Level 5,True,1950,1950,1950,1950,correct,87,452,241,211,539,stop,deepseek-flash,aeb56401ca74e127821c4f9126dcb669,76458d9622514b281a6710906be09b75ea07b075dac789b0836cf61aebd78bd2,957ea5273b7ffd3a43f81db9dbfd6820485f40fb237617f9ff133b117b6bfbdd,539,correct,False,raw/math_test_number_theory_438.json
math_test_number_theory_441,test,number_theory,Level 5,True,43,43,43,43,correct,99,431,238,193,530,stop,deepseek-flash,aeb56401ca74e127821c4f9126dcb669,3c23cd8dc73f4c77dbe9d74c0c959234aa1f74390af09df2b0642d8115cead5b,9fd87b7fd46672455d997b76f6a3aad98e04503c8f7e3d9e1a958112e7ae4a0a,530,correct,False,raw/math_test_number_theory_441.json
math_test_number_theory_240,test,number_theory,Level 5,True,226,226,226,226,correct,71,237,124,113,308,stop,deepseek-flash,aeb56401ca74e127821c4f9126dcb669,516e5960806e9b070d5608defac3d2f4ed8da2fcbd58146a14a3576c8dde1471,cb399508353ae7a1a79e8f446c4e49f333ec5652692b8c27003f0368955fb66c,308,correct,False,raw/math_test_number_theory_240.json
math_test_number_theory_88,test,number_theory,Level 5,True,10901,10901,10901,10901,correct,91,1553,1340,213,1644,stop,deepseek-flash,aeb56401ca74e127821c4f9126dcb669,4849a7748516c00af7044e80441a9ff8146fa98bf0620cc9768b6c52125776a5,ae008d6aec89caebe9aa9e0f47dfc0331b876a313739a0660e8188882d3e3234,1644,correct,False,raw/math_test_number_theory_88.json
math_test_number_theory_319,test,number_theory,Level 5,True,8,8,8,8,correct,100,632,410,222,732,stop,deepseek-flash,aeb56401ca74e127821c4f9126dcb669,d41723203b836ce6534f2c13d94974a9ea28701b78367ea3512c3b9dcc80d9c2,e60463362f0645cdf1ee992955b5acac9be6603765afa9cb2ce93734b5c182ca,732,correct,False,raw/math_test_number_theory_319.json
math_test_number_theory_403,test,number_theory,Level 5,True,314,314,314,314,correct,129,878,413,465,1007,stop,deepseek-flash,aeb56401ca74e127821c4f9126dcb669,5d7cb1c69d34c1c2e2c15f59e285ef9ed4ae0f606587ea70189ae03242020c99,7e9c55cc0e81fbd7c5bd981b519c5ea629bc88fe017e3bd2c0cfd2916eea967e,1007,correct,False,raw/math_test_number_theory_403.json
math_test_number_theory_188,test,number_theory,Level 5,True,5,5,5,5,correct,120,1390,1021,369,1510,stop,deepseek-flash,aeb56401ca74e127821c4f9126dcb669,2b91428d4f7ad0b3cc60c0fdbea1330cacbaec5933850eb55531c8981fc968c0,6add4f8a8d3b5af4c1325b94062b377d8bb87bd4228a3c5906f0ff363b997ccc,1510,correct,False,raw/math_test_number_theory_188.json
math_test_number_theory_478,test,number_theory,Level 5,False,0,981,0,981,"wrong: predicted=0, gold=981",92,2048,1762,286,2140,length,deepseek-flash,aeb56401ca74e127821c4f9126dcb669,50f3e7bd1b79f618ca037908cf33304c4455dfbc297696d82cb48f822b0e18eb,8b935b17b55bbf6d71653a65fda8d96d35acbbca59634c0d8c0db73c38f5ba9d,2140,"wrong: predicted=0, gold=981",False,raw/math_test_number_theory_478.json
math_test_number_theory_293,test,number_theory,Level 5,False,,2016,,2016,"wrong: predicted=, gold=2016",130,2048,2048,0,2178,length,deepseek-flash,aeb56401ca74e127821c4f9126dcb669,d53534a5fd440e948bc684c916286b2b01abbf8d16fe0c676b2f1ad3417d8784,9f3b7affeab14cb951178c14dc260beaa948e3e0a541f6e91d3b1299bbaef8e5,0,error: OpenRouter returned empty content.,True,raw/math_test_number_theory_293.json
math_test_number_theory_146,test,number_theory,Level 5,True,129,129,129,129,correct,145,1684,1540,144,1829,stop,deepseek-flash,aeb56401ca74e127821c4f9126dcb669,ae3dedcd7eb1b29663979a16fc6ace142cd54880227d2695e7e7cae86fc36ec1,c5dbc0ca8cbfa321a92354079dc65ac3f473316e8db7c2f3d65f4a87b5aa2c34,1829,correct,False,raw/math_test_number_theory_146.json
math_test_number_theory_19,test,number_theory,Level 5,True,25,25,25,25,correct,96,726,467,259,822,stop,deepseek-flash,aeb56401ca74e127821c4f9126dcb669,e443069263a74ba91119ca1387bea596a8949b7afcc8bb051b6bac026393159a,389bea54ac9dec60563dfd69b90c7b136c02dfe5bcd21a771c59fd8307468f93,822,correct,False,raw/math_test_number_theory_19.json
math_test_number_theory_488,test,number_theory,Level 5,True,34,34,34,34,correct,88,474,288,186,562,stop,deepseek-flash,aeb56401ca74e127821c4f9126dcb669,afe3a51a2dc5f6e97943a931e22a6042fa37915f9e408cd631447995b336830b,2194b7c34b37efb5d1eeb25bdcc9d8547fbc929ec19eb2350931a3fac91f9f5e,562,correct,False,raw/math_test_number_theory_488.json
math_test_number_theory_399,test,number_theory,Level 5,True,2,2,2,2,correct,139,517,363,154,656,stop,deepseek-flash,aeb56401ca74e127821c4f9126dcb669,42959b122c217b1f7ec617319ac86a76d7ea15e3e9ef2419afbdc8ef5bd50135,5005d668376d46446471b57cc9dd84f3d8397cd20b150b42a2d8b8a058c925f3,656,correct,False,raw/math_test_number_theory_399.json
math_test_number_theory_139,test,number_theory,Level 5,True,7,7,7,7,correct,101,1906,1545,361,2007,stop,deepseek-flash,aeb56401ca74e127821c4f9126dcb669,a8908d97359423336035af52403e6f0c215a9cb27c2adb67f4e6a337df3eff76,6cd604d37f604a37b4926cba0e5436555c17d5083ce5af6764966bf76a5d4d69,2007,correct,False,raw/math_test_number_theory_139.json
math_test_number_theory_92,test,number_theory,Level 5,True,\(503\),503,503,503,correct,81,604,449,155,685,stop,deepseek-flash,aeb56401ca74e127821c4f9126dcb669,8c3d4cb3dcce4fc5ca2168d29067c5856e64d7da671f32311555cd5d8fece8ea,259afa3e2916b6df107b444fe0ed7edb4e3c96ca35572f8576823b2dd182d464,685,correct,False,raw/math_test_number_theory_92.json
math_test_number_theory_266,test,number_theory,Level 5,False,\(\frac{1}{3}\),\frac{1,\frac{1}{3},\frac{1,"wrong: predicted=\(\frac{1}{3}\), gold=\frac{1",88,762,572,190,850,stop,deepseek-flash,aeb56401ca74e127821c4f9126dcb669,e5dc2a12083ec95d04356b1ce1a76a7aab36b6e09234048aa6cc3cf880e59d33,d34d39e126fa921677d68326768a20e71af5f0be65357159c96db38e01be1d0e,850,"wrong: predicted=\(\frac{1}{3}\), gold=\frac{1",False,raw/math_test_number_theory_266.json
math_test_number_theory_262,test,number_theory,Level 5,False,,8,,8,"wrong: predicted=, gold=8",132,2048,2048,0,2180,length,deepseek-flash,aeb56401ca74e127821c4f9126dcb669,1a8ad2887a34460ddb83aa9a9c3b7965d97fdd0fce75e189f1e0cb75955c0809,8154d53022197088ac88204aa729166bb44183dff993ae4c109dfe0a254c0533,0,error: OpenRouter returned empty content.,True,raw/math_test_number_theory_262.json
math_test_number_theory_89,test,number_theory,Level 5,True,12,12,12,12,correct,72,303,166,137,375,stop,deepseek-flash,aeb56401ca74e127821c4f9126dcb669,621fc37291ddf0d1f174ca0ab6dd48cd19a3e6169db294e2f50dd81971aeaac6,28092c26d788cddab372208f6ebb395ef77b290e2980c36d0341b37367dcf9d1,375,correct,False,raw/math_test_number_theory_89.json
math_test_number_theory_447,test,number_theory,Level 5,True,0,0,0,0,correct,74,311,217,94,385,stop,deepseek-flash,aeb56401ca74e127821c4f9126dcb669,97de818b6a7391da8842f7b5abd1aa5f29eb4c63fc1d7e0ac13e359bef9113c2,acc7b47fbaeed20403c51bb92fa1d3b012d5581397d047a7ddd68183a69a7d26,385,correct,False,raw/math_test_number_theory_447.json
math_test_number_theory_24,test,number_theory,Level 5,True,203,203,203,203,correct,151,1426,1137,289,1577,stop,deepseek-flash,aeb56401ca74e127821c4f9126dcb669,4c1febb64bd5a36ebb09245c21d0c50d20ac01a74152b0726642c0cbebc8021e,b29b925053a3684ef048b9b35bb3fc5e9d5836183739bdb31034d86571e04149,1577,correct,False,raw/math_test_number_theory_24.json
math_test_number_theory_110,test,number_theory,Level 5,True,0,0,0,0,correct,100,623,389,234,723,stop,deepseek-flash,aeb56401ca74e127821c4f9126dcb669,e2415c4b915aa276cacb5c108f7315116ea10efa4d446de4e39fba50ff6b5b7b,7b1bde531ac8a3aecc256270291a131ed903852b39339ea54214d279cd39601c,723,correct,False,raw/math_test_number_theory_110.json
math_test_number_theory_231,test,number_theory,Level 5,True,1058,1058,1058,1058,correct,98,821,438,383,919,stop,deepseek-flash,aeb56401ca74e127821c4f9126dcb669,fd19ecea92156e2373d991f73ffafeeef2ac1dbfc5ba3a21606304ed4039270a,8adaf6baf374859d1a8268cae900860a20a4ce85b060ec303300e227869daf8f,919,correct,False,raw/math_test_number_theory_231.json
math_test_number_theory_391,test,number_theory,Level 5,True,12,12,12,12,correct,71,298,138,160,369,stop,deepseek-flash,aeb56401ca74e127821c4f9126dcb669,04028c1166cc9f07a57dd2c2e288dcb334ee4807a1606b7a3bebebcbab3e268d,80caa88d6cb5c29cded58051c097799b8a581e13963f90e8202ecc87d17e6b18,369,correct,False,raw/math_test_number_theory_391.json
math_test_number_theory_294,test,number_theory,Level 5,True,668,668,668,668,correct,83,677,408,269,760,stop,deepseek-flash,aeb56401ca74e127821c4f9126dcb669,3ca5705c5be0d9e9d28b99cac6b2e9a0242a56f16ab413cbbcff11a2c065ec5c,344ceac9eb476978d2daf586cbf046f98d8c59f7fab26cc6efbe58188c1aadb5,760,correct,False,raw/math_test_number_theory_294.json
math_test_number_theory_273,test,number_theory,Level 5,False,,72,,72,"wrong: predicted=, gold=72",115,2048,2048,0,2163,length,deepseek-flash,aeb56401ca74e127821c4f9126dcb669,195d91bf8eecdc4ee9c27866293e2d9568d4661a4f28c6e137a89ade31aeba12,4542d5621a19a6b9ab3e72cc3cba9c7f5a952814a55cf8a5218d5148065962b2,0,error: OpenRouter returned empty content.,True,raw/math_test_number_theory_273.json
math_test_number_theory_481,test,number_theory,Level 5,True,12,12,12,12,correct,86,1067,821,246,1153,stop,deepseek-flash,aeb56401ca74e127821c4f9126dcb669,3f75fe10b63adbc97fe92d6da9f41c606544a177f9ff7ebe4b2191509aa70f02,2e3683dbda6a7653f9ee04b6cfc5a68f69613bcf06bde6adf83464d1ae36d66a,1153,correct,False,raw/math_test_number_theory_481.json
math_test_number_theory_485,test,number_theory,Level 5,True,6,6,6,6,correct,88,1434,1070,364,1522,stop,deepseek-flash,aeb56401ca74e127821c4f9126dcb669,dbb0828d696f610a5a235ec392f517899f18985766c2560cfe855f240081c7f6,589d5c5d07bd57f19bcc50313b83df6bbece71655aece4edc232581940e53f8e,1522,correct,False,raw/math_test_number_theory_485.json
math_test_number_theory_289,test,number_theory,Level 5,True,78,78,78,78,correct,80,583,444,139,663,stop,deepseek-flash,aeb56401ca74e127821c4f9126dcb669,a859b665208c531fd3e7f987a9c0cb367dbcd0257adbf692700658ef04126193,d30267fa0d1c1dd286ccdc2367502e8b0fc0987bbe0b8ef187c624eaba83384e,663,correct,False,raw/math_test_number_theory_289.json
math_test_number_theory_27,test,number_theory,Level 5,True,3,3,3,3,correct,91,408,187,221,499,stop,deepseek-flash,aeb56401ca74e127821c4f9126dcb669,b1203fed90f02de08128e1589c8814f519f1b9ad8f47b59873f917eeb3bdaf9c,b5e804e458c0a3b5b3a020da2ce136a90fc2551cff7d2a5e1cfe1a0298fb6e0d,499,correct,False,raw/math_test_number_theory_27.json
math_test_number_theory_41,test,number_theory,Level 5,False,12000085,"12,\!000,\!085",12000085,12\!000\!085,"wrong: predicted=12000085, gold=12,\!000,\!085",113,700,556,144,813,stop,deepseek-flash,aeb56401ca74e127821c4f9126dcb669,d9de047b1a9d8b1859a3c922bf581176a8aca34f70998d5ae38283a63ad4d14f,b128a309b96e59d140503b70c78552a064064dd3cbd85649db57c33e0f02cd2d,813,"wrong: predicted=12000085, gold=12,\!000,\!085",False,raw/math_test_number_theory_41.json
math_test_number_theory_170,test,number_theory,Level 5,True,11,11,11,11,correct,148,1299,1012,287,1447,stop,deepseek-flash,aeb56401ca74e127821c4f9126dcb669,f343ee3e60bc64179ff04ecf70b7d92619a5bb4efef0812ad956c4d2730e1ea6,6bedf5d486499f24d065fdd77096880993c77f036a478bb65a36d20e97e6edfa,1447,correct,False,raw/math_test_number_theory_170.json
math_test_number_theory_456,test,number_theory,Level 5,True,42,42,42,42,correct,84,530,277,253,614,stop,deepseek-flash,aeb56401ca74e127821c4f9126dcb669,693fc4c44740bb83c0ed589e091ba949de5e84052b8ea2704036f595cd15657a,844ffe606d4f47203c544a53573531a2d334e30af26ff2b0574684c185952b39,614,correct,False,raw/math_test_number_theory_456.json
math_test_number_theory_13,test,number_theory,Level 5,True,12,12,12,12,correct,102,1735,1506,229,1837,stop,deepseek-flash,aeb56401ca74e127821c4f9126dcb669,dfb9fec0d6f67f7bd1e8461f8c51405c7d61545a811d734f1f2a87caad04d309,24e7b36e3b199f8aec1d93750ad3aa643a95a624cd5cf987ad60f23a4e0d6b3c,1837,correct,False,raw/math_test_number_theory_13.json
math_test_number_theory_56,test,number_theory,Level 5,True,1076,1076,1076,1076,correct,130,384,197,187,514,stop,deepseek-flash,aeb56401ca74e127821c4f9126dcb669,8096514466acaa413c8efa52aebbf048b6c9a4060ea2f82861c90313e384057d,1bc3fd736ecd0199d207751dc902bf92f983f3959f90cabd4ced6e53ffc23b41,514,correct,False,raw/math_test_number_theory_56.json
math_test_number_theory_96,test,number_theory,Level 5,False,8880,"8{,",8880,8{,"wrong: predicted=8880, gold=8{,",98,1163,889,274,1261,stop,deepseek-flash,aeb56401ca74e127821c4f9126dcb669,b6e876433ae78386b64dddee58e45aa3918b0c1f181201cab653243f56faca35,bdda1317737698a5c14686c3df76956d7934cea6ab541cfd66f8af11386475ee,1261,"wrong: predicted=8880, gold=8{,",False,raw/math_test_number_theory_96.json
math_test_number_theory_236,test,number_theory,Level 5,True,\frac{152,\frac{152,\frac{152,\frac{152,correct,96,536,316,220,632,stop,deepseek-flash,aeb56401ca74e127821c4f9126dcb669,d1e160a2873827c5028ed34c8407b1d1f6445e5d3451fa336765e339507f9bf9,ab09ecaf30a8d227efd7143a0792158b8d32a145043b422176d26060318252f3,632,correct,False,raw/math_test_number_theory_236.json
math_test_number_theory_473,test,number_theory,Level 5,True,60,60,60,60,correct,85,1456,1094,362,1541,stop,deepseek-flash,aeb56401ca74e127821c4f9126dcb669,471cde9754a19ac696a075593c4c08ebd35262ea9b88957fc57c665e4a2e6f30,afd03f40b250df651f638ed8ec94250be8e460106e48c79d68b5e28e60d8a372,1541,correct,False,raw/math_test_number_theory_473.json
math_test_number_theory_21,test,number_theory,Level 5,True,9,9,9,9,correct,136,665,482,183,801,stop,deepseek-flash,aeb56401ca74e127821c4f9126dcb669,36be459aec88df31a09f2b3e608cebad86fe9dd4bb1e10fffd46de69fdd57fce,64c6d1a2cd4a60a410b3a60fae45661b1c4942064db89409bd7799481d0f81f0,801,correct,False,raw/math_test_number_theory_21.json
math_test_number_theory_439,test,number_theory,Level 5,True,35,35,35,35,correct,145,397,241,156,542,stop,deepseek-flash,aeb56401ca74e127821c4f9126dcb669,7b620132fb5b855c89e81a5a9f2bb390b1285e0d6601a972417f048b6f36fa2a,a6b51e45299b5e08cd6562543da76c992da911a34b22da7c25e5fdfe1d1a6fcb,542,correct,False,raw/math_test_number_theory_439.json
math_test_number_theory_333,test,number_theory,Level 5,False,\frac{1,\frac19,\frac{1,\frac19,"wrong: predicted=\frac{1, gold=\frac19",89,759,430,329,848,stop,deepseek-flash,aeb56401ca74e127821c4f9126dcb669,525716daa5da1a7e75b0b7fb20bfacff37d6a9c3d7b9831cc5d90262a20e8541,8f23b8260c0fb152b793b7bdb63f99fe8c3d857750556b90f24d0e19288ed96b,848,"wrong: predicted=\frac{1, gold=\frac19",False,raw/math_test_number_theory_333.json
math_test_number_theory_7,test,number_theory,Level 5,True,129,129,129,129,correct,97,1338,1103,235,1435,stop,deepseek-flash,aeb56401ca74e127821c4f9126dcb669,030c9cf404340df5442961bdba409863d448a265ba032f4257026f908e86e5d8,839fadb865720cefb47eefc358fb40ea1c7224ab817cc2bc6c132409d8441fe4,1435,correct,False,raw/math_test_number_theory_7.json
math_test_number_theory_191,test,number_theory,Level 5,True,29,29,29,29,correct,89,434,256,178,523,stop,deepseek-flash,aeb56401ca74e127821c4f9126dcb669,5632995ebbdfc9389b0a24d4f3e229082d318456f9da7f4909b5d9c3f6921361,59e9c18e8c6d717af0b5d55e483c1eeb34dacf927cdbdb64a934e45c29cf596b,523,correct,False,raw/math_test_number_theory_191.json
math_test_number_theory_422,test,number_theory,Level 5,True,715,715,715,715,correct,93,1152,921,231,1245,stop,deepseek-flash,aeb56401ca74e127821c4f9126dcb669,3d3d262df17f711acfb4424300434e79c258be0060496dafa58825f110961789,4a90b3f5f38f279c2fb2d4f38ade98fe31688b823f0c112dd1953e9a2dcdd767,1245,correct,False,raw/math_test_number_theory_422.json
math_test_number_theory_148,test,number_theory,Level 5,True,42,42,42,42,correct,115,725,460,265,840,stop,deepseek-flash,aeb56401ca74e127821c4f9126dcb669,eefb67a96a3d84f58421b7488aac19f020ce6ddbebc6a9b955a01dcb29075300,71a486071ae6033c0661db222248db9028755d823c79a01dbe8853f3cf1e6534,840,correct,False,raw/math_test_number_theory_148.json
math_test_number_theory_376,test,number_theory,Level 5,True,36 seconds,36,36,36,correct,115,550,315,235,665,stop,deepseek-flash,aeb56401ca74e127821c4f9126dcb669,8c1f64130631c7f33c63c76f4e4c9dd2ac4027b92ce011800c735886eceea5f0,8258b9382d96bdedc447987ee10bf7e164b5171d797f89c24766f184a8696de8,665,correct,False,raw/math_test_number_theory_376.json
math_test_number_theory_140,test,number_theory,Level 5,False,,4,,4,"wrong: predicted=, gold=4",97,2048,2048,0,2145,length,deepseek-flash,aeb56401ca74e127821c4f9126dcb669,b4a00898599483858b2eb84d2990ba98cc2293fdaaacd0a13ed2cc97d03e3fb5,779cd849f9e5f737e04840cf28c68fafc6036ba5eb9ac86f50c27df77321ca55,0,error: OpenRouter returned empty content.,True,raw/math_test_number_theory_140.json
math_test_number_theory_450,test,number_theory,Level 5,True,8,8,8,8,correct,150,441,270,171,591,stop,deepseek-flash,aeb56401ca74e127821c4f9126dcb669,c35f2c29c889c9d1269e3e5cc9cfbefd661be0cded1b8c218a392b2c49472bf5,83fb3d96098ecafb36cf3e45fb2a348c5294c7b35d2d633281b3f4f741f48791,591,correct,False,raw/math_test_number_theory_450.json
math_test_number_theory_124,test,number_theory,Level 5,True,24,24,24,24,correct,82,808,630,178,890,stop,deepseek-flash,aeb56401ca74e127821c4f9126dcb669,c08217fd1b4b33ac3a294f1e5d169a70d3e533b1cff0de9f1297c542830ea041,3e35d3bc0e38ea3c69e1bd253a5667ba462bce0daf5b89df92754ec48d3140d8,890,correct,False,raw/math_test_number_theory_124.json
math_test_number_theory_451,test,number_theory,Level 5,False,\(100100_b\),100100,100100_b,100100,"wrong: predicted=\(100100_b\), gold=100100",96,688,498,190,784,stop,deepseek-flash,aeb56401ca74e127821c4f9126dcb669,27e8c958eeef071f4890b1d7ff4f92bfa004a56af5f4d885923b25807e89123e,d0117676c1b53ddd6e1cbd44107b5cef39a3a6e9fdc8ae80c80e63a0314303c2,784,"wrong: predicted=\(100100_b\), gold=100100",False,raw/math_test_number_theory_451.json
math_test_number_theory_184,test,number_theory,Level 5,True,11,11,11,11,correct,72,485,254,231,557,stop,deepseek-flash,aeb56401ca74e127821c4f9126dcb669,e2c43f0f5a4106769716dafc78d8e1e95efba5091b1bd0d2d893052ed505e291,f2156df6ac114f2eeb43fff3a4002a15dd9e3a39dfbead6e43319a7e90510941,557,correct,False,raw/math_test_number_theory_184.json
math_test_number_theory_529,test,number_theory,Level 5,True,22,22,22,22,correct,109,1624,1363,261,1733,stop,deepseek-flash,aeb56401ca74e127821c4f9126dcb669,6e63652e9df7e05ed43b06ea86bcba2afcd56d729f633ae27cff8e53bd42b450,edd651949dca193b104a85e5f8491dbef2e746ef5bc7b6f7cebb982fb9661df0,1733,correct,False,raw/math_test_number_theory_529.json
math_test_number_theory_161,test,number_theory,Level 5,True,7,7,7,7,correct,128,1059,948,111,1187,stop,deepseek-flash,aeb56401ca74e127821c4f9126dcb669,8447f73c831652a5ac2fabb20585dd5ccf6ed03a6be240fb6595d9bbf6d10eec,527cbf1aff6a34ffecedd7fd9611e94daf4cfe922d60934f8d51a3f092c26040,1187,correct,False,raw/math_test_number_theory_161.json
math_test_number_theory_134,test,number_theory,Level 5,True,8,8,8,8,correct,89,663,338,325,752,stop,deepseek-flash,aeb56401ca74e127821c4f9126dcb669,a4dd64d0885b4732e355c9cd30e4d35e6b9556392bb80b5b66647ac5ee0a2bfb,7f8f2485f3e10ebf048f107ab6a04250d2660b91b55e08d8a1d89d7dec843d0b,752,correct,False,raw/math_test_number_theory_134.json
math_test_number_theory_285,test,number_theory,Level 5,True,14,14,14,14,correct,112,1018,781,237,1130,stop,deepseek-flash,aeb56401ca74e127821c4f9126dcb669,6f089ce31998cb6c4940c93d388310700a4e9ba3dd1807f7f31bb88738bd3618,e8bcfd0c3a5e9c3e36c34168a723d881685c59f6375f8a49323665d940f6a9da,1130,correct,False,raw/math_test_number_theory_285.json
math_test_number_theory_63,test,number_theory,Level 5,True,66,66,66,66,correct,108,656,500,156,764,stop,deepseek-flash,aeb56401ca74e127821c4f9126dcb669,a4cc4ba5c97b8f99792dad933e5cac3d5458dce14c98aa42084ad77c53165593,1e5bf59c9bc098ea65bdf623c68296847d1f07fd7fcb183d388a3f852a0053d8,764,correct,False,raw/math_test_number_theory_63.json
math_test_number_theory_160,test,number_theory,Level 5,False,,"10,\!236",,10\!236,"wrong: predicted=, gold=10,\!236",96,2048,2048,0,2144,length,deepseek-flash,aeb56401ca74e127821c4f9126dcb669,7157bdb53a7e3cb5f0c27490060cb673bf88e81d22ae517a1aab8eecbf0dce9f,2eb29210650d64e9d5a2244c8bddee7415f14ac21154e32a1b8a634914cd47ff,0,error: OpenRouter returned empty content.,True,raw/math_test_number_theory_160.json
math_test_number_theory_512,test,number_theory,Level 5,True,1016,1016,1016,1016,correct,99,578,304,274,677,stop,deepseek-flash,aeb56401ca74e127821c4f9126dcb669,3623e83337e98e5462deb84821403861280f3cb5b90507c1ed032216112e7274,5a7372fb51241bb4ca8eedae06620bf263dfb763da2e447464ef0a7108e2da70,677,correct,False,raw/math_test_number_theory_512.json
math_test_number_theory_454,test,number_theory,Level 5,True,22,22,22,22,correct,135,629,428,201,764,stop,deepseek-flash,aeb56401ca74e127821c4f9126dcb669,06e8938cb904f86bd7d9f12f7bfca8e4bd589f64c954a6b2d4ef20e8bfb6b2e8,006b3bf709fea9c1ca36fa673f5c57e14d1a871bb688aefffc64d1bd0c8b32f0,764,correct,False,raw/math_test_number_theory_454.json
math_test_number_theory_94,test,number_theory,Level 5,True,13,13,13,13,correct,133,1748,1551,197,1881,stop,deepseek-flash,aeb56401ca74e127821c4f9126dcb669,edacb4967b377047edfe6646530300dec1af6e0017b05fc46fc25d00ed8b6f99,41e5fb1decb207454af2266a0b3e684d13f1e2193087421fd39f2919628247f1,1881,correct,False,raw/math_test_number_theory_94.json
math_test_number_theory_499,test,number_theory,Level 5,False,\frac14,\frac{1,\frac14,\frac{1,"wrong: predicted=\frac14, gold=\frac{1",104,786,569,217,890,stop,deepseek-flash,aeb56401ca74e127821c4f9126dcb669,6b48302037fde48064a2bf0afc46853f6ba869925adffd9748d5915ccfcc33b6,f17293ef6136dcfc9992dc2df3712bcc500b2f65e2d1023be19ead67cb8aa269,890,"wrong: predicted=\frac14, gold=\frac{1",False,raw/math_test_number_theory_499.json
math_test_number_theory_4,test,number_theory,Level 5,True,1440,1440,1440,1440,correct,106,710,362,348,816,stop,deepseek-flash,aeb56401ca74e127821c4f9126dcb669,c28502ca5972ec21cabb6940b9749f70dde2e7ae67e5eb6d3c0b2ed571506c89,e90d9eee0ef44fbba4e18ec97d77ec3dde7c657d65d52b3b40972b86362448a6,816,correct,False,raw/math_test_number_theory_4.json
math_test_number_theory_143,test,number_theory,Level 5,True,64,64,64,64,correct,85,368,171,197,453,stop,deepseek-flash,aeb56401ca74e127821c4f9126dcb669,a3114c2383dd8283e823a42e5ce22fde28b2cb1ac2d56be340bba37b1648f3c2,1725d36b4bde174f9d4454a7c5448a3771b64c3e162ace9a761ace4a1679f19e,453,correct,False,raw/math_test_number_theory_143.json
math_test_number_theory_455,test,number_theory,Level 5,True,8,8,8,8,correct,107,1009,758,251,1116,stop,deepseek-flash,aeb56401ca74e127821c4f9126dcb669,ac66964e23ce07a5c0f82bb3026dd1c87843e7d909e18888a6f997c40ac5522e,672d47238c2c3c7f1d8619c8792381517d337c8222b7192bfa1a6989b0626608,1116,correct,False,raw/math_test_number_theory_455.json
math_test_number_theory_353,test,number_theory,Level 5,True,4,4,4,4,correct,107,1085,846,239,1192,stop,deepseek-flash,aeb56401ca74e127821c4f9126dcb669,8739d6ef106810178bea84e9afabc97802eeae0a2ff05ec9ad7f6236a198bbff,a987125a60f0212c8a8dbc962f6af5d11588590639c70530f843423994be6ae3,1192,correct,False,raw/math_test_number_theory_353.json
math_test_number_theory_329,test,number_theory,Level 5,True,22,22,22,22,correct,106,1080,838,242,1186,stop,deepseek-flash,aeb56401ca74e127821c4f9126dcb669,44ca2cdfad7afb408510fcb6824d665962224f911180ac1a2ac2c2b4b41283c3,def415e4febddbe651e4986220a55cb99bb13c2b70cd4a6c496424d038d3e3d3,1186,correct,False,raw/math_test_number_theory_329.json
math_test_number_theory_424,test,number_theory,Level 5,True,284,284,284,284,correct,120,351,190,161,471,stop,deepseek-flash,aeb56401ca74e127821c4f9126dcb669,50e1ee50c4c5493b2618fb1508d5a42bb8bd1061b68a4f6d6e3e70ca56779355,929864721adb7711a739d85051378342940ac54a56e6981975e797798d0c11a0,471,correct,False,raw/math_test_number_theory_424.json
math_test_number_theory_281,test,number_theory,Level 5,True,233,233,233,233,correct,76,541,273,268,617,stop,deepseek-flash,aeb56401ca74e127821c4f9126dcb669,f61eb4a3a2a133530eacc7cd5da6d5a0c4a7031bab9519222c292de6618dc9a9,4ae89da6e7d03cb3c3c74a2de1b809db541a69b425c32504679ee9501d31c6ee,617,correct,False,raw/math_test_number_theory_281.json
math_test_number_theory_242,test,number_theory,Level 5,False,,0,,0,"wrong: predicted=, gold=0",142,2048,2048,0,2190,length,deepseek-flash,aeb56401ca74e127821c4f9126dcb669,ee796e3cc8429e292063429efda976392f7df0e96359ad9bfc9b5a880a498ae1,e0e86379cd4bd1095d925637f6e21100954ea89d4d7763148e65f7ae03b7824d,0,error: OpenRouter returned empty content.,True,raw/math_test_number_theory_242.json
math_test_number_theory_437,test,number_theory,Level 5,True,9,9,9,9,correct,76,594,348,246,670,stop,deepseek-flash,aeb56401ca74e127821c4f9126dcb669,cab026358bf04d6ffa860315c98a4652e0ed7348fbe89e5bc1daeedb44ec8bc3,4202299691e633a465cc4c090d503c73a9c5e36319159aa822e0c035f37c94a2,670,correct,False,raw/math_test_number_theory_437.json
math_test_number_theory_536,test,number_theory,Level 5,True,15,15,15,15,correct,82,643,476,167,725,stop,deepseek-flash,aeb56401ca74e127821c4f9126dcb669,019b4e742af4e67ae53064f0be94e4b4e55820f3f5806e25602ba9509a8ddbac,c88f88825de10a1460eaba4af712bc76dadde8c90b5bacaffdf393ade0e5fe53,725,correct,False,raw/math_test_number_theory_536.json
math_test_number_theory_62,test,number_theory,Level 5,True,2,2,2,2,correct,95,406,233,173,501,stop,deepseek-flash,aeb56401ca74e127821c4f9126dcb669,3672c55ee7b2eec446a55b0d2be457cca8eef697e24cd50a8ff41b132f5e80ee,03fb66159e35b3a9f627bd97c122cc8dc8a71c96235c315f67047086502edbcf,501,correct,False,raw/math_test_number_theory_62.json
math_test_number_theory_232,test,number_theory,Level 5,False,[5],5,[5],5,"wrong: predicted=[5], gold=5",90,780,582,198,870,stop,deepseek-flash,aeb56401ca74e127821c4f9126dcb669,db0d4637e1f6bf9dd05ac52eab65a296c1514ba7c5277cca7a5a24f0b077047d,3492df89e2eee836ba977f7d4849d2a428f0dfc880727020ea9c36df1394ca3e,870,"wrong: predicted=[5], gold=5",False,raw/math_test_number_theory_232.json
math_test_number_theory_375,test,number_theory,Level 5,True,18,18,18,18,correct,96,1025,634,391,1121,stop,deepseek-flash,aeb56401ca74e127821c4f9126dcb669,c7febdffc0e0f27e25e34f1cc63189431ef7bcae6c009f89f4bf4e84289d7e06,75d73e65d3b5e49b102c6d0aabdfd1668a12949c85f93416ac75a198d8ddbbb5,1121,correct,False,raw/math_test_number_theory_375.json
math_test_number_theory_44,test,number_theory,Level 5,False,Friday,\text{Friday,friday,\text{friday,"wrong: predicted=Friday, gold=\text{Friday",82,684,514,170,766,stop,deepseek-flash,aeb56401ca74e127821c4f9126dcb669,0cc10fda908ba18d89944871022bddbcfb0dff9cf60af03af36bf2a601efa896,58070bb6e2c992a2d610a68f2ba0faf2bfb84b95233c6b894a96d293df16b0ea,766,"wrong: predicted=Friday, gold=\text{Friday",False,raw/math_test_number_theory_44.json
math_test_number_theory_304,test,number_theory,Level 5,False,[740],740,[740],740,"wrong: predicted=[740], gold=740",97,1458,1227,231,1555,stop,deepseek-flash,aeb56401ca74e127821c4f9126dcb669,bbc3bf512334b94af8fa4274b3306bfc09d0591bf8b2a82376dbeba3f092021b,636718549dc95b924a0ee330bcfa2d60a4c900ae659ca4eda583e15c1ae51b86,1555,"wrong: predicted=[740], gold=740",False,raw/math_test_number_theory_304.json
math_test_number_theory_346,test,number_theory,Level 5,True,8,8,8,8,correct,119,679,436,243,798,stop,deepseek-flash,aeb56401ca74e127821c4f9126dcb669,f2968fb4bcb278d935d6b5b024fb0ca3ff6a00c0fa4acdcce2c154c854a1ba9f,513e695c06aecc8be94b470ef832849388c1d87e02bb4df71367bcd3d3e344ab,798,correct,False,raw/math_test_number_theory_346.json
math_test_precalculus_43,test,precalculus,Level 5,True,\((424)\),"(4,24)",(424),(424),correct,111,1606,1300,306,1717,stop,deepseek-flash,aeb56401ca74e127821c4f9126dcb669,1aad91603b3f357eb23649504f95087120ecd175e2caf86d05ae6c6d5f6fa7de,691e361d4638218eddae7b48fc20525e6c8c6eb22c22456a83f232d333cac59e,1717,correct,False,raw/math_test_precalculus_43.json
math_test_precalculus_522,test,precalculus,Level 5,False,,\frac{1,,\frac{1,"wrong: predicted=, gold=\frac{1",128,2048,2048,0,2176,length,deepseek-flash,aeb56401ca74e127821c4f9126dcb669,330608f4e56353008c7d15f020f285c8f2ea3f063447f1f2016572227e62a419,49748c997ef5152c2be53c12c4011717d455d9fcee546932ab6b65a96660de52,0,error: OpenRouter returned empty content.,True,raw/math_test_precalculus_522.json
math_test_precalculus_356,test,precalculus,Level 5,False,\([20x+23y+26z-69=0]\),20x + 23y + 26z - 69 = 0,[20x+23y+26z-69=0],20x + 23y + 26z - 69 = 0,"wrong: predicted=\([20x+23y+26z-69=0]\), gold=20x + 23y + 26z - 69 = 0",188,688,453,235,876,stop,deepseek-flash,aeb56401ca74e127821c4f9126dcb669,118ed49e05f59984d50d17ee94fc91aeec7de3e4560c1b7b74f7525348a675d0,3faed8628e5f210e1c3ddfa7a17d0b235e418b43590127947e94e67cfd752a46,876,"wrong: predicted=\([20x+23y+26z-69=0]\), gold=20x + 23y + 26z - 69 = 0",False,raw/math_test_precalculus_356.json
math_test_precalculus_466,test,precalculus,Level 5,False,[840],840^\circ,[840],840^\circ,"wrong: predicted=[840], gold=840^\circ",227,568,295,273,795,stop,deepseek-flash,aeb56401ca74e127821c4f9126dcb669,4e144ae05e5dd1fb5f3ff8ad8b33c187eb91fa45ada90302085184d88e5dee44,2d96ce2952bc520bd68dfa4fb4556a59cacc3848f2bacc626cd742a80be9e353,795,"wrong: predicted=[840], gold=840^\circ",False,raw/math_test_precalculus_466.json
math_test_precalculus_371,test,precalculus,Level 5,False,\(\frac{117}{125} \frac35\),\frac{3,\frac{117}{125} \frac35,\frac{3,"wrong: predicted=\(\frac{117}{125} \frac35\), gold=\frac{3",99,1774,1441,333,1873,stop,deepseek-flash,aeb56401ca74e127821c4f9126dcb669,8d332b4aecb086c71c61fb0908aef4fefc0ce030f4f962822d45cf47cce6668d,41fa948f10ac9462d00e2ddc113535cec987ddfa464f2c55f92c50d99029a186,1873,"wrong: predicted=\(\frac{117}{125} \frac35\), gold=\frac{3",False,raw/math_test_precalculus_371.json
math_test_precalculus_116,test,precalculus,Level 5,False,,8+4\sqrt3,,8+4\sqrt3,"wrong: predicted=, gold=8+4\sqrt3",181,2048,2048,0,2229,length,deepseek-flash,aeb56401ca74e127821c4f9126dcb669,76571f8f76024a6e1ed70f77fcaf1da44acd0a2f2be1e0b8a3ae5a3221d21196,16a3fb336466baaec02ab241a5441d1db151ca1dbba8d4a6f8928c7ce805813b,0,error: OpenRouter returned empty content.,True,raw/math_test_precalculus_116.json
math_test_precalculus_1,test,precalculus,Level 5,False,\(\frac14\),\frac{1,\frac14,\frac{1,"wrong: predicted=\(\frac14\), gold=\frac{1",142,707,322,385,849,stop,deepseek-flash,aeb56401ca74e127821c4f9126dcb669,9f34ca0e6cfd6abfcfcb8d50d4b01b356275e05ba4c07383fa2660d84e8b907e,20dc450541dafac2cd963e523c486aa2623afbd09ff7d7b0f110e8695d6330f7,849,"wrong: predicted=\(\frac14\), gold=\frac{1",False,raw/math_test_precalculus_1.json
math_test_precalculus_292,test,precalculus,Level 5,True,9,9,9,9,correct,251,861,640,221,1112,stop,deepseek-flash,aeb56401ca74e127821c4f9126dcb669,a62c14452abb3ed8ae9e097ef9a273e62717163bed3faa1eda299045dcd27646,786a29c30ed97227fbe34006216f592db059438a11e90132560cfedbeb719944,1112,correct,False,raw/math_test_precalculus_292.json
math_test_precalculus_225,test,precalculus,Level 5,False,\(\sqrt{\frac23}\),\frac{\sqrt{6,\sqrt{\frac23},\frac{\sqrt{6,"wrong: predicted=\(\sqrt{\frac23}\), gold=\frac{\sqrt{6",110,1669,1285,384,1779,stop,deepseek-flash,aeb56401ca74e127821c4f9126dcb669,65c7264212b6a3c6c522e149d0be5596ac874ec6add0d271d62940d9cd2e2de0,f81915ea9c4cb7a007c73d46449be90c876773bfcd199d809cfa5d1217c1bca7,1779,"wrong: predicted=\(\sqrt{\frac23}\), gold=\frac{\sqrt{6",False,raw/math_test_precalculus_225.json
math_test_precalculus_78,test,precalculus,Level 5,False,,82,,82,"wrong: predicted=, gold=82",130,2048,2048,0,2178,length,deepseek-flash,aeb56401ca74e127821c4f9126dcb669,6d4f201f34bc0e45b2d13d6ae5213ed921da2435f5da234862e0afb66eec04d9,37cf52a31550bbdbf5b25398d349ca334045cc79aa54d2940507146d91fce5a2,0,error: OpenRouter returned empty content.,True,raw/math_test_precalculus_78.json
math_test_precalculus_488,test,precalculus,Level 5,True,\frac{6,\frac{6,\frac{6,\frac{6,correct,93,1480,1101,379,1573,stop,deepseek-flash,aeb56401ca74e127821c4f9126dcb669,6c7e7bf777d6fdc4db2181e830975f73201938084104fdd56f73abd7a84f286a,1573a3378a113105e7a13ac92c1de575bd9ce40a512b5958f9e3aff20ac3b239,1573,correct,False,raw/math_test_precalculus_488.json
math_test_precalculus_505,test,precalculus,Level 5,False,,6,,6,"wrong: predicted=, gold=6",113,2048,2048,0,2161,length,deepseek-flash,aeb56401ca74e127821c4f9126dcb669,416035413b25ab72592b1acca5c74931b5c6aa66c53408be69238e059598c398,0f6d02dc905c5313f95b736bcf06d516b1618fc1838d56306b820318ed4e635d,0,error: OpenRouter returned empty content.,True,raw/math_test_precalculus_505.json
math_test_precalculus_219,test,precalculus,Level 5,False,,1,,1,"wrong: predicted=, gold=1",137,2048,2048,0,2185,length,deepseek-flash,aeb56401ca74e127821c4f9126dcb669,e447fc6b0ef8172bb9cdbaf1460348750c52376c2bc6c07d832f073fc3cef4c4,02766f55219080ab2f7d35bdf3a1a554b6b678312f90eced163dd2e81476855d,0,error: OpenRouter returned empty content.,True,raw/math_test_precalculus_219.json
math_test_precalculus_56,test,precalculus,Level 5,False,,\begin{pmatrix,,\begin{pmatrix,"wrong: predicted=, gold=\begin{pmatrix",307,2048,2048,0,2355,length,deepseek-flash,aeb56401ca74e127821c4f9126dcb669,4dd0b8fd2e3b1105a5178bbb4088fa7e6eea2bc46bf32367615bd412f5762c26,f9ea7430485c3089246847cfc416e17b8737f643b29ccd1511096177192d48bc,0,error: OpenRouter returned empty content.,True,raw/math_test_precalculus_56.json
math_test_precalculus_534,test,precalculus,Level 5,True,\begin{pmatrix,\begin{pmatrix,\begin{pmatrix,\begin{pmatrix,correct,133,842,638,204,975,stop,deepseek-flash,aeb56401ca74e127821c4f9126dcb669,2a4cec1e062698e8b0e98c5adf16d325417cb8e36e45571c015cc3661752ffb5,033000b6e6fca94f3a71dc337a35cad8533ea66973f99a6dfee66e2bccd28794,975,correct,False,raw/math_test_precalculus_534.json
math_test_precalculus_127,test,precalculus,Level 5,False,1,4018,1,4018,"wrong: predicted=1, gold=4018",138,2048,1992,56,2186,length,deepseek-flash,aeb56401ca74e127821c4f9126dcb669,0125ec066edbbe8f75e09ab0a1c6955ebab017bf59bfaf60f5f3faec3b0700dd,4380d2466cf2533be8faaaf5dde23195ea43fd85bd43ad47e946071da3e723c7,2186,"wrong: predicted=1, gold=4018",False,raw/math_test_precalculus_127.json
math_test_precalculus_75,test,precalculus,Level 5,False,,92,,92,"wrong: predicted=, gold=92",169,2048,2048,0,2217,length,deepseek-flash,aeb56401ca74e127821c4f9126dcb669,25ef48004cfead1c67da700b8fad77e173a553bf51b371d3e25daa50baf1b213,7bac85621be1c948aff01a9a11fa5a9410606f386fcf1b461d225fc1e368c51d,0,error: OpenRouter returned empty content.,True,raw/math_test_precalculus_75.json
math_test_precalculus_285,test,precalculus,Level 5,False,,3 + \sqrt{6,,3 + \sqrt{6,"wrong: predicted=, gold=3 + \sqrt{6",131,2048,2048,0,2179,length,deepseek-flash,aeb56401ca74e127821c4f9126dcb669,8f61c9efbed6e22ca1d8d782bf8c5870bba3b414070ea1b0f3eeaa872edd9ae8,41751e49840e15a285c4246441034cb48f88ffa7097049e1d78c1bf69d485d5a,0,error: OpenRouter returned empty content.,True,raw/math_test_precalculus_285.json
math_test_precalculus_297,test,precalculus,Level 5,False,120°,120^\circ,120°,120^\circ,"wrong: predicted=120°, gold=120^\circ",180,863,547,316,1043,stop,deepseek-flash,aeb56401ca74e127821c4f9126dcb669,47a319618acba7846a81474ea80af397378a4b216d1dded779260a90fef8bbaa,4dae2c478f181548de4e09b5b8ab366fba014f7333e931f24844312fcc444e1c,1043,"wrong: predicted=120°, gold=120^\circ",False,raw/math_test_precalculus_297.json
math_test_precalculus_417,test,precalculus,Level 5,False,\(8\pi\),8 \pi,8\pi,8 \pi,"wrong: predicted=\(8\pi\), gold=8 \pi",138,1511,1192,319,1649,stop,deepseek-flash,aeb56401ca74e127821c4f9126dcb669,17207a6f1db8dddc377b880c94c20f725719db26e2ae00d58ee148114fd02465,cf852df58f64f700b1195e260763543e03f4f26c751ba2a9d2f47bd01b1e2705,1649,"wrong: predicted=\(8\pi\), gold=8 \pi",False,raw/math_test_precalculus_417.json
math_test_precalculus_190,test,precalculus,Level 5,True,20,20,20,20,correct,88,1552,1143,409,1640,stop,deepseek-flash,aeb56401ca74e127821c4f9126dcb669,c6140fc486e04d0972bccad77da80e469b3301bedbd0e4e3531000086556c216,775d9cea4d9256074b2a24f57e3686bae847ea8739aa813198ea5a11511f06ca,1640,correct,False,raw/math_test_precalculus_190.json
math_test_precalculus_100,test,precalculus,Level 5,False,,\frac{4,,\frac{4,"wrong: predicted=, gold=\frac{4",134,2048,2048,0,2182,length,deepseek-flash,aeb56401ca74e127821c4f9126dcb669,132a552176c5f31ff732e3bd6a381d9a2351f582ac247effc51427eed8f46b53,ed71d6f80b85ab6d263c51ecc40b5d53cd2592b050c317cd9a87525562827c32,0,error: OpenRouter returned empty content.,True,raw/math_test_precalculus_100.json
math_test_precalculus_336,test,precalculus,Level 5,False,\(\left(-\frac83\frac43-\frac13\right)\),\left( -\frac{8,(-\frac83\frac43-\frac13),( -\frac{8,"wrong: predicted=\(\left(-\frac83\frac43-\frac13\right)\), gold=\left( -\frac{8",105,1894,1490,404,1999,stop,deepseek-flash,aeb56401ca74e127821c4f9126dcb669,9c85659e7d4e021bb78adccb047b6509d9bcc4f87c4efd6f5c96e74f4ab9323c,999c8c0ea1dc362e4cfd0408030d444db6657df2b0f7dadf3d5c213567bd5613,1999,"wrong: predicted=\(\left(-\frac83\frac43-\frac13\right)\), gold=\left( -\frac{8",False,raw/math_test_precalculus_336.json
math_test_precalculus_287,test,precalculus,Level 5,False,,7,,7,"wrong: predicted=, gold=7",93,2048,2048,0,2141,length,deepseek-flash,aeb56401ca74e127821c4f9126dcb669,2401670b8e1609dd829a0517d20d89258005c70eb1e73e3c6bf1dbaa2a56a61b,ff3426eed46d289e4c3b084d1e91c0f02297c4e1a0bbdf310c6e1c5fe96c99b9,0,error: OpenRouter returned empty content.,True,raw/math_test_precalculus_287.json
math_test_precalculus_36,test,precalculus,Level 5,False,50,50^\circ,50,50^\circ,"wrong: predicted=50, gold=50^\circ",99,848,614,234,947,stop,deepseek-flash,aeb56401ca74e127821c4f9126dcb669,7eb48869048bd9f3303688b781c456282c2fcab139267a337ed9d0cee5f77255,66c20d803ebaad90a0f86fa5bd9bf53077707205239197671f1b770e4968650b,947,"wrong: predicted=50, gold=50^\circ",False,raw/math_test_precalculus_36.json
math_test_precalculus_109,test,precalculus,Level 5,False,,49,,49,"wrong: predicted=, gold=49",363,2048,2048,0,2411,length,deepseek-flash,aeb56401ca74e127821c4f9126dcb669,ff16254921ad1796f9ba85f23fd71e1af5b274f2c804aaaed9107d95ce1ec609,0008d18ac6633428773264a6cd8fd51931687d9c43673178f94bcb21f699a081,0,error: OpenRouter returned empty content.,True,raw/math_test_precalculus_109.json
math_test_precalculus_539,test,precalculus,Level 5,False,6-5i,6 - 5i,6-5i,6 - 5i,"wrong: predicted=6-5i, gold=6 - 5i",238,656,413,243,894,stop,deepseek-flash,aeb56401ca74e127821c4f9126dcb669,20d0b84bf0e9180c82be2e358bc6815ab3eb0c3d1174b2d4f62c1145cb1397d5,554bd1a03986e9fe90d6cb4f7beb72d0396863aa04b1838511ecd95bbcc0ebd9,894,"wrong: predicted=6-5i, gold=6 - 5i",False,raw/math_test_precalculus_539.json
math_test_precalculus_81,test,precalculus,Level 5,True,7,7,7,7,correct,150,906,476,430,1056,stop,deepseek-flash,aeb56401ca74e127821c4f9126dcb669,c59b0cb6de1e058b7fccc7d71fdbcf29c498037352e165ff2f2491b5ad257a28,15555356f877a4c473f2dc406a0f7e0a7b806083ff97e2a4b1895f9b191ffe23,1056,correct,False,raw/math_test_precalculus_81.json
math_test_precalculus_418,test,precalculus,Level 5,False,11x+6y+5z+86=0,11x + 6y + 5z + 86 = 0,11x+6y+5z+86=0,11x + 6y + 5z + 86 = 0,"wrong: predicted=11x+6y+5z+86=0, gold=11x + 6y + 5z + 86 = 0",187,969,643,326,1156,stop,deepseek-flash,aeb56401ca74e127821c4f9126dcb669,45b2da00b90f2cd92f99692206d5108c3fad03692d8c4a57cce4bb48750cf6d4,d4fbdca2004206a6ef1a10e847d4d4342dc23eb6d10529af83652bf8aba0c3a9,1156,"wrong: predicted=11x+6y+5z+86=0, gold=11x + 6y + 5z + 86 = 0",False,raw/math_test_precalculus_418.json
math_test_precalculus_96,test,precalculus,Level 5,False,,27,,27,"wrong: predicted=, gold=27",159,2048,2048,0,2207,length,deepseek-flash,aeb56401ca74e127821c4f9126dcb669,3ede565aad4a41ed182b2d349046b6d294a643d9f5a0791333664404f62252ae,07c94870b395127bc9a0912a98ddbfaf8cecd8c8f904ed2f9ac59e73edb5f377,0,error: OpenRouter returned empty content.,True,raw/math_test_precalculus_96.json
math_test_precalculus_258,test,precalculus,Level 5,False,\(\left(-\frac{5}{3}\frac{2}{3}\frac{19}{3}\right)\),\left( -\frac{5,(-\frac{5}{3}\frac{2}{3}\frac{19}{3}),( -\frac{5,"wrong: predicted=\(\left(-\frac{5}{3}\frac{2}{3}\frac{19}{3}\right)\), gold=\left( -\frac{5",101,848,503,345,949,stop,deepseek-flash,aeb56401ca74e127821c4f9126dcb669,ab4042abb6dd80e46faf0b63d6c7ce5566a39dd39c356c720c76a3607a961d9e,77ce413a0deb3bad7bab84567ecc062e15a3f4a87129a93ea49f47ec594bbc8a,949,"wrong: predicted=\(\left(-\frac{5}{3}\frac{2}{3}\frac{19}{3}\right)\), gold=\left( -\frac{5",False,raw/math_test_precalculus_258.json
math_test_precalculus_283,test,precalculus,Level 5,False,8x^3-6x-1,8x^3 - 6x - 1,8x^3-6x-1,8x^3 - 6x - 1,"wrong: predicted=8x^3-6x-1, gold=8x^3 - 6x - 1",106,444,221,223,550,stop,deepseek-flash,aeb56401ca74e127821c4f9126dcb669,2df546542e9cc375fdaf8eb304e9cd4d2d4c5017af1a0fbd3890880372b1141d,369aaa718f81645ef89a5aa1015466ffc38835f13fa29acb0e2e6b61b8bf1e6a,550,"wrong: predicted=8x^3-6x-1, gold=8x^3 - 6x - 1",False,raw/math_test_precalculus_283.json
math_test_precalculus_442,test,precalculus,Level 5,False,,3 \pm 2 \sqrt{2,,3 \pm 2 \sqrt{2,"wrong: predicted=, gold=3 \pm 2 \sqrt{2",112,2048,2048,0,2160,length,deepseek-flash,aeb56401ca74e127821c4f9126dcb669,c3affb67e3d5908c94f2b1281ad498001e66dcdd5d6e78d994eadbd8c6ea136c,53f56b1f173dec677e7bd744ecc16711ad2df678a4490d5bd5273c42e4c91f1e,0,error: OpenRouter returned empty content.,True,raw/math_test_precalculus_442.json
math_test_precalculus_217,test,precalculus,Level 5,True,\frac{9,\frac{9,\frac{9,\frac{9,correct,135,1544,1233,311,1679,stop,deepseek-flash,aeb56401ca74e127821c4f9126dcb669,e3f902b78f13b176a6cf4c3af1d246b11073845969aefd6efb673e7470127848,de2ff59561311d1bcc8c6045d632fd9bf6cfd22a2b4d64c2164b64bb0400fcdd,1679,correct,False,raw/math_test_precalculus_217.json
math_test_precalculus_19,test,precalculus,Level 5,True,5,5,5,5,correct,193,1945,1571,374,2138,stop,deepseek-flash,aeb56401ca74e127821c4f9126dcb669,12a99401c38e2761dd1890b06320d56e29ddc969225045a8874c1d1866e37d3e,f9131ecee08951ca882812fd830d44d289ed00cc184f6ce724848bc4fd831e6c,2138,correct,False,raw/math_test_precalculus_19.json
math_test_precalculus_403,test,precalculus,Level 5,True,4,4,4,4,correct,144,591,348,243,735,stop,deepseek-flash,aeb56401ca74e127821c4f9126dcb669,a8ae8600433e7b092dd91cd6411fd8d2c0eeb90819886f3b799a2e6d72934914,a178df899f4b8b11a70a599a67d1893c6eb9dc3f9ef411d43b8666b3e85ea54d,735,correct,False,raw/math_test_precalculus_403.json
math_test_precalculus_315,test,precalculus,Level 5,False,\(\frac{\sqrt6}{3}\),\frac{\sqrt{6,\frac{\sqrt6}{3},\frac{\sqrt{6,"wrong: predicted=\(\frac{\sqrt6}{3}\), gold=\frac{\sqrt{6",106,1489,1195,294,1595,stop,deepseek-flash,aeb56401ca74e127821c4f9126dcb669,3b126563f5addf1c04e8fa7ad31409a033521510d2d6cac7c64730b9d6b69624,54f06e76c27b9705e1a6340966d897423d5d38f3a27b499eb52c152e872d239d,1595,"wrong: predicted=\(\frac{\sqrt6}{3}\), gold=\frac{\sqrt{6",False,raw/math_test_precalculus_315.json
math_test_precalculus_346,test,precalculus,Level 5,False,,43,,43,"wrong: predicted=, gold=43",147,2048,2048,0,2195,length,deepseek-flash,aeb56401ca74e127821c4f9126dcb669,e87e6cf7a8c50c369926faa5364192c59c20e2db1e13e3382dba4be988f71de5,f4a2c45aabf1f44623f65a417090aebee20691a39407cf198123aa328b32a866,0,error: OpenRouter returned empty content.,True,raw/math_test_precalculus_346.json
math_test_precalculus_201,test,precalculus,Level 5,False,,\frac{16 \pi,,\frac{16 \pi,"wrong: predicted=, gold=\frac{16 \pi",97,2048,2048,0,2145,length,deepseek-flash,aeb56401ca74e127821c4f9126dcb669,9ffc57d8ec9541f5dba29a1803f17d6e6136b98422f59b735081863cdbafb2f1,68873d08573ba63be62ea5f89443cc1f0077db6e6ffe705d754b7634908e444c,0,error: OpenRouter returned empty content.,True,raw/math_test_precalculus_201.json
math_test_precalculus_112,test,precalculus,Level 5,False,,432,,432,"wrong: predicted=, gold=432",109,2048,2048,0,2157,length,deepseek-flash,aeb56401ca74e127821c4f9126dcb669,13d1e8340210aa5e7e55813fbf2e0b3cce6bd80a62aa80aa1299f57f82a64e59,ead300e6d3394e5e710896f4cfc91fc510b6bf1063a1eef8956b5de7e5fd9255,0,error: OpenRouter returned empty content.,True,raw/math_test_precalculus_112.json
math_test_precalculus_111,test,precalculus,Level 5,False,,4,,4,"wrong: predicted=, gold=4",106,2048,2048,0,2154,length,deepseek-flash,aeb56401ca74e127821c4f9126dcb669,a915cb73da456187ddeaabfb08c81a29de7b513e1eb54fb99f81c953ece0629e,18dcfaf79c474c871e706483a11311748bbe813369adc9cd605ae6490a05d629,0,error: OpenRouter returned empty content.,True,raw/math_test_precalculus_111.json
math_test_precalculus_509,test,precalculus,Level 5,True,-8,-8,-8,-8,correct,102,764,426,338,866,stop,deepseek-flash,aeb56401ca74e127821c4f9126dcb669,dbf3390e7745164493ec7d5ecb289047e05be8ac4f8f85a85a9ec7e407c86b74,681eca39abc308e56d914a56d775e5742cfb577cd8eec167a56470e0a93bd16d,866,correct,False,raw/math_test_precalculus_509.json
math_test_precalculus_31,test,precalculus,Level 5,False,,4,,4,"wrong: predicted=, gold=4",136,2048,2048,0,2184,length,deepseek-flash,aeb56401ca74e127821c4f9126dcb669,0efcf13788f0031c7b5ccabcf557e7ba0cce813e136de78f1ecb83a62bd93bf1,cd7ffef49f3ee3cbf31c33e31915e578d07eac77e909aa0e872f8ddbf1609f4d,0,error: OpenRouter returned empty content.,True,raw/math_test_precalculus_31.json
math_test_precalculus_159,test,precalculus,Level 5,True,\((2-1)\),"(2,-1)",(2-1),(2-1),correct,132,575,330,245,707,stop,deepseek-flash,aeb56401ca74e127821c4f9126dcb669,a8493f347f2472b5349aec2a5f514d930fa43bdb701dd3a180612794bcea2541,0f4baaf27658e64fdaa79ef6d2b504b6cde05121bd63caaa8ad0fe142b6337ef,707,correct,False,raw/math_test_precalculus_159.json
math_test_precalculus_300,test,precalculus,Level 5,False,[4° 20°],"4^\circ, 20^\circ",[4° 20°],4^\circ 20^\circ,"wrong: predicted=[4° 20°], gold=4^\circ, 20^\circ",134,1392,1111,281,1526,stop,deepseek-flash,aeb56401ca74e127821c4f9126dcb669,2f8374907f1300e51a4fea42a74ec8a304f19956a1f713b28b4d74466a76cab4,1131c511c37fb13abca4fe88088bd43fcaf9fd1a7bd1b8ea2dbb0bfa62b7607c,1526,"wrong: predicted=[4° 20°], gold=4^\circ, 20^\circ",False,raw/math_test_precalculus_300.json
math_test_precalculus_339,test,precalculus,Level 5,False,,\begin{pmatrix,,\begin{pmatrix,"wrong: predicted=, gold=\begin{pmatrix",95,2048,2048,0,2143,length,deepseek-flash,aeb56401ca74e127821c4f9126dcb669,4804c15c2a0cb25c12e578405efca5dae15f2756b61037d4b2a60a7254ebd864,0f08f0b3fd0ca68650760fea68d30fe0db0fd6e208fbe8d2f2d329505e7b1b5e,0,error: OpenRouter returned empty content.,True,raw/math_test_precalculus_339.json
math_test_precalculus_477,test,precalculus,Level 5,False,\(\frac{9}{2}\),\frac{9,\frac{9}{2},\frac{9,"wrong: predicted=\(\frac{9}{2}\), gold=\frac{9",151,636,305,331,787,stop,deepseek-flash,aeb56401ca74e127821c4f9126dcb669,01949ea7c44bc15916859042830a5b347dab9f5ee18f5cf49d180d4875bc9e54,2b50d35323a2d60fdcea753f4f8bc1ca5f3e3266ce3ecdeb3bbf6f295034e836,787,"wrong: predicted=\(\frac{9}{2}\), gold=\frac{9",False,raw/math_test_precalculus_477.json
math_test_precalculus_494,test,precalculus,Level 5,True,8,8,8,8,correct,111,1556,1209,347,1667,stop,deepseek-flash,aeb56401ca74e127821c4f9126dcb669,31ef7dcd248f2997c8f7aac4b66db080f307a754b395a6131f0cbb13188af546,ac5447f52404c3db148b54e8ff37d669f121e722631f1d75bcc60e432c93e522,1667,correct,False,raw/math_test_precalculus_494.json
math_test_precalculus_32,test,precalculus,Level 5,False,,65536,,65536,"wrong: predicted=, gold=65536",177,2048,2048,0,2225,length,deepseek-flash,aeb56401ca74e127821c4f9126dcb669,4faae0f19376158cf83ebbcaba74142978be4ab9186e3a0e7758efe0017266bb,f11875a0cb13279356e606bd44ceeafb02f7008affe890885c902037c6c6dcc7,0,error: OpenRouter returned empty content.,True,raw/math_test_precalculus_32.json
math_test_precalculus_50,test,precalculus,Level 5,False,\frac13,\frac{1,\frac13,\frac{1,"wrong: predicted=\frac13, gold=\frac{1",139,1475,1051,424,1614,stop,deepseek-flash,aeb56401ca74e127821c4f9126dcb669,cc567d9c930c51fffbfcf85249855575653f74d08fc98333073c63f8bdc6afc2,f50b43b285fcca08fa70352f2e690754aca6667d14893539279135e1e74d3f6c,1614,"wrong: predicted=\frac13, gold=\frac{1",False,raw/math_test_precalculus_50.json
math_test_precalculus_426,test,precalculus,Level 5,False,,159,,159,"wrong: predicted=, gold=159",87,2048,2048,0,2135,length,deepseek-flash,aeb56401ca74e127821c4f9126dcb669,d2da1b61b8d40fcf3a95ae4dd74247891463ce6bf5704106cf607118ba7ef3e7,707a98abf64a2db122f6233988de53e0c8ec1398fa7f3e462f3f07979480daf4,0,error: OpenRouter returned empty content.,True,raw/math_test_precalculus_426.json
math_test_precalculus_11,test,precalculus,Level 5,False,,-3,,-3,"wrong: predicted=, gold=-3",156,2048,2048,0,2204,length,deepseek-flash,aeb56401ca74e127821c4f9126dcb669,7f2d492a7e942d4eb348404863c41aed7193c27fb523c6b338d4dce5bc5c3c30,a0e518e2093df79e9b083ef39b5c12f231825a45784370f040e441220eac809e,0,error: OpenRouter returned empty content.,True,raw/math_test_precalculus_11.json
math_test_precalculus_61,test,precalculus,Level 5,False,,3R^2,,3r^2,"wrong: predicted=, gold=3R^2",134,2048,2048,0,2182,length,deepseek-flash,aeb56401ca74e127821c4f9126dcb669,4de5d3f98291f5157047a1f7d3b2b3afa9dbd8f5e8b8f5f4cfaf6e0bba7bad53,5074e00f7a395fbb29802ef5da52464076596fa66da72ec1bd107dcc4a87c6e7,0,error: OpenRouter returned empty content.,True,raw/math_test_precalculus_61.json
math_test_precalculus_123,test,precalculus,Level 5,False,3,\frac{1,3,\frac{1,"wrong: predicted=3, gold=\frac{1",94,2048,1672,376,2142,length,deepseek-flash,aeb56401ca74e127821c4f9126dcb669,894750baf8770b28fa0605642da797736867701a2c4f90fcd4b914546bc4a0e6,3b1db2131a8df2ea3b925c0515cdfcee73e6073b4e3cf4e51141d7ae6bcdcbd2,2142,"wrong: predicted=3, gold=\frac{1",False,raw/math_test_precalculus_123.json
math_test_precalculus_305,test,precalculus,Level 5,False,\(k=-101\),"-1,0,1",k=-101,-101,"wrong: predicted=\(k=-101\), gold=-1,0,1",147,1005,766,239,1152,stop,deepseek-flash,aeb56401ca74e127821c4f9126dcb669,a721b89aa62cf076da9df866af0eb637382d19a8866bb4238803b8f960ed41d3,ca64489086d9e1a764cae061829e822e12723b8aeb1bea0d5e175c4b6f3c5933,1152,"wrong: predicted=\(k=-101\), gold=-1,0,1",False,raw/math_test_precalculus_305.json
math_test_precalculus_541,test,precalculus,Level 5,False,\(-\frac43\),-\frac{4,-\frac43,-\frac{4,"wrong: predicted=\(-\frac43\), gold=-\frac{4",86,616,306,310,702,stop,deepseek-flash,aeb56401ca74e127821c4f9126dcb669,698fae2e523ed4045cc7a125caea96508e3a39edb253e966eced1ebd8fb767a9,b5dfbcbac8728a625d6cc54409a12c5d90fb687c81064dae3abd045a407d8e48,702,"wrong: predicted=\(-\frac43\), gold=-\frac{4",False,raw/math_test_precalculus_541.json
math_test_precalculus_29,test,precalculus,Level 5,True,\frac{3,\frac{3,\frac{3,\frac{3,correct,88,690,415,275,778,stop,deepseek-flash,aeb56401ca74e127821c4f9126dcb669,cf32c1c1ce6c39c2c9d427f0f826ac517c234c5ddfe79218532540cc01274956,fdb1caed6b1b465d05ba5f18a95b2334dfc0e1ce593804873c44761e2d974ca9,778,correct,False,raw/math_test_precalculus_29.json
math_test_precalculus_463,test,precalculus,Level 5,False,7,"(7,21,35)",7,(72135),"wrong: predicted=7, gold=(7,21,35)",164,2048,1698,350,2212,length,deepseek-flash,aeb56401ca74e127821c4f9126dcb669,a9e85eb76659c144576708b11e5c6daea045a85bcc102a1a29c0fde8276b401a,b005204cf43de753d6e406eb0de6dbf5361d2059399aeab7d5b44b4d6c1abb9e,2212,"wrong: predicted=7, gold=(7,21,35)",False,raw/math_test_precalculus_463.json
math_test_precalculus_501,test,precalculus,Level 5,False,,\sqrt{66,,\sqrt{66,"wrong: predicted=, gold=\sqrt{66",332,2048,2048,0,2380,length,deepseek-flash,aeb56401ca74e127821c4f9126dcb669,38669838487995f241df1abfed04b8139b2c46fd69ee9c4dca7ce6ac8062016f,95049d030eb1ee12c66caa8f31b324675f8d536878f7913db718e4568fda9539,0,error: OpenRouter returned empty content.,True,raw/math_test_precalculus_501.json
math_test_precalculus_474,test,precalculus,Level 5,False,,4096 \sqrt{2,,4096 \sqrt{2,"wrong: predicted=, gold=4096 \sqrt{2",131,2048,2048,0,2179,length,deepseek-flash,aeb56401ca74e127821c4f9126dcb669,554cbd54e2509fdb86ff3f216f2bf67f1109ae3d49dbff6fec175df08a36e446,21587fcc9dcd7f12e32e6f8969588ca7e77bd36cf527e193c5b4a7e3b1908921,0,error: OpenRouter returned empty content.,True,raw/math_test_precalculus_474.json
math_test_precalculus_218,test,precalculus,Level 5,False,\(\begin{pmatrix}-4\\-3\end{pmatrix}\),\begin{pmatrix,\begin{pmatrix}-4\\-3\end{pmatrix},\begin{pmatrix,"wrong: predicted=\(\begin{pmatrix}-4\\-3\end{pmatrix}\), gold=\begin{pmatrix",233,1281,1063,218,1514,stop,deepseek-flash,aeb56401ca74e127821c4f9126dcb669,0796391720100a8c3555698ce9cd28e3531ea1378ae045ec4e01a542e9d989c8,1da825435e08aec7785957c88e8976a400bee0d544e0785bf872ccbc8f487ff7,1514,"wrong: predicted=\(\begin{pmatrix}-4\\-3\end{pmatrix}\), gold=\begin{pmatrix",False,raw/math_test_precalculus_218.json
math_test_precalculus_204,test,precalculus,Level 5,False,"k\in\{-3,1\","1, -3",k\in\{-31\,1 -3,"wrong: predicted=k\in\{-3,1\, gold=1, -3",120,1982,1694,288,2102,stop,deepseek-flash,aeb56401ca74e127821c4f9126dcb669,30e5a609313d21b76b398d803aaa52a387d7b30093aed299a5e0f2750ecbb127,eca4fda64332ad2a50c817808da9f5b23c01fa24b3f052f450866475940e9a4a,2102,"wrong: predicted=k\in\{-3,1\, gold=1, -3",False,raw/math_test_precalculus_204.json
math_test_precalculus_437,test,precalculus,Level 5,False,\(\displaystyle \begin{pmatrix},\begin{pmatrix,\displaystyle \begin{pmatrix},\begin{pmatrix,"wrong: predicted=\(\displaystyle \begin{pmatrix}, gold=\begin{pmatrix",79,358,179,179,437,stop,deepseek-flash,aeb56401ca74e127821c4f9126dcb669,2a0ac6a2d232a5a0530b697fc71dcad1447a3cb6b8effd8bc520abe18f6ee5be,bda98a83c96db2bf0a82b918b1e68b14f85e1a229816b912807027e830d93c1b,437,"wrong: predicted=\(\displaystyle \begin{pmatrix}, gold=\begin{pmatrix",False,raw/math_test_precalculus_437.json
math_test_precalculus_188,test,precalculus,Level 5,False,,12,,12,"wrong: predicted=, gold=12",142,2048,2048,0,2190,length,deepseek-flash,aeb56401ca74e127821c4f9126dcb669,d06474a063f1ba8fa54a53e8b0624f6d7420f124f99fb4d6e0cd41ae110b88da,bf42ba94910546ef63ebdc44f3c467d9c3eb099ef715e41e46c39b887e4f9960,0,error: OpenRouter returned empty content.,True,raw/math_test_precalculus_188.json
math_test_precalculus_544,test,precalculus,Level 5,True,159,159,159,159,correct,99,1274,1046,228,1373,stop,deepseek-flash,aeb56401ca74e127821c4f9126dcb669,3030d0e07da422c28ee66406ac4eea0657067bb2b1760a9645ad2a1096d25066,48de588f686c02719c8d8808b8f4fb5d46e798687ddd20d9a436a03f5a929b0d,1373,correct,False,raw/math_test_precalculus_544.json
math_test_precalculus_276,test,precalculus,Level 5,False,\(\frac{2\sqrt{149}}{3}\),\frac{2 \sqrt{149,\frac{2\sqrt{149}}{3},\frac{2 \sqrt{149,"wrong: predicted=\(\frac{2\sqrt{149}}{3}\), gold=\frac{2 \sqrt{149",118,1532,1170,362,1650,stop,deepseek-flash,aeb56401ca74e127821c4f9126dcb669,e4fb0e6d38457061e162b5e0f7ed7376602c0c0a54e03469153a1740686fe073,3a12f1f197d57831faa5b86ca7d32ef9ffd96a6f703ec52ce56780ac20f912f9,1650,"wrong: predicted=\(\frac{2\sqrt{149}}{3}\), gold=\frac{2 \sqrt{149",False,raw/math_test_precalculus_276.json
math_test_precalculus_542,test,precalculus,Level 5,False,\(\begin{pmatrix}1\\2\\-3\end{pmatrix}\),\begin{pmatrix,\begin{pmatrix}1\\2\\-3\end{pmatrix},\begin{pmatrix,"wrong: predicted=\(\begin{pmatrix}1\\2\\-3\end{pmatrix}\), gold=\begin{pmatrix",247,1021,745,276,1268,stop,deepseek-flash,aeb56401ca74e127821c4f9126dcb669,5e146a3165d2f2b4cd6ad5d9b4f9e920457c11a3ef0eb30281196328c7958960,92a9a5978bbd2564d0bc973a354ed7fe5effa8a5d7d9e3a88b923457d4511312,1268,"wrong: predicted=\(\begin{pmatrix}1\\2\\-3\end{pmatrix}\), gold=\begin{pmatrix",False,raw/math_test_precalculus_542.json
math_test_precalculus_351,test,precalculus,Level 5,False,,32R^2 - 3(a^2 + b^2 + c^2),,32r^2 - 3(a^2 + b^2 + c^2),"wrong: predicted=, gold=32R^2 - 3(a^2 + b^2 + c^2)",141,2048,2048,0,2189,length,deepseek-flash,aeb56401ca74e127821c4f9126dcb669,cf3f5e4c7566ddb944560f05ec72388dc09cbcdb622c6bdcface00386c029ab6,ca0beaf3a669464c1e4bb3172449c9dc6d5dd06fd9f5b3539002920b98f13796,0,error: OpenRouter returned empty content.,True,raw/math_test_precalculus_351.json
math_test_precalculus_487,test,precalculus,Level 5,True,2793,"27,93",2793,2793,correct,141,1147,874,273,1288,stop,deepseek-flash,aeb56401ca74e127821c4f9126dcb669,c0fb85fc6ba2092466602a5245b79f978243fbefe0fcbac6636e53a81fbcd1e3,398f5de558e42f8f52c6953de167f73d562e59544acc2fb4b5bd1d1690595116,1288,correct,False,raw/math_test_precalculus_487.json
math_test_precalculus_406,test,precalculus,Level 5,False,7,\frac{\pi,7,\frac{\pi,"wrong: predicted=7, gold=\frac{\pi",107,2048,1965,83,2155,length,deepseek-flash,aeb56401ca74e127821c4f9126dcb669,e642c308529edd9fd9e6a085a4397919a9573b26068ae722b826f30fea16794d,4e1c29d3b8761cbf556e79f681026545b0a9ebea8700f9e4d1da5322a6ba6549,2155,"wrong: predicted=7, gold=\frac{\pi",False,raw/math_test_precalculus_406.json
math_test_precalculus_147,test,precalculus,Level 5,False,\(\begin{pmatrix}-\frac49\\[2pt]\frac19\\[2pt]\frac89\end{pmatrix}\),\begin{pmatrix,\begin{pmatrix}-\frac49\2pt]\frac19\2pt]\frac89\end{pmatrix},\begin{pmatrix,"wrong: predicted=\(\begin{pmatrix}-\frac49\\[2pt]\frac19\\[2pt]\frac89\end{pmatrix}\), gold=\begin{pmatrix",221,1554,1307,247,1775,stop,deepseek-flash,aeb56401ca74e127821c4f9126dcb669,4127d9ccfa4152142e2015ebdeb67449fab7a1673c6a034a7cb37c867af17a9f,3147d1cd53fc90003e1610f6e0af57ebfb4403cfd8d0bb53f50e956b99cf3348,1775,"wrong: predicted=\(\begin{pmatrix}-\frac49\\[2pt]\frac19\\[2pt]\frac89\end{pmatrix}\), gold=\begin{pmatrix",False,raw/math_test_precalculus_147.json
math_test_precalculus_243,test,precalculus,Level 5,False,\(y=2x+3\),y = 2x + 3,y=2x+3,y = 2x + 3,"wrong: predicted=\(y=2x+3\), gold=y = 2x + 3",157,1363,842,521,1520,stop,deepseek-flash,aeb56401ca74e127821c4f9126dcb669,079bf09eeb31f50f4b8c9e2fa3999c2c5c453c6f4b8f0b3a8225156fa8f75531,21b4d2af013b706ba5e0f60a63369ef7e9582e4224a410a11ec97afaa539c5b5,1520,"wrong: predicted=\(y=2x+3\), gold=y = 2x + 3",False,raw/math_test_precalculus_243.json
math_test_precalculus_404,test,precalculus,Level 5,False,\frac12,\frac{1,\frac12,\frac{1,"wrong: predicted=\frac12, gold=\frac{1",125,1999,1644,355,2124,stop,deepseek-flash,aeb56401ca74e127821c4f9126dcb669,14cdc9b23131f5b57ab9873d6ea45035317f3383d39a4b706951dd1b07c40f21,41be38ed33a49fa1a5de0b03d7053cb8ae8305c6d0e8cdc9ccb894140a9d12c7,2124,"wrong: predicted=\frac12, gold=\frac{1",False,raw/math_test_precalculus_404.json
math_test_precalculus_196,test,precalculus,Level 5,False,,"(0,1)",,(01),"wrong: predicted=, gold=(0,1)",133,2048,2048,0,2181,length,deepseek-flash,aeb56401ca74e127821c4f9126dcb669,e6e9a65c1962106a8e225d9a4a3cd51cf69edddf54cd1fc1cf539f36647b7c67,c10cdaa9b564695dbabd703bd0f19e11b3bab216fd86fb4726d172c756774444,0,error: OpenRouter returned empty content.,True,raw/math_test_precalculus_196.json
math_test_precalculus_399,test,precalculus,Level 5,False,\(3+2\sqrt3\),2 \sqrt{3,3+2\sqrt3,2 \sqrt{3,"wrong: predicted=\(3+2\sqrt3\), gold=2 \sqrt{3",127,910,594,316,1037,stop,deepseek-flash,aeb56401ca74e127821c4f9126dcb669,6d635d0ca11c7bcc26eb4254cd8896ba8ed7f97e6d5611bdca543a83cc087d51,7c7c69df4aac053a97719a1c340bb4dffb318c093672e5ef09cfb036f19c1c4f,1037,"wrong: predicted=\(3+2\sqrt3\), gold=2 \sqrt{3",False,raw/math_test_precalculus_399.json
math_test_precalculus_535,test,precalculus,Level 5,True,14,14,14,14,correct,135,949,547,402,1084,stop,deepseek-flash,aeb56401ca74e127821c4f9126dcb669,dbdf24f62f5470f10ebfe315454c4784d976372bc81b78404a1a5345f12a5d23,8717392aa6fe2ccaf26945c6ba1859fd01c417bba5ec4b3196ffb6bff22a66f4,1084,correct,False,raw/math_test_precalculus_535.json
math_test_precalculus_227,test,precalculus,Level 5,False,\frac23,\frac{2,\frac23,\frac{2,"wrong: predicted=\frac23, gold=\frac{2",92,1103,722,381,1195,stop,deepseek-flash,aeb56401ca74e127821c4f9126dcb669,a1534030ccdfcef46743500fc35b71bc1444c73e427a5a801b6148876d4bba2c,85966a6430f686f8a26d0554cfd16e2d6df5134d46ae974e8118375ce7fe7c5c,1195,"wrong: predicted=\frac23, gold=\frac{2",False,raw/math_test_precalculus_227.json
math_test_precalculus_333,test,precalculus,Level 5,True,\frac{19,\frac{19,\frac{19,\frac{19,correct,159,558,276,282,717,stop,deepseek-flash,aeb56401ca74e127821c4f9126dcb669,55df0fe0bd6c034313086197e5ddd9208773e1246dfb017454cac4bdce4251cb,ac6a87fc79f0c3bfc9f8640d28c91f38ee6ce971235bc10f3532584fe5e5363f,717,correct,False,raw/math_test_precalculus_333.json
math_test_precalculus_107,test,precalculus,Level 5,False,,"3, 11, 33",,3 11 33,"wrong: predicted=, gold=3, 11, 33",183,2048,2048,0,2231,length,deepseek-flash,aeb56401ca74e127821c4f9126dcb669,992342623ad9dfe022c69ee49109f7884e9fe700a6533df02308f1fe31660814,fbec9fba0819c264fed98b6fc12c4ccf29c5ab5c8c3b507552246e58580c4029,0,error: OpenRouter returned empty content.,True,raw/math_test_precalculus_107.json
math_test_precalculus_537,test,precalculus,Level 5,False,,2 + \sqrt{3,,2 + \sqrt{3,"wrong: predicted=, gold=2 + \sqrt{3",116,2048,2048,0,2164,length,deepseek-flash,aeb56401ca74e127821c4f9126dcb669,30a01f0686241bf52c64887f0cdb5e23507e8e12fd1a52c8cc1beed2bd1bcb6d,600360db4f1c5336677e2117641ac639173c610556ee3ea140ef2e272f47a0a2,0,error: OpenRouter returned empty content.,True,raw/math_test_precalculus_537.json
math_test_precalculus_249,test,precalculus,Level 5,False,,\frac{\sqrt{10,,\frac{\sqrt{10,"wrong: predicted=, gold=\frac{\sqrt{10",130,2048,2048,0,2178,length,deepseek-flash,aeb56401ca74e127821c4f9126dcb669,0b29d55453c472b66ba112116bea0dc20d12103f8ea8736719b854b8c88b38e8,d9c59b04b8f1d209ec9244f9528b67bcc054da6c77e3350cd703c9dc0291da8f,0,error: OpenRouter returned empty content.,True,raw/math_test_precalculus_249.json
math_test_precalculus_279,test,precalculus,Level 5,False,,-3,,-3,"wrong: predicted=, gold=-3",176,2048,2048,0,2224,length,deepseek-flash,aeb56401ca74e127821c4f9126dcb669,e6d1cb930f16a6d19181189727e8da8fc91f69cb25af3129d9ec994724ee7be9,b1e749838a77be6149c1b6d892e237c81a3aa7a4c3b72682a64fbfd9bed29e47,0,error: OpenRouter returned empty content.,True,raw/math_test_precalculus_279.json
math_test_precalculus_490,test,precalculus,Level 5,False,,-\frac{17,,-\frac{17,"wrong: predicted=, gold=-\frac{17",215,2048,2048,0,2263,length,deepseek-flash,aeb56401ca74e127821c4f9126dcb669,b1827dcc36f475e737a8a86d99c83eb3ebb00d27187aec7197a42bbe0092e88c,b2546488f92c82555103a6e708bf41ab6c4a46aa3845149dd9f77d7672db4378,0,error: OpenRouter returned empty content.,True,raw/math_test_precalculus_490.json
math_test_precalculus_122,test,precalculus,Level 5,False,,"(-7,10)",,(-710),"wrong: predicted=, gold=(-7,10)",156,2048,2048,0,2204,length,deepseek-flash,aeb56401ca74e127821c4f9126dcb669,7d7863bf9a5447b7a5ec4bb8cd22c5da8dc445152ab8d9b6b37f02caee83cebf,31d830bd6048ee0655bc54644315a7ad0c61f5c0c689c6ff9dfbcfdbdfd4047f,0,error: OpenRouter returned empty content.,True,raw/math_test_precalculus_122.json
math_test_precalculus_99,test,precalculus,Level 5,False,,2 - 2 \sqrt{2,,2 - 2 \sqrt{2,"wrong: predicted=, gold=2 - 2 \sqrt{2",137,2048,2048,0,2185,length,deepseek-flash,aeb56401ca74e127821c4f9126dcb669,d54fd8b194c8895309f0a5bd64cc6dd8ed68621465f1bd143fafd56ebfcced59,a17590a96a3b31bd4cbfaeb14456227ad3a37e00e8acf127c2b8b9a37ded567a,0,error: OpenRouter returned empty content.,True,raw/math_test_precalculus_99.json
math_test_precalculus_471,test,precalculus,Level 5,True,4,4,4,4,correct,115,1609,1208,401,1724,stop,deepseek-flash,aeb56401ca74e127821c4f9126dcb669,0f19e2e9fa54b11a8532938f01f939d59b0202f6ef014b7e19ac17fa9cf00efc,ec1058c585c3946fe8954a36d996ceda3fc063b199746d9bb82d1aa33cf51c3d,1724,correct,False,raw/math_test_precalculus_471.json
math_test_precalculus_521,test,precalculus,Level 5,False,,-\frac{1,,-\frac{1,"wrong: predicted=, gold=-\frac{1",160,2048,2048,0,2208,length,deepseek-flash,aeb56401ca74e127821c4f9126dcb669,d048439a60ef76ccb7f1ef78426e58ed65f7805ba8e72823100073ff94d81a15,27849cc36224a1c2182b57a1ed0e70146f83a19f76589204b225694153d3c834,0,error: OpenRouter returned empty content.,True,raw/math_test_precalculus_521.json
math_test_precalculus_4,test,precalculus,Level 5,True,\frac{1,\frac{1,\frac{1,\frac{1,correct,364,1001,647,354,1365,stop,deepseek-flash,aeb56401ca74e127821c4f9126dcb669,59f8616aafa853d5f97c2c1a4e79af6d465a8329e6f5e66dfeaeede7177565ed,5801e78f9a83fe0e07cceebd823d7a4b5ff4b548185a9c7987896caba5a92fcd,1365,correct,False,raw/math_test_precalculus_4.json
math_test_precalculus_215,test,precalculus,Level 5,False,1,\frac{3,1,\frac{3,"wrong: predicted=1, gold=\frac{3",97,2048,1960,88,2145,length,deepseek-flash,aeb56401ca74e127821c4f9126dcb669,fb7b359fc6c80a27ea6e6aacb137cb4e2f1f1f0cc423cfdf07e7e34aec18431f,abce601fa1661d1805f8a3f4ecb8562970bca9bd1540161de6318a82c36707bd,2145,"wrong: predicted=1, gold=\frac{3",False,raw/math_test_precalculus_215.json
math_test_precalculus_72,test,precalculus,Level 5,False,,\frac{21,,\frac{21,"wrong: predicted=, gold=\frac{21",132,2048,2048,0,2180,length,deepseek-flash,aeb56401ca74e127821c4f9126dcb669,7b1425ea85886d0612be3672ae1e2bb5a4d8c85c8f108810b97a2c88645573bd,c6bc8de015cf46649cd80f8f1acb68eba599fcf612cb0278ca8d9ed5fe774fc7,0,error: OpenRouter returned empty content.,True,raw/math_test_precalculus_72.json
math_test_precalculus_8,test,precalculus,Level 5,False,"(1,4,3)",\begin{pmatrix,(143),\begin{pmatrix,"wrong: predicted=(1,4,3), gold=\begin{pmatrix",186,994,582,412,1180,stop,deepseek-flash,aeb56401ca74e127821c4f9126dcb669,5c68c6e4b83d218f28575fd30618588fe26ac9fb3042c6f20594290499d78ca9,9e9dbdb10abe167a9804dbe56a3abf36fa04521ab837383100e6fa090fea27cc,1180,"wrong: predicted=(1,4,3), gold=\begin{pmatrix",False,raw/math_test_precalculus_8.json
math_test_precalculus_77,test,precalculus,Level 5,False,\(\begin{pmatrix}-\frac{5}{13}\\[2mm]\frac{12}{13}\end{pmatrix}\),\begin{pmatrix,\begin{pmatrix}-\frac{5}{13}\2mm]\frac{12}{13}\end{pmatrix},\begin{pmatrix,"wrong: predicted=\(\begin{pmatrix}-\frac{5}{13}\\[2mm]\frac{12}{13}\end{pmatrix}\), gold=\begin{pmatrix",149,1487,1205,282,1636,stop,deepseek-flash,aeb56401ca74e127821c4f9126dcb669,586e4cdd505be2e027043c16ef637fabaa0053b495f992abc3fdf9e5fcf3470a,67b97a3cdcdf0472dd55f3e0a1554a146f9b26fa9f5ba7d762c02071483aca9c,1636,"wrong: predicted=\(\begin{pmatrix}-\frac{5}{13}\\[2mm]\frac{12}{13}\end{pmatrix}\), gold=\begin{pmatrix",False,raw/math_test_precalculus_77.json
math_test_precalculus_465,test,precalculus,Level 5,False,\(\frac{\sqrt3}{2}\),\frac{\sqrt{3,\frac{\sqrt3}{2},\frac{\sqrt{3,"wrong: predicted=\(\frac{\sqrt3}{2}\), gold=\frac{\sqrt{3",143,357,179,178,500,stop,deepseek-flash,aeb56401ca74e127821c4f9126dcb669,5601a567e2a4b2833d96e7c6c53813c4b1f73b29a419ac26faae53362e9d8a20,f8d95d66c60b45a0944554d1c045d5684ceab593436aa456e22a63883b52a859,500,"wrong: predicted=\(\frac{\sqrt3}{2}\), gold=\frac{\sqrt{3",False,raw/math_test_precalculus_465.json
math_test_precalculus_451,test,precalculus,Level 5,False,\(2\sqrt2\),2 \sqrt{2,2\sqrt2,2 \sqrt{2,"wrong: predicted=\(2\sqrt2\), gold=2 \sqrt{2",89,962,560,402,1051,stop,deepseek-flash,aeb56401ca74e127821c4f9126dcb669,7423d612abf72f5829ae688e3d7e89391d42c8af5abd541325f70ac78b96de62,c07c8181eef3616435d24c9a371bb689ae1eeb0ea8e9a59fd9a120b628ac5bc8,1051,"wrong: predicted=\(2\sqrt2\), gold=2 \sqrt{2",False,raw/math_test_precalculus_451.json
math_test_precalculus_499,test,precalculus,Level 5,True,\frac{4036082,\frac{4036082,\frac{4036082,\frac{4036082,correct,93,1057,729,328,1150,stop,deepseek-flash,aeb56401ca74e127821c4f9126dcb669,1ef26e72bda16ae3d77d4a347713c12aa9f5d7e5db4dc2c684afc95794737e6f,105bde88b9fec7a2bf9462a7b75211ca4fcd3327eae4854ff971e53865d8d118,1150,correct,False,raw/math_test_precalculus_499.json
math_test_precalculus_391,test,precalculus,Level 5,False,,\frac{1,,\frac{1,"wrong: predicted=, gold=\frac{1",97,2048,2048,0,2145,length,deepseek-flash,aeb56401ca74e127821c4f9126dcb669,096f605a98f0da8b7ed0b51edccf0638f74952ed4bf766462b0bec6b642e1f1a,38db01c3a8da421de6220b48efd7f3af35d81446817cb53c45ce14c942c07ccd,0,error: OpenRouter returned empty content.,True,raw/math_test_precalculus_391.json
math_test_precalculus_523,test,precalculus,Level 5,False,\frac32,\frac{3,\frac32,\frac{3,"wrong: predicted=\frac32, gold=\frac{3",130,1545,1233,312,1675,stop,deepseek-flash,aeb56401ca74e127821c4f9126dcb669,d70f7b89f05c06516dc853d1ae3bed34c5b859292360204b4e754ce2c3d6875d,0b7e88b3123841b4142cde6164bb036622a214cdc425de1e7861db5f5310d7e3,1675,"wrong: predicted=\frac32, gold=\frac{3",False,raw/math_test_precalculus_523.json
math_test_precalculus_319,test,precalculus,Level 5,False,\(-12\),"2, -1",-12,2 -1,"wrong: predicted=\(-12\), gold=2, -1",111,1200,974,226,1311,stop,deepseek-flash,aeb56401ca74e127821c4f9126dcb669,22d359b24241b1af3212eaf7187dbc3df71fafe24928b348c21ba65ca6be062f,4fa477c26f481a2ae762f3763da231a086c60cba6ae00cddc616273e8bdc6621,1311,"wrong: predicted=\(-12\), gold=2, -1",False,raw/math_test_precalculus_319.json
math_test_precalculus_385,test,precalculus,Level 5,False,,"(2,-1)",,(2-1),"wrong: predicted=, gold=(2,-1)",121,2048,2048,0,2169,length,deepseek-flash,aeb56401ca74e127821c4f9126dcb669,af341b449574222b2bf5b53209d51edd2c2835c17adc617a2ddb0f2d6d54849e,6d94eb9302bb54ac7d655bd9a45bd0af25c93a2c3dc725c5266bd6d4d0669756,0,error: OpenRouter returned empty content.,True,raw/math_test_precalculus_385.json
math_test_precalculus_365,test,precalculus,Level 5,False,,12,,12,"wrong: predicted=, gold=12",183,2048,2048,0,2231,length,deepseek-flash,aeb56401ca74e127821c4f9126dcb669,4dfad06b3fcfaa10fcca1c5f091cb63f06519f196cd0ae4e6db7c5537bb09a05,38df2cd9374976428cc7a1056cf0616d1cb919fcce14fe219a5da76aecaa27a9,0,error: OpenRouter returned empty content.,True,raw/math_test_precalculus_365.json
math_test_precalculus_512,test,precalculus,Level 5,False,"-\frac34,\frac34",\frac{3,-\frac34\frac34,\frac{3,"wrong: predicted=-\frac34,\frac34, gold=\frac{3",89,1661,1321,340,1750,stop,deepseek-flash,aeb56401ca74e127821c4f9126dcb669,f8659e06de510fd5747f218e84175d66d93dd07bae29df7e808780f483782d01,bd6c73e6b27fc6869f876878f2cdbfe49bc624d3689c9bbac6418e42ec787ef4,1750,"wrong: predicted=-\frac34,\frac34, gold=\frac{3",False,raw/math_test_precalculus_512.json
math_test_precalculus_545,test,precalculus,Level 5,True,\begin{pmatrix,\begin{pmatrix,\begin{pmatrix,\begin{pmatrix,correct,247,1639,1292,347,1886,stop,deepseek-flash,aeb56401ca74e127821c4f9126dcb669,64f890406356f3843b696a0222525b92850801763f7eca5ba21f2075a181fb64,e4ea51fc0359f2ec4400ffa19a01f792f7f5fa81fa9768499e54821e65a7b9b7,1886,correct,False,raw/math_test_precalculus_545.json
math_test_precalculus_71,test,precalculus,Level 5,True,\(D\),D,d,d,correct,166,1325,1021,304,1491,stop,deepseek-flash,aeb56401ca74e127821c4f9126dcb669,6f14c0539d91dac6393c9ef60bff73bcaa9c3987f038aaa2cfa564b87eb0a925,f7be718e86338562312c71eca4663edb60a90e792185e88dffbd319cd8b5eb2a,1491,correct,False,raw/math_test_precalculus_71.json
math_test_precalculus_301,test,precalculus,Level 5,False,8,\frac{3,8,\frac{3,"wrong: predicted=8, gold=\frac{3",176,2048,1929,119,2224,length,deepseek-flash,aeb56401ca74e127821c4f9126dcb669,52d96b31e1307a957abd85fab97b7e62b6bc32dfbfa1c11839bdfdb58c82148f,52070bdbe907907568f08cf22ab983c6a7f9d117923e362338e89de877d0fde8,2224,"wrong: predicted=8, gold=\frac{3",False,raw/math_test_precalculus_301.json
math_test_precalculus_469,test,precalculus,Level 5,False,,3^{2007,,3^{2007,"wrong: predicted=, gold=3^{2007",126,2048,2048,0,2174,length,deepseek-flash,aeb56401ca74e127821c4f9126dcb669,f1a04b35b98e791c51e47a5f538158a7267ca6ddfd7651a47597d2049d25a17a,26ad86635ffaea4742cf4cdb6b675864b8145755fe8ebd67d7262a42d4fe470e,0,error: OpenRouter returned empty content.,True,raw/math_test_precalculus_469.json
math_test_precalculus_52,test,precalculus,Level 5,False,,116 - 75i,,116 - 75i,"wrong: predicted=, gold=116 - 75i",251,2048,2048,0,2299,length,deepseek-flash,aeb56401ca74e127821c4f9126dcb669,3cfe539a9e1459f81c6468937de46d6435b138a15b609bc506a29ee4be025553,0f831fe9c0a08f73b56a626a334c0d052a0b7f984a918fbc6b26d693340a5d7d,0,error: OpenRouter returned empty content.,True,raw/math_test_precalculus_52.json
math_test_precalculus_413,test,precalculus,Level 5,False,"\left(3,\frac{11\pi","\left( 3, \frac{11 \pi",(3\frac{11\pi,( 3 \frac{11 \pi,"wrong: predicted=\left(3,\frac{11\pi, gold=\left( 3, \frac{11 \pi",164,829,642,187,993,stop,deepseek-flash,aeb56401ca74e127821c4f9126dcb669,064034588736e00d126c1d663ced5ebe66b4dad3bc30e34f6939ea18e15fb181,f9143906760b84562b1a7527b09b45a4381ef6b4b42e9cbb64add12cfe341955,993,"wrong: predicted=\left(3,\frac{11\pi, gold=\left( 3, \frac{11 \pi",False,raw/math_test_precalculus_413.json
math_test_precalculus_464,test,precalculus,Level 5,False,\(\left(\frac{11}{15}\frac{11}{60}\frac{1}{12}\right)\),\left( \frac{11,(\frac{11}{15}\frac{11}{60}\frac{1}{12}),( \frac{11,"wrong: predicted=\(\left(\frac{11}{15}\frac{11}{60}\frac{1}{12}\right)\), gold=\left( \frac{11",340,1832,1299,533,2172,stop,deepseek-flash,aeb56401ca74e127821c4f9126dcb669,1dd3fffddc0acc5ba9ee4324d0b7e18efbd8b44cfd070661907f8d228f790e41,14466467782ad754c39199b9da28fbc3a8189e141b4949d0a2aafd0fc81f9c63,2172,"wrong: predicted=\(\left(\frac{11}{15}\frac{11}{60}\frac{1}{12}\right)\), gold=\left( \frac{11",False,raw/math_test_precalculus_464.json
math_test_counting_probability_80,test,counting_probability,Level 5,True,39,39,39,39,correct,97,635,382,253,732,stop,deepseek-flash,aeb56401ca74e127821c4f9126dcb669,9b020b14a947b6660631aace2e01e58863d02772aa7e737ea7a85ffc6ed609c6,bcbc7431d241fe71a113ef06556e296bd613a0b0b151ea8f6a8183ac97d85c35,732,correct,False,raw/math_test_counting_probability_80.json
math_test_counting_probability_149,test,counting_probability,Level 5,True,1680,1680,1680,1680,correct,90,538,380,158,628,stop,deepseek-flash,aeb56401ca74e127821c4f9126dcb669,fc87092f5e9edd6292893330e021989bb05a3fed4ba6905764f4114cb2ce0008,10403777a9567c8ec0817b213111ac1665de8f23f1070ab91a32490dc1b4c669,628,correct,False,raw/math_test_counting_probability_149.json
math_test_counting_probability_452,test,counting_probability,Level 5,True,\frac{9,\frac{9,\frac{9,\frac{9,correct,115,721,392,329,836,stop,deepseek-flash,aeb56401ca74e127821c4f9126dcb669,4c1b45196018f2a2517b0d38713ed80fcb7baf217f882bba29b8dcada43f5a5e,56a66ab49c48f12c50a1fe7dcb978a53f753c43ed139f2ca4340b01464a57f74,836,correct,False,raw/math_test_counting_probability_452.json
math_test_counting_probability_381,test,counting_probability,Level 5,False,\(\frac{11}{32}\),\frac{11,\frac{11}{32},\frac{11,"wrong: predicted=\(\frac{11}{32}\), gold=\frac{11",169,976,758,218,1145,stop,deepseek-flash,aeb56401ca74e127821c4f9126dcb669,f842adee8d496037ec9da3ea36d6971d9c6b8f61f211e3e5582e1ab9a56948b0,4ac09f356b5cc7fa1eaaa3b72bb42d26af381cb105faf3aa8fb65b7c4384c98d,1145,"wrong: predicted=\(\frac{11}{32}\), gold=\frac{11",False,raw/math_test_counting_probability_381.json
math_test_counting_probability_123,test,counting_probability,Level 5,True,\frac{9,\frac{9,\frac{9,\frac{9,correct,130,561,345,216,691,stop,deepseek-flash,aeb56401ca74e127821c4f9126dcb669,366596f1bcafcdaeb784cb0279c021fea0d092b649987dba76d388e0d22fd10b,eff17bd42f305030d5b91491df52cd93dbacfb10e90be521e2de19300a711eed,691,correct,False,raw/math_test_counting_probability_123.json
math_test_counting_probability_361,test,counting_probability,Level 5,True,720,720,720,720,correct,128,738,558,180,866,stop,deepseek-flash,aeb56401ca74e127821c4f9126dcb669,66ac7c9d063fdfbbd34f09a14b1aae7f3797500b48e0578679698e9ba46178fc,dfab16e0841f18a5e4eaf75cdb443e7766ca7ae3c427fc917f87c4b6657c40d6,866,correct,False,raw/math_test_counting_probability_361.json
math_test_counting_probability_29,test,counting_probability,Level 5,False,\(\frac{91}{216}\),\dfrac{91,\frac{91}{216},\frac{91,"wrong: predicted=\(\frac{91}{216}\), gold=\dfrac{91",112,388,186,202,500,stop,deepseek-flash,aeb56401ca74e127821c4f9126dcb669,4616fff64cab5be3e1528eca11c1f7886df3bf69ea953fdebf29fd0c024667c5,928ade6f7d32c42acbb73950e631f682a53d0021f19644915618da9e5702eed2,500,"wrong: predicted=\(\frac{91}{216}\), gold=\dfrac{91",False,raw/math_test_counting_probability_29.json
math_test_counting_probability_38,test,counting_probability,Level 5,True,\frac{1,\frac{1,\frac{1,\frac{1,correct,111,708,528,180,819,stop,deepseek-flash,aeb56401ca74e127821c4f9126dcb669,a0566b8e1fea886833ad0a6c5245f98d5223e643198c12379b07640a356d971c,ffc38a353c846d8ec9b16ffaf3b7bb405c4e42438367c3203c6e8a97bc16c55a,819,correct,False,raw/math_test_counting_probability_38.json
math_test_counting_probability_279,test,counting_probability,Level 5,True,\frac{1,\frac{1,\frac{1,\frac{1,correct,98,733,576,157,831,stop,deepseek-flash,aeb56401ca74e127821c4f9126dcb669,cae403785d69847e19256142864447951c0d33787dd0f9d25c563427f588e7b0,092d6bef4ca1296b86bf29e86b4a28b0d8e3ef916c600df17d36800cb8b17169,831,correct,False,raw/math_test_counting_probability_279.json
math_test_counting_probability_65,test,counting_probability,Level 5,True,30,30,30,30,correct,462,826,687,139,1288,stop,deepseek-flash,aeb56401ca74e127821c4f9126dcb669,acf01cee702515c42d86d48fab01ba0e17a441abe9ba7b932e78117543b8834a,646ee5ca04a65237aa60d83c2f8d861bb2a2a04d93dc6173d9015cdf8e306bbe,1288,correct,False,raw/math_test_counting_probability_65.json
math_test_counting_probability_451,test,counting_probability,Level 5,True,\frac{8,\frac{8,\frac{8,\frac{8,correct,114,523,283,240,637,stop,deepseek-flash,aeb56401ca74e127821c4f9126dcb669,4545597141a6569abbb5f4870421e9aa5c526105aba1a790c40d0dc8605bd6fd,4e3048cebbd47042bc5d127f9a4737488f72be7942edf2fc1381c5966f098dc7,637,correct,False,raw/math_test_counting_probability_451.json
math_test_counting_probability_459,test,counting_probability,Level 5,False,,20,,20,"wrong: predicted=, gold=20",110,2048,2048,0,2158,length,deepseek-flash,aeb56401ca74e127821c4f9126dcb669,6c2a6f28e6308675e5bb66089eba9ef5439bfb5366083b3d5ce34bb0bb9b4d04,cefd534311b52f7f6a70ef8747b22c2018b1c1105a4f02d4c3de5fd15b45f5dc,0,error: OpenRouter returned empty content.,True,raw/math_test_counting_probability_459.json
math_test_counting_probability_340,test,counting_probability,Level 5,True,20160,20160,20160,20160,correct,108,1952,1716,236,2060,stop,deepseek-flash,aeb56401ca74e127821c4f9126dcb669,d90dda9c2793e357945075ddd29f5f85bf7bb5443836a61e50574feb570bdabb,b143d2abf09019fd4b43abc0c0f37405df7f6efc135ebdfee19ce27cf505057e,2060,correct,False,raw/math_test_counting_probability_340.json
math_test_counting_probability_105,test,counting_probability,Level 5,True,10,10,10,10,correct,91,1159,945,214,1250,stop,deepseek-flash,aeb56401ca74e127821c4f9126dcb669,cb700a7c0af029f21944eacc1f51aec4f9894899b0e459cad416718d99c160d1,3ff57dd3995f2bd788e80a4b7ccb73c7fa9446e6e04042dddfa881ab6cd06859,1250,correct,False,raw/math_test_counting_probability_105.json
math_test_counting_probability_308,test,counting_probability,Level 5,True,165,165,165,165,correct,150,955,734,221,1105,stop,deepseek-flash,aeb56401ca74e127821c4f9126dcb669,a24817f80c485dfc4ce3d35dc64fb064f82d2a4e081441e46180c0814c0e1038,e18d45e3103d52c17e76793be788c048c98523ae8dbbbdc02d182a291ea58fee,1105,correct,False,raw/math_test_counting_probability_308.json
math_test_counting_probability_260,test,counting_probability,Level 5,False,\(\frac{82}{147}\),\frac{82,\frac{82}{147},\frac{82,"wrong: predicted=\(\frac{82}{147}\), gold=\frac{82",85,850,620,230,935,stop,deepseek-flash,aeb56401ca74e127821c4f9126dcb669,bf3fa45d070731f3cd7fc052afbd0a32b281af1bc92f09cd814183ee8bbc23a0,8cd81b34b0db18dad8cd3b3c7766f7ed967de974d609b319ab989426ee425489,935,"wrong: predicted=\(\frac{82}{147}\), gold=\frac{82",False,raw/math_test_counting_probability_260.json
math_test_counting_probability_18,test,counting_probability,Level 5,False,\(\frac{161}{36}\),\frac{161,\frac{161}{36},\frac{161,"wrong: predicted=\(\frac{161}{36}\), gold=\frac{161",107,435,177,258,542,stop,deepseek-flash,aeb56401ca74e127821c4f9126dcb669,80f852c9ec71a4a5122db354dc9d63e2cd29ab42b9363559083d51d02a3d9147,1fb2834573c6bbcd936cd1baca8a792b9b6f92c453b23a6b65ad9579a13c3ca2,542,"wrong: predicted=\(\frac{161}{36}\), gold=\frac{161",False,raw/math_test_counting_probability_18.json
math_test_counting_probability_111,test,counting_probability,Level 5,False,0,0.076,0,0.076,"wrong: predicted=0, gold=0.076",128,1107,914,193,1235,stop,deepseek-flash,aeb56401ca74e127821c4f9126dcb669,4ca651b8a678bcd35642e7efc00281deca2ab13a27f5607385f03ae8b44d6c29,768316471da9c8771d7c3a03ece634f40ba6c579b54311d64423c591f1b73213,1235,"wrong: predicted=0, gold=0.076",False,raw/math_test_counting_probability_111.json
math_test_counting_probability_84,test,counting_probability,Level 5,True,28800,28800,28800,28800,correct,115,1729,1570,159,1844,stop,deepseek-flash,aeb56401ca74e127821c4f9126dcb669,85ebf673025b3943ca48b064b7f8a75f956894dd546e4eed7f7acdaeccfb0d53,9d510f976e9abd506cb7336a67fdcc3dc064ed5e3493667522a979a3015b44f6,1844,correct,False,raw/math_test_counting_probability_84.json
math_test_counting_probability_274,test,counting_probability,Level 5,True,\frac{35,\frac{35,\frac{35,\frac{35,correct,93,938,597,341,1031,stop,deepseek-flash,aeb56401ca74e127821c4f9126dcb669,a2f93094fabbc3fc130828ca83c337ea908e7e3784d34b81a4a1aea207ea40da,8342a708d310af685d856074617f6ef966b5ad3d35c64a6bb21499ec303bd41b,1031,correct,False,raw/math_test_counting_probability_274.json
math_test_counting_probability_97,test,counting_probability,Level 5,False,,5,,5,"wrong: predicted=, gold=5",127,2048,2048,0,2175,length,deepseek-flash,aeb56401ca74e127821c4f9126dcb669,f63b09d5a5d490df98443dfa5a65e6640aafd152c085addeab41f3691894b582,f30ccb17f3ea02376d023d84e51ade427635be674c145644ccfd5174ba20c625,0,error: OpenRouter returned empty content.,True,raw/math_test_counting_probability_97.json
math_test_counting_probability_467,test,counting_probability,Level 5,False,,28,,28,"wrong: predicted=, gold=28",282,2048,2048,0,2330,length,deepseek-flash,aeb56401ca74e127821c4f9126dcb669,f280c8256285223251b3e62f64375c9419eaba4875b7e69f8214c8b6d5f77e8a,9e48fdb1b07847a86dbff119a14b32042fa3744d528f4a849b4f2b8d8a983623,0,error: OpenRouter returned empty content.,True,raw/math_test_counting_probability_467.json
math_test_counting_probability_407,test,counting_probability,Level 5,True,31,31,31,31,correct,95,1106,892,214,1201,stop,deepseek-flash,aeb56401ca74e127821c4f9126dcb669,a13a10acaed4a3bc03b3bed411fba35b79904c501df43310f78f7e2b6290ab9a,16f2ece9c4bc210a3235629d3c9e933d0ce80cb8e476cd803cedcf5de99481b4,1201,correct,False,raw/math_test_counting_probability_407.json
math_test_counting_probability_13,test,counting_probability,Level 5,False,,"14,\!400",,14\!400,"wrong: predicted=, gold=14,\!400",111,2048,2048,0,2159,length,deepseek-flash,aeb56401ca74e127821c4f9126dcb669,855c4fc2ed744144fb8770fbcdb2f2f82d26119ed1b59da077f98d07033acef5,d9635019d39ad995e181c13a1feb47586141b510f10084e49d3655994d089067,0,error: OpenRouter returned empty content.,True,raw/math_test_counting_probability_13.json
math_test_counting_probability_259,test,counting_probability,Level 5,False,\(\frac{295}{396}\),\frac{295,\frac{295}{396},\frac{295,"wrong: predicted=\(\frac{295}{396}\), gold=\frac{295",129,1203,834,369,1332,stop,deepseek-flash,aeb56401ca74e127821c4f9126dcb669,571da66a043dccc44ecea5bd17ae7ffa26c4b7994ce7c36f0ad4a146d6f380ca,072ba511d81faa86bc93d75986ff2d78d7a5be7833ab8321054453355e75595f,1332,"wrong: predicted=\(\frac{295}{396}\), gold=\frac{295",False,raw/math_test_counting_probability_259.json
math_test_counting_probability_273,test,counting_probability,Level 5,False,\(\frac{2}{3}\),\frac{2,\frac{2}{3},\frac{2,"wrong: predicted=\(\frac{2}{3}\), gold=\frac{2",101,603,343,260,704,stop,deepseek-flash,aeb56401ca74e127821c4f9126dcb669,0ef6cd88daac52d2e75ab53eb75450aab1c8c1047393b6632cc8b216e02328ad,6bed7ec37fd749408a7ef46a8186ef00da68ebf34a011f15d0ed485796cda505,704,"wrong: predicted=\(\frac{2}{3}\), gold=\frac{2",False,raw/math_test_counting_probability_273.json
math_test_counting_probability_133,test,counting_probability,Level 5,False,\(\frac{209}{210}\),\frac{209,\frac{209}{210},\frac{209,"wrong: predicted=\(\frac{209}{210}\), gold=\frac{209",115,354,194,160,469,stop,deepseek-flash,aeb56401ca74e127821c4f9126dcb669,5b55d11980eb6c5dbf1f11cb4e921c524e3b44b193a7bc875a23d576d2bf5336,563d9135f9315df1c20dd25b184ac2051e050b8390f8fcbf64d79b86c392cecb,469,"wrong: predicted=\(\frac{209}{210}\), gold=\frac{209",False,raw/math_test_counting_probability_133.json
math_test_counting_probability_199,test,counting_probability,Level 5,True,\frac{625,\frac{625,\frac{625,\frac{625,correct,87,804,509,295,891,stop,deepseek-flash,aeb56401ca74e127821c4f9126dcb669,1b7318fbcb0d1d14294231f5504c8dbce1d5c89902ccf4f01668b4fb57eecac4,5c281cf3b1edd47249b82b4cbac3544459b49fb3203a86ff85ab7ebc1f821fb2,891,correct,False,raw/math_test_counting_probability_199.json
math_test_counting_probability_115,test,counting_probability,Level 5,True,1940,1940,1940,1940,correct,92,437,311,126,529,stop,deepseek-flash,aeb56401ca74e127821c4f9126dcb669,175fd09ac6629bd8508d15586490ee98537c92c7ff6e6ba62506f047de8f0d4f,941fa72482e41d9237840aa535a4d4f68435f3666142b1ce84f420ac0aa2c7c1,529,correct,False,raw/math_test_counting_probability_115.json
math_test_counting_probability_46,test,counting_probability,Level 5,True,\frac{49,\dfrac{49,\frac{49,\frac{49,correct,78,359,163,196,437,stop,deepseek-flash,aeb56401ca74e127821c4f9126dcb669,1bc784b9a6a0a71467c69e27b444db3fb0149679eb5b8f369e205ff77e9eb1e3,fbf3c161d2004e146756d91db57c067b111d5fa4f8366a215ab4a79d13fab990,437,correct,False,raw/math_test_counting_probability_46.json
math_test_counting_probability_264,test,counting_probability,Level 5,False,\(\frac{47}{1001}\),\frac{47,\frac{47}{1001},\frac{47,"wrong: predicted=\(\frac{47}{1001}\), gold=\frac{47",100,447,272,175,547,stop,deepseek-flash,aeb56401ca74e127821c4f9126dcb669,994877ae6bb43b11274f1aae60872d31b63c54c74e7629c812ac60a196d59f06,58c727521462e8e72a4ea4825e779413e7d26270ce84571b36cbf33d9443a9d2,547,"wrong: predicted=\(\frac{47}{1001}\), gold=\frac{47",False,raw/math_test_counting_probability_264.json
math_test_counting_probability_112,test,counting_probability,Level 5,False,,576,,576,"wrong: predicted=, gold=576",125,2048,2048,0,2173,length,deepseek-flash,aeb56401ca74e127821c4f9126dcb669,02c55cd5fcbe107c1c277be22344c035c4eba8015b9da1c2c31a47a94b2c3479,869edea59cb49f619addf34e89d70d1bf132fd5793e8d67807f930c6a6fd45c0,0,error: OpenRouter returned empty content.,True,raw/math_test_counting_probability_112.json
math_test_counting_probability_315,test,counting_probability,Level 5,True,126,126,126,126,correct,95,361,284,77,456,stop,deepseek-flash,aeb56401ca74e127821c4f9126dcb669,e86baaa0518962c0b24a2842d9aa49eaac68ef5eb84834aee5d2892873e7f23c,49c959d73985aa0aad69114eeb91621cbce44d02edb4e60c68b179e96336d1bf,456,correct,False,raw/math_test_counting_probability_315.json
math_test_counting_probability_16,test,counting_probability,Level 5,True,\frac{1,\frac{1,\frac{1,\frac{1,correct,108,981,716,265,1089,stop,deepseek-flash,aeb56401ca74e127821c4f9126dcb669,022d27469b2b2b4affae81124afce5c4d28bea43ef8daa7a78cd2370719ba859,706088e98e2831050d8ced9fafc04a710123de311718efb20fe33c79547bc443,1089,correct,False,raw/math_test_counting_probability_16.json
math_test_counting_probability_150,test,counting_probability,Level 5,False,\(\frac{3}{5}\),\frac{3,\frac{3}{5},\frac{3,"wrong: predicted=\(\frac{3}{5}\), gold=\frac{3",106,1932,1738,194,2038,stop,deepseek-flash,aeb56401ca74e127821c4f9126dcb669,b23861745654eb6de7ad534a3fe7dc28c14de6ddfe80441d67e51ee5590a11f7,06076cf1e46bb869b33ab1a9da7fb06be85192dddecc758230f6c6e911235f8d,2038,"wrong: predicted=\(\frac{3}{5}\), gold=\frac{3",False,raw/math_test_counting_probability_150.json
math_test_counting_probability_426,test,counting_probability,Level 5,False,\(\frac{9}{32}\),\frac{9,\frac{9}{32},\frac{9,"wrong: predicted=\(\frac{9}{32}\), gold=\frac{9",117,1051,795,256,1168,stop,deepseek-flash,aeb56401ca74e127821c4f9126dcb669,9bbe0849bb48471fe7a3d712b562301a0e475752ffedfb8abc8c04fa1be30074,3e3752bdb3063b380f85d95124c2d797ca499c550179f83dbdbe4f23210b84d9,1168,"wrong: predicted=\(\frac{9}{32}\), gold=\frac{9",False,raw/math_test_counting_probability_426.json
math_test_counting_probability_270,test,counting_probability,Level 5,True,512,512,512,512,correct,105,394,250,144,499,stop,deepseek-flash,aeb56401ca74e127821c4f9126dcb669,02dbdef9e108436ae856344cce062fcb2d8969d2a00c3f2124195811b864a742,f8dfcfabe01f35a37a14a4cd884743d194b054751b81edae6e8dbdb90d580d25,499,correct,False,raw/math_test_counting_probability_270.json
math_test_counting_probability_327,test,counting_probability,Level 5,False,,\frac{5,,\frac{5,"wrong: predicted=, gold=\frac{5",1377,2048,2048,0,3425,length,deepseek-flash,aeb56401ca74e127821c4f9126dcb669,ec95fbc58e9ab64b2655c2c914c8f70760757c53b815ba61a16e4ad5c78e3db4,d41a5709a50f4fb098540e7b70a374b4743fbeaa1597498b034af58107e12a74,0,error: OpenRouter returned empty content.,True,raw/math_test_counting_probability_327.json
math_test_counting_probability_94,test,counting_probability,Level 5,False,,19,,19,"wrong: predicted=, gold=19",663,2048,2048,0,2711,length,deepseek-flash,aeb56401ca74e127821c4f9126dcb669,fd78c0e9c98eeeb5119a0e90f8156e356e3a49d07293a1eb3aad8d0198a7c2bd,8d6caf104cfb0097bfebb94b65dea661e7520b4715353509339e8ac02c17be4f,0,error: OpenRouter returned empty content.,True,raw/math_test_counting_probability_94.json
math_test_counting_probability_58,test,counting_probability,Level 5,False,,1041,,1041,"wrong: predicted=, gold=1041",134,2048,2048,0,2182,length,deepseek-flash,aeb56401ca74e127821c4f9126dcb669,9ff434c1cb76fa87a9745bca31e9f5b589ff8f5e8f5c2d427f0e985a8c7bf040,4cbe79083fdc2e048a4c8ba434d9eaec7800211d7b3560d6c981ec14ba116dda,0,error: OpenRouter returned empty content.,True,raw/math_test_counting_probability_58.json
math_test_counting_probability_391,test,counting_probability,Level 5,False,\(-\frac{1}{16}\),-\frac{1,-\frac{1}{16},-\frac{1,"wrong: predicted=\(-\frac{1}{16}\), gold=-\frac{1",197,512,280,232,709,stop,deepseek-flash,aeb56401ca74e127821c4f9126dcb669,af7808ecb2368253814976f7f8ad87bcca4b697f55cac5e854e5cf22b354a8e3,82cef170af7d0ae7c48349162290528db535cdc86c945eb2fec041879e5cd0f1,709,"wrong: predicted=\(-\frac{1}{16}\), gold=-\frac{1",False,raw/math_test_counting_probability_391.json
math_test_counting_probability_418,test,counting_probability,Level 5,True,\frac{47,\dfrac{47,\frac{47,\frac{47,correct,149,888,590,298,1037,stop,deepseek-flash,aeb56401ca74e127821c4f9126dcb669,b5bd6cb419d57ffec237bf9a08dde4848356b4ce266fc3e9ee5259ecda8e72fa,b73dabfc3ce82b846e865223e6a86137a5a2818fd4c9f77b95117658770821ac,1037,correct,False,raw/math_test_counting_probability_418.json
math_test_counting_probability_17,test,counting_probability,Level 5,True,40,40,40,40,correct,110,1673,1424,249,1783,stop,deepseek-flash,aeb56401ca74e127821c4f9126dcb669,809bbf47bf8440fb299eb657b9dec1ed5cfec384b92f7e899ea53c786e9401a5,0254c962327b78222ff0db37401f0b4e4877c1f594ca2bc45c9c1ff98a00d69b,1783,correct,False,raw/math_test_counting_probability_17.json
math_test_counting_probability_30,test,counting_probability,Level 5,False,\(\frac{1}{3}\),\frac{1,\frac{1}{3},\frac{1,"wrong: predicted=\(\frac{1}{3}\), gold=\frac{1",114,1238,906,332,1352,stop,deepseek-flash,aeb56401ca74e127821c4f9126dcb669,708a3f5f91af73d932c43beb6089da3bdebb43ec8f993f200f3710aefd9f8bdd,5e985391865fc8624ffe33a6014fa377a810594ee8ad001cf2b247541cdb840c,1352,"wrong: predicted=\(\frac{1}{3}\), gold=\frac{1",False,raw/math_test_counting_probability_30.json
math_test_counting_probability_439,test,counting_probability,Level 5,True,147,147,147,147,correct,76,553,204,349,629,stop,deepseek-flash,aeb56401ca74e127821c4f9126dcb669,7fe5b3fe8974a9e437b6a1aceffc5d85354aab8e258b05345dba656118f065aa,aff23ee089e7a2cefe0b7437abef37c4dd4684327c84a9f11a4b4960c20aeb8c,629,correct,False,raw/math_test_counting_probability_439.json
math_test_counting_probability_8,test,counting_probability,Level 5,True,25,25,25,25,correct,108,1485,1229,256,1593,stop,deepseek-flash,aeb56401ca74e127821c4f9126dcb669,cad78a3e5f445743b7104b9889b52d5043ca7c5bb112c345b393f2dc58fa6900,d260c3a50a863a837fcb58758ba0433e5020f2f77f47eddf27cd66ff52681d12,1593,correct,False,raw/math_test_counting_probability_8.json
math_test_counting_probability_48,test,counting_probability,Level 5,True,7,7,7,7,correct,109,431,240,191,540,stop,deepseek-flash,aeb56401ca74e127821c4f9126dcb669,2524833f4e3da11a532c76bb59b55be4389fe336c41c8f337723cffb4cc18930,2d56c9af79c2d2a71aa8f49c790515f1c843589cba7bf362647137d2ba055d13,540,correct,False,raw/math_test_counting_probability_48.json
math_test_counting_probability_129,test,counting_probability,Level 5,True,3,3,3,3,correct,112,667,518,149,779,stop,deepseek-flash,aeb56401ca74e127821c4f9126dcb669,145c822e003b577e4e5e86e64cf01f51a76aac2fe3f255fb9e4697f22781b273,334bd3ee82990e147bf49dbb3b3ded6ec4c6d808b777df077f33939b30b26748,779,correct,False,raw/math_test_counting_probability_129.json
math_test_counting_probability_278,test,counting_probability,Level 5,True,5120,5120,5120,5120,correct,192,272,166,106,464,stop,deepseek-flash,aeb56401ca74e127821c4f9126dcb669,1663ddc2e945cf0713275d36ed9419c56f9a220ede9ff14c8bbf37f806948372,265f96fed950841862b0731e172a8a08534658bc68b986b9804205381e9d400a,464,correct,False,raw/math_test_counting_probability_278.json
math_test_counting_probability_383,test,counting_probability,Level 5,False,\(\frac{72}{425}\),\dfrac{72,\frac{72}{425},\frac{72,"wrong: predicted=\(\frac{72}{425}\), gold=\dfrac{72",124,484,324,160,608,stop,deepseek-flash,aeb56401ca74e127821c4f9126dcb669,88bde519a9c4246cce5e705e68ec866d10195a70adb0946725b679ca7dd4cd26,33824ccc7a118d77f734996d1330b5c3d15efaa9f04e43edcc4cf9490df188ad,608,"wrong: predicted=\(\frac{72}{425}\), gold=\dfrac{72",False,raw/math_test_counting_probability_383.json
math_test_counting_probability_15,test,counting_probability,Level 5,True,96,96,96,96,correct,128,1036,785,251,1164,stop,deepseek-flash,aeb56401ca74e127821c4f9126dcb669,476e771a434d906313a404951f8e93a9060e85960caab9e8a050260cbbe27135,5d4bb006593dc678553b2f3dcea968b681b1fb7e8479bdcfd8c67c4fc69f355e,1164,correct,False,raw/math_test_counting_probability_15.json
math_test_counting_probability_345,test,counting_probability,Level 5,False,\(\frac{20}{27}\),\frac{20,\frac{20}{27},\frac{20,"wrong: predicted=\(\frac{20}{27}\), gold=\frac{20",108,468,228,240,576,stop,deepseek-flash,aeb56401ca74e127821c4f9126dcb669,1fdd217fa0a95228865ba4a69c11bba175ebd29a2ecd9590fc1d85a29b87ced7,42d94a1174ce2891fde858d494bb607950986aa9ac54ed71b1380b5f29342112,576,"wrong: predicted=\(\frac{20}{27}\), gold=\frac{20",False,raw/math_test_counting_probability_345.json
math_test_counting_probability_415,test,counting_probability,Level 5,True,84,84,84,84,correct,119,1585,1298,287,1704,stop,deepseek-flash,aeb56401ca74e127821c4f9126dcb669,0b1d1bedab71942d29b70a30057a651cfffe58315ffbc6cb696c4354dca7c81f,8920de9d7d8fc10efdc1c59a4648c78ee07af40d55090f03f8e91e423cff4e90,1704,correct,False,raw/math_test_counting_probability_415.json
math_test_counting_probability_387,test,counting_probability,Level 5,False,\(\frac{5}{54}\),\frac{5,\frac{5}{54},\frac{5,"wrong: predicted=\(\frac{5}{54}\), gold=\frac{5",82,640,393,247,722,stop,deepseek-flash,aeb56401ca74e127821c4f9126dcb669,c45818c010c194129bf63083e7d0c401357acecee24c335af47d6bc4f2225870,f542435458aee9b54fe3b9d571eac496d9ee989c5905c304dff4311738cf9aaa,722,"wrong: predicted=\(\frac{5}{54}\), gold=\frac{5",False,raw/math_test_counting_probability_387.json
math_test_counting_probability_211,test,counting_probability,Level 5,False,\(\frac{11}{16}\),\frac{11,\frac{11}{16},\frac{11,"wrong: predicted=\(\frac{11}{16}\), gold=\frac{11",79,330,153,177,409,stop,deepseek-flash,aeb56401ca74e127821c4f9126dcb669,b9a2422bc777ad3c33b33e07f779eb729bd825d5bee89faa9dee1a55bc004a9f,5ffd07a9224757e786f96076276ec09a4535a50b663460bef32d68d078cbea7a,409,"wrong: predicted=\(\frac{11}{16}\), gold=\frac{11",False,raw/math_test_counting_probability_211.json
math_test_counting_probability_200,test,counting_probability,Level 5,True,14,14,14,14,correct,138,1250,1004,246,1388,stop,deepseek-flash,aeb56401ca74e127821c4f9126dcb669,8aea8230e916d3167a1ea365bf016ae53953897d75967933a5e5b260721080b9,8d69c4b91abdc8568e8c6daac4205b3486a6c970fd082836d1759b207f1a7172,1388,correct,False,raw/math_test_counting_probability_200.json
math_test_counting_probability_442,test,counting_probability,Level 5,False,6,29700,6,29700,"wrong: predicted=6, gold=29700",132,2048,1733,315,2180,length,deepseek-flash,aeb56401ca74e127821c4f9126dcb669,330b4707387e0132324af7e974adf1ef4f47d02eeccdd46a8d5f62477af9f4cc,be2d330e51f7c9d3bc4bc1cabc1cb1686a8c98bb56262c1dc398cdcb96854a94,2180,"wrong: predicted=6, gold=29700",False,raw/math_test_counting_probability_442.json
math_test_counting_probability_190,test,counting_probability,Level 5,True,48,48,48,48,correct,97,932,743,189,1029,stop,deepseek-flash,aeb56401ca74e127821c4f9126dcb669,92c655ca4c70ce58cf19967f51dae74ff994e1bfcb57d7585b3e9f7e65ee838a,7243258baa8fb34718dd47d4ecb42a8cce09aeeb5663623b46c47b67d7b91ac7,1029,correct,False,raw/math_test_counting_probability_190.json
math_test_counting_probability_339,test,counting_probability,Level 5,True,200,200,200,200,correct,115,417,246,171,532,stop,deepseek-flash,aeb56401ca74e127821c4f9126dcb669,18a039c33b4c31bdc4c31fd681062096b8f371a066a1a0027ee3d2f925184885,58eecd5b68ae8a14ce1d6a36d4763663cf3344ea27f5383dd4e3060e829e089a,532,correct,False,raw/math_test_counting_probability_339.json
math_test_counting_probability_253,test,counting_probability,Level 5,False,910,14,910,14,"wrong: predicted=910, gold=14",85,2048,1959,89,2133,length,deepseek-flash,aeb56401ca74e127821c4f9126dcb669,a4bd438a7a24869455df7744e4ca26566fc3a124dae7ec7b2befb9cb24df2093,16deff8a32c326c67b75f62ec340db6fdeeca359f8882dce8144189fd9a942ac,2133,"wrong: predicted=910, gold=14",False,raw/math_test_counting_probability_253.json
math_test_counting_probability_457,test,counting_probability,Level 5,False,,\dfrac{7,,\frac{7,"wrong: predicted=, gold=\dfrac{7",117,2048,2048,0,2165,length,deepseek-flash,aeb56401ca74e127821c4f9126dcb669,95f1ab3724314ec2cc645506909e2bf15ae7d2e9d6fd1bd3f8af826ad557ee29,7d72ddefc57cb85c435953166d43ad42aedeb62127806007efa78c41dcd995ea,0,error: OpenRouter returned empty content.,True,raw/math_test_counting_probability_457.json
math_test_counting_probability_309,test,counting_probability,Level 5,False,\(\frac{1904}{6561}\),\dfrac{1904,\frac{1904}{6561},\frac{1904,"wrong: predicted=\(\frac{1904}{6561}\), gold=\dfrac{1904",126,782,594,188,908,stop,deepseek-flash,aeb56401ca74e127821c4f9126dcb669,be6a6c1ca77268f437df15e0c7aa537956253afc12453fbef2b26a7156d39687,01a7b696b32488080b12ba110523fdb5093e9bfedb990a630cacdc56c2e6b6be,908,"wrong: predicted=\(\frac{1904}{6561}\), gold=\dfrac{1904",False,raw/math_test_counting_probability_309.json
math_test_counting_probability_384,test,counting_probability,Level 5,False,5866608,"5,\!866,\!608",5866608,5\!866\!608,"wrong: predicted=5866608, gold=5,\!866,\!608",110,392,211,181,502,stop,deepseek-flash,aeb56401ca74e127821c4f9126dcb669,816c830c9642916da8b72713b93b38bedc880a35b44952d04702b64ae2dbeb05,c91b91e89594fa85ec2b028530f2c63f15f60bf51a79daba8741d66389b883be,502,"wrong: predicted=5866608, gold=5,\!866,\!608",False,raw/math_test_counting_probability_384.json
math_test_counting_probability_141,test,counting_probability,Level 5,False,\(\frac{781}{1024}\) or approximately \(0,\frac{781,\frac{781}{1024} or approximately 0,\frac{781,"wrong: predicted=\(\frac{781}{1024}\) or approximately \(0, gold=\frac{781",97,384,209,175,481,stop,deepseek-flash,aeb56401ca74e127821c4f9126dcb669,dca244df9b4bb348c7fdae847635af05de068c65ff27c2b1e33209a213bab565,69a0973c9100092b0d650ba2fffd7ea63494438ec2936a2a6d3987495b3519cc,481,"wrong: predicted=\(\frac{781}{1024}\) or approximately \(0, gold=\frac{781",False,raw/math_test_counting_probability_141.json
math_test_counting_probability_238,test,counting_probability,Level 5,True,\frac{1,\frac{1,\frac{1,\frac{1,correct,103,521,350,171,624,stop,deepseek-flash,aeb56401ca74e127821c4f9126dcb669,5ef43be9ec088034faf9b0ba293516a51921160aa403233dc46c97d7016fbba4,3c9ae24496943ecb50081c000cc695421c52c335cc09afbab1ce6e63adc71c56,624,correct,False,raw/math_test_counting_probability_238.json
math_test_counting_probability_196,test,counting_probability,Level 5,False,4,\pi-2,4,\pi-2,"wrong: predicted=4, gold=\pi-2",104,2048,1765,283,2152,length,deepseek-flash,aeb56401ca74e127821c4f9126dcb669,3cd4e084992c0b1f4cff1b5d2d6d52cc24b77a9945039a5cd545ed3c2656a89f,497f307dee4e87b6dcde12f6eb8cc16aa657a013953424ecc0b3654a11d58608,2152,"wrong: predicted=4, gold=\pi-2",False,raw/math_test_counting_probability_196.json
math_test_counting_probability_353,test,counting_probability,Level 5,False,,\frac{1,,\frac{1,"wrong: predicted=, gold=\frac{1",209,2048,2048,0,2257,length,deepseek-flash,aeb56401ca74e127821c4f9126dcb669,1afc6acf095d0e92eafadc9d08097dcfe09eae5b6cadda758a70189740e0b6c3,c40bee65145912ff599c0a8964237ede768f66c5815769f236b6d652ce4d3c42,0,error: OpenRouter returned empty content.,True,raw/math_test_counting_probability_353.json
math_test_counting_probability_412,test,counting_probability,Level 5,False,4,14,4,14,"wrong: predicted=4, gold=14",80,2048,2012,36,2128,length,deepseek-flash,aeb56401ca74e127821c4f9126dcb669,f1e57f386fc65dcac180a03d7760718d40a8aee8f2d45631d66e8c6d4e420cce,bb376318817d841687552aa2ae12cd8be93fe8c69e04ce841dd36d1c55400c58,2128,"wrong: predicted=4, gold=14",False,raw/math_test_counting_probability_412.json
math_test_counting_probability_235,test,counting_probability,Level 5,False,\(\frac{73}{100}\),\frac{73,\frac{73}{100},\frac{73,"wrong: predicted=\(\frac{73}{100}\), gold=\frac{73",100,620,342,278,720,stop,deepseek-flash,aeb56401ca74e127821c4f9126dcb669,ee6562752b7b504a8ba9161bf2b97a36816c722ac844743f3906556a2b343726,1dbdcc269ce50985835f3e1b3017424529147b938dadaea6a46c1b703611f86d,720,"wrong: predicted=\(\frac{73}{100}\), gold=\frac{73",False,raw/math_test_counting_probability_235.json
math_test_counting_probability_293,test,counting_probability,Level 5,True,968,968,968,968,correct,88,334,181,153,422,stop,deepseek-flash,aeb56401ca74e127821c4f9126dcb669,90deccce8dcd7f630e494973deb93d95ad7622c9107844a9c58215e3793c8a4f,1a131adf4182995f5638b9930beae834ef17fa8ade67b79516e26498bb2ac09c,422,correct,False,raw/math_test_counting_probability_293.json
math_test_counting_probability_108,test,counting_probability,Level 5,True,\frac{2,\frac{2,\frac{2,\frac{2,correct,120,838,448,390,958,stop,deepseek-flash,aeb56401ca74e127821c4f9126dcb669,ecd7af6ecde3d9ad6b809123490896a2c197767181d83a81ec3a4a1474df73d7,e65ef9ea8806807171f939fdadd688a24095c9c5f3e0b8dffc01fdf32ee63ade,958,correct,False,raw/math_test_counting_probability_108.json
math_test_counting_probability_445,test,counting_probability,Level 5,True,35,35,35,35,correct,85,869,521,348,954,stop,deepseek-flash,aeb56401ca74e127821c4f9126dcb669,8bf433016308c7749efc6c91d6d1d30bd028fce38c2566b4977b54c849fed821,7565dccdf1121e858b2c58bb38932f9965547ad06fea8d6e8d38953dd3181c44,954,correct,False,raw/math_test_counting_probability_445.json
math_test_counting_probability_239,test,counting_probability,Level 5,True,36,36,36,36,correct,91,684,553,131,775,stop,deepseek-flash,aeb56401ca74e127821c4f9126dcb669,691eef51ca6d15c9e8eb48df3a65bb8984ffacdfb88417b2f28048d73c5b89a0,938be4a39ac47592b4864045fc40f2611d89d28d1114a93724948b9c0fcc18da,775,correct,False,raw/math_test_counting_probability_239.json
math_test_counting_probability_257,test,counting_probability,Level 5,True,70,70,70,70,correct,108,796,728,68,904,stop,deepseek-flash,aeb56401ca74e127821c4f9126dcb669,b6b8c747ad6bc5da907b46846a03f4cffac5dcf22a3b4d0d22062186a9702b05,2fb3f403c6fe36839f3cba788fbd0923e53f5553ee046b59368c35dc2497087b,904,correct,False,raw/math_test_counting_probability_257.json
math_test_counting_probability_443,test,counting_probability,Level 5,False,\(\frac{52}{3}\),\frac{52,\frac{52}{3},\frac{52,"wrong: predicted=\(\frac{52}{3}\), gold=\frac{52",98,787,561,226,885,stop,deepseek-flash,aeb56401ca74e127821c4f9126dcb669,5f725124fa58ab50c92c4739da0425160b34f8754910be7c9fdb15239acb0503,7287c734f39e0efbf821bef511115467f2f3eb431d463138dc2482ecd6c55c3a,885,"wrong: predicted=\(\frac{52}{3}\), gold=\frac{52",False,raw/math_test_counting_probability_443.json
math_test_counting_probability_126,test,counting_probability,Level 5,False,,50,,50,"wrong: predicted=, gold=50",188,2048,2048,0,2236,length,deepseek-flash,aeb56401ca74e127821c4f9126dcb669,a41745dbacee97fb22eb9b77485712e0d7f4b8469ef253993a83a171799b0c5a,d2bbd629a4bc06c577ddfc1affbc11948177f4192e5b2b489c15286a43452f59,0,error: OpenRouter returned empty content.,True,raw/math_test_counting_probability_126.json
math_test_counting_probability_98,test,counting_probability,Level 5,False,\(\frac12\),\frac{1,\frac12,\frac{1,"wrong: predicted=\(\frac12\), gold=\frac{1",101,1456,1177,279,1557,stop,deepseek-flash,aeb56401ca74e127821c4f9126dcb669,1f31e4827fcdbd37e12e8bcaae5ea2dc73ae8ef952176fd0256bc9f38f590f0a,df88651275dcef3258cd4f4739cadfa51c785f064a38c10bb22f98ab865293a2,1557,"wrong: predicted=\(\frac12\), gold=\frac{1",False,raw/math_test_counting_probability_98.json
math_test_counting_probability_425,test,counting_probability,Level 5,True,540,540,540,540,correct,161,1111,901,210,1272,stop,deepseek-flash,aeb56401ca74e127821c4f9126dcb669,f7ee1db93b6aedecb13f734dbd04f418d24a348d28d0758be607a7867b295414,8ae040ee68cffc4cedcb68d1197f80b9e7c9968c0ce116025a9294a9d3397aaa,1272,correct,False,raw/math_test_counting_probability_425.json
math_test_counting_probability_5,test,counting_probability,Level 5,True,25,25,25,25,correct,106,538,288,250,644,stop,deepseek-flash,aeb56401ca74e127821c4f9126dcb669,2576ad98d4d512b97c6292b6772c4c787b64dc5030a6093500f6465a950e4337,3504fc2195c8a1498b84d67fc92aca38ded423b3e9454e4a65365d9e2bbad532,644,correct,False,raw/math_test_counting_probability_5.json
math_test_counting_probability_208,test,counting_probability,Level 5,False,\(\frac{40}{243}\),\frac{40,\frac{40}{243},\frac{40,"wrong: predicted=\(\frac{40}{243}\), gold=\frac{40",91,290,126,164,381,stop,deepseek-flash,aeb56401ca74e127821c4f9126dcb669,9a13a7ba147976931170ac6c04163a17fa01392913e42b78eb9c45f9bdf851d9,9396d596d16731f2d43ef7c405278fd46a25217703af0832e4364521353b03ff,381,"wrong: predicted=\(\frac{40}{243}\), gold=\frac{40",False,raw/math_test_counting_probability_208.json
math_test_counting_probability_61,test,counting_probability,Level 5,False,$15,\$15.48,15,\15.48,"wrong: predicted=$15, gold=\$15.48",230,762,569,193,992,stop,deepseek-flash,aeb56401ca74e127821c4f9126dcb669,665871b0ec735ede6f93ed6cd5bd7520bd26ab973c7fa3d323cc2cf7ef1c31e2,d4f87e1435586248872d3b6c7368b39fd38696ae1e2acc02861724d19c3769f1,992,"wrong: predicted=$15, gold=\$15.48",False,raw/math_test_counting_probability_61.json
math_test_counting_probability_7,test,counting_probability,Level 5,True,28,28,28,28,correct,117,225,73,152,342,stop,deepseek-flash,aeb56401ca74e127821c4f9126dcb669,20f19f7c0475819d6c402e05f6c2b81dab5ff6d233309b1cab8b6afa1b78d994,1a65dae140057b6228e641d2bb0027344f6cf8f4a0d91b0cb95a7f79cb5ef11e,342,correct,False,raw/math_test_counting_probability_7.json
math_test_counting_probability_73,test,counting_probability,Level 5,True,\frac{5,\dfrac{5,\frac{5,\frac{5,correct,98,486,274,212,584,stop,deepseek-flash,aeb56401ca74e127821c4f9126dcb669,dc455a01e14b5d15bdb1fe8b16903dff541620bc652526e89068539870ece155,b917ffa0dd5e551bc60e81cd0f62380f5cde22064ca28527b6a552e142fb12ca,584,correct,False,raw/math_test_counting_probability_73.json
math_test_counting_probability_411,test,counting_probability,Level 5,False,\(\frac{12}{5525}\),\frac{12,\frac{12}{5525},\frac{12,"wrong: predicted=\(\frac{12}{5525}\), gold=\frac{12",131,1135,978,157,1266,stop,deepseek-flash,aeb56401ca74e127821c4f9126dcb669,53346bc9dcdb35456536bb5b951b922d8b39161b1c3ef60bc65cd06a3ee61d79,cb46a0293c9e51c9e5e05dc682b0e47a2b53f950f726eb74383aa35fb36f2749,1266,"wrong: predicted=\(\frac{12}{5525}\), gold=\frac{12",False,raw/math_test_counting_probability_411.json
math_test_counting_probability_397,test,counting_probability,Level 5,True,\frac{13,\frac{13,\frac{13,\frac{13,correct,155,1421,1097,324,1576,stop,deepseek-flash,aeb56401ca74e127821c4f9126dcb669,ad138b920066499c83d238376b669566e50e3e52bd0638c7ff94663e3460cdf8,93582b22646afae4c0b00949d0eba84bb266874feb6a2b5300ce815c116c0b19,1576,correct,False,raw/math_test_counting_probability_397.json
math_test_counting_probability_347,test,counting_probability,Level 5,False,\(\frac{5}{12}\),\dfrac{5,\frac{5}{12},\frac{5,"wrong: predicted=\(\frac{5}{12}\), gold=\dfrac{5",124,428,189,239,552,stop,deepseek-flash,aeb56401ca74e127821c4f9126dcb669,c24ffb23f5230936a3b54d2a9e1a87ed55f113f38c5c4f8ffcf37e16382f0857,5b57a0af5509c13b167fb4881f7cf093117171467f63d5e3f0249464b5ea536f,552,"wrong: predicted=\(\frac{5}{12}\), gold=\dfrac{5",False,raw/math_test_counting_probability_347.json
math_test_counting_probability_429,test,counting_probability,Level 5,True,16,16,16,16,correct,106,1548,1326,222,1654,stop,deepseek-flash,aeb56401ca74e127821c4f9126dcb669,a1a898e897963604827c2b6c846d87f49d32f15a9f26208c486097bb517fad68,0dbf6c1cd17bc79a450208ee0273475780d38576b90ce218b7e5c791cf55ec58,1654,correct,False,raw/math_test_counting_probability_429.json
math_test_counting_probability_289,test,counting_probability,Level 5,True,\frac{59,\frac{59,\frac{59,\frac{59,correct,108,549,249,300,657,stop,deepseek-flash,aeb56401ca74e127821c4f9126dcb669,b89533121e9c73b3048c3065e4056d3aeb3d3a8e4fc572407754cc88b37a3604,bac98e454ca2384b34338ceeabf1b18eae79812efabca729471820779124b09d,657,correct,False,raw/math_test_counting_probability_289.json
math_test_counting_probability_346,test,counting_probability,Level 5,False,\(\frac{5}{7}\),\dfrac{5,\frac{5}{7},\frac{5,"wrong: predicted=\(\frac{5}{7}\), gold=\dfrac{5",87,378,215,163,465,stop,deepseek-flash,aeb56401ca74e127821c4f9126dcb669,4621283d717c01d6665d2c9b58ddd70027535a92e7ee97949cdd92ec6b1f1d2d,85dedf069ec49ef461acc10d97cf93064f6ec4c6268dae9d49f81c5a060a3cd6,465,"wrong: predicted=\(\frac{5}{7}\), gold=\dfrac{5",False,raw/math_test_counting_probability_346.json
math_test_counting_probability_328,test,counting_probability,Level 5,False,,\frac{35,,\frac{35,"wrong: predicted=, gold=\frac{35",649,2048,2048,0,2697,length,deepseek-flash,aeb56401ca74e127821c4f9126dcb669,d16d6582091a84fad70338d8af2d8408e66331cfaaaa889a99fe4e0453443c3e,1222680d33ced4a3be8d0d16e7fe7bd21f28fbea23f1ccb754fcd6b9108b6f5f,0,error: OpenRouter returned empty content.,True,raw/math_test_counting_probability_328.json
math_test_counting_probability_473,test,counting_probability,Level 5,False,\frac34,\frac{3,\frac34,\frac{3,"wrong: predicted=\frac34, gold=\frac{3",130,1448,920,528,1578,stop,deepseek-flash,aeb56401ca74e127821c4f9126dcb669,50411bc5c4a8c2ab5e12d92413f72c275a593bb95d396253e26e12d641adbff5,49c4c1098b4d9979d991a5ed2b8468cdd6a3aba19edc2bb4367c236d9facbd4f,1578,"wrong: predicted=\frac34, gold=\frac{3",False,raw/math_test_counting_probability_473.json
math_test_counting_probability_59,test,counting_probability,Level 5,True,\frac{1,\frac{1,\frac{1,\frac{1,correct,93,476,334,142,569,stop,deepseek-flash,aeb56401ca74e127821c4f9126dcb669,ead43fe88a69871ff17299711046d6ef1485098960c25933fad2b3d2b66329f6,8564e63fd240ddca3c3ee85fb77e2c2d9d29de61197d04d7353571a438652cf3,569,correct,False,raw/math_test_counting_probability_59.json
math_test_counting_probability_244,test,counting_probability,Level 5,True,4,4,4,4,correct,92,427,342,85,519,stop,deepseek-flash,aeb56401ca74e127821c4f9126dcb669,28e4cb67d833a2a0bed087d6f2753940fbc6f34b57a2ba7768198b97d4042df4,d4027841aa9991f12880a59476da118890084fa920531bf43ff6a3f85fa55436,519,correct,False,raw/math_test_counting_probability_244.json
math_test_counting_probability_277,test,counting_probability,Level 5,False,\(\frac{80}{243}\),\frac{80,\frac{80}{243},\frac{80,"wrong: predicted=\(\frac{80}{243}\), gold=\frac{80",82,366,192,174,448,stop,deepseek-flash,aeb56401ca74e127821c4f9126dcb669,2279706e400749a064da1c7a91918de68e18ba6eb00d85f409df849bc34039bd,6646938d354994ac211b58285647d9e8734568bdecc127f57b23052d4ab9832e,448,"wrong: predicted=\(\frac{80}{243}\), gold=\frac{80",False,raw/math_test_counting_probability_277.json
math_test_counting_probability_416,test,counting_probability,Level 5,True,\frac{1,\frac{1,\frac{1,\frac{1,correct,98,855,701,154,953,stop,deepseek-flash,aeb56401ca74e127821c4f9126dcb669,10be220389105f7c0f7cc4f7a9b99d99d70566d267c98ed0e99b54ca3088dac3,3b2a5fd731a9f33631e63791023b6c61dd2071370e27b1bc69ca1559e8fbbf3b,953,correct,False,raw/math_test_counting_probability_416.json
math_test_counting_probability_32,test,counting_probability,Level 5,False,\frac58,\frac{5,\frac58,\frac{5,"wrong: predicted=\frac58, gold=\frac{5",102,540,273,267,642,stop,deepseek-flash,aeb56401ca74e127821c4f9126dcb669,f3142d071d7a33a3ae376d1cd979c8689188e868a5c4fd7deb699c6e6145b9ba,6571552190f1052dec9b05eb1e3bb526f847da441f0ea5eb60dc8a583cc9ee56,642,"wrong: predicted=\frac58, gold=\frac{5",False,raw/math_test_counting_probability_32.json
math_test_counting_probability_368,test,counting_probability,Level 5,True,110,110,110,110,correct,135,1976,1730,246,2111,stop,deepseek-flash,aeb56401ca74e127821c4f9126dcb669,ba24f4f9f437e80492d522c90352381bdad931e5b9eeb5ae4eb2c6b4532ed0be,29654eb3e6a18a6874322a92ebdf16977706944e0ba6fb3e72d87f93d4afdad9,2111,correct,False,raw/math_test_counting_probability_368.json
math_test_counting_probability_203,test,counting_probability,Level 5,True,\frac{27,\frac{27,\frac{27,\frac{27,correct,166,846,610,236,1012,stop,deepseek-flash,aeb56401ca74e127821c4f9126dcb669,cfe1a9f3e439678aefddcf7658329f2a81847a5447e582b579d7299f6fcf3374,f1a91bc6a7c62ed1fee53519abfa69b8631d5a506517dd6d2d039cb32f321b54,1012,correct,False,raw/math_test_counting_probability_203.json
math_test_counting_probability_410,test,counting_probability,Level 5,False,\(\frac{23}{36}\),\frac{23,\frac{23}{36},\frac{23,"wrong: predicted=\(\frac{23}{36}\), gold=\frac{23",88,695,476,219,783,stop,deepseek-flash,aeb56401ca74e127821c4f9126dcb669,aeccbb2f7c8ae0ab77a7aa9367b21422843afab4ce2878f6a5f0b68149409b43,6c274af607895cd670c230040e01524adbf06bd9438e7793602e3af14cf0f44f,783,"wrong: predicted=\(\frac{23}{36}\), gold=\frac{23",False,raw/math_test_counting_probability_410.json
