task_id,subject,level,A_original_correct,B_rescored_correct,C_composite_correct,original_answer,rescored_answer,selected_answer,B_status,C_status,C_source,C_budget,original_input_tokens,original_output_tokens,original_total_tokens,selected_input_tokens,selected_output_tokens,selected_total_tokens,model,temperature,endpoint,evaluator_sha256,reference_commit
math_test_algebra_1008,algebra,Level 1,True,True,True,1,1,1,symbolic,symbolic,evidence/baseline_500.json#math_test_algebra_1008,4096,78,441,519,78,441,519,deepseek-flash,0.0,https://api.deepseek.com/chat/completions,f6a583a12f4224ef3a07a9a76f7ba1895d268f7aa8ca31b1c1caac595cd0a4e8,6acc7335bbe6b731ef3e387d573b6689b90c0550
math_test_algebra_1012,algebra,Level 2,True,True,True,0,0,0,symbolic,symbolic,evidence/baseline_500.json#math_test_algebra_1012,4096,74,319,393,74,319,393,deepseek-flash,0.0,https://api.deepseek.com/chat/completions,f6a583a12f4224ef3a07a9a76f7ba1895d268f7aa8ca31b1c1caac595cd0a4e8,6acc7335bbe6b731ef3e387d573b6689b90c0550
math_test_algebra_1031,algebra,Level 3,True,True,True,19,19,19,symbolic,symbolic,evidence/baseline_500.json#math_test_algebra_1031,4096,80,167,247,80,167,247,deepseek-flash,0.0,https://api.deepseek.com/chat/completions,f6a583a12f4224ef3a07a9a76f7ba1895d268f7aa8ca31b1c1caac595cd0a4e8,6acc7335bbe6b731ef3e387d573b6689b90c0550
math_test_algebra_1033,algebra,Level 4,True,True,True,3.21,3.21,3.21,symbolic,symbolic,evidence/baseline_500.json#math_test_algebra_1033,4096,106,260,366,106,260,366,deepseek-flash,0.0,https://api.deepseek.com/chat/completions,f6a583a12f4224ef3a07a9a76f7ba1895d268f7aa8ca31b1c1caac595cd0a4e8,6acc7335bbe6b731ef3e387d573b6689b90c0550
math_test_algebra_1041,algebra,Level 4,True,True,True,11,11,11,symbolic,symbolic,evidence/baseline_500.json#math_test_algebra_1041,4096,97,310,407,97,310,407,deepseek-flash,0.0,https://api.deepseek.com/chat/completions,f6a583a12f4224ef3a07a9a76f7ba1895d268f7aa8ca31b1c1caac595cd0a4e8,6acc7335bbe6b731ef3e387d573b6689b90c0550
math_test_algebra_1046,algebra,Level 3,True,True,True,36,36,36,symbolic,symbolic,evidence/baseline_500.json#math_test_algebra_1046,4096,77,2126,2203,77,2126,2203,deepseek-flash,0.0,https://api.deepseek.com/chat/completions,f6a583a12f4224ef3a07a9a76f7ba1895d268f7aa8ca31b1c1caac595cd0a4e8,6acc7335bbe6b731ef3e387d573b6689b90c0550
math_test_algebra_1047,algebra,Level 4,True,True,True,9,9,9,symbolic,symbolic,evidence/baseline_500.json#math_test_algebra_1047,4096,130,1639,1769,130,1639,1769,deepseek-flash,0.0,https://api.deepseek.com/chat/completions,f6a583a12f4224ef3a07a9a76f7ba1895d268f7aa8ca31b1c1caac595cd0a4e8,6acc7335bbe6b731ef3e387d573b6689b90c0550
math_test_algebra_1050,algebra,Level 2,True,True,True,2,2,2,symbolic,symbolic,evidence/baseline_500.json#math_test_algebra_1050,4096,88,119,207,88,119,207,deepseek-flash,0.0,https://api.deepseek.com/chat/completions,f6a583a12f4224ef3a07a9a76f7ba1895d268f7aa8ca31b1c1caac595cd0a4e8,6acc7335bbe6b731ef3e387d573b6689b90c0550
math_test_algebra_1074,algebra,Level 5,True,True,True,19,19,19,symbolic,symbolic,evidence/baseline_500.json#math_test_algebra_1074,4096,157,715,872,157,715,872,deepseek-flash,0.0,https://api.deepseek.com/chat/completions,f6a583a12f4224ef3a07a9a76f7ba1895d268f7aa8ca31b1c1caac595cd0a4e8,6acc7335bbe6b731ef3e387d573b6689b90c0550
math_test_algebra_1077,algebra,Level 5,True,True,True,221,221,221,symbolic,symbolic,evidence/baseline_500.json#math_test_algebra_1077,4096,140,388,528,140,388,528,deepseek-flash,0.0,https://api.deepseek.com/chat/completions,f6a583a12f4224ef3a07a9a76f7ba1895d268f7aa8ca31b1c1caac595cd0a4e8,6acc7335bbe6b731ef3e387d573b6689b90c0550
math_test_algebra_1079,algebra,Level 1,True,True,True,5000,5000,5000,symbolic,symbolic,evidence/baseline_500.json#math_test_algebra_1079,4096,71,88,159,71,88,159,deepseek-flash,0.0,https://api.deepseek.com/chat/completions,f6a583a12f4224ef3a07a9a76f7ba1895d268f7aa8ca31b1c1caac595cd0a4e8,6acc7335bbe6b731ef3e387d573b6689b90c0550
math_test_algebra_1081,algebra,Level 4,True,True,True,2,2,2,symbolic,symbolic,evidence/baseline_500.json#math_test_algebra_1081,4096,154,375,529,154,375,529,deepseek-flash,0.0,https://api.deepseek.com/chat/completions,f6a583a12f4224ef3a07a9a76f7ba1895d268f7aa8ca31b1c1caac595cd0a4e8,6acc7335bbe6b731ef3e387d573b6689b90c0550
math_test_algebra_1088,algebra,Level 5,True,True,True,-2,-2,-2,symbolic,symbolic,evidence/baseline_500.json#math_test_algebra_1088,4096,110,224,334,110,224,334,deepseek-flash,0.0,https://api.deepseek.com/chat/completions,f6a583a12f4224ef3a07a9a76f7ba1895d268f7aa8ca31b1c1caac595cd0a4e8,6acc7335bbe6b731ef3e387d573b6689b90c0550
math_test_algebra_1097,algebra,Level 3,True,True,True,25 feet,25 feet,25 feet,symbolic,symbolic,evidence/baseline_500.json#math_test_algebra_1097,4096,105,388,493,105,388,493,deepseek-flash,0.0,https://api.deepseek.com/chat/completions,f6a583a12f4224ef3a07a9a76f7ba1895d268f7aa8ca31b1c1caac595cd0a4e8,6acc7335bbe6b731ef3e387d573b6689b90c0550
math_test_algebra_1102,algebra,Level 4,True,True,True,16,16,16,symbolic,symbolic,evidence/baseline_500.json#math_test_algebra_1102,4096,117,282,399,117,282,399,deepseek-flash,0.0,https://api.deepseek.com/chat/completions,f6a583a12f4224ef3a07a9a76f7ba1895d268f7aa8ca31b1c1caac595cd0a4e8,6acc7335bbe6b731ef3e387d573b6689b90c0550
math_test_algebra_1107,algebra,Level 4,True,True,True,2,2,2,symbolic,symbolic,evidence/baseline_500.json#math_test_algebra_1107,4096,107,209,316,107,209,316,deepseek-flash,0.0,https://api.deepseek.com/chat/completions,f6a583a12f4224ef3a07a9a76f7ba1895d268f7aa8ca31b1c1caac595cd0a4e8,6acc7335bbe6b731ef3e387d573b6689b90c0550
math_test_algebra_1128,algebra,Level 4,True,True,True,-2,-2,-2,symbolic,symbolic,evidence/baseline_500.json#math_test_algebra_1128,4096,69,378,447,69,378,447,deepseek-flash,0.0,https://api.deepseek.com/chat/completions,f6a583a12f4224ef3a07a9a76f7ba1895d268f7aa8ca31b1c1caac595cd0a4e8,6acc7335bbe6b731ef3e387d573b6689b90c0550
math_test_algebra_1131,algebra,Level 2,True,True,True,"\((-1,6)\)","\((-1,6)\)","\((-1,6)\)",structured,structured,evidence/baseline_500.json#math_test_algebra_1131,4096,88,154,242,88,154,242,deepseek-flash,0.0,https://api.deepseek.com/chat/completions,f6a583a12f4224ef3a07a9a76f7ba1895d268f7aa8ca31b1c1caac595cd0a4e8,6acc7335bbe6b731ef3e387d573b6689b90c0550
math_test_algebra_1145,algebra,Level 4,True,True,True,-1,-1,-1,symbolic,symbolic,evidence/baseline_500.json#math_test_algebra_1145,4096,108,440,548,108,440,548,deepseek-flash,0.0,https://api.deepseek.com/chat/completions,f6a583a12f4224ef3a07a9a76f7ba1895d268f7aa8ca31b1c1caac595cd0a4e8,6acc7335bbe6b731ef3e387d573b6689b90c0550
math_test_algebra_1151,algebra,Level 3,True,True,True,-7,-7,-7,symbolic,symbolic,evidence/baseline_500.json#math_test_algebra_1151,4096,87,130,217,87,130,217,deepseek-flash,0.0,https://api.deepseek.com/chat/completions,f6a583a12f4224ef3a07a9a76f7ba1895d268f7aa8ca31b1c1caac595cd0a4e8,6acc7335bbe6b731ef3e387d573b6689b90c0550
math_test_algebra_1159,algebra,Level 3,True,True,True,-7,-7,-7,symbolic,symbolic,evidence/baseline_500.json#math_test_algebra_1159,4096,93,190,283,93,190,283,deepseek-flash,0.0,https://api.deepseek.com/chat/completions,f6a583a12f4224ef3a07a9a76f7ba1895d268f7aa8ca31b1c1caac595cd0a4e8,6acc7335bbe6b731ef3e387d573b6689b90c0550
math_test_algebra_1163,algebra,Level 4,True,True,True,2,2,2,symbolic,symbolic,evidence/baseline_500.json#math_test_algebra_1163,4096,102,315,417,102,315,417,deepseek-flash,0.0,https://api.deepseek.com/chat/completions,f6a583a12f4224ef3a07a9a76f7ba1895d268f7aa8ca31b1c1caac595cd0a4e8,6acc7335bbe6b731ef3e387d573b6689b90c0550
math_test_algebra_1166,algebra,Level 2,True,True,True,\(0\),\(0\),\(0\),symbolic,symbolic,evidence/baseline_500.json#math_test_algebra_1166,4096,93,257,350,93,257,350,deepseek-flash,0.0,https://api.deepseek.com/chat/completions,f6a583a12f4224ef3a07a9a76f7ba1895d268f7aa8ca31b1c1caac595cd0a4e8,6acc7335bbe6b731ef3e387d573b6689b90c0550
math_test_algebra_1178,algebra,Level 4,True,True,True,2x^3-10x^2-24x+72,2x^3-10x^2-24x+72,2x^3-10x^2-24x+72,symbolic,symbolic,evidence/baseline_500.json#math_test_algebra_1178,4096,71,426,497,71,426,497,deepseek-flash,0.0,https://api.deepseek.com/chat/completions,f6a583a12f4224ef3a07a9a76f7ba1895d268f7aa8ca31b1c1caac595cd0a4e8,6acc7335bbe6b731ef3e387d573b6689b90c0550
math_test_algebra_521,algebra,Level 1,True,True,True,181,181,181,symbolic,symbolic,evidence/baseline_500.json#math_test_algebra_521,4096,73,143,216,73,143,216,deepseek-flash,0.0,https://api.deepseek.com/chat/completions,f6a583a12f4224ef3a07a9a76f7ba1895d268f7aa8ca31b1c1caac595cd0a4e8,6acc7335bbe6b731ef3e387d573b6689b90c0550
math_test_algebra_543,algebra,Level 3,True,True,True,125.5,125.5,125.5,symbolic,symbolic,evidence/baseline_500.json#math_test_algebra_543,4096,80,131,211,80,131,211,deepseek-flash,0.0,https://api.deepseek.com/chat/completions,f6a583a12f4224ef3a07a9a76f7ba1895d268f7aa8ca31b1c1caac595cd0a4e8,6acc7335bbe6b731ef3e387d573b6689b90c0550
math_test_algebra_553,algebra,Level 5,True,True,True,"\((-\infty,-14)\cup(-3,\infty)\)","\((-\infty,-14)\cup(-3,\infty)\)","\((-\infty,-14)\cup(-3,\infty)\)",structured,structured,evidence/baseline_500.json#math_test_algebra_553,4096,91,558,649,91,558,649,deepseek-flash,0.0,https://api.deepseek.com/chat/completions,f6a583a12f4224ef3a07a9a76f7ba1895d268f7aa8ca31b1c1caac595cd0a4e8,6acc7335bbe6b731ef3e387d573b6689b90c0550
math_test_algebra_555,algebra,Level 2,True,True,True,9,9,9,symbolic,symbolic,evidence/baseline_500.json#math_test_algebra_555,4096,80,158,238,80,158,238,deepseek-flash,0.0,https://api.deepseek.com/chat/completions,f6a583a12f4224ef3a07a9a76f7ba1895d268f7aa8ca31b1c1caac595cd0a4e8,6acc7335bbe6b731ef3e387d573b6689b90c0550
math_test_algebra_569,algebra,Level 3,True,True,True,"\(-4, 4\)","\(-4, 4\)","\(-4, 4\)",structured,structured,evidence/baseline_500.json#math_test_algebra_569,4096,84,246,330,84,246,330,deepseek-flash,0.0,https://api.deepseek.com/chat/completions,f6a583a12f4224ef3a07a9a76f7ba1895d268f7aa8ca31b1c1caac595cd0a4e8,6acc7335bbe6b731ef3e387d573b6689b90c0550
math_test_algebra_587,algebra,Level 2,True,True,True,4,4,4,symbolic,symbolic,evidence/baseline_500.json#math_test_algebra_587,4096,93,143,236,93,143,236,deepseek-flash,0.0,https://api.deepseek.com/chat/completions,f6a583a12f4224ef3a07a9a76f7ba1895d268f7aa8ca31b1c1caac595cd0a4e8,6acc7335bbe6b731ef3e387d573b6689b90c0550
math_test_algebra_595,algebra,Level 5,True,True,True,41,41,41,symbolic,symbolic,evidence/baseline_500.json#math_test_algebra_595,4096,866,1558,2424,866,1558,2424,deepseek-flash,0.0,https://api.deepseek.com/chat/completions,f6a583a12f4224ef3a07a9a76f7ba1895d268f7aa8ca31b1c1caac595cd0a4e8,6acc7335bbe6b731ef3e387d573b6689b90c0550
math_test_algebra_600,algebra,Level 5,True,True,True,"\((7,6)\)","\((7,6)\)","\((7,6)\)",structured,structured,evidence/baseline_500.json#math_test_algebra_600,4096,117,826,943,117,826,943,deepseek-flash,0.0,https://api.deepseek.com/chat/completions,f6a583a12f4224ef3a07a9a76f7ba1895d268f7aa8ca31b1c1caac595cd0a4e8,6acc7335bbe6b731ef3e387d573b6689b90c0550
math_test_algebra_602,algebra,Level 2,True,True,True,65,65,65,symbolic,symbolic,evidence/baseline_500.json#math_test_algebra_602,4096,132,214,346,132,214,346,deepseek-flash,0.0,https://api.deepseek.com/chat/completions,f6a583a12f4224ef3a07a9a76f7ba1895d268f7aa8ca31b1c1caac595cd0a4e8,6acc7335bbe6b731ef3e387d573b6689b90c0550
math_test_algebra_605,algebra,Level 2,True,True,True,-6,-6,-6,symbolic,symbolic,evidence/baseline_500.json#math_test_algebra_605,4096,84,137,221,84,137,221,deepseek-flash,0.0,https://api.deepseek.com/chat/completions,f6a583a12f4224ef3a07a9a76f7ba1895d268f7aa8ca31b1c1caac595cd0a4e8,6acc7335bbe6b731ef3e387d573b6689b90c0550
math_test_algebra_631,algebra,Level 5,True,True,True,1,1,1,symbolic,symbolic,evidence/baseline_500.json#math_test_algebra_631,4096,108,821,929,108,821,929,deepseek-flash,0.0,https://api.deepseek.com/chat/completions,f6a583a12f4224ef3a07a9a76f7ba1895d268f7aa8ca31b1c1caac595cd0a4e8,6acc7335bbe6b731ef3e387d573b6689b90c0550
math_test_algebra_662,algebra,Level 5,True,True,True,5,5,5,symbolic,symbolic,evidence/baseline_500.json#math_test_algebra_662,4096,120,762,882,120,762,882,deepseek-flash,0.0,https://api.deepseek.com/chat/completions,f6a583a12f4224ef3a07a9a76f7ba1895d268f7aa8ca31b1c1caac595cd0a4e8,6acc7335bbe6b731ef3e387d573b6689b90c0550
math_test_algebra_672,algebra,Level 2,True,True,True,17,17,17,symbolic,symbolic,evidence/baseline_500.json#math_test_algebra_672,4096,92,308,400,92,308,400,deepseek-flash,0.0,https://api.deepseek.com/chat/completions,f6a583a12f4224ef3a07a9a76f7ba1895d268f7aa8ca31b1c1caac595cd0a4e8,6acc7335bbe6b731ef3e387d573b6689b90c0550
math_test_algebra_673,algebra,Level 1,False,True,True,2000 calories,2000 calories,2000 calories,symbolic,symbolic,evidence/baseline_500.json#math_test_algebra_673,4096,94,161,255,94,161,255,deepseek-flash,0.0,https://api.deepseek.com/chat/completions,f6a583a12f4224ef3a07a9a76f7ba1895d268f7aa8ca31b1c1caac595cd0a4e8,6acc7335bbe6b731ef3e387d573b6689b90c0550
math_test_algebra_679,algebra,Level 4,True,True,True,194,194,194,symbolic,symbolic,evidence/baseline_500.json#math_test_algebra_679,4096,80,373,453,80,373,453,deepseek-flash,0.0,https://api.deepseek.com/chat/completions,f6a583a12f4224ef3a07a9a76f7ba1895d268f7aa8ca31b1c1caac595cd0a4e8,6acc7335bbe6b731ef3e387d573b6689b90c0550
math_test_algebra_698,algebra,Level 2,True,True,True,10,10,10,symbolic,symbolic,evidence/baseline_500.json#math_test_algebra_698,4096,115,408,523,115,408,523,deepseek-flash,0.0,https://api.deepseek.com/chat/completions,f6a583a12f4224ef3a07a9a76f7ba1895d268f7aa8ca31b1c1caac595cd0a4e8,6acc7335bbe6b731ef3e387d573b6689b90c0550
math_test_algebra_701,algebra,Level 3,True,True,True,4,4,4,symbolic,symbolic,evidence/baseline_500.json#math_test_algebra_701,4096,83,512,595,83,512,595,deepseek-flash,0.0,https://api.deepseek.com/chat/completions,f6a583a12f4224ef3a07a9a76f7ba1895d268f7aa8ca31b1c1caac595cd0a4e8,6acc7335bbe6b731ef3e387d573b6689b90c0550
math_test_algebra_707,algebra,Level 5,True,True,True,\(-\frac34\),\(-\frac34\),\(-\frac34\),symbolic,symbolic,evidence/baseline_500.json#math_test_algebra_707,4096,109,285,394,109,285,394,deepseek-flash,0.0,https://api.deepseek.com/chat/completions,f6a583a12f4224ef3a07a9a76f7ba1895d268f7aa8ca31b1c1caac595cd0a4e8,6acc7335bbe6b731ef3e387d573b6689b90c0550
math_test_algebra_708,algebra,Level 5,True,True,True,"\([0,1)\)","\([0,1)\)","\([0,1)\)",structured,structured,evidence/baseline_500.json#math_test_algebra_708,4096,98,350,448,98,350,448,deepseek-flash,0.0,https://api.deepseek.com/chat/completions,f6a583a12f4224ef3a07a9a76f7ba1895d268f7aa8ca31b1c1caac595cd0a4e8,6acc7335bbe6b731ef3e387d573b6689b90c0550
math_test_algebra_714,algebra,Level 5,True,True,True,6,6,6,symbolic,symbolic,evidence/baseline_500.json#math_test_algebra_714,4096,215,399,614,215,399,614,deepseek-flash,0.0,https://api.deepseek.com/chat/completions,f6a583a12f4224ef3a07a9a76f7ba1895d268f7aa8ca31b1c1caac595cd0a4e8,6acc7335bbe6b731ef3e387d573b6689b90c0550
math_test_algebra_721,algebra,Level 3,True,True,True,54,54,54,symbolic,symbolic,evidence/baseline_500.json#math_test_algebra_721,4096,137,508,645,137,508,645,deepseek-flash,0.0,https://api.deepseek.com/chat/completions,f6a583a12f4224ef3a07a9a76f7ba1895d268f7aa8ca31b1c1caac595cd0a4e8,6acc7335bbe6b731ef3e387d573b6689b90c0550
math_test_algebra_738,algebra,Level 1,True,True,True,10,10,10,symbolic,symbolic,evidence/baseline_500.json#math_test_algebra_738,4096,117,202,319,117,202,319,deepseek-flash,0.0,https://api.deepseek.com/chat/completions,f6a583a12f4224ef3a07a9a76f7ba1895d268f7aa8ca31b1c1caac595cd0a4e8,6acc7335bbe6b731ef3e387d573b6689b90c0550
math_test_algebra_739,algebra,Level 4,True,True,True,2,2,2,symbolic,symbolic,evidence/baseline_500.json#math_test_algebra_739,4096,87,580,667,87,580,667,deepseek-flash,0.0,https://api.deepseek.com/chat/completions,f6a583a12f4224ef3a07a9a76f7ba1895d268f7aa8ca31b1c1caac595cd0a4e8,6acc7335bbe6b731ef3e387d573b6689b90c0550
math_test_algebra_740,algebra,Level 5,True,True,True,7,7,7,symbolic,symbolic,evidence/baseline_500.json#math_test_algebra_740,4096,127,384,511,127,384,511,deepseek-flash,0.0,https://api.deepseek.com/chat/completions,f6a583a12f4224ef3a07a9a76f7ba1895d268f7aa8ca31b1c1caac595cd0a4e8,6acc7335bbe6b731ef3e387d573b6689b90c0550
math_test_algebra_741,algebra,Level 3,True,True,True,\(-4\),\(-4\),\(-4\),symbolic,symbolic,evidence/baseline_500.json#math_test_algebra_741,4096,91,175,266,91,175,266,deepseek-flash,0.0,https://api.deepseek.com/chat/completions,f6a583a12f4224ef3a07a9a76f7ba1895d268f7aa8ca31b1c1caac595cd0a4e8,6acc7335bbe6b731ef3e387d573b6689b90c0550
math_test_algebra_757,algebra,Level 3,True,True,True,\(\frac{14}{3}\),\(\frac{14}{3}\),\(\frac{14}{3}\),symbolic,symbolic,evidence/baseline_500.json#math_test_algebra_757,4096,101,259,360,101,259,360,deepseek-flash,0.0,https://api.deepseek.com/chat/completions,f6a583a12f4224ef3a07a9a76f7ba1895d268f7aa8ca31b1c1caac595cd0a4e8,6acc7335bbe6b731ef3e387d573b6689b90c0550
math_test_algebra_766,algebra,Level 3,True,True,True,27,27,27,symbolic,symbolic,evidence/baseline_500.json#math_test_algebra_766,4096,91,324,415,91,324,415,deepseek-flash,0.0,https://api.deepseek.com/chat/completions,f6a583a12f4224ef3a07a9a76f7ba1895d268f7aa8ca31b1c1caac595cd0a4e8,6acc7335bbe6b731ef3e387d573b6689b90c0550
math_test_algebra_768,algebra,Level 5,True,True,True,32,32,32,symbolic,symbolic,evidence/baseline_500.json#math_test_algebra_768,4096,105,579,684,105,579,684,deepseek-flash,0.0,https://api.deepseek.com/chat/completions,f6a583a12f4224ef3a07a9a76f7ba1895d268f7aa8ca31b1c1caac595cd0a4e8,6acc7335bbe6b731ef3e387d573b6689b90c0550
math_test_algebra_770,algebra,Level 5,True,True,True,12,12,12,symbolic,symbolic,evidence/baseline_500.json#math_test_algebra_770,4096,129,717,846,129,717,846,deepseek-flash,0.0,https://api.deepseek.com/chat/completions,f6a583a12f4224ef3a07a9a76f7ba1895d268f7aa8ca31b1c1caac595cd0a4e8,6acc7335bbe6b731ef3e387d573b6689b90c0550
math_test_algebra_779,algebra,Level 4,True,True,True,1024,1024,1024,symbolic,symbolic,evidence/baseline_500.json#math_test_algebra_779,4096,86,255,341,86,255,341,deepseek-flash,0.0,https://api.deepseek.com/chat/completions,f6a583a12f4224ef3a07a9a76f7ba1895d268f7aa8ca31b1c1caac595cd0a4e8,6acc7335bbe6b731ef3e387d573b6689b90c0550
math_test_algebra_781,algebra,Level 3,True,True,True,6,6,6,symbolic,symbolic,evidence/baseline_500.json#math_test_algebra_781,4096,236,349,585,236,349,585,deepseek-flash,0.0,https://api.deepseek.com/chat/completions,f6a583a12f4224ef3a07a9a76f7ba1895d268f7aa8ca31b1c1caac595cd0a4e8,6acc7335bbe6b731ef3e387d573b6689b90c0550
math_test_algebra_793,algebra,Level 5,True,True,True,3,3,3,symbolic,symbolic,evidence/baseline_500.json#math_test_algebra_793,4096,154,516,670,154,516,670,deepseek-flash,0.0,https://api.deepseek.com/chat/completions,f6a583a12f4224ef3a07a9a76f7ba1895d268f7aa8ca31b1c1caac595cd0a4e8,6acc7335bbe6b731ef3e387d573b6689b90c0550
math_test_algebra_799,algebra,Level 2,True,True,True,\(x=0\),\(x=0\),\(x=0\),symbolic,symbolic,evidence/baseline_500.json#math_test_algebra_799,4096,82,288,370,82,288,370,deepseek-flash,0.0,https://api.deepseek.com/chat/completions,f6a583a12f4224ef3a07a9a76f7ba1895d268f7aa8ca31b1c1caac595cd0a4e8,6acc7335bbe6b731ef3e387d573b6689b90c0550
math_test_algebra_836,algebra,Level 3,True,True,True,\(-56\),\(-56\),\(-56\),symbolic,symbolic,evidence/baseline_500.json#math_test_algebra_836,4096,74,147,221,74,147,221,deepseek-flash,0.0,https://api.deepseek.com/chat/completions,f6a583a12f4224ef3a07a9a76f7ba1895d268f7aa8ca31b1c1caac595cd0a4e8,6acc7335bbe6b731ef3e387d573b6689b90c0550
math_test_algebra_838,algebra,Level 1,True,True,True,10,10,10,symbolic,symbolic,evidence/baseline_500.json#math_test_algebra_838,4096,71,122,193,71,122,193,deepseek-flash,0.0,https://api.deepseek.com/chat/completions,f6a583a12f4224ef3a07a9a76f7ba1895d268f7aa8ca31b1c1caac595cd0a4e8,6acc7335bbe6b731ef3e387d573b6689b90c0550
math_test_algebra_847,algebra,Level 4,True,True,True,5400,5400,5400,symbolic,symbolic,evidence/baseline_500.json#math_test_algebra_847,4096,230,271,501,230,271,501,deepseek-flash,0.0,https://api.deepseek.com/chat/completions,f6a583a12f4224ef3a07a9a76f7ba1895d268f7aa8ca31b1c1caac595cd0a4e8,6acc7335bbe6b731ef3e387d573b6689b90c0550
math_test_algebra_853,algebra,Level 5,True,True,True,20,20,20,symbolic,symbolic,evidence/baseline_500.json#math_test_algebra_853,4096,117,534,651,117,534,651,deepseek-flash,0.0,https://api.deepseek.com/chat/completions,f6a583a12f4224ef3a07a9a76f7ba1895d268f7aa8ca31b1c1caac595cd0a4e8,6acc7335bbe6b731ef3e387d573b6689b90c0550
math_test_algebra_879,algebra,Level 2,True,True,True,\(-2\),\(-2\),\(-2\),symbolic,symbolic,evidence/baseline_500.json#math_test_algebra_879,4096,108,371,479,108,371,479,deepseek-flash,0.0,https://api.deepseek.com/chat/completions,f6a583a12f4224ef3a07a9a76f7ba1895d268f7aa8ca31b1c1caac595cd0a4e8,6acc7335bbe6b731ef3e387d573b6689b90c0550
math_test_algebra_882,algebra,Level 5,True,True,True,\(\frac{2}{3}\),\(\frac{2}{3}\),\(\frac{2}{3}\),symbolic,symbolic,evidence/baseline_500.json#math_test_algebra_882,4096,135,658,793,135,658,793,deepseek-flash,0.0,https://api.deepseek.com/chat/completions,f6a583a12f4224ef3a07a9a76f7ba1895d268f7aa8ca31b1c1caac595cd0a4e8,6acc7335bbe6b731ef3e387d573b6689b90c0550
math_test_algebra_884,algebra,Level 3,False,True,True,3600 square units less,3600 square units less,3600 square units less,symbolic,symbolic,evidence/baseline_500.json#math_test_algebra_884,4096,91,395,486,91,395,486,deepseek-flash,0.0,https://api.deepseek.com/chat/completions,f6a583a12f4224ef3a07a9a76f7ba1895d268f7aa8ca31b1c1caac595cd0a4e8,6acc7335bbe6b731ef3e387d573b6689b90c0550
math_test_algebra_888,algebra,Level 5,True,True,True,5,5,5,symbolic,symbolic,evidence/baseline_500.json#math_test_algebra_888,4096,104,299,403,104,299,403,deepseek-flash,0.0,https://api.deepseek.com/chat/completions,f6a583a12f4224ef3a07a9a76f7ba1895d268f7aa8ca31b1c1caac595cd0a4e8,6acc7335bbe6b731ef3e387d573b6689b90c0550
math_test_algebra_894,algebra,Level 5,True,True,True,"\((-\infty,0)\cup(0,\infty)\)","\((-\infty,0)\cup(0,\infty)\)","\((-\infty,0)\cup(0,\infty)\)",structured,structured,evidence/baseline_500.json#math_test_algebra_894,4096,85,378,463,85,378,463,deepseek-flash,0.0,https://api.deepseek.com/chat/completions,f6a583a12f4224ef3a07a9a76f7ba1895d268f7aa8ca31b1c1caac595cd0a4e8,6acc7335bbe6b731ef3e387d573b6689b90c0550
math_test_algebra_910,algebra,Level 4,True,True,True,135,135,135,symbolic,symbolic,evidence/baseline_500.json#math_test_algebra_910,4096,90,325,415,90,325,415,deepseek-flash,0.0,https://api.deepseek.com/chat/completions,f6a583a12f4224ef3a07a9a76f7ba1895d268f7aa8ca31b1c1caac595cd0a4e8,6acc7335bbe6b731ef3e387d573b6689b90c0550
math_test_algebra_925,algebra,Level 1,True,True,True,18,18,18,symbolic,symbolic,evidence/baseline_500.json#math_test_algebra_925,4096,79,173,252,79,173,252,deepseek-flash,0.0,https://api.deepseek.com/chat/completions,f6a583a12f4224ef3a07a9a76f7ba1895d268f7aa8ca31b1c1caac595cd0a4e8,6acc7335bbe6b731ef3e387d573b6689b90c0550
math_test_algebra_932,algebra,Level 3,True,True,True,28,28,28,symbolic,symbolic,evidence/baseline_500.json#math_test_algebra_932,4096,108,308,416,108,308,416,deepseek-flash,0.0,https://api.deepseek.com/chat/completions,f6a583a12f4224ef3a07a9a76f7ba1895d268f7aa8ca31b1c1caac595cd0a4e8,6acc7335bbe6b731ef3e387d573b6689b90c0550
math_test_algebra_933,algebra,Level 3,True,True,True,-128,-128,-128,symbolic,symbolic,evidence/baseline_500.json#math_test_algebra_933,4096,83,178,261,83,178,261,deepseek-flash,0.0,https://api.deepseek.com/chat/completions,f6a583a12f4224ef3a07a9a76f7ba1895d268f7aa8ca31b1c1caac595cd0a4e8,6acc7335bbe6b731ef3e387d573b6689b90c0550
math_test_algebra_957,algebra,Level 4,True,True,True,6,6,6,symbolic,symbolic,evidence/baseline_500.json#math_test_algebra_957,4096,86,248,334,86,248,334,deepseek-flash,0.0,https://api.deepseek.com/chat/completions,f6a583a12f4224ef3a07a9a76f7ba1895d268f7aa8ca31b1c1caac595cd0a4e8,6acc7335bbe6b731ef3e387d573b6689b90c0550
math_test_algebra_960,algebra,Level 5,True,True,True,2015,2015,2015,symbolic,symbolic,evidence/baseline_500.json#math_test_algebra_960,4096,155,758,913,155,758,913,deepseek-flash,0.0,https://api.deepseek.com/chat/completions,f6a583a12f4224ef3a07a9a76f7ba1895d268f7aa8ca31b1c1caac595cd0a4e8,6acc7335bbe6b731ef3e387d573b6689b90c0550
math_test_algebra_963,algebra,Level 2,True,True,True,12,12,12,symbolic,symbolic,evidence/baseline_500.json#math_test_algebra_963,4096,69,113,182,69,113,182,deepseek-flash,0.0,https://api.deepseek.com/chat/completions,f6a583a12f4224ef3a07a9a76f7ba1895d268f7aa8ca31b1c1caac595cd0a4e8,6acc7335bbe6b731ef3e387d573b6689b90c0550
math_test_algebra_970,algebra,Level 5,True,True,True,8,8,8,symbolic,symbolic,evidence/baseline_500.json#math_test_algebra_970,4096,76,741,817,76,741,817,deepseek-flash,0.0,https://api.deepseek.com/chat/completions,f6a583a12f4224ef3a07a9a76f7ba1895d268f7aa8ca31b1c1caac595cd0a4e8,6acc7335bbe6b731ef3e387d573b6689b90c0550
math_test_algebra_982,algebra,Level 4,True,True,True,\(-16\),\(-16\),\(-16\),symbolic,symbolic,evidence/baseline_500.json#math_test_algebra_982,4096,72,142,214,72,142,214,deepseek-flash,0.0,https://api.deepseek.com/chat/completions,f6a583a12f4224ef3a07a9a76f7ba1895d268f7aa8ca31b1c1caac595cd0a4e8,6acc7335bbe6b731ef3e387d573b6689b90c0550
math_test_algebra_988,algebra,Level 2,True,True,True,4005,4005,4005,symbolic,symbolic,evidence/baseline_500.json#math_test_algebra_988,4096,85,138,223,85,138,223,deepseek-flash,0.0,https://api.deepseek.com/chat/completions,f6a583a12f4224ef3a07a9a76f7ba1895d268f7aa8ca31b1c1caac595cd0a4e8,6acc7335bbe6b731ef3e387d573b6689b90c0550
math_test_algebra_991,algebra,Level 4,True,True,True,81,81,81,symbolic,symbolic,evidence/baseline_500.json#math_test_algebra_991,4096,74,260,334,74,260,334,deepseek-flash,0.0,https://api.deepseek.com/chat/completions,f6a583a12f4224ef3a07a9a76f7ba1895d268f7aa8ca31b1c1caac595cd0a4e8,6acc7335bbe6b731ef3e387d573b6689b90c0550
math_test_algebra_994,algebra,Level 1,True,True,True,33,33,33,symbolic,symbolic,evidence/baseline_500.json#math_test_algebra_994,4096,72,203,275,72,203,275,deepseek-flash,0.0,https://api.deepseek.com/chat/completions,f6a583a12f4224ef3a07a9a76f7ba1895d268f7aa8ca31b1c1caac595cd0a4e8,6acc7335bbe6b731ef3e387d573b6689b90c0550
math_test_counting_probability_100,counting_probability,Level 2,True,True,True,6,6,6,symbolic,symbolic,evidence/baseline_500.json#math_test_counting_probability_100,4096,73,149,222,73,149,222,deepseek-flash,0.0,https://api.deepseek.com/chat/completions,f6a583a12f4224ef3a07a9a76f7ba1895d268f7aa8ca31b1c1caac595cd0a4e8,6acc7335bbe6b731ef3e387d573b6689b90c0550
math_test_counting_probability_101,counting_probability,Level 3,False,False,True,,,\(\frac{11}{25}\),truncated,symbolic,raw/math_test_counting_probability_101_8192.json,8192,218,4096,4314,218,5469,5687,deepseek-flash,0.0,https://api.deepseek.com/chat/completions,f6a583a12f4224ef3a07a9a76f7ba1895d268f7aa8ca31b1c1caac595cd0a4e8,6acc7335bbe6b731ef3e387d573b6689b90c0550
math_test_counting_probability_103,counting_probability,Level 2,True,True,True,13,13,13,symbolic,symbolic,evidence/baseline_500.json#math_test_counting_probability_103,4096,264,3894,4158,264,3894,4158,deepseek-flash,0.0,https://api.deepseek.com/chat/completions,f6a583a12f4224ef3a07a9a76f7ba1895d268f7aa8ca31b1c1caac595cd0a4e8,6acc7335bbe6b731ef3e387d573b6689b90c0550
math_test_counting_probability_114,counting_probability,Level 2,True,True,True,5040,5040,5040,symbolic,symbolic,evidence/baseline_500.json#math_test_counting_probability_114,4096,91,170,261,91,170,261,deepseek-flash,0.0,https://api.deepseek.com/chat/completions,f6a583a12f4224ef3a07a9a76f7ba1895d268f7aa8ca31b1c1caac595cd0a4e8,6acc7335bbe6b731ef3e387d573b6689b90c0550
math_test_counting_probability_130,counting_probability,Level 4,True,True,True,31254,31254,31254,symbolic,symbolic,evidence/baseline_500.json#math_test_counting_probability_130,4096,104,618,722,104,618,722,deepseek-flash,0.0,https://api.deepseek.com/chat/completions,f6a583a12f4224ef3a07a9a76f7ba1895d268f7aa8ca31b1c1caac595cd0a4e8,6acc7335bbe6b731ef3e387d573b6689b90c0550
math_test_counting_probability_136,counting_probability,Level 3,True,True,True,650,650,650,symbolic,symbolic,evidence/baseline_500.json#math_test_counting_probability_136,4096,153,185,338,153,185,338,deepseek-flash,0.0,https://api.deepseek.com/chat/completions,f6a583a12f4224ef3a07a9a76f7ba1895d268f7aa8ca31b1c1caac595cd0a4e8,6acc7335bbe6b731ef3e387d573b6689b90c0550
math_test_counting_probability_154,counting_probability,Level 4,True,True,True,3,3,3,symbolic,symbolic,evidence/baseline_500.json#math_test_counting_probability_154,4096,250,3753,4003,250,3753,4003,deepseek-flash,0.0,https://api.deepseek.com/chat/completions,f6a583a12f4224ef3a07a9a76f7ba1895d268f7aa8ca31b1c1caac595cd0a4e8,6acc7335bbe6b731ef3e387d573b6689b90c0550
math_test_counting_probability_16,counting_probability,Level 5,True,True,True,\frac{1}{10},\frac{1}{10},\frac{1}{10},symbolic,symbolic,evidence/baseline_500.json#math_test_counting_probability_16,4096,108,1119,1227,108,1119,1227,deepseek-flash,0.0,https://api.deepseek.com/chat/completions,f6a583a12f4224ef3a07a9a76f7ba1895d268f7aa8ca31b1c1caac595cd0a4e8,6acc7335bbe6b731ef3e387d573b6689b90c0550
math_test_counting_probability_186,counting_probability,Level 1,True,True,True,0,0,0,symbolic,symbolic,evidence/baseline_500.json#math_test_counting_probability_186,4096,72,145,217,72,145,217,deepseek-flash,0.0,https://api.deepseek.com/chat/completions,f6a583a12f4224ef3a07a9a76f7ba1895d268f7aa8ca31b1c1caac595cd0a4e8,6acc7335bbe6b731ef3e387d573b6689b90c0550
math_test_counting_probability_193,counting_probability,Level 2,True,True,True,28,28,28,symbolic,symbolic,evidence/baseline_500.json#math_test_counting_probability_193,4096,86,144,230,86,144,230,deepseek-flash,0.0,https://api.deepseek.com/chat/completions,f6a583a12f4224ef3a07a9a76f7ba1895d268f7aa8ca31b1c1caac595cd0a4e8,6acc7335bbe6b731ef3e387d573b6689b90c0550
math_test_counting_probability_196,counting_probability,Level 5,True,True,True,\(\pi-2\),\(\pi-2\),\(\pi-2\),symbolic,symbolic,evidence/baseline_500.json#math_test_counting_probability_196,4096,104,3288,3392,104,3288,3392,deepseek-flash,0.0,https://api.deepseek.com/chat/completions,f6a583a12f4224ef3a07a9a76f7ba1895d268f7aa8ca31b1c1caac595cd0a4e8,6acc7335bbe6b731ef3e387d573b6689b90c0550
math_test_counting_probability_198,counting_probability,Level 2,True,True,True,6720,6720,6720,symbolic,symbolic,evidence/baseline_500.json#math_test_counting_probability_198,4096,71,223,294,71,223,294,deepseek-flash,0.0,https://api.deepseek.com/chat/completions,f6a583a12f4224ef3a07a9a76f7ba1895d268f7aa8ca31b1c1caac595cd0a4e8,6acc7335bbe6b731ef3e387d573b6689b90c0550
math_test_counting_probability_199,counting_probability,Level 5,True,True,True,\frac{625}{648},\frac{625}{648},\frac{625}{648},symbolic,symbolic,evidence/baseline_500.json#math_test_counting_probability_199,4096,87,598,685,87,598,685,deepseek-flash,0.0,https://api.deepseek.com/chat/completions,f6a583a12f4224ef3a07a9a76f7ba1895d268f7aa8ca31b1c1caac595cd0a4e8,6acc7335bbe6b731ef3e387d573b6689b90c0550
math_test_counting_probability_201,counting_probability,Level 3,True,True,True,\frac{3}{10},\frac{3}{10},\frac{3}{10},symbolic,symbolic,evidence/baseline_500.json#math_test_counting_probability_201,4096,135,272,407,135,272,407,deepseek-flash,0.0,https://api.deepseek.com/chat/completions,f6a583a12f4224ef3a07a9a76f7ba1895d268f7aa8ca31b1c1caac595cd0a4e8,6acc7335bbe6b731ef3e387d573b6689b90c0550
math_test_counting_probability_215,counting_probability,Level 4,True,True,True,\frac{1}{3},\frac{1}{3},\frac{1}{3},symbolic,symbolic,evidence/baseline_500.json#math_test_counting_probability_215,4096,136,760,896,136,760,896,deepseek-flash,0.0,https://api.deepseek.com/chat/completions,f6a583a12f4224ef3a07a9a76f7ba1895d268f7aa8ca31b1c1caac595cd0a4e8,6acc7335bbe6b731ef3e387d573b6689b90c0550
math_test_counting_probability_230,counting_probability,Level 4,True,True,True,12,12,12,symbolic,symbolic,evidence/baseline_500.json#math_test_counting_probability_230,4096,84,441,525,84,441,525,deepseek-flash,0.0,https://api.deepseek.com/chat/completions,f6a583a12f4224ef3a07a9a76f7ba1895d268f7aa8ca31b1c1caac595cd0a4e8,6acc7335bbe6b731ef3e387d573b6689b90c0550
math_test_counting_probability_236,counting_probability,Level 3,True,True,True,1,1,1,symbolic,symbolic,evidence/baseline_500.json#math_test_counting_probability_236,4096,101,2437,2538,101,2437,2538,deepseek-flash,0.0,https://api.deepseek.com/chat/completions,f6a583a12f4224ef3a07a9a76f7ba1895d268f7aa8ca31b1c1caac595cd0a4e8,6acc7335bbe6b731ef3e387d573b6689b90c0550
math_test_counting_probability_252,counting_probability,Level 4,True,True,True,\frac{13}{3}\).,\frac{13}{3}\).,\frac{13}{3}\).,symbolic,symbolic,evidence/baseline_500.json#math_test_counting_probability_252,4096,128,331,459,128,331,459,deepseek-flash,0.0,https://api.deepseek.com/chat/completions,f6a583a12f4224ef3a07a9a76f7ba1895d268f7aa8ca31b1c1caac595cd0a4e8,6acc7335bbe6b731ef3e387d573b6689b90c0550
math_test_counting_probability_257,counting_probability,Level 5,True,True,True,70,70,70,symbolic,symbolic,evidence/baseline_500.json#math_test_counting_probability_257,4096,108,811,919,108,811,919,deepseek-flash,0.0,https://api.deepseek.com/chat/completions,f6a583a12f4224ef3a07a9a76f7ba1895d268f7aa8ca31b1c1caac595cd0a4e8,6acc7335bbe6b731ef3e387d573b6689b90c0550
math_test_counting_probability_270,counting_probability,Level 5,True,True,True,512,512,512,symbolic,symbolic,evidence/baseline_500.json#math_test_counting_probability_270,4096,105,459,564,105,459,564,deepseek-flash,0.0,https://api.deepseek.com/chat/completions,f6a583a12f4224ef3a07a9a76f7ba1895d268f7aa8ca31b1c1caac595cd0a4e8,6acc7335bbe6b731ef3e387d573b6689b90c0550
math_test_counting_probability_282,counting_probability,Level 4,True,True,True,864,864,864,symbolic,symbolic,evidence/baseline_500.json#math_test_counting_probability_282,4096,182,678,860,182,678,860,deepseek-flash,0.0,https://api.deepseek.com/chat/completions,f6a583a12f4224ef3a07a9a76f7ba1895d268f7aa8ca31b1c1caac595cd0a4e8,6acc7335bbe6b731ef3e387d573b6689b90c0550
math_test_counting_probability_288,counting_probability,Level 2,True,True,True,222,222,222,symbolic,symbolic,evidence/baseline_500.json#math_test_counting_probability_288,4096,81,262,343,81,262,343,deepseek-flash,0.0,https://api.deepseek.com/chat/completions,f6a583a12f4224ef3a07a9a76f7ba1895d268f7aa8ca31b1c1caac595cd0a4e8,6acc7335bbe6b731ef3e387d573b6689b90c0550
math_test_counting_probability_29,counting_probability,Level 5,True,True,True,\frac{91}{216},\frac{91}{216},\frac{91}{216},symbolic,symbolic,evidence/baseline_500.json#math_test_counting_probability_29,4096,112,338,450,112,338,450,deepseek-flash,0.0,https://api.deepseek.com/chat/completions,f6a583a12f4224ef3a07a9a76f7ba1895d268f7aa8ca31b1c1caac595cd0a4e8,6acc7335bbe6b731ef3e387d573b6689b90c0550
math_test_counting_probability_298,counting_probability,Level 4,True,True,True,2,2,2,symbolic,symbolic,evidence/baseline_500.json#math_test_counting_probability_298,4096,115,486,601,115,486,601,deepseek-flash,0.0,https://api.deepseek.com/chat/completions,f6a583a12f4224ef3a07a9a76f7ba1895d268f7aa8ca31b1c1caac595cd0a4e8,6acc7335bbe6b731ef3e387d573b6689b90c0550
math_test_counting_probability_305,counting_probability,Level 2,True,True,True,12,12,12,symbolic,symbolic,evidence/baseline_500.json#math_test_counting_probability_305,4096,83,190,273,83,190,273,deepseek-flash,0.0,https://api.deepseek.com/chat/completions,f6a583a12f4224ef3a07a9a76f7ba1895d268f7aa8ca31b1c1caac595cd0a4e8,6acc7335bbe6b731ef3e387d573b6689b90c0550
math_test_counting_probability_312,counting_probability,Level 2,True,True,True,0,0,0,symbolic,symbolic,evidence/baseline_500.json#math_test_counting_probability_312,4096,81,650,731,81,650,731,deepseek-flash,0.0,https://api.deepseek.com/chat/completions,f6a583a12f4224ef3a07a9a76f7ba1895d268f7aa8ca31b1c1caac595cd0a4e8,6acc7335bbe6b731ef3e387d573b6689b90c0550
math_test_counting_probability_341,counting_probability,Level 1,True,True,True,1,1,1,symbolic,symbolic,evidence/baseline_500.json#math_test_counting_probability_341,4096,104,202,306,104,202,306,deepseek-flash,0.0,https://api.deepseek.com/chat/completions,f6a583a12f4224ef3a07a9a76f7ba1895d268f7aa8ca31b1c1caac595cd0a4e8,6acc7335bbe6b731ef3e387d573b6689b90c0550
math_test_counting_probability_35,counting_probability,Level 3,True,True,True,\frac{2}{17},\frac{2}{17},\frac{2}{17},symbolic,symbolic,evidence/baseline_500.json#math_test_counting_probability_35,4096,83,307,390,83,307,390,deepseek-flash,0.0,https://api.deepseek.com/chat/completions,f6a583a12f4224ef3a07a9a76f7ba1895d268f7aa8ca31b1c1caac595cd0a4e8,6acc7335bbe6b731ef3e387d573b6689b90c0550
math_test_counting_probability_350,counting_probability,Level 3,True,True,True,1092,1092,1092,symbolic,symbolic,evidence/baseline_500.json#math_test_counting_probability_350,4096,73,511,584,73,511,584,deepseek-flash,0.0,https://api.deepseek.com/chat/completions,f6a583a12f4224ef3a07a9a76f7ba1895d268f7aa8ca31b1c1caac595cd0a4e8,6acc7335bbe6b731ef3e387d573b6689b90c0550
math_test_counting_probability_359,counting_probability,Level 4,True,True,True,\(\frac{7}{27}\),\(\frac{7}{27}\),\(\frac{7}{27}\),symbolic,symbolic,evidence/baseline_500.json#math_test_counting_probability_359,4096,100,423,523,100,423,523,deepseek-flash,0.0,https://api.deepseek.com/chat/completions,f6a583a12f4224ef3a07a9a76f7ba1895d268f7aa8ca31b1c1caac595cd0a4e8,6acc7335bbe6b731ef3e387d573b6689b90c0550
math_test_counting_probability_361,counting_probability,Level 5,True,True,True,720,720,720,symbolic,symbolic,evidence/baseline_500.json#math_test_counting_probability_361,4096,128,793,921,128,793,921,deepseek-flash,0.0,https://api.deepseek.com/chat/completions,f6a583a12f4224ef3a07a9a76f7ba1895d268f7aa8ca31b1c1caac595cd0a4e8,6acc7335bbe6b731ef3e387d573b6689b90c0550
math_test_counting_probability_367,counting_probability,Level 3,True,True,True,2,2,2,symbolic,symbolic,evidence/baseline_500.json#math_test_counting_probability_367,4096,115,297,412,115,297,412,deepseek-flash,0.0,https://api.deepseek.com/chat/completions,f6a583a12f4224ef3a07a9a76f7ba1895d268f7aa8ca31b1c1caac595cd0a4e8,6acc7335bbe6b731ef3e387d573b6689b90c0550
math_test_counting_probability_37,counting_probability,Level 4,True,True,True,$245,$245,$245,symbolic,symbolic,evidence/baseline_500.json#math_test_counting_probability_37,4096,175,627,802,175,627,802,deepseek-flash,0.0,https://api.deepseek.com/chat/completions,f6a583a12f4224ef3a07a9a76f7ba1895d268f7aa8ca31b1c1caac595cd0a4e8,6acc7335bbe6b731ef3e387d573b6689b90c0550
math_test_counting_probability_381,counting_probability,Level 5,True,True,True,\(\frac{11}{32}\),\(\frac{11}{32}\),\(\frac{11}{32}\),symbolic,symbolic,evidence/baseline_500.json#math_test_counting_probability_381,4096,169,972,1141,169,972,1141,deepseek-flash,0.0,https://api.deepseek.com/chat/completions,f6a583a12f4224ef3a07a9a76f7ba1895d268f7aa8ca31b1c1caac595cd0a4e8,6acc7335bbe6b731ef3e387d573b6689b90c0550
math_test_counting_probability_40,counting_probability,Level 4,False,False,True,,,90,truncated,symbolic,raw/math_test_counting_probability_40_8192.json,8192,95,4096,4191,95,7690,7785,deepseek-flash,0.0,https://api.deepseek.com/chat/completions,f6a583a12f4224ef3a07a9a76f7ba1895d268f7aa8ca31b1c1caac595cd0a4e8,6acc7335bbe6b731ef3e387d573b6689b90c0550
math_test_counting_probability_402,counting_probability,Level 3,True,True,True,6,6,6,symbolic,symbolic,evidence/baseline_500.json#math_test_counting_probability_402,4096,250,950,1200,250,950,1200,deepseek-flash,0.0,https://api.deepseek.com/chat/completions,f6a583a12f4224ef3a07a9a76f7ba1895d268f7aa8ca31b1c1caac595cd0a4e8,6acc7335bbe6b731ef3e387d573b6689b90c0550
math_test_counting_probability_410,counting_probability,Level 5,True,True,True,\(\frac{23}{36}\),\(\frac{23}{36}\),\(\frac{23}{36}\),symbolic,symbolic,evidence/baseline_500.json#math_test_counting_probability_410,4096,88,804,892,88,804,892,deepseek-flash,0.0,https://api.deepseek.com/chat/completions,f6a583a12f4224ef3a07a9a76f7ba1895d268f7aa8ca31b1c1caac595cd0a4e8,6acc7335bbe6b731ef3e387d573b6689b90c0550
math_test_counting_probability_411,counting_probability,Level 5,False,True,True,\frac{12}{5525},\frac{12}{5525},\frac{12}{5525},symbolic,symbolic,evidence/baseline_500.json#math_test_counting_probability_411,4096,131,1674,1805,131,1674,1805,deepseek-flash,0.0,https://api.deepseek.com/chat/completions,f6a583a12f4224ef3a07a9a76f7ba1895d268f7aa8ca31b1c1caac595cd0a4e8,6acc7335bbe6b731ef3e387d573b6689b90c0550
math_test_counting_probability_418,counting_probability,Level 5,True,True,True,\frac{47}{144},\frac{47}{144},\frac{47}{144},symbolic,symbolic,evidence/baseline_500.json#math_test_counting_probability_418,4096,149,726,875,149,726,875,deepseek-flash,0.0,https://api.deepseek.com/chat/completions,f6a583a12f4224ef3a07a9a76f7ba1895d268f7aa8ca31b1c1caac595cd0a4e8,6acc7335bbe6b731ef3e387d573b6689b90c0550
math_test_counting_probability_419,counting_probability,Level 3,True,True,True,\frac12,\frac12,\frac12,symbolic,symbolic,evidence/baseline_500.json#math_test_counting_probability_419,4096,95,3066,3161,95,3066,3161,deepseek-flash,0.0,https://api.deepseek.com/chat/completions,f6a583a12f4224ef3a07a9a76f7ba1895d268f7aa8ca31b1c1caac595cd0a4e8,6acc7335bbe6b731ef3e387d573b6689b90c0550
math_test_counting_probability_433,counting_probability,Level 3,True,True,True,6,6,6,symbolic,symbolic,evidence/baseline_500.json#math_test_counting_probability_433,4096,93,359,452,93,359,452,deepseek-flash,0.0,https://api.deepseek.com/chat/completions,f6a583a12f4224ef3a07a9a76f7ba1895d268f7aa8ca31b1c1caac595cd0a4e8,6acc7335bbe6b731ef3e387d573b6689b90c0550
math_test_counting_probability_458,counting_probability,Level 4,True,True,True,\frac{\pi}{4},\frac{\pi}{4},\frac{\pi}{4},symbolic,symbolic,evidence/baseline_500.json#math_test_counting_probability_458,4096,101,431,532,101,431,532,deepseek-flash,0.0,https://api.deepseek.com/chat/completions,f6a583a12f4224ef3a07a9a76f7ba1895d268f7aa8ca31b1c1caac595cd0a4e8,6acc7335bbe6b731ef3e387d573b6689b90c0550
math_test_counting_probability_459,counting_probability,Level 5,True,True,True,20,20,20,symbolic,symbolic,evidence/baseline_500.json#math_test_counting_probability_459,4096,110,4065,4175,110,4065,4175,deepseek-flash,0.0,https://api.deepseek.com/chat/completions,f6a583a12f4224ef3a07a9a76f7ba1895d268f7aa8ca31b1c1caac595cd0a4e8,6acc7335bbe6b731ef3e387d573b6689b90c0550
math_test_counting_probability_46,counting_probability,Level 5,True,True,True,\frac{49}{54},\frac{49}{54},\frac{49}{54},symbolic,symbolic,evidence/baseline_500.json#math_test_counting_probability_46,4096,78,368,446,78,368,446,deepseek-flash,0.0,https://api.deepseek.com/chat/completions,f6a583a12f4224ef3a07a9a76f7ba1895d268f7aa8ca31b1c1caac595cd0a4e8,6acc7335bbe6b731ef3e387d573b6689b90c0550
math_test_counting_probability_465,counting_probability,Level 4,True,True,True,\(\frac{57}{64}\),\(\frac{57}{64}\),\(\frac{57}{64}\),symbolic,symbolic,evidence/baseline_500.json#math_test_counting_probability_465,4096,74,289,363,74,289,363,deepseek-flash,0.0,https://api.deepseek.com/chat/completions,f6a583a12f4224ef3a07a9a76f7ba1895d268f7aa8ca31b1c1caac595cd0a4e8,6acc7335bbe6b731ef3e387d573b6689b90c0550
math_test_counting_probability_52,counting_probability,Level 2,True,True,True,1430,1430,1430,symbolic,symbolic,evidence/baseline_500.json#math_test_counting_probability_52,4096,72,282,354,72,282,354,deepseek-flash,0.0,https://api.deepseek.com/chat/completions,f6a583a12f4224ef3a07a9a76f7ba1895d268f7aa8ca31b1c1caac595cd0a4e8,6acc7335bbe6b731ef3e387d573b6689b90c0550
math_test_counting_probability_56,counting_probability,Level 4,True,True,True,\(\frac{11}{36}\),\(\frac{11}{36}\),\(\frac{11}{36}\),symbolic,symbolic,evidence/baseline_500.json#math_test_counting_probability_56,4096,93,244,337,93,244,337,deepseek-flash,0.0,https://api.deepseek.com/chat/completions,f6a583a12f4224ef3a07a9a76f7ba1895d268f7aa8ca31b1c1caac595cd0a4e8,6acc7335bbe6b731ef3e387d573b6689b90c0550
math_test_counting_probability_68,counting_probability,Level 2,True,True,True,120,120,120,symbolic,symbolic,evidence/baseline_500.json#math_test_counting_probability_68,4096,71,217,288,71,217,288,deepseek-flash,0.0,https://api.deepseek.com/chat/completions,f6a583a12f4224ef3a07a9a76f7ba1895d268f7aa8ca31b1c1caac595cd0a4e8,6acc7335bbe6b731ef3e387d573b6689b90c0550
math_test_counting_probability_86,counting_probability,Level 1,True,True,True,\(\frac{7}{12}\),\(\frac{7}{12}\),\(\frac{7}{12}\),symbolic,symbolic,evidence/baseline_500.json#math_test_counting_probability_86,4096,119,148,267,119,148,267,deepseek-flash,0.0,https://api.deepseek.com/chat/completions,f6a583a12f4224ef3a07a9a76f7ba1895d268f7aa8ca31b1c1caac595cd0a4e8,6acc7335bbe6b731ef3e387d573b6689b90c0550
math_test_counting_probability_91,counting_probability,Level 3,True,True,True,\frac{5}{18},\frac{5}{18},\frac{5}{18},symbolic,symbolic,evidence/baseline_500.json#math_test_counting_probability_91,4096,82,273,355,82,273,355,deepseek-flash,0.0,https://api.deepseek.com/chat/completions,f6a583a12f4224ef3a07a9a76f7ba1895d268f7aa8ca31b1c1caac595cd0a4e8,6acc7335bbe6b731ef3e387d573b6689b90c0550
math_test_counting_probability_95,counting_probability,Level 1,True,True,True,120,120,120,symbolic,symbolic,evidence/baseline_500.json#math_test_counting_probability_95,4096,72,178,250,72,178,250,deepseek-flash,0.0,https://api.deepseek.com/chat/completions,f6a583a12f4224ef3a07a9a76f7ba1895d268f7aa8ca31b1c1caac595cd0a4e8,6acc7335bbe6b731ef3e387d573b6689b90c0550
math_test_counting_probability_98,counting_probability,Level 5,True,True,True,\frac12,\frac12,\frac12,symbolic,symbolic,evidence/baseline_500.json#math_test_counting_probability_98,4096,101,924,1025,101,924,1025,deepseek-flash,0.0,https://api.deepseek.com/chat/completions,f6a583a12f4224ef3a07a9a76f7ba1895d268f7aa8ca31b1c1caac595cd0a4e8,6acc7335bbe6b731ef3e387d573b6689b90c0550
math_test_geometry_10,geometry,Level 5,True,True,True,\(-\frac{\sqrt{10}}{10}\),\(-\frac{\sqrt{10}}{10}\),\(-\frac{\sqrt{10}}{10}\),symbolic,symbolic,evidence/baseline_500.json#math_test_geometry_10,4096,121,1207,1328,121,1207,1328,deepseek-flash,0.0,https://api.deepseek.com/chat/completions,f6a583a12f4224ef3a07a9a76f7ba1895d268f7aa8ca31b1c1caac595cd0a4e8,6acc7335bbe6b731ef3e387d573b6689b90c0550
math_test_geometry_105,geometry,Level 5,True,True,True,20^\circ,[20],[20],symbolic,symbolic,evidence/baseline_500.json#math_test_geometry_105,4096,310,3872,4182,310,3872,4182,deepseek-flash,0.0,https://api.deepseek.com/chat/completions,f6a583a12f4224ef3a07a9a76f7ba1895d268f7aa8ca31b1c1caac595cd0a4e8,6acc7335bbe6b731ef3e387d573b6689b90c0550
math_test_geometry_107,geometry,Level 5,True,True,True,41,41,41,symbolic,symbolic,evidence/baseline_500.json#math_test_geometry_107,4096,137,2024,2161,137,2024,2161,deepseek-flash,0.0,https://api.deepseek.com/chat/completions,f6a583a12f4224ef3a07a9a76f7ba1895d268f7aa8ca31b1c1caac595cd0a4e8,6acc7335bbe6b731ef3e387d573b6689b90c0550
math_test_geometry_127,geometry,Level 3,True,True,True,30,30,30,symbolic,symbolic,evidence/baseline_500.json#math_test_geometry_127,4096,90,294,384,90,294,384,deepseek-flash,0.0,https://api.deepseek.com/chat/completions,f6a583a12f4224ef3a07a9a76f7ba1895d268f7aa8ca31b1c1caac595cd0a4e8,6acc7335bbe6b731ef3e387d573b6689b90c0550
math_test_geometry_129,geometry,Level 1,True,True,True,180,180,180,symbolic,symbolic,evidence/baseline_500.json#math_test_geometry_129,4096,238,665,903,238,665,903,deepseek-flash,0.0,https://api.deepseek.com/chat/completions,f6a583a12f4224ef3a07a9a76f7ba1895d268f7aa8ca31b1c1caac595cd0a4e8,6acc7335bbe6b731ef3e387d573b6689b90c0550
math_test_geometry_147,geometry,Level 3,True,True,True,2,2,2,symbolic,symbolic,evidence/baseline_500.json#math_test_geometry_147,4096,106,571,677,106,571,677,deepseek-flash,0.0,https://api.deepseek.com/chat/completions,f6a583a12f4224ef3a07a9a76f7ba1895d268f7aa8ca31b1c1caac595cd0a4e8,6acc7335bbe6b731ef3e387d573b6689b90c0550
math_test_geometry_148,geometry,Level 3,True,True,True,8,8,8,symbolic,symbolic,evidence/baseline_500.json#math_test_geometry_148,4096,103,1106,1209,103,1106,1209,deepseek-flash,0.0,https://api.deepseek.com/chat/completions,f6a583a12f4224ef3a07a9a76f7ba1895d268f7aa8ca31b1c1caac595cd0a4e8,6acc7335bbe6b731ef3e387d573b6689b90c0550
math_test_geometry_152,geometry,Level 2,True,True,True,108,108,108,symbolic,symbolic,evidence/baseline_500.json#math_test_geometry_152,4096,126,325,451,126,325,451,deepseek-flash,0.0,https://api.deepseek.com/chat/completions,f6a583a12f4224ef3a07a9a76f7ba1895d268f7aa8ca31b1c1caac595cd0a4e8,6acc7335bbe6b731ef3e387d573b6689b90c0550
math_test_geometry_154,geometry,Level 1,True,True,True,20 square inches,20 square inches,20 square inches,symbolic,symbolic,evidence/baseline_500.json#math_test_geometry_154,4096,82,223,305,82,223,305,deepseek-flash,0.0,https://api.deepseek.com/chat/completions,f6a583a12f4224ef3a07a9a76f7ba1895d268f7aa8ca31b1c1caac595cd0a4e8,6acc7335bbe6b731ef3e387d573b6689b90c0550
math_test_geometry_161,geometry,Level 2,True,True,True,"\((7,4)\)","\((7,4)\)","\((7,4)\)",structured,structured,evidence/baseline_500.json#math_test_geometry_161,4096,135,189,324,135,189,324,deepseek-flash,0.0,https://api.deepseek.com/chat/completions,f6a583a12f4224ef3a07a9a76f7ba1895d268f7aa8ca31b1c1caac595cd0a4e8,6acc7335bbe6b731ef3e387d573b6689b90c0550
math_test_geometry_165,geometry,Level 4,False,True,True,40°,40°,40°,symbolic,symbolic,evidence/baseline_500.json#math_test_geometry_165,4096,105,1062,1167,105,1062,1167,deepseek-flash,0.0,https://api.deepseek.com/chat/completions,f6a583a12f4224ef3a07a9a76f7ba1895d268f7aa8ca31b1c1caac595cd0a4e8,6acc7335bbe6b731ef3e387d573b6689b90c0550
math_test_geometry_172,geometry,Level 4,True,True,True,96\sqrt3,96\sqrt3,96\sqrt3,symbolic,symbolic,evidence/baseline_500.json#math_test_geometry_172,4096,313,1046,1359,313,1046,1359,deepseek-flash,0.0,https://api.deepseek.com/chat/completions,f6a583a12f4224ef3a07a9a76f7ba1895d268f7aa8ca31b1c1caac595cd0a4e8,6acc7335bbe6b731ef3e387d573b6689b90c0550
math_test_geometry_18,geometry,Level 2,True,True,True,\(45^\circ\),\(45^\circ\),\(45^\circ\),symbolic,symbolic,evidence/baseline_500.json#math_test_geometry_18,4096,219,914,1133,219,914,1133,deepseek-flash,0.0,https://api.deepseek.com/chat/completions,f6a583a12f4224ef3a07a9a76f7ba1895d268f7aa8ca31b1c1caac595cd0a4e8,6acc7335bbe6b731ef3e387d573b6689b90c0550
math_test_geometry_181,geometry,Level 3,True,True,True,\(76^\circ\),\(76^\circ\),\(76^\circ\),symbolic,symbolic,evidence/baseline_500.json#math_test_geometry_181,4096,94,256,350,94,256,350,deepseek-flash,0.0,https://api.deepseek.com/chat/completions,f6a583a12f4224ef3a07a9a76f7ba1895d268f7aa8ca31b1c1caac595cd0a4e8,6acc7335bbe6b731ef3e387d573b6689b90c0550
math_test_geometry_183,geometry,Level 5,True,True,True,"\left(\frac{27}{8},\frac{15}{8}\right)","\left(\frac{27}{8},\frac{15}{8}\right)","\left(\frac{27}{8},\frac{15}{8}\right)",structured,structured,evidence/baseline_500.json#math_test_geometry_183,4096,136,1384,1520,136,1384,1520,deepseek-flash,0.0,https://api.deepseek.com/chat/completions,f6a583a12f4224ef3a07a9a76f7ba1895d268f7aa8ca31b1c1caac595cd0a4e8,6acc7335bbe6b731ef3e387d573b6689b90c0550
math_test_geometry_199,geometry,Level 5,True,True,True,\(4+2\sqrt2\),\(4+2\sqrt2\),\(4+2\sqrt2\),symbolic,symbolic,evidence/baseline_500.json#math_test_geometry_199,4096,115,1013,1128,115,1013,1128,deepseek-flash,0.0,https://api.deepseek.com/chat/completions,f6a583a12f4224ef3a07a9a76f7ba1895d268f7aa8ca31b1c1caac595cd0a4e8,6acc7335bbe6b731ef3e387d573b6689b90c0550
math_test_geometry_213,geometry,Level 4,True,True,True,32,32,32,symbolic,symbolic,evidence/baseline_500.json#math_test_geometry_213,4096,100,394,494,100,394,494,deepseek-flash,0.0,https://api.deepseek.com/chat/completions,f6a583a12f4224ef3a07a9a76f7ba1895d268f7aa8ca31b1c1caac595cd0a4e8,6acc7335bbe6b731ef3e387d573b6689b90c0550
math_test_geometry_214,geometry,Level 5,False,False,True,,,24\sqrt2,truncated,symbolic,raw/math_test_geometry_214_16384.json,16384,504,4096,4600,504,12645,13149,deepseek-flash,0.0,https://api.deepseek.com/chat/completions,f6a583a12f4224ef3a07a9a76f7ba1895d268f7aa8ca31b1c1caac595cd0a4e8,6acc7335bbe6b731ef3e387d573b6689b90c0550
math_test_geometry_223,geometry,Level 4,True,True,True,24,24,24,symbolic,symbolic,evidence/baseline_500.json#math_test_geometry_223,4096,335,617,952,335,617,952,deepseek-flash,0.0,https://api.deepseek.com/chat/completions,f6a583a12f4224ef3a07a9a76f7ba1895d268f7aa8ca31b1c1caac595cd0a4e8,6acc7335bbe6b731ef3e387d573b6689b90c0550
math_test_geometry_227,geometry,Level 5,True,True,True,\frac53,\frac53,\frac53,symbolic,symbolic,evidence/baseline_500.json#math_test_geometry_227,4096,114,3961,4075,114,3961,4075,deepseek-flash,0.0,https://api.deepseek.com/chat/completions,f6a583a12f4224ef3a07a9a76f7ba1895d268f7aa8ca31b1c1caac595cd0a4e8,6acc7335bbe6b731ef3e387d573b6689b90c0550
math_test_geometry_239,geometry,Level 1,True,True,True,126,126,126,symbolic,symbolic,evidence/baseline_500.json#math_test_geometry_239,4096,300,356,656,300,356,656,deepseek-flash,0.0,https://api.deepseek.com/chat/completions,f6a583a12f4224ef3a07a9a76f7ba1895d268f7aa8ca31b1c1caac595cd0a4e8,6acc7335bbe6b731ef3e387d573b6689b90c0550
math_test_geometry_240,geometry,Level 4,True,True,True,864,864,864,symbolic,symbolic,evidence/baseline_500.json#math_test_geometry_240,4096,79,218,297,79,218,297,deepseek-flash,0.0,https://api.deepseek.com/chat/completions,f6a583a12f4224ef3a07a9a76f7ba1895d268f7aa8ca31b1c1caac595cd0a4e8,6acc7335bbe6b731ef3e387d573b6689b90c0550
math_test_geometry_243,geometry,Level 4,False,False,True,,,\(3\sqrt{3}\),truncated,symbolic,raw/math_test_geometry_243_8192.json,8192,275,4096,4371,275,4203,4478,deepseek-flash,0.0,https://api.deepseek.com/chat/completions,f6a583a12f4224ef3a07a9a76f7ba1895d268f7aa8ca31b1c1caac595cd0a4e8,6acc7335bbe6b731ef3e387d573b6689b90c0550
math_test_geometry_245,geometry,Level 4,True,True,True,216,216,216,symbolic,symbolic,evidence/baseline_500.json#math_test_geometry_245,4096,143,390,533,143,390,533,deepseek-flash,0.0,https://api.deepseek.com/chat/completions,f6a583a12f4224ef3a07a9a76f7ba1895d268f7aa8ca31b1c1caac595cd0a4e8,6acc7335bbe6b731ef3e387d573b6689b90c0550
math_test_geometry_251,geometry,Level 3,True,True,True,\(24+6\sqrt{2}\),\(24+6\sqrt{2}\),\(24+6\sqrt{2}\),symbolic,symbolic,evidence/baseline_500.json#math_test_geometry_251,4096,118,509,627,118,509,627,deepseek-flash,0.0,https://api.deepseek.com/chat/completions,f6a583a12f4224ef3a07a9a76f7ba1895d268f7aa8ca31b1c1caac595cd0a4e8,6acc7335bbe6b731ef3e387d573b6689b90c0550
math_test_geometry_253,geometry,Level 4,True,True,True,\(900\pi\),\(900\pi\),\(900\pi\),symbolic,symbolic,evidence/baseline_500.json#math_test_geometry_253,4096,345,1953,2298,345,1953,2298,deepseek-flash,0.0,https://api.deepseek.com/chat/completions,f6a583a12f4224ef3a07a9a76f7ba1895d268f7aa8ca31b1c1caac595cd0a4e8,6acc7335bbe6b731ef3e387d573b6689b90c0550
math_test_geometry_258,geometry,Level 5,True,True,True,\(18\sqrt{3}\),\(18\sqrt{3}\),\(18\sqrt{3}\),symbolic,symbolic,evidence/baseline_500.json#math_test_geometry_258,4096,103,718,821,103,718,821,deepseek-flash,0.0,https://api.deepseek.com/chat/completions,f6a583a12f4224ef3a07a9a76f7ba1895d268f7aa8ca31b1c1caac595cd0a4e8,6acc7335bbe6b731ef3e387d573b6689b90c0550
math_test_geometry_268,geometry,Level 2,True,True,True,8,8,8,symbolic,symbolic,evidence/baseline_500.json#math_test_geometry_268,4096,288,802,1090,288,802,1090,deepseek-flash,0.0,https://api.deepseek.com/chat/completions,f6a583a12f4224ef3a07a9a76f7ba1895d268f7aa8ca31b1c1caac595cd0a4e8,6acc7335bbe6b731ef3e387d573b6689b90c0550
math_test_geometry_278,geometry,Level 2,True,True,True,\(9\pi\) cubic inches,\(9\pi\) cubic inches,\(9\pi\) cubic inches,symbolic,symbolic,evidence/baseline_500.json#math_test_geometry_278,4096,101,210,311,101,210,311,deepseek-flash,0.0,https://api.deepseek.com/chat/completions,f6a583a12f4224ef3a07a9a76f7ba1895d268f7aa8ca31b1c1caac595cd0a4e8,6acc7335bbe6b731ef3e387d573b6689b90c0550
math_test_geometry_285,geometry,Level 3,True,True,True,100,100,100,symbolic,symbolic,evidence/baseline_500.json#math_test_geometry_285,4096,91,389,480,91,389,480,deepseek-flash,0.0,https://api.deepseek.com/chat/completions,f6a583a12f4224ef3a07a9a76f7ba1895d268f7aa8ca31b1c1caac595cd0a4e8,6acc7335bbe6b731ef3e387d573b6689b90c0550
math_test_geometry_31,geometry,Level 4,True,True,True,9,9,9,symbolic,symbolic,evidence/baseline_500.json#math_test_geometry_31,4096,354,272,626,354,272,626,deepseek-flash,0.0,https://api.deepseek.com/chat/completions,f6a583a12f4224ef3a07a9a76f7ba1895d268f7aa8ca31b1c1caac595cd0a4e8,6acc7335bbe6b731ef3e387d573b6689b90c0550
math_test_geometry_33,geometry,Level 4,True,True,True,37.72,37.72,37.72,symbolic,symbolic,evidence/baseline_500.json#math_test_geometry_33,4096,97,377,474,97,377,474,deepseek-flash,0.0,https://api.deepseek.com/chat/completions,f6a583a12f4224ef3a07a9a76f7ba1895d268f7aa8ca31b1c1caac595cd0a4e8,6acc7335bbe6b731ef3e387d573b6689b90c0550
math_test_geometry_340,geometry,Level 5,True,True,True,160,160,160,symbolic,symbolic,evidence/baseline_500.json#math_test_geometry_340,4096,512,3124,3636,512,3124,3636,deepseek-flash,0.0,https://api.deepseek.com/chat/completions,f6a583a12f4224ef3a07a9a76f7ba1895d268f7aa8ca31b1c1caac595cd0a4e8,6acc7335bbe6b731ef3e387d573b6689b90c0550
math_test_geometry_35,geometry,Level 4,True,True,True,50,50,50,symbolic,symbolic,evidence/baseline_500.json#math_test_geometry_35,4096,267,945,1212,267,945,1212,deepseek-flash,0.0,https://api.deepseek.com/chat/completions,f6a583a12f4224ef3a07a9a76f7ba1895d268f7aa8ca31b1c1caac595cd0a4e8,6acc7335bbe6b731ef3e387d573b6689b90c0550
math_test_geometry_350,geometry,Level 2,True,True,True,4,4,4,symbolic,symbolic,evidence/baseline_500.json#math_test_geometry_350,4096,94,286,380,94,286,380,deepseek-flash,0.0,https://api.deepseek.com/chat/completions,f6a583a12f4224ef3a07a9a76f7ba1895d268f7aa8ca31b1c1caac595cd0a4e8,6acc7335bbe6b731ef3e387d573b6689b90c0550
math_test_geometry_351,geometry,Level 2,True,True,True,75,75,75,symbolic,symbolic,evidence/baseline_500.json#math_test_geometry_351,4096,238,1001,1239,238,1001,1239,deepseek-flash,0.0,https://api.deepseek.com/chat/completions,f6a583a12f4224ef3a07a9a76f7ba1895d268f7aa8ca31b1c1caac595cd0a4e8,6acc7335bbe6b731ef3e387d573b6689b90c0550
math_test_geometry_367,geometry,Level 3,True,True,True,8.5,8.5,8.5,symbolic,symbolic,evidence/baseline_500.json#math_test_geometry_367,4096,99,203,302,99,203,302,deepseek-flash,0.0,https://api.deepseek.com/chat/completions,f6a583a12f4224ef3a07a9a76f7ba1895d268f7aa8ca31b1c1caac595cd0a4e8,6acc7335bbe6b731ef3e387d573b6689b90c0550
math_test_geometry_381,geometry,Level 4,True,True,True,8,8,8,symbolic,symbolic,evidence/baseline_500.json#math_test_geometry_381,4096,251,1217,1468,251,1217,1468,deepseek-flash,0.0,https://api.deepseek.com/chat/completions,f6a583a12f4224ef3a07a9a76f7ba1895d268f7aa8ca31b1c1caac595cd0a4e8,6acc7335bbe6b731ef3e387d573b6689b90c0550
math_test_geometry_397,geometry,Level 5,True,True,True,\frac{2}{5},\frac{2}{5},\frac{2}{5},symbolic,symbolic,evidence/baseline_500.json#math_test_geometry_397,4096,281,2401,2682,281,2401,2682,deepseek-flash,0.0,https://api.deepseek.com/chat/completions,f6a583a12f4224ef3a07a9a76f7ba1895d268f7aa8ca31b1c1caac595cd0a4e8,6acc7335bbe6b731ef3e387d573b6689b90c0550
math_test_geometry_399,geometry,Level 5,True,True,True,"\((2,5)\)","\((2,5)\)","\((2,5)\)",structured,structured,evidence/baseline_500.json#math_test_geometry_399,4096,147,729,876,147,729,876,deepseek-flash,0.0,https://api.deepseek.com/chat/completions,f6a583a12f4224ef3a07a9a76f7ba1895d268f7aa8ca31b1c1caac595cd0a4e8,6acc7335bbe6b731ef3e387d573b6689b90c0550
math_test_geometry_43,geometry,Level 2,True,True,True,\(-2\),\(-2\),\(-2\),symbolic,symbolic,evidence/baseline_500.json#math_test_geometry_43,4096,312,220,532,312,220,532,deepseek-flash,0.0,https://api.deepseek.com/chat/completions,f6a583a12f4224ef3a07a9a76f7ba1895d268f7aa8ca31b1c1caac595cd0a4e8,6acc7335bbe6b731ef3e387d573b6689b90c0550
math_test_geometry_430,geometry,Level 3,True,True,True,\(\sqrt{3}\),\(\sqrt{3}\),\(\sqrt{3}\),symbolic,symbolic,evidence/baseline_500.json#math_test_geometry_430,4096,63,165,228,63,165,228,deepseek-flash,0.0,https://api.deepseek.com/chat/completions,f6a583a12f4224ef3a07a9a76f7ba1895d268f7aa8ca31b1c1caac595cd0a4e8,6acc7335bbe6b731ef3e387d573b6689b90c0550
math_test_geometry_434,geometry,Level 3,True,True,True,\(\pi\),\(\pi\),\(\pi\),symbolic,symbolic,evidence/baseline_500.json#math_test_geometry_434,4096,478,923,1401,478,923,1401,deepseek-flash,0.0,https://api.deepseek.com/chat/completions,f6a583a12f4224ef3a07a9a76f7ba1895d268f7aa8ca31b1c1caac595cd0a4e8,6acc7335bbe6b731ef3e387d573b6689b90c0550
math_test_geometry_453,geometry,Level 4,False,False,True,,,\sqrt{22},truncated,symbolic,raw/math_test_geometry_453_8192.json,8192,255,4096,4351,255,1910,2165,deepseek-flash,0.0,https://api.deepseek.com/chat/completions,f6a583a12f4224ef3a07a9a76f7ba1895d268f7aa8ca31b1c1caac595cd0a4e8,6acc7335bbe6b731ef3e387d573b6689b90c0550
math_test_geometry_463,geometry,Level 4,True,True,True,1.4,1.4,1.4,symbolic,symbolic,evidence/baseline_500.json#math_test_geometry_463,4096,288,1197,1485,288,1197,1485,deepseek-flash,0.0,https://api.deepseek.com/chat/completions,f6a583a12f4224ef3a07a9a76f7ba1895d268f7aa8ca31b1c1caac595cd0a4e8,6acc7335bbe6b731ef3e387d573b6689b90c0550
math_test_geometry_48,geometry,Level 2,False,True,True,75%,75%,75%,symbolic,symbolic,evidence/baseline_500.json#math_test_geometry_48,4096,271,700,971,271,700,971,deepseek-flash,0.0,https://api.deepseek.com/chat/completions,f6a583a12f4224ef3a07a9a76f7ba1895d268f7aa8ca31b1c1caac595cd0a4e8,6acc7335bbe6b731ef3e387d573b6689b90c0550
math_test_geometry_61,geometry,Level 3,True,True,True,\(4+\sqrt{2}\),\(4+\sqrt{2}\),\(4+\sqrt{2}\),symbolic,symbolic,evidence/baseline_500.json#math_test_geometry_61,4096,229,2117,2346,229,2117,2346,deepseek-flash,0.0,https://api.deepseek.com/chat/completions,f6a583a12f4224ef3a07a9a76f7ba1895d268f7aa8ca31b1c1caac595cd0a4e8,6acc7335bbe6b731ef3e387d573b6689b90c0550
math_test_geometry_66,geometry,Level 5,False,False,False,,,,truncated,truncated,raw/math_test_geometry_66_16384.json,16384,103,4096,4199,103,16384,16487,deepseek-flash,0.0,https://api.deepseek.com/chat/completions,f6a583a12f4224ef3a07a9a76f7ba1895d268f7aa8ca31b1c1caac595cd0a4e8,6acc7335bbe6b731ef3e387d573b6689b90c0550
math_test_geometry_73,geometry,Level 3,True,True,True,1.17,1.17,1.17,symbolic,symbolic,evidence/baseline_500.json#math_test_geometry_73,4096,139,215,354,139,215,354,deepseek-flash,0.0,https://api.deepseek.com/chat/completions,f6a583a12f4224ef3a07a9a76f7ba1895d268f7aa8ca31b1c1caac595cd0a4e8,6acc7335bbe6b731ef3e387d573b6689b90c0550
math_test_geometry_8,geometry,Level 5,True,True,True,\frac52,\frac52,\frac52,symbolic,symbolic,evidence/baseline_500.json#math_test_geometry_8,4096,258,1680,1938,258,1680,1938,deepseek-flash,0.0,https://api.deepseek.com/chat/completions,f6a583a12f4224ef3a07a9a76f7ba1895d268f7aa8ca31b1c1caac595cd0a4e8,6acc7335bbe6b731ef3e387d573b6689b90c0550
math_test_geometry_80,geometry,Level 1,True,True,True,\(180^\circ\),\(180^\circ\),\(180^\circ\),symbolic,symbolic,evidence/baseline_500.json#math_test_geometry_80,4096,201,2678,2879,201,2678,2879,deepseek-flash,0.0,https://api.deepseek.com/chat/completions,f6a583a12f4224ef3a07a9a76f7ba1895d268f7aa8ca31b1c1caac595cd0a4e8,6acc7335bbe6b731ef3e387d573b6689b90c0550
math_test_geometry_83,geometry,Level 5,True,True,True,\(\frac{14\sqrt3}{3}\),\(\frac{14\sqrt3}{3}\),\(\frac{14\sqrt3}{3}\),symbolic,symbolic,evidence/baseline_500.json#math_test_geometry_83,4096,124,1245,1369,124,1245,1369,deepseek-flash,0.0,https://api.deepseek.com/chat/completions,f6a583a12f4224ef3a07a9a76f7ba1895d268f7aa8ca31b1c1caac595cd0a4e8,6acc7335bbe6b731ef3e387d573b6689b90c0550
math_test_geometry_98,geometry,Level 5,False,False,True,,,144°,truncated,symbolic,raw/math_test_geometry_98_8192.json,8192,333,4096,4429,333,6043,6376,deepseek-flash,0.0,https://api.deepseek.com/chat/completions,f6a583a12f4224ef3a07a9a76f7ba1895d268f7aa8ca31b1c1caac595cd0a4e8,6acc7335bbe6b731ef3e387d573b6689b90c0550
math_test_intermediate_algebra_105,intermediate_algebra,Level 1,True,True,True,13,13,13,symbolic,symbolic,evidence/baseline_500.json#math_test_intermediate_algebra_105,4096,68,161,229,68,161,229,deepseek-flash,0.0,https://api.deepseek.com/chat/completions,f6a583a12f4224ef3a07a9a76f7ba1895d268f7aa8ca31b1c1caac595cd0a4e8,6acc7335bbe6b731ef3e387d573b6689b90c0550
math_test_intermediate_algebra_106,intermediate_algebra,Level 3,True,True,True,\(\frac{5}{13}\),\(\frac{5}{13}\),\(\frac{5}{13}\),symbolic,symbolic,evidence/baseline_500.json#math_test_intermediate_algebra_106,4096,86,408,494,86,408,494,deepseek-flash,0.0,https://api.deepseek.com/chat/completions,f6a583a12f4224ef3a07a9a76f7ba1895d268f7aa8ca31b1c1caac595cd0a4e8,6acc7335bbe6b731ef3e387d573b6689b90c0550
math_test_intermediate_algebra_107,intermediate_algebra,Level 4,True,True,True,\frac{1}{z},\frac{1}{z},\frac{1}{z},symbolic,symbolic,evidence/baseline_500.json#math_test_intermediate_algebra_107,4096,79,154,233,79,154,233,deepseek-flash,0.0,https://api.deepseek.com/chat/completions,f6a583a12f4224ef3a07a9a76f7ba1895d268f7aa8ca31b1c1caac595cd0a4e8,6acc7335bbe6b731ef3e387d573b6689b90c0550
math_test_intermediate_algebra_110,intermediate_algebra,Level 4,True,True,True,8,8,8,symbolic,symbolic,evidence/baseline_500.json#math_test_intermediate_algebra_110,4096,151,1235,1386,151,1235,1386,deepseek-flash,0.0,https://api.deepseek.com/chat/completions,f6a583a12f4224ef3a07a9a76f7ba1895d268f7aa8ca31b1c1caac595cd0a4e8,6acc7335bbe6b731ef3e387d573b6689b90c0550
math_test_intermediate_algebra_125,intermediate_algebra,Level 4,True,True,True,"\((10,14,61)\)","\((10,14,61)\)","\((10,14,61)\)",structured,structured,evidence/baseline_500.json#math_test_intermediate_algebra_125,4096,133,614,747,133,614,747,deepseek-flash,0.0,https://api.deepseek.com/chat/completions,f6a583a12f4224ef3a07a9a76f7ba1895d268f7aa8ca31b1c1caac595cd0a4e8,6acc7335bbe6b731ef3e387d573b6689b90c0550
math_test_intermediate_algebra_130,intermediate_algebra,Level 5,True,True,True,12,12,12,symbolic,symbolic,evidence/baseline_500.json#math_test_intermediate_algebra_130,4096,117,2147,2264,117,2147,2264,deepseek-flash,0.0,https://api.deepseek.com/chat/completions,f6a583a12f4224ef3a07a9a76f7ba1895d268f7aa8ca31b1c1caac595cd0a4e8,6acc7335bbe6b731ef3e387d573b6689b90c0550
math_test_intermediate_algebra_162,intermediate_algebra,Level 3,True,True,True,\(-150\),\(-150\),\(-150\),symbolic,symbolic,evidence/baseline_500.json#math_test_intermediate_algebra_162,4096,104,381,485,104,381,485,deepseek-flash,0.0,https://api.deepseek.com/chat/completions,f6a583a12f4224ef3a07a9a76f7ba1895d268f7aa8ca31b1c1caac595cd0a4e8,6acc7335bbe6b731ef3e387d573b6689b90c0550
math_test_intermediate_algebra_165,intermediate_algebra,Level 5,False,False,True,,,2\sqrt{10},truncated,symbolic,raw/math_test_intermediate_algebra_165_16384.json,16384,126,4096,4222,126,7451,7577,deepseek-flash,0.0,https://api.deepseek.com/chat/completions,f6a583a12f4224ef3a07a9a76f7ba1895d268f7aa8ca31b1c1caac595cd0a4e8,6acc7335bbe6b731ef3e387d573b6689b90c0550
math_test_intermediate_algebra_178,intermediate_algebra,Level 4,True,True,True,6,6,6,symbolic,symbolic,evidence/baseline_500.json#math_test_intermediate_algebra_178,4096,147,958,1105,147,958,1105,deepseek-flash,0.0,https://api.deepseek.com/chat/completions,f6a583a12f4224ef3a07a9a76f7ba1895d268f7aa8ca31b1c1caac595cd0a4e8,6acc7335bbe6b731ef3e387d573b6689b90c0550
math_test_intermediate_algebra_179,intermediate_algebra,Level 5,True,True,True,\frac{192\sqrt{14}}{25},\frac{192\sqrt{14}}{25},\frac{192\sqrt{14}}{25},symbolic,symbolic,evidence/baseline_500.json#math_test_intermediate_algebra_179,4096,139,1227,1366,139,1227,1366,deepseek-flash,0.0,https://api.deepseek.com/chat/completions,f6a583a12f4224ef3a07a9a76f7ba1895d268f7aa8ca31b1c1caac595cd0a4e8,6acc7335bbe6b731ef3e387d573b6689b90c0550
math_test_intermediate_algebra_189,intermediate_algebra,Level 4,True,True,True,\(-1\),\(-1\),\(-1\),symbolic,symbolic,evidence/baseline_500.json#math_test_intermediate_algebra_189,4096,96,435,531,96,435,531,deepseek-flash,0.0,https://api.deepseek.com/chat/completions,f6a583a12f4224ef3a07a9a76f7ba1895d268f7aa8ca31b1c1caac595cd0a4e8,6acc7335bbe6b731ef3e387d573b6689b90c0550
math_test_intermediate_algebra_192,intermediate_algebra,Level 2,True,True,True,2,2,2,symbolic,symbolic,evidence/baseline_500.json#math_test_intermediate_algebra_192,4096,107,1109,1216,107,1109,1216,deepseek-flash,0.0,https://api.deepseek.com/chat/completions,f6a583a12f4224ef3a07a9a76f7ba1895d268f7aa8ca31b1c1caac595cd0a4e8,6acc7335bbe6b731ef3e387d573b6689b90c0550
math_test_intermediate_algebra_201,intermediate_algebra,Level 4,True,True,True,327680,327680,327680,symbolic,symbolic,evidence/baseline_500.json#math_test_intermediate_algebra_201,4096,103,340,443,103,340,443,deepseek-flash,0.0,https://api.deepseek.com/chat/completions,f6a583a12f4224ef3a07a9a76f7ba1895d268f7aa8ca31b1c1caac595cd0a4e8,6acc7335bbe6b731ef3e387d573b6689b90c0550
math_test_intermediate_algebra_202,intermediate_algebra,Level 5,True,True,True,\frac{81}{41},\frac{81}{41},\frac{81}{41},symbolic,symbolic,evidence/baseline_500.json#math_test_intermediate_algebra_202,4096,125,1142,1267,125,1142,1267,deepseek-flash,0.0,https://api.deepseek.com/chat/completions,f6a583a12f4224ef3a07a9a76f7ba1895d268f7aa8ca31b1c1caac595cd0a4e8,6acc7335bbe6b731ef3e387d573b6689b90c0550
math_test_intermediate_algebra_215,intermediate_algebra,Level 3,True,True,True,\(2\sqrt{5}\),\(2\sqrt{5}\),\(2\sqrt{5}\),symbolic,symbolic,evidence/baseline_500.json#math_test_intermediate_algebra_215,4096,90,279,369,90,279,369,deepseek-flash,0.0,https://api.deepseek.com/chat/completions,f6a583a12f4224ef3a07a9a76f7ba1895d268f7aa8ca31b1c1caac595cd0a4e8,6acc7335bbe6b731ef3e387d573b6689b90c0550
math_test_intermediate_algebra_231,intermediate_algebra,Level 1,True,True,True,22,22,22,symbolic,symbolic,evidence/baseline_500.json#math_test_intermediate_algebra_231,4096,73,130,203,73,130,203,deepseek-flash,0.0,https://api.deepseek.com/chat/completions,f6a583a12f4224ef3a07a9a76f7ba1895d268f7aa8ca31b1c1caac595cd0a4e8,6acc7335bbe6b731ef3e387d573b6689b90c0550
math_test_intermediate_algebra_237,intermediate_algebra,Level 5,False,False,True,,,49896,truncated,symbolic,raw/math_test_intermediate_algebra_237_16384.json,16384,169,4096,4265,169,12597,12766,deepseek-flash,0.0,https://api.deepseek.com/chat/completions,f6a583a12f4224ef3a07a9a76f7ba1895d268f7aa8ca31b1c1caac595cd0a4e8,6acc7335bbe6b731ef3e387d573b6689b90c0550
math_test_intermediate_algebra_242,intermediate_algebra,Level 5,True,True,True,\(-1\),\(-1\),\(-1\),symbolic,symbolic,evidence/baseline_500.json#math_test_intermediate_algebra_242,4096,113,3948,4061,113,3948,4061,deepseek-flash,0.0,https://api.deepseek.com/chat/completions,f6a583a12f4224ef3a07a9a76f7ba1895d268f7aa8ca31b1c1caac595cd0a4e8,6acc7335bbe6b731ef3e387d573b6689b90c0550
math_test_intermediate_algebra_249,intermediate_algebra,Level 3,True,True,True,1004,1004,1004,symbolic,symbolic,evidence/baseline_500.json#math_test_intermediate_algebra_249,4096,130,396,526,130,396,526,deepseek-flash,0.0,https://api.deepseek.com/chat/completions,f6a583a12f4224ef3a07a9a76f7ba1895d268f7aa8ca31b1c1caac595cd0a4e8,6acc7335bbe6b731ef3e387d573b6689b90c0550
math_test_intermediate_algebra_253,intermediate_algebra,Level 4,False,False,False,,,,truncated,truncated,raw/math_test_intermediate_algebra_253_16384.json,16384,95,4096,4191,95,16384,16479,deepseek-flash,0.0,https://api.deepseek.com/chat/completions,f6a583a12f4224ef3a07a9a76f7ba1895d268f7aa8ca31b1c1caac595cd0a4e8,6acc7335bbe6b731ef3e387d573b6689b90c0550
math_test_intermediate_algebra_257,intermediate_algebra,Level 5,False,False,True,,,6,truncated,symbolic,raw/math_test_intermediate_algebra_257_8192.json,8192,105,4096,4201,105,5824,5929,deepseek-flash,0.0,https://api.deepseek.com/chat/completions,f6a583a12f4224ef3a07a9a76f7ba1895d268f7aa8ca31b1c1caac595cd0a4e8,6acc7335bbe6b731ef3e387d573b6689b90c0550
math_test_intermediate_algebra_268,intermediate_algebra,Level 5,True,True,True,48,48,48,symbolic,symbolic,evidence/baseline_500.json#math_test_intermediate_algebra_268,4096,96,3768,3864,96,3768,3864,deepseek-flash,0.0,https://api.deepseek.com/chat/completions,f6a583a12f4224ef3a07a9a76f7ba1895d268f7aa8ca31b1c1caac595cd0a4e8,6acc7335bbe6b731ef3e387d573b6689b90c0550
math_test_intermediate_algebra_275,intermediate_algebra,Level 3,True,True,True,\(8\sqrt{55}\),\(8\sqrt{55}\),\(8\sqrt{55}\),symbolic,symbolic,evidence/baseline_500.json#math_test_intermediate_algebra_275,4096,82,473,555,82,473,555,deepseek-flash,0.0,https://api.deepseek.com/chat/completions,f6a583a12f4224ef3a07a9a76f7ba1895d268f7aa8ca31b1c1caac595cd0a4e8,6acc7335bbe6b731ef3e387d573b6689b90c0550
math_test_intermediate_algebra_282,intermediate_algebra,Level 2,True,True,True,\(x=3\),\(x=3\),\(x=3\),symbolic,symbolic,evidence/baseline_500.json#math_test_intermediate_algebra_282,4096,101,379,480,101,379,480,deepseek-flash,0.0,https://api.deepseek.com/chat/completions,f6a583a12f4224ef3a07a9a76f7ba1895d268f7aa8ca31b1c1caac595cd0a4e8,6acc7335bbe6b731ef3e387d573b6689b90c0550
math_test_intermediate_algebra_290,intermediate_algebra,Level 2,True,True,True,1,1,1,symbolic,symbolic,evidence/baseline_500.json#math_test_intermediate_algebra_290,4096,100,648,748,100,648,748,deepseek-flash,0.0,https://api.deepseek.com/chat/completions,f6a583a12f4224ef3a07a9a76f7ba1895d268f7aa8ca31b1c1caac595cd0a4e8,6acc7335bbe6b731ef3e387d573b6689b90c0550
math_test_intermediate_algebra_294,intermediate_algebra,Level 5,False,False,True,,,\(\frac{46}{3}\),truncated,symbolic,raw/math_test_intermediate_algebra_294_8192.json,8192,111,4096,4207,111,3556,3667,deepseek-flash,0.0,https://api.deepseek.com/chat/completions,f6a583a12f4224ef3a07a9a76f7ba1895d268f7aa8ca31b1c1caac595cd0a4e8,6acc7335bbe6b731ef3e387d573b6689b90c0550
math_test_intermediate_algebra_300,intermediate_algebra,Level 5,True,True,True,0,0,0,symbolic,symbolic,evidence/baseline_500.json#math_test_intermediate_algebra_300,4096,163,3416,3579,163,3416,3579,deepseek-flash,0.0,https://api.deepseek.com/chat/completions,f6a583a12f4224ef3a07a9a76f7ba1895d268f7aa8ca31b1c1caac595cd0a4e8,6acc7335bbe6b731ef3e387d573b6689b90c0550
math_test_intermediate_algebra_303,intermediate_algebra,Level 5,True,True,True,\(2x^2+5x-1\),\(2x^2+5x-1\),\(2x^2+5x-1\),symbolic,symbolic,evidence/baseline_500.json#math_test_intermediate_algebra_303,4096,117,1021,1138,117,1021,1138,deepseek-flash,0.0,https://api.deepseek.com/chat/completions,f6a583a12f4224ef3a07a9a76f7ba1895d268f7aa8ca31b1c1caac595cd0a4e8,6acc7335bbe6b731ef3e387d573b6689b90c0550
math_test_intermediate_algebra_309,intermediate_algebra,Level 4,True,True,True,9,9,9,symbolic,symbolic,evidence/baseline_500.json#math_test_intermediate_algebra_309,4096,138,507,645,138,507,645,deepseek-flash,0.0,https://api.deepseek.com/chat/completions,f6a583a12f4224ef3a07a9a76f7ba1895d268f7aa8ca31b1c1caac595cd0a4e8,6acc7335bbe6b731ef3e387d573b6689b90c0550
math_test_intermediate_algebra_316,intermediate_algebra,Level 4,True,True,True,"\((1,4\sqrt{3})\)","\((1,4\sqrt{3})\)","\((1,4\sqrt{3})\)",structured,structured,evidence/baseline_500.json#math_test_intermediate_algebra_316,4096,142,805,947,142,805,947,deepseek-flash,0.0,https://api.deepseek.com/chat/completions,f6a583a12f4224ef3a07a9a76f7ba1895d268f7aa8ca31b1c1caac595cd0a4e8,6acc7335bbe6b731ef3e387d573b6689b90c0550
math_test_intermediate_algebra_320,intermediate_algebra,Level 3,True,True,True,154,154,154,symbolic,symbolic,evidence/baseline_500.json#math_test_intermediate_algebra_320,4096,123,955,1078,123,955,1078,deepseek-flash,0.0,https://api.deepseek.com/chat/completions,f6a583a12f4224ef3a07a9a76f7ba1895d268f7aa8ca31b1c1caac595cd0a4e8,6acc7335bbe6b731ef3e387d573b6689b90c0550
math_test_intermediate_algebra_322,intermediate_algebra,Level 4,True,True,True,\(-6\),\(-6\),\(-6\),symbolic,symbolic,evidence/baseline_500.json#math_test_intermediate_algebra_322,4096,101,758,859,101,758,859,deepseek-flash,0.0,https://api.deepseek.com/chat/completions,f6a583a12f4224ef3a07a9a76f7ba1895d268f7aa8ca31b1c1caac595cd0a4e8,6acc7335bbe6b731ef3e387d573b6689b90c0550
math_test_intermediate_algebra_336,intermediate_algebra,Level 2,True,True,True,\(-\frac{11}{2}\),\(-\frac{11}{2}\),\(-\frac{11}{2}\),symbolic,symbolic,evidence/baseline_500.json#math_test_intermediate_algebra_336,4096,108,901,1009,108,901,1009,deepseek-flash,0.0,https://api.deepseek.com/chat/completions,f6a583a12f4224ef3a07a9a76f7ba1895d268f7aa8ca31b1c1caac595cd0a4e8,6acc7335bbe6b731ef3e387d573b6689b90c0550
math_test_intermediate_algebra_337,intermediate_algebra,Level 4,True,True,True,\(y=-\frac12x^2+4x-6\),\(y=-\frac12x^2+4x-6\),\(y=-\frac12x^2+4x-6\),symbolic,symbolic,evidence/baseline_500.json#math_test_intermediate_algebra_337,4096,95,395,490,95,395,490,deepseek-flash,0.0,https://api.deepseek.com/chat/completions,f6a583a12f4224ef3a07a9a76f7ba1895d268f7aa8ca31b1c1caac595cd0a4e8,6acc7335bbe6b731ef3e387d573b6689b90c0550
math_test_intermediate_algebra_345,intermediate_algebra,Level 1,True,True,True,75,75,75,symbolic,symbolic,evidence/baseline_500.json#math_test_intermediate_algebra_345,4096,71,199,270,71,199,270,deepseek-flash,0.0,https://api.deepseek.com/chat/completions,f6a583a12f4224ef3a07a9a76f7ba1895d268f7aa8ca31b1c1caac595cd0a4e8,6acc7335bbe6b731ef3e387d573b6689b90c0550
math_test_intermediate_algebra_363,intermediate_algebra,Level 2,True,True,True,-8,-8,-8,symbolic,symbolic,evidence/baseline_500.json#math_test_intermediate_algebra_363,4096,81,657,738,81,657,738,deepseek-flash,0.0,https://api.deepseek.com/chat/completions,f6a583a12f4224ef3a07a9a76f7ba1895d268f7aa8ca31b1c1caac595cd0a4e8,6acc7335bbe6b731ef3e387d573b6689b90c0550
math_test_intermediate_algebra_364,intermediate_algebra,Level 5,False,False,True,,,\(\frac{1}{5120}\),truncated,symbolic,raw/math_test_intermediate_algebra_364_16384.json,16384,109,4096,4205,109,8574,8683,deepseek-flash,0.0,https://api.deepseek.com/chat/completions,f6a583a12f4224ef3a07a9a76f7ba1895d268f7aa8ca31b1c1caac595cd0a4e8,6acc7335bbe6b731ef3e387d573b6689b90c0550
math_test_intermediate_algebra_370,intermediate_algebra,Level 4,True,True,True,3,3,3,symbolic,symbolic,evidence/baseline_500.json#math_test_intermediate_algebra_370,4096,88,1157,1245,88,1157,1245,deepseek-flash,0.0,https://api.deepseek.com/chat/completions,f6a583a12f4224ef3a07a9a76f7ba1895d268f7aa8ca31b1c1caac595cd0a4e8,6acc7335bbe6b731ef3e387d573b6689b90c0550
math_test_intermediate_algebra_374,intermediate_algebra,Level 4,True,True,True,4561,4561,4561,symbolic,symbolic,evidence/baseline_500.json#math_test_intermediate_algebra_374,4096,105,3696,3801,105,3696,3801,deepseek-flash,0.0,https://api.deepseek.com/chat/completions,f6a583a12f4224ef3a07a9a76f7ba1895d268f7aa8ca31b1c1caac595cd0a4e8,6acc7335bbe6b731ef3e387d573b6689b90c0550
math_test_intermediate_algebra_392,intermediate_algebra,Level 4,False,False,True,,,12,truncated,symbolic,raw/math_test_intermediate_algebra_392_8192.json,8192,127,4096,4223,127,6673,6800,deepseek-flash,0.0,https://api.deepseek.com/chat/completions,f6a583a12f4224ef3a07a9a76f7ba1895d268f7aa8ca31b1c1caac595cd0a4e8,6acc7335bbe6b731ef3e387d573b6689b90c0550
math_test_intermediate_algebra_403,intermediate_algebra,Level 4,True,True,True,4,4,4,symbolic,symbolic,evidence/baseline_500.json#math_test_intermediate_algebra_403,4096,93,901,994,93,901,994,deepseek-flash,0.0,https://api.deepseek.com/chat/completions,f6a583a12f4224ef3a07a9a76f7ba1895d268f7aa8ca31b1c1caac595cd0a4e8,6acc7335bbe6b731ef3e387d573b6689b90c0550
math_test_intermediate_algebra_406,intermediate_algebra,Level 5,True,True,True,501,501,501,symbolic,symbolic,evidence/baseline_500.json#math_test_intermediate_algebra_406,4096,96,2665,2761,96,2665,2761,deepseek-flash,0.0,https://api.deepseek.com/chat/completions,f6a583a12f4224ef3a07a9a76f7ba1895d268f7aa8ca31b1c1caac595cd0a4e8,6acc7335bbe6b731ef3e387d573b6689b90c0550
math_test_intermediate_algebra_408,intermediate_algebra,Level 5,False,False,True,,,"\left[\frac32,2\right)",truncated,structured,raw/math_test_intermediate_algebra_408_8192.json,8192,108,4096,4204,108,7746,7854,deepseek-flash,0.0,https://api.deepseek.com/chat/completions,f6a583a12f4224ef3a07a9a76f7ba1895d268f7aa8ca31b1c1caac595cd0a4e8,6acc7335bbe6b731ef3e387d573b6689b90c0550
math_test_intermediate_algebra_41,intermediate_algebra,Level 4,True,True,True,\(-\frac12\),\(-\frac12\),\(-\frac12\),symbolic,symbolic,evidence/baseline_500.json#math_test_intermediate_algebra_41,4096,102,391,493,102,391,493,deepseek-flash,0.0,https://api.deepseek.com/chat/completions,f6a583a12f4224ef3a07a9a76f7ba1895d268f7aa8ca31b1c1caac595cd0a4e8,6acc7335bbe6b731ef3e387d573b6689b90c0550
math_test_intermediate_algebra_42,intermediate_algebra,Level 3,True,True,True,270,270,270,symbolic,symbolic,evidence/baseline_500.json#math_test_intermediate_algebra_42,4096,108,719,827,108,719,827,deepseek-flash,0.0,https://api.deepseek.com/chat/completions,f6a583a12f4224ef3a07a9a76f7ba1895d268f7aa8ca31b1c1caac595cd0a4e8,6acc7335bbe6b731ef3e387d573b6689b90c0550
math_test_intermediate_algebra_429,intermediate_algebra,Level 3,True,True,True,\(-5\),\(-5\),\(-5\),symbolic,symbolic,evidence/baseline_500.json#math_test_intermediate_algebra_429,4096,121,426,547,121,426,547,deepseek-flash,0.0,https://api.deepseek.com/chat/completions,f6a583a12f4224ef3a07a9a76f7ba1895d268f7aa8ca31b1c1caac595cd0a4e8,6acc7335bbe6b731ef3e387d573b6689b90c0550
math_test_intermediate_algebra_442,intermediate_algebra,Level 5,True,True,True,34,34,34,symbolic,symbolic,evidence/baseline_500.json#math_test_intermediate_algebra_442,4096,110,882,992,110,882,992,deepseek-flash,0.0,https://api.deepseek.com/chat/completions,f6a583a12f4224ef3a07a9a76f7ba1895d268f7aa8ca31b1c1caac595cd0a4e8,6acc7335bbe6b731ef3e387d573b6689b90c0550
math_test_intermediate_algebra_464,intermediate_algebra,Level 2,True,True,True,\((2x-1)(2x+1)(2x+3)\),\((2x-1)(2x+1)(2x+3)\),\((2x-1)(2x+1)(2x+3)\),symbolic,symbolic,evidence/baseline_500.json#math_test_intermediate_algebra_464,4096,76,396,472,76,396,472,deepseek-flash,0.0,https://api.deepseek.com/chat/completions,f6a583a12f4224ef3a07a9a76f7ba1895d268f7aa8ca31b1c1caac595cd0a4e8,6acc7335bbe6b731ef3e387d573b6689b90c0550
math_test_intermediate_algebra_474,intermediate_algebra,Level 5,True,True,True,10,10,10,symbolic,symbolic,evidence/baseline_500.json#math_test_intermediate_algebra_474,4096,153,547,700,153,547,700,deepseek-flash,0.0,https://api.deepseek.com/chat/completions,f6a583a12f4224ef3a07a9a76f7ba1895d268f7aa8ca31b1c1caac595cd0a4e8,6acc7335bbe6b731ef3e387d573b6689b90c0550
math_test_intermediate_algebra_476,intermediate_algebra,Level 2,True,True,True,4,4,4,symbolic,symbolic,evidence/baseline_500.json#math_test_intermediate_algebra_476,4096,121,305,426,121,305,426,deepseek-flash,0.0,https://api.deepseek.com/chat/completions,f6a583a12f4224ef3a07a9a76f7ba1895d268f7aa8ca31b1c1caac595cd0a4e8,6acc7335bbe6b731ef3e387d573b6689b90c0550
math_test_intermediate_algebra_509,intermediate_algebra,Level 3,True,True,True,10,10,10,symbolic,symbolic,evidence/baseline_500.json#math_test_intermediate_algebra_509,4096,149,226,375,149,226,375,deepseek-flash,0.0,https://api.deepseek.com/chat/completions,f6a583a12f4224ef3a07a9a76f7ba1895d268f7aa8ca31b1c1caac595cd0a4e8,6acc7335bbe6b731ef3e387d573b6689b90c0550
math_test_intermediate_algebra_51,intermediate_algebra,Level 5,True,True,True,\frac{20000}{\pi},\frac{20000}{\pi},\frac{20000}{\pi},symbolic,symbolic,evidence/baseline_500.json#math_test_intermediate_algebra_51,4096,229,902,1131,229,902,1131,deepseek-flash,0.0,https://api.deepseek.com/chat/completions,f6a583a12f4224ef3a07a9a76f7ba1895d268f7aa8ca31b1c1caac595cd0a4e8,6acc7335bbe6b731ef3e387d573b6689b90c0550
math_test_intermediate_algebra_514,intermediate_algebra,Level 1,True,True,True,\(7x(x-1)(x-2)\),\(7x(x-1)(x-2)\),\(7x(x-1)(x-2)\),symbolic,symbolic,evidence/baseline_500.json#math_test_intermediate_algebra_514,4096,72,214,286,72,214,286,deepseek-flash,0.0,https://api.deepseek.com/chat/completions,f6a583a12f4224ef3a07a9a76f7ba1895d268f7aa8ca31b1c1caac595cd0a4e8,6acc7335bbe6b731ef3e387d573b6689b90c0550
math_test_intermediate_algebra_521,intermediate_algebra,Level 2,True,True,True,48,48,48,symbolic,symbolic,evidence/baseline_500.json#math_test_intermediate_algebra_521,4096,88,1262,1350,88,1262,1350,deepseek-flash,0.0,https://api.deepseek.com/chat/completions,f6a583a12f4224ef3a07a9a76f7ba1895d268f7aa8ca31b1c1caac595cd0a4e8,6acc7335bbe6b731ef3e387d573b6689b90c0550
math_test_intermediate_algebra_529,intermediate_algebra,Level 5,True,True,True,\frac{2007}{2008},\frac{2007}{2008},\frac{2007}{2008},symbolic,symbolic,evidence/baseline_500.json#math_test_intermediate_algebra_529,4096,126,532,658,126,532,658,deepseek-flash,0.0,https://api.deepseek.com/chat/completions,f6a583a12f4224ef3a07a9a76f7ba1895d268f7aa8ca31b1c1caac595cd0a4e8,6acc7335bbe6b731ef3e387d573b6689b90c0550
math_test_intermediate_algebra_53,intermediate_algebra,Level 3,True,True,True,"\([-3,-2]\cup[0,1]\)","\([-3,-2]\cup[0,1]\)","\([-3,-2]\cup[0,1]\)",structured,structured,evidence/baseline_500.json#math_test_intermediate_algebra_53,4096,88,669,757,88,669,757,deepseek-flash,0.0,https://api.deepseek.com/chat/completions,f6a583a12f4224ef3a07a9a76f7ba1895d268f7aa8ca31b1c1caac595cd0a4e8,6acc7335bbe6b731ef3e387d573b6689b90c0550
math_test_intermediate_algebra_540,intermediate_algebra,Level 5,True,True,True,61,61,61,symbolic,symbolic,evidence/baseline_500.json#math_test_intermediate_algebra_540,4096,185,1735,1920,185,1735,1920,deepseek-flash,0.0,https://api.deepseek.com/chat/completions,f6a583a12f4224ef3a07a9a76f7ba1895d268f7aa8ca31b1c1caac595cd0a4e8,6acc7335bbe6b731ef3e387d573b6689b90c0550
math_test_intermediate_algebra_544,intermediate_algebra,Level 5,True,True,True,"(3,-3,1)","(3,-3,1)","(3,-3,1)",structured,structured,evidence/baseline_500.json#math_test_intermediate_algebra_544,4096,123,1147,1270,123,1147,1270,deepseek-flash,0.0,https://api.deepseek.com/chat/completions,f6a583a12f4224ef3a07a9a76f7ba1895d268f7aa8ca31b1c1caac595cd0a4e8,6acc7335bbe6b731ef3e387d573b6689b90c0550
math_test_intermediate_algebra_557,intermediate_algebra,Level 4,False,False,True,,,5,truncated,symbolic,raw/math_test_intermediate_algebra_557_16384.json,16384,137,4096,4233,137,11301,11438,deepseek-flash,0.0,https://api.deepseek.com/chat/completions,f6a583a12f4224ef3a07a9a76f7ba1895d268f7aa8ca31b1c1caac595cd0a4e8,6acc7335bbe6b731ef3e387d573b6689b90c0550
math_test_intermediate_algebra_559,intermediate_algebra,Level 3,True,True,True,828,828,828,symbolic,symbolic,evidence/baseline_500.json#math_test_intermediate_algebra_559,4096,84,929,1013,84,929,1013,deepseek-flash,0.0,https://api.deepseek.com/chat/completions,f6a583a12f4224ef3a07a9a76f7ba1895d268f7aa8ca31b1c1caac595cd0a4e8,6acc7335bbe6b731ef3e387d573b6689b90c0550
math_test_intermediate_algebra_568,intermediate_algebra,Level 4,True,True,True,150,150,150,symbolic,symbolic,evidence/baseline_500.json#math_test_intermediate_algebra_568,4096,96,547,643,96,547,643,deepseek-flash,0.0,https://api.deepseek.com/chat/completions,f6a583a12f4224ef3a07a9a76f7ba1895d268f7aa8ca31b1c1caac595cd0a4e8,6acc7335bbe6b731ef3e387d573b6689b90c0550
math_test_intermediate_algebra_579,intermediate_algebra,Level 1,True,True,True,\(5 + 6\sqrt{2}\),\(5 + 6\sqrt{2}\),\(5 + 6\sqrt{2}\),symbolic,symbolic,evidence/baseline_500.json#math_test_intermediate_algebra_579,4096,71,139,210,71,139,210,deepseek-flash,0.0,https://api.deepseek.com/chat/completions,f6a583a12f4224ef3a07a9a76f7ba1895d268f7aa8ca31b1c1caac595cd0a4e8,6acc7335bbe6b731ef3e387d573b6689b90c0550
math_test_intermediate_algebra_593,intermediate_algebra,Level 4,False,False,True,,,5,truncated,symbolic,raw/math_test_intermediate_algebra_593_8192.json,8192,94,4096,4190,94,5425,5519,deepseek-flash,0.0,https://api.deepseek.com/chat/completions,f6a583a12f4224ef3a07a9a76f7ba1895d268f7aa8ca31b1c1caac595cd0a4e8,6acc7335bbe6b731ef3e387d573b6689b90c0550
math_test_intermediate_algebra_6,intermediate_algebra,Level 5,False,False,True,,,36,truncated,symbolic,raw/math_test_intermediate_algebra_6_8192.json,8192,297,4096,4393,297,2255,2552,deepseek-flash,0.0,https://api.deepseek.com/chat/completions,f6a583a12f4224ef3a07a9a76f7ba1895d268f7aa8ca31b1c1caac595cd0a4e8,6acc7335bbe6b731ef3e387d573b6689b90c0550
math_test_intermediate_algebra_604,intermediate_algebra,Level 4,True,True,True,2,2,2,symbolic,symbolic,evidence/baseline_500.json#math_test_intermediate_algebra_604,4096,108,850,958,108,850,958,deepseek-flash,0.0,https://api.deepseek.com/chat/completions,f6a583a12f4224ef3a07a9a76f7ba1895d268f7aa8ca31b1c1caac595cd0a4e8,6acc7335bbe6b731ef3e387d573b6689b90c0550
math_test_intermediate_algebra_607,intermediate_algebra,Level 4,True,True,True,32,32,32,symbolic,symbolic,evidence/baseline_500.json#math_test_intermediate_algebra_607,4096,113,3746,3859,113,3746,3859,deepseek-flash,0.0,https://api.deepseek.com/chat/completions,f6a583a12f4224ef3a07a9a76f7ba1895d268f7aa8ca31b1c1caac595cd0a4e8,6acc7335bbe6b731ef3e387d573b6689b90c0550
math_test_intermediate_algebra_623,intermediate_algebra,Level 5,True,True,True,\(\frac{\sqrt{20201}-1}{4}\),\(\frac{\sqrt{20201}-1}{4}\),\(\frac{\sqrt{20201}-1}{4}\),symbolic,symbolic,evidence/baseline_500.json#math_test_intermediate_algebra_623,4096,153,1388,1541,153,1388,1541,deepseek-flash,0.0,https://api.deepseek.com/chat/completions,f6a583a12f4224ef3a07a9a76f7ba1895d268f7aa8ca31b1c1caac595cd0a4e8,6acc7335bbe6b731ef3e387d573b6689b90c0550
math_test_intermediate_algebra_628,intermediate_algebra,Level 3,True,True,True,2,2,2,symbolic,symbolic,evidence/baseline_500.json#math_test_intermediate_algebra_628,4096,131,1934,2065,131,1934,2065,deepseek-flash,0.0,https://api.deepseek.com/chat/completions,f6a583a12f4224ef3a07a9a76f7ba1895d268f7aa8ca31b1c1caac595cd0a4e8,6acc7335bbe6b731ef3e387d573b6689b90c0550
math_test_intermediate_algebra_636,intermediate_algebra,Level 3,True,True,True,100,100,100,symbolic,symbolic,evidence/baseline_500.json#math_test_intermediate_algebra_636,4096,123,645,768,123,645,768,deepseek-flash,0.0,https://api.deepseek.com/chat/completions,f6a583a12f4224ef3a07a9a76f7ba1895d268f7aa8ca31b1c1caac595cd0a4e8,6acc7335bbe6b731ef3e387d573b6689b90c0550
math_test_intermediate_algebra_642,intermediate_algebra,Level 2,True,True,True,2,2,2,symbolic,symbolic,evidence/baseline_500.json#math_test_intermediate_algebra_642,4096,72,216,288,72,216,288,deepseek-flash,0.0,https://api.deepseek.com/chat/completions,f6a583a12f4224ef3a07a9a76f7ba1895d268f7aa8ca31b1c1caac595cd0a4e8,6acc7335bbe6b731ef3e387d573b6689b90c0550
math_test_intermediate_algebra_647,intermediate_algebra,Level 3,True,True,True,x^2-10x+41,x^2-10x+41,x^2-10x+41,symbolic,symbolic,evidence/baseline_500.json#math_test_intermediate_algebra_647,4096,81,351,432,81,351,432,deepseek-flash,0.0,https://api.deepseek.com/chat/completions,f6a583a12f4224ef3a07a9a76f7ba1895d268f7aa8ca31b1c1caac595cd0a4e8,6acc7335bbe6b731ef3e387d573b6689b90c0550
math_test_intermediate_algebra_656,intermediate_algebra,Level 3,True,True,True,2,2,2,symbolic,symbolic,evidence/baseline_500.json#math_test_intermediate_algebra_656,4096,110,2392,2502,110,2392,2502,deepseek-flash,0.0,https://api.deepseek.com/chat/completions,f6a583a12f4224ef3a07a9a76f7ba1895d268f7aa8ca31b1c1caac595cd0a4e8,6acc7335bbe6b731ef3e387d573b6689b90c0550
math_test_intermediate_algebra_669,intermediate_algebra,Level 5,True,True,True,7,7,7,symbolic,symbolic,evidence/baseline_500.json#math_test_intermediate_algebra_669,4096,98,2317,2415,98,2317,2415,deepseek-flash,0.0,https://api.deepseek.com/chat/completions,f6a583a12f4224ef3a07a9a76f7ba1895d268f7aa8ca31b1c1caac595cd0a4e8,6acc7335bbe6b731ef3e387d573b6689b90c0550
math_test_intermediate_algebra_672,intermediate_algebra,Level 5,True,True,True,"-2, -1, 1, 2","-2, -1, 1, 2","-2, -1, 1, 2",structured,structured,evidence/baseline_500.json#math_test_intermediate_algebra_672,4096,116,1574,1690,116,1574,1690,deepseek-flash,0.0,https://api.deepseek.com/chat/completions,f6a583a12f4224ef3a07a9a76f7ba1895d268f7aa8ca31b1c1caac595cd0a4e8,6acc7335bbe6b731ef3e387d573b6689b90c0550
math_test_intermediate_algebra_681,intermediate_algebra,Level 4,True,True,True,"\(\left(\frac{17}{4},0\right)\)","\(\left(\frac{17}{4},0\right)\)","\(\left(\frac{17}{4},0\right)\)",structured,structured,evidence/baseline_500.json#math_test_intermediate_algebra_681,4096,127,438,565,127,438,565,deepseek-flash,0.0,https://api.deepseek.com/chat/completions,f6a583a12f4224ef3a07a9a76f7ba1895d268f7aa8ca31b1c1caac595cd0a4e8,6acc7335bbe6b731ef3e387d573b6689b90c0550
math_test_intermediate_algebra_69,intermediate_algebra,Level 5,True,True,True,\frac{14}{13},\frac{14}{13},\frac{14}{13},symbolic,symbolic,evidence/baseline_500.json#math_test_intermediate_algebra_69,4096,86,546,632,86,546,632,deepseek-flash,0.0,https://api.deepseek.com/chat/completions,f6a583a12f4224ef3a07a9a76f7ba1895d268f7aa8ca31b1c1caac595cd0a4e8,6acc7335bbe6b731ef3e387d573b6689b90c0550
math_test_intermediate_algebra_691,intermediate_algebra,Level 3,True,True,True,1,1,1,symbolic,symbolic,evidence/baseline_500.json#math_test_intermediate_algebra_691,4096,130,2227,2357,130,2227,2357,deepseek-flash,0.0,https://api.deepseek.com/chat/completions,f6a583a12f4224ef3a07a9a76f7ba1895d268f7aa8ca31b1c1caac595cd0a4e8,6acc7335bbe6b731ef3e387d573b6689b90c0550
math_test_intermediate_algebra_705,intermediate_algebra,Level 3,True,True,True,82,82,82,symbolic,symbolic,evidence/baseline_500.json#math_test_intermediate_algebra_705,4096,78,395,473,78,395,473,deepseek-flash,0.0,https://api.deepseek.com/chat/completions,f6a583a12f4224ef3a07a9a76f7ba1895d268f7aa8ca31b1c1caac595cd0a4e8,6acc7335bbe6b731ef3e387d573b6689b90c0550
math_test_intermediate_algebra_725,intermediate_algebra,Level 2,True,True,True,13,13,13,symbolic,symbolic,evidence/baseline_500.json#math_test_intermediate_algebra_725,4096,85,661,746,85,661,746,deepseek-flash,0.0,https://api.deepseek.com/chat/completions,f6a583a12f4224ef3a07a9a76f7ba1895d268f7aa8ca31b1c1caac595cd0a4e8,6acc7335bbe6b731ef3e387d573b6689b90c0550
math_test_intermediate_algebra_747,intermediate_algebra,Level 5,True,True,True,12,12,12,symbolic,symbolic,evidence/baseline_500.json#math_test_intermediate_algebra_747,4096,103,793,896,103,793,896,deepseek-flash,0.0,https://api.deepseek.com/chat/completions,f6a583a12f4224ef3a07a9a76f7ba1895d268f7aa8ca31b1c1caac595cd0a4e8,6acc7335bbe6b731ef3e387d573b6689b90c0550
math_test_intermediate_algebra_748,intermediate_algebra,Level 4,True,True,True,\frac{24}{5},\frac{24}{5},\frac{24}{5},symbolic,symbolic,evidence/baseline_500.json#math_test_intermediate_algebra_748,4096,102,910,1012,102,910,1012,deepseek-flash,0.0,https://api.deepseek.com/chat/completions,f6a583a12f4224ef3a07a9a76f7ba1895d268f7aa8ca31b1c1caac595cd0a4e8,6acc7335bbe6b731ef3e387d573b6689b90c0550
math_test_intermediate_algebra_757,intermediate_algebra,Level 5,True,True,True,12,12,12,symbolic,symbolic,evidence/baseline_500.json#math_test_intermediate_algebra_757,4096,154,1236,1390,154,1236,1390,deepseek-flash,0.0,https://api.deepseek.com/chat/completions,f6a583a12f4224ef3a07a9a76f7ba1895d268f7aa8ca31b1c1caac595cd0a4e8,6acc7335bbe6b731ef3e387d573b6689b90c0550
math_test_intermediate_algebra_759,intermediate_algebra,Level 3,True,True,True,\(3\sqrt3\),\(3\sqrt3\),\(3\sqrt3\),symbolic,symbolic,evidence/baseline_500.json#math_test_intermediate_algebra_759,4096,80,344,424,80,344,424,deepseek-flash,0.0,https://api.deepseek.com/chat/completions,f6a583a12f4224ef3a07a9a76f7ba1895d268f7aa8ca31b1c1caac595cd0a4e8,6acc7335bbe6b731ef3e387d573b6689b90c0550
math_test_intermediate_algebra_763,intermediate_algebra,Level 5,False,False,True,,,18,truncated,symbolic,raw/math_test_intermediate_algebra_763_8192.json,8192,110,4096,4206,110,4650,4760,deepseek-flash,0.0,https://api.deepseek.com/chat/completions,f6a583a12f4224ef3a07a9a76f7ba1895d268f7aa8ca31b1c1caac595cd0a4e8,6acc7335bbe6b731ef3e387d573b6689b90c0550
math_test_intermediate_algebra_764,intermediate_algebra,Level 5,True,True,True,\(-2016\),\(-2016\),\(-2016\),symbolic,symbolic,evidence/baseline_500.json#math_test_intermediate_algebra_764,4096,100,368,468,100,368,468,deepseek-flash,0.0,https://api.deepseek.com/chat/completions,f6a583a12f4224ef3a07a9a76f7ba1895d268f7aa8ca31b1c1caac595cd0a4e8,6acc7335bbe6b731ef3e387d573b6689b90c0550
math_test_intermediate_algebra_765,intermediate_algebra,Level 1,True,True,True,3,3,3,symbolic,symbolic,evidence/baseline_500.json#math_test_intermediate_algebra_765,4096,75,158,233,75,158,233,deepseek-flash,0.0,https://api.deepseek.com/chat/completions,f6a583a12f4224ef3a07a9a76f7ba1895d268f7aa8ca31b1c1caac595cd0a4e8,6acc7335bbe6b731ef3e387d573b6689b90c0550
math_test_intermediate_algebra_790,intermediate_algebra,Level 3,True,True,True,"\(0,1\)","\(0,1\)","\(0,1\)",structured,structured,evidence/baseline_500.json#math_test_intermediate_algebra_790,4096,108,397,505,108,397,505,deepseek-flash,0.0,https://api.deepseek.com/chat/completions,f6a583a12f4224ef3a07a9a76f7ba1895d268f7aa8ca31b1c1caac595cd0a4e8,6acc7335bbe6b731ef3e387d573b6689b90c0550
math_test_intermediate_algebra_791,intermediate_algebra,Level 2,True,True,True,\(-3+2i\),\(-3+2i\),\(-3+2i\),symbolic,symbolic,evidence/baseline_500.json#math_test_intermediate_algebra_791,4096,70,166,236,70,166,236,deepseek-flash,0.0,https://api.deepseek.com/chat/completions,f6a583a12f4224ef3a07a9a76f7ba1895d268f7aa8ca31b1c1caac595cd0a4e8,6acc7335bbe6b731ef3e387d573b6689b90c0550
math_test_intermediate_algebra_794,intermediate_algebra,Level 4,True,True,True,90,90,90,symbolic,symbolic,evidence/baseline_500.json#math_test_intermediate_algebra_794,4096,86,913,999,86,913,999,deepseek-flash,0.0,https://api.deepseek.com/chat/completions,f6a583a12f4224ef3a07a9a76f7ba1895d268f7aa8ca31b1c1caac595cd0a4e8,6acc7335bbe6b731ef3e387d573b6689b90c0550
math_test_intermediate_algebra_796,intermediate_algebra,Level 2,False,True,True,"\((3,-5)\)","\((3,-5)\)","\((3,-5)\)",public_question_witness,public_question_witness,evidence/baseline_500.json#math_test_intermediate_algebra_796,4096,105,153,258,105,153,258,deepseek-flash,0.0,https://api.deepseek.com/chat/completions,f6a583a12f4224ef3a07a9a76f7ba1895d268f7aa8ca31b1c1caac595cd0a4e8,6acc7335bbe6b731ef3e387d573b6689b90c0550
math_test_intermediate_algebra_799,intermediate_algebra,Level 4,True,True,True,272,272,272,symbolic,symbolic,evidence/baseline_500.json#math_test_intermediate_algebra_799,4096,87,673,760,87,673,760,deepseek-flash,0.0,https://api.deepseek.com/chat/completions,f6a583a12f4224ef3a07a9a76f7ba1895d268f7aa8ca31b1c1caac595cd0a4e8,6acc7335bbe6b731ef3e387d573b6689b90c0550
math_test_intermediate_algebra_809,intermediate_algebra,Level 4,True,True,True,15,15,15,symbolic,symbolic,evidence/baseline_500.json#math_test_intermediate_algebra_809,4096,129,407,536,129,407,536,deepseek-flash,0.0,https://api.deepseek.com/chat/completions,f6a583a12f4224ef3a07a9a76f7ba1895d268f7aa8ca31b1c1caac595cd0a4e8,6acc7335bbe6b731ef3e387d573b6689b90c0550
math_test_intermediate_algebra_810,intermediate_algebra,Level 4,True,True,True,-\frac{9}{2},\(-\frac{9}{2}\),\(-\frac{9}{2}\),symbolic,symbolic,evidence/baseline_500.json#math_test_intermediate_algebra_810,4096,136,872,1008,136,872,1008,deepseek-flash,0.0,https://api.deepseek.com/chat/completions,f6a583a12f4224ef3a07a9a76f7ba1895d268f7aa8ca31b1c1caac595cd0a4e8,6acc7335bbe6b731ef3e387d573b6689b90c0550
math_test_intermediate_algebra_82,intermediate_algebra,Level 5,True,True,True,6,6,6,symbolic,symbolic,evidence/baseline_500.json#math_test_intermediate_algebra_82,4096,149,2412,2561,149,2412,2561,deepseek-flash,0.0,https://api.deepseek.com/chat/completions,f6a583a12f4224ef3a07a9a76f7ba1895d268f7aa8ca31b1c1caac595cd0a4e8,6acc7335bbe6b731ef3e387d573b6689b90c0550
math_test_intermediate_algebra_827,intermediate_algebra,Level 5,True,True,True,4+2\pi,4+2\pi,4+2\pi,symbolic,symbolic,evidence/baseline_500.json#math_test_intermediate_algebra_827,4096,104,3719,3823,104,3719,3823,deepseek-flash,0.0,https://api.deepseek.com/chat/completions,f6a583a12f4224ef3a07a9a76f7ba1895d268f7aa8ca31b1c1caac595cd0a4e8,6acc7335bbe6b731ef3e387d573b6689b90c0550
math_test_intermediate_algebra_829,intermediate_algebra,Level 4,True,True,True,"\((-5,-7)\)","\((-5,-7)\)","\((-5,-7)\)",structured,structured,evidence/baseline_500.json#math_test_intermediate_algebra_829,4096,137,925,1062,137,925,1062,deepseek-flash,0.0,https://api.deepseek.com/chat/completions,f6a583a12f4224ef3a07a9a76f7ba1895d268f7aa8ca31b1c1caac595cd0a4e8,6acc7335bbe6b731ef3e387d573b6689b90c0550
math_test_intermediate_algebra_847,intermediate_algebra,Level 3,True,True,True,104,104,104,symbolic,symbolic,evidence/baseline_500.json#math_test_intermediate_algebra_847,4096,103,900,1003,103,900,1003,deepseek-flash,0.0,https://api.deepseek.com/chat/completions,f6a583a12f4224ef3a07a9a76f7ba1895d268f7aa8ca31b1c1caac595cd0a4e8,6acc7335bbe6b731ef3e387d573b6689b90c0550
math_test_intermediate_algebra_854,intermediate_algebra,Level 4,True,True,True,898,898,898,symbolic,symbolic,evidence/baseline_500.json#math_test_intermediate_algebra_854,4096,157,1162,1319,157,1162,1319,deepseek-flash,0.0,https://api.deepseek.com/chat/completions,f6a583a12f4224ef3a07a9a76f7ba1895d268f7aa8ca31b1c1caac595cd0a4e8,6acc7335bbe6b731ef3e387d573b6689b90c0550
math_test_intermediate_algebra_866,intermediate_algebra,Level 2,True,True,True,"-3, -2, 1, 2","-3, -2, 1, 2","-3, -2, 1, 2",structured,structured,evidence/baseline_500.json#math_test_intermediate_algebra_866,4096,93,641,734,93,641,734,deepseek-flash,0.0,https://api.deepseek.com/chat/completions,f6a583a12f4224ef3a07a9a76f7ba1895d268f7aa8ca31b1c1caac595cd0a4e8,6acc7335bbe6b731ef3e387d573b6689b90c0550
math_test_intermediate_algebra_873,intermediate_algebra,Level 3,True,True,True,1,1,1,symbolic,symbolic,evidence/baseline_500.json#math_test_intermediate_algebra_873,4096,108,1300,1408,108,1300,1408,deepseek-flash,0.0,https://api.deepseek.com/chat/completions,f6a583a12f4224ef3a07a9a76f7ba1895d268f7aa8ca31b1c1caac595cd0a4e8,6acc7335bbe6b731ef3e387d573b6689b90c0550
math_test_intermediate_algebra_877,intermediate_algebra,Level 3,True,True,True,\text{A},\text{A},\text{A},option_label,option_label,evidence/baseline_500.json#math_test_intermediate_algebra_877,4096,183,733,916,183,733,916,deepseek-flash,0.0,https://api.deepseek.com/chat/completions,f6a583a12f4224ef3a07a9a76f7ba1895d268f7aa8ca31b1c1caac595cd0a4e8,6acc7335bbe6b731ef3e387d573b6689b90c0550
math_test_intermediate_algebra_884,intermediate_algebra,Level 5,True,True,True,16,16,16,symbolic,symbolic,evidence/baseline_500.json#math_test_intermediate_algebra_884,4096,102,2574,2676,102,2574,2676,deepseek-flash,0.0,https://api.deepseek.com/chat/completions,f6a583a12f4224ef3a07a9a76f7ba1895d268f7aa8ca31b1c1caac595cd0a4e8,6acc7335bbe6b731ef3e387d573b6689b90c0550
math_test_intermediate_algebra_885,intermediate_algebra,Level 2,True,True,True,"\([0,\infty)\)","\([0,\infty)\)","\([0,\infty)\)",structured,structured,evidence/baseline_500.json#math_test_intermediate_algebra_885,4096,88,139,227,88,139,227,deepseek-flash,0.0,https://api.deepseek.com/chat/completions,f6a583a12f4224ef3a07a9a76f7ba1895d268f7aa8ca31b1c1caac595cd0a4e8,6acc7335bbe6b731ef3e387d573b6689b90c0550
math_test_number_theory_112,number_theory,Level 4,True,True,True,40,40,40,symbolic,symbolic,evidence/baseline_500.json#math_test_number_theory_112,4096,70,242,312,70,242,312,deepseek-flash,0.0,https://api.deepseek.com/chat/completions,f6a583a12f4224ef3a07a9a76f7ba1895d268f7aa8ca31b1c1caac595cd0a4e8,6acc7335bbe6b731ef3e387d573b6689b90c0550
math_test_number_theory_116,number_theory,Level 4,True,True,True,\(1101_4\),\(1101_4\),\(1101_4\),symbolic,symbolic,evidence/baseline_500.json#math_test_number_theory_116,4096,79,384,463,79,384,463,deepseek-flash,0.0,https://api.deepseek.com/chat/completions,f6a583a12f4224ef3a07a9a76f7ba1895d268f7aa8ca31b1c1caac595cd0a4e8,6acc7335bbe6b731ef3e387d573b6689b90c0550
math_test_number_theory_117,number_theory,Level 4,True,True,True,10,10,10,symbolic,symbolic,evidence/baseline_500.json#math_test_number_theory_117,4096,87,1827,1914,87,1827,1914,deepseek-flash,0.0,https://api.deepseek.com/chat/completions,f6a583a12f4224ef3a07a9a76f7ba1895d268f7aa8ca31b1c1caac595cd0a4e8,6acc7335bbe6b731ef3e387d573b6689b90c0550
math_test_number_theory_122,number_theory,Level 4,True,True,True,204_5,204_5,204_5,symbolic,symbolic,evidence/baseline_500.json#math_test_number_theory_122,4096,74,502,576,74,502,576,deepseek-flash,0.0,https://api.deepseek.com/chat/completions,f6a583a12f4224ef3a07a9a76f7ba1895d268f7aa8ca31b1c1caac595cd0a4e8,6acc7335bbe6b731ef3e387d573b6689b90c0550
math_test_number_theory_132,number_theory,Level 4,True,True,True,16,16,16,symbolic,symbolic,evidence/baseline_500.json#math_test_number_theory_132,4096,91,229,320,91,229,320,deepseek-flash,0.0,https://api.deepseek.com/chat/completions,f6a583a12f4224ef3a07a9a76f7ba1895d268f7aa8ca31b1c1caac595cd0a4e8,6acc7335bbe6b731ef3e387d573b6689b90c0550
math_test_number_theory_140,number_theory,Level 5,True,True,True,[4],[4],[4],symbolic,symbolic,evidence/baseline_500.json#math_test_number_theory_140,4096,97,4058,4155,97,4058,4155,deepseek-flash,0.0,https://api.deepseek.com/chat/completions,f6a583a12f4224ef3a07a9a76f7ba1895d268f7aa8ca31b1c1caac595cd0a4e8,6acc7335bbe6b731ef3e387d573b6689b90c0550
math_test_number_theory_147,number_theory,Level 1,True,True,True,321,321,321,symbolic,symbolic,evidence/baseline_500.json#math_test_number_theory_147,4096,84,199,283,84,199,283,deepseek-flash,0.0,https://api.deepseek.com/chat/completions,f6a583a12f4224ef3a07a9a76f7ba1895d268f7aa8ca31b1c1caac595cd0a4e8,6acc7335bbe6b731ef3e387d573b6689b90c0550
math_test_number_theory_151,number_theory,Level 4,True,True,True,\(4210_7\),\(4210_7\),\(4210_7\),symbolic,symbolic,evidence/baseline_500.json#math_test_number_theory_151,4096,86,1609,1695,86,1609,1695,deepseek-flash,0.0,https://api.deepseek.com/chat/completions,f6a583a12f4224ef3a07a9a76f7ba1895d268f7aa8ca31b1c1caac595cd0a4e8,6acc7335bbe6b731ef3e387d573b6689b90c0550
math_test_number_theory_164,number_theory,Level 2,True,True,True,611,611,611,symbolic,symbolic,evidence/baseline_500.json#math_test_number_theory_164,4096,73,364,437,73,364,437,deepseek-flash,0.0,https://api.deepseek.com/chat/completions,f6a583a12f4224ef3a07a9a76f7ba1895d268f7aa8ca31b1c1caac595cd0a4e8,6acc7335bbe6b731ef3e387d573b6689b90c0550
math_test_number_theory_167,number_theory,Level 3,True,True,True,14,14,14,symbolic,symbolic,evidence/baseline_500.json#math_test_number_theory_167,4096,85,821,906,85,821,906,deepseek-flash,0.0,https://api.deepseek.com/chat/completions,f6a583a12f4224ef3a07a9a76f7ba1895d268f7aa8ca31b1c1caac595cd0a4e8,6acc7335bbe6b731ef3e387d573b6689b90c0550
math_test_number_theory_179,number_theory,Level 3,True,True,True,30,30,30,symbolic,symbolic,evidence/baseline_500.json#math_test_number_theory_179,4096,99,967,1066,99,967,1066,deepseek-flash,0.0,https://api.deepseek.com/chat/completions,f6a583a12f4224ef3a07a9a76f7ba1895d268f7aa8ca31b1c1caac595cd0a4e8,6acc7335bbe6b731ef3e387d573b6689b90c0550
math_test_number_theory_18,number_theory,Level 5,True,True,True,21022,21022,21022,symbolic,symbolic,evidence/baseline_500.json#math_test_number_theory_18,4096,102,1949,2051,102,1949,2051,deepseek-flash,0.0,https://api.deepseek.com/chat/completions,f6a583a12f4224ef3a07a9a76f7ba1895d268f7aa8ca31b1c1caac595cd0a4e8,6acc7335bbe6b731ef3e387d573b6689b90c0550
math_test_number_theory_19,number_theory,Level 5,True,True,True,25,25,25,symbolic,symbolic,evidence/baseline_500.json#math_test_number_theory_19,4096,96,927,1023,96,927,1023,deepseek-flash,0.0,https://api.deepseek.com/chat/completions,f6a583a12f4224ef3a07a9a76f7ba1895d268f7aa8ca31b1c1caac595cd0a4e8,6acc7335bbe6b731ef3e387d573b6689b90c0550
math_test_number_theory_192,number_theory,Level 5,True,True,True,116,116,116,symbolic,symbolic,evidence/baseline_500.json#math_test_number_theory_192,4096,116,274,390,116,274,390,deepseek-flash,0.0,https://api.deepseek.com/chat/completions,f6a583a12f4224ef3a07a9a76f7ba1895d268f7aa8ca31b1c1caac595cd0a4e8,6acc7335bbe6b731ef3e387d573b6689b90c0550
math_test_number_theory_2,number_theory,Level 2,True,True,True,70,70,70,symbolic,symbolic,evidence/baseline_500.json#math_test_number_theory_2,4096,88,267,355,88,267,355,deepseek-flash,0.0,https://api.deepseek.com/chat/completions,f6a583a12f4224ef3a07a9a76f7ba1895d268f7aa8ca31b1c1caac595cd0a4e8,6acc7335bbe6b731ef3e387d573b6689b90c0550
math_test_number_theory_223,number_theory,Level 2,True,True,True,2,2,2,symbolic,symbolic,evidence/baseline_500.json#math_test_number_theory_223,4096,89,183,272,89,183,272,deepseek-flash,0.0,https://api.deepseek.com/chat/completions,f6a583a12f4224ef3a07a9a76f7ba1895d268f7aa8ca31b1c1caac595cd0a4e8,6acc7335bbe6b731ef3e387d573b6689b90c0550
math_test_number_theory_227,number_theory,Level 4,True,True,True,0,0,0,symbolic,symbolic,evidence/baseline_500.json#math_test_number_theory_227,4096,75,285,360,75,285,360,deepseek-flash,0.0,https://api.deepseek.com/chat/completions,f6a583a12f4224ef3a07a9a76f7ba1895d268f7aa8ca31b1c1caac595cd0a4e8,6acc7335bbe6b731ef3e387d573b6689b90c0550
math_test_number_theory_234,number_theory,Level 4,True,True,True,6,6,6,symbolic,symbolic,evidence/baseline_500.json#math_test_number_theory_234,4096,102,1084,1186,102,1084,1186,deepseek-flash,0.0,https://api.deepseek.com/chat/completions,f6a583a12f4224ef3a07a9a76f7ba1895d268f7aa8ca31b1c1caac595cd0a4e8,6acc7335bbe6b731ef3e387d573b6689b90c0550
math_test_number_theory_237,number_theory,Level 3,True,True,True,57,57,57,symbolic,symbolic,evidence/baseline_500.json#math_test_number_theory_237,4096,85,365,450,85,365,450,deepseek-flash,0.0,https://api.deepseek.com/chat/completions,f6a583a12f4224ef3a07a9a76f7ba1895d268f7aa8ca31b1c1caac595cd0a4e8,6acc7335bbe6b731ef3e387d573b6689b90c0550
math_test_number_theory_25,number_theory,Level 3,True,True,True,60,60,60,symbolic,symbolic,evidence/baseline_500.json#math_test_number_theory_25,4096,93,711,804,93,711,804,deepseek-flash,0.0,https://api.deepseek.com/chat/completions,f6a583a12f4224ef3a07a9a76f7ba1895d268f7aa8ca31b1c1caac595cd0a4e8,6acc7335bbe6b731ef3e387d573b6689b90c0550
math_test_number_theory_251,number_theory,Level 3,True,True,True,0,0,0,symbolic,symbolic,evidence/baseline_500.json#math_test_number_theory_251,4096,86,460,546,86,460,546,deepseek-flash,0.0,https://api.deepseek.com/chat/completions,f6a583a12f4224ef3a07a9a76f7ba1895d268f7aa8ca31b1c1caac595cd0a4e8,6acc7335bbe6b731ef3e387d573b6689b90c0550
math_test_number_theory_263,number_theory,Level 3,True,True,True,0,0,0,symbolic,symbolic,evidence/baseline_500.json#math_test_number_theory_263,4096,71,301,372,71,301,372,deepseek-flash,0.0,https://api.deepseek.com/chat/completions,f6a583a12f4224ef3a07a9a76f7ba1895d268f7aa8ca31b1c1caac595cd0a4e8,6acc7335bbe6b731ef3e387d573b6689b90c0550
math_test_number_theory_268,number_theory,Level 3,True,True,True,108,108,108,symbolic,symbolic,evidence/baseline_500.json#math_test_number_theory_268,4096,67,176,243,67,176,243,deepseek-flash,0.0,https://api.deepseek.com/chat/completions,f6a583a12f4224ef3a07a9a76f7ba1895d268f7aa8ca31b1c1caac595cd0a4e8,6acc7335bbe6b731ef3e387d573b6689b90c0550
math_test_number_theory_273,number_theory,Level 5,False,False,True,,,72,truncated,symbolic,raw/math_test_number_theory_273_16384.json,16384,115,4096,4211,115,8361,8476,deepseek-flash,0.0,https://api.deepseek.com/chat/completions,f6a583a12f4224ef3a07a9a76f7ba1895d268f7aa8ca31b1c1caac595cd0a4e8,6acc7335bbe6b731ef3e387d573b6689b90c0550
math_test_number_theory_275,number_theory,Level 4,True,True,True,13,13,13,symbolic,symbolic,evidence/baseline_500.json#math_test_number_theory_275,4096,107,367,474,107,367,474,deepseek-flash,0.0,https://api.deepseek.com/chat/completions,f6a583a12f4224ef3a07a9a76f7ba1895d268f7aa8ca31b1c1caac595cd0a4e8,6acc7335bbe6b731ef3e387d573b6689b90c0550
math_test_number_theory_314,number_theory,Level 5,True,True,True,556,556,556,symbolic,symbolic,evidence/baseline_500.json#math_test_number_theory_314,4096,104,623,727,104,623,727,deepseek-flash,0.0,https://api.deepseek.com/chat/completions,f6a583a12f4224ef3a07a9a76f7ba1895d268f7aa8ca31b1c1caac595cd0a4e8,6acc7335bbe6b731ef3e387d573b6689b90c0550
math_test_number_theory_32,number_theory,Level 5,True,True,True,\(\frac{1}{3}\),\(\frac{1}{3}\),\(\frac{1}{3}\),symbolic,symbolic,evidence/baseline_500.json#math_test_number_theory_32,4096,121,427,548,121,427,548,deepseek-flash,0.0,https://api.deepseek.com/chat/completions,f6a583a12f4224ef3a07a9a76f7ba1895d268f7aa8ca31b1c1caac595cd0a4e8,6acc7335bbe6b731ef3e387d573b6689b90c0550
math_test_number_theory_324,number_theory,Level 2,True,True,True,2,2,2,symbolic,symbolic,evidence/baseline_500.json#math_test_number_theory_324,4096,73,179,252,73,179,252,deepseek-flash,0.0,https://api.deepseek.com/chat/completions,f6a583a12f4224ef3a07a9a76f7ba1895d268f7aa8ca31b1c1caac595cd0a4e8,6acc7335bbe6b731ef3e387d573b6689b90c0550
math_test_number_theory_332,number_theory,Level 4,True,True,True,1030,1030,1030,symbolic,symbolic,evidence/baseline_500.json#math_test_number_theory_332,4096,102,527,629,102,527,629,deepseek-flash,0.0,https://api.deepseek.com/chat/completions,f6a583a12f4224ef3a07a9a76f7ba1895d268f7aa8ca31b1c1caac595cd0a4e8,6acc7335bbe6b731ef3e387d573b6689b90c0550
math_test_number_theory_339,number_theory,Level 5,True,True,True,12,12,12,symbolic,symbolic,evidence/baseline_500.json#math_test_number_theory_339,4096,123,678,801,123,678,801,deepseek-flash,0.0,https://api.deepseek.com/chat/completions,f6a583a12f4224ef3a07a9a76f7ba1895d268f7aa8ca31b1c1caac595cd0a4e8,6acc7335bbe6b731ef3e387d573b6689b90c0550
math_test_number_theory_340,number_theory,Level 1,True,True,True,127,127,127,symbolic,symbolic,evidence/baseline_500.json#math_test_number_theory_340,4096,79,408,487,79,408,487,deepseek-flash,0.0,https://api.deepseek.com/chat/completions,f6a583a12f4224ef3a07a9a76f7ba1895d268f7aa8ca31b1c1caac595cd0a4e8,6acc7335bbe6b731ef3e387d573b6689b90c0550
math_test_number_theory_348,number_theory,Level 3,True,True,True,365,365,365,symbolic,symbolic,evidence/baseline_500.json#math_test_number_theory_348,4096,79,275,354,79,275,354,deepseek-flash,0.0,https://api.deepseek.com/chat/completions,f6a583a12f4224ef3a07a9a76f7ba1895d268f7aa8ca31b1c1caac595cd0a4e8,6acc7335bbe6b731ef3e387d573b6689b90c0550
math_test_number_theory_354,number_theory,Level 2,True,True,True,0,0,0,symbolic,symbolic,evidence/baseline_500.json#math_test_number_theory_354,4096,97,190,287,97,190,287,deepseek-flash,0.0,https://api.deepseek.com/chat/completions,f6a583a12f4224ef3a07a9a76f7ba1895d268f7aa8ca31b1c1caac595cd0a4e8,6acc7335bbe6b731ef3e387d573b6689b90c0550
math_test_number_theory_378,number_theory,Level 4,True,True,True,12,12,12,symbolic,symbolic,evidence/baseline_500.json#math_test_number_theory_378,4096,67,295,362,67,295,362,deepseek-flash,0.0,https://api.deepseek.com/chat/completions,f6a583a12f4224ef3a07a9a76f7ba1895d268f7aa8ca31b1c1caac595cd0a4e8,6acc7335bbe6b731ef3e387d573b6689b90c0550
math_test_number_theory_391,number_theory,Level 5,True,True,True,12,12,12,symbolic,symbolic,evidence/baseline_500.json#math_test_number_theory_391,4096,71,334,405,71,334,405,deepseek-flash,0.0,https://api.deepseek.com/chat/completions,f6a583a12f4224ef3a07a9a76f7ba1895d268f7aa8ca31b1c1caac595cd0a4e8,6acc7335bbe6b731ef3e387d573b6689b90c0550
math_test_number_theory_396,number_theory,Level 4,True,True,True,120,120,120,symbolic,symbolic,evidence/baseline_500.json#math_test_number_theory_396,4096,88,1179,1267,88,1179,1267,deepseek-flash,0.0,https://api.deepseek.com/chat/completions,f6a583a12f4224ef3a07a9a76f7ba1895d268f7aa8ca31b1c1caac595cd0a4e8,6acc7335bbe6b731ef3e387d573b6689b90c0550
math_test_number_theory_399,number_theory,Level 5,True,True,True,2,2,2,symbolic,symbolic,evidence/baseline_500.json#math_test_number_theory_399,4096,139,734,873,139,734,873,deepseek-flash,0.0,https://api.deepseek.com/chat/completions,f6a583a12f4224ef3a07a9a76f7ba1895d268f7aa8ca31b1c1caac595cd0a4e8,6acc7335bbe6b731ef3e387d573b6689b90c0550
math_test_number_theory_400,number_theory,Level 4,True,True,True,24,24,24,symbolic,symbolic,evidence/baseline_500.json#math_test_number_theory_400,4096,118,697,815,118,697,815,deepseek-flash,0.0,https://api.deepseek.com/chat/completions,f6a583a12f4224ef3a07a9a76f7ba1895d268f7aa8ca31b1c1caac595cd0a4e8,6acc7335bbe6b731ef3e387d573b6689b90c0550
math_test_number_theory_429,number_theory,Level 2,True,True,True,621,621,621,symbolic,symbolic,evidence/baseline_500.json#math_test_number_theory_429,4096,74,543,617,74,543,617,deepseek-flash,0.0,https://api.deepseek.com/chat/completions,f6a583a12f4224ef3a07a9a76f7ba1895d268f7aa8ca31b1c1caac595cd0a4e8,6acc7335bbe6b731ef3e387d573b6689b90c0550
math_test_number_theory_444,number_theory,Level 3,True,True,True,15,15,15,symbolic,symbolic,evidence/baseline_500.json#math_test_number_theory_444,4096,122,583,705,122,583,705,deepseek-flash,0.0,https://api.deepseek.com/chat/completions,f6a583a12f4224ef3a07a9a76f7ba1895d268f7aa8ca31b1c1caac595cd0a4e8,6acc7335bbe6b731ef3e387d573b6689b90c0550
math_test_number_theory_446,number_theory,Level 3,True,True,True,801,801,801,symbolic,symbolic,evidence/baseline_500.json#math_test_number_theory_446,4096,87,320,407,87,320,407,deepseek-flash,0.0,https://api.deepseek.com/chat/completions,f6a583a12f4224ef3a07a9a76f7ba1895d268f7aa8ca31b1c1caac595cd0a4e8,6acc7335bbe6b731ef3e387d573b6689b90c0550
math_test_number_theory_46,number_theory,Level 5,True,True,True,5,5,5,symbolic,symbolic,evidence/baseline_500.json#math_test_number_theory_46,4096,258,726,984,258,726,984,deepseek-flash,0.0,https://api.deepseek.com/chat/completions,f6a583a12f4224ef3a07a9a76f7ba1895d268f7aa8ca31b1c1caac595cd0a4e8,6acc7335bbe6b731ef3e387d573b6689b90c0550
math_test_number_theory_463,number_theory,Level 2,True,True,True,39,39,39,symbolic,symbolic,evidence/baseline_500.json#math_test_number_theory_463,4096,73,217,290,73,217,290,deepseek-flash,0.0,https://api.deepseek.com/chat/completions,f6a583a12f4224ef3a07a9a76f7ba1895d268f7aa8ca31b1c1caac595cd0a4e8,6acc7335bbe6b731ef3e387d573b6689b90c0550
math_test_number_theory_464,number_theory,Level 5,True,True,True,6,6,6,symbolic,symbolic,evidence/baseline_500.json#math_test_number_theory_464,4096,120,847,967,120,847,967,deepseek-flash,0.0,https://api.deepseek.com/chat/completions,f6a583a12f4224ef3a07a9a76f7ba1895d268f7aa8ca31b1c1caac595cd0a4e8,6acc7335bbe6b731ef3e387d573b6689b90c0550
math_test_number_theory_474,number_theory,Level 2,True,True,True,33,33,33,symbolic,symbolic,evidence/baseline_500.json#math_test_number_theory_474,4096,108,360,468,108,360,468,deepseek-flash,0.0,https://api.deepseek.com/chat/completions,f6a583a12f4224ef3a07a9a76f7ba1895d268f7aa8ca31b1c1caac595cd0a4e8,6acc7335bbe6b731ef3e387d573b6689b90c0550
math_test_number_theory_480,number_theory,Level 4,True,True,True,14.8,14.8,14.8,symbolic,symbolic,evidence/baseline_500.json#math_test_number_theory_480,4096,122,903,1025,122,903,1025,deepseek-flash,0.0,https://api.deepseek.com/chat/completions,f6a583a12f4224ef3a07a9a76f7ba1895d268f7aa8ca31b1c1caac595cd0a4e8,6acc7335bbe6b731ef3e387d573b6689b90c0550
math_test_number_theory_506,number_theory,Level 2,True,True,True,49,49,49,symbolic,symbolic,evidence/baseline_500.json#math_test_number_theory_506,4096,112,594,706,112,594,706,deepseek-flash,0.0,https://api.deepseek.com/chat/completions,f6a583a12f4224ef3a07a9a76f7ba1895d268f7aa8ca31b1c1caac595cd0a4e8,6acc7335bbe6b731ef3e387d573b6689b90c0550
math_test_number_theory_512,number_theory,Level 5,True,True,True,1016,1016,1016,symbolic,symbolic,evidence/baseline_500.json#math_test_number_theory_512,4096,99,512,611,99,512,611,deepseek-flash,0.0,https://api.deepseek.com/chat/completions,f6a583a12f4224ef3a07a9a76f7ba1895d268f7aa8ca31b1c1caac595cd0a4e8,6acc7335bbe6b731ef3e387d573b6689b90c0550
math_test_number_theory_519,number_theory,Level 3,True,True,True,7,7,7,symbolic,symbolic,evidence/baseline_500.json#math_test_number_theory_519,4096,70,209,279,70,209,279,deepseek-flash,0.0,https://api.deepseek.com/chat/completions,f6a583a12f4224ef3a07a9a76f7ba1895d268f7aa8ca31b1c1caac595cd0a4e8,6acc7335bbe6b731ef3e387d573b6689b90c0550
math_test_number_theory_533,number_theory,Level 3,True,True,True,105,105,105,symbolic,symbolic,evidence/baseline_500.json#math_test_number_theory_533,4096,91,445,536,91,445,536,deepseek-flash,0.0,https://api.deepseek.com/chat/completions,f6a583a12f4224ef3a07a9a76f7ba1895d268f7aa8ca31b1c1caac595cd0a4e8,6acc7335bbe6b731ef3e387d573b6689b90c0550
math_test_number_theory_535,number_theory,Level 2,True,True,True,1,1,1,symbolic,symbolic,evidence/baseline_500.json#math_test_number_theory_535,4096,82,382,464,82,382,464,deepseek-flash,0.0,https://api.deepseek.com/chat/completions,f6a583a12f4224ef3a07a9a76f7ba1895d268f7aa8ca31b1c1caac595cd0a4e8,6acc7335bbe6b731ef3e387d573b6689b90c0550
math_test_number_theory_536,number_theory,Level 5,True,True,True,15,15,15,symbolic,symbolic,evidence/baseline_500.json#math_test_number_theory_536,4096,82,722,804,82,722,804,deepseek-flash,0.0,https://api.deepseek.com/chat/completions,f6a583a12f4224ef3a07a9a76f7ba1895d268f7aa8ca31b1c1caac595cd0a4e8,6acc7335bbe6b731ef3e387d573b6689b90c0550
math_test_number_theory_538,number_theory,Level 4,True,True,True,0,0,0,symbolic,symbolic,evidence/baseline_500.json#math_test_number_theory_538,4096,88,279,367,88,279,367,deepseek-flash,0.0,https://api.deepseek.com/chat/completions,f6a583a12f4224ef3a07a9a76f7ba1895d268f7aa8ca31b1c1caac595cd0a4e8,6acc7335bbe6b731ef3e387d573b6689b90c0550
math_test_number_theory_57,number_theory,Level 5,True,True,True,7,7,7,symbolic,symbolic,evidence/baseline_500.json#math_test_number_theory_57,4096,90,553,643,90,553,643,deepseek-flash,0.0,https://api.deepseek.com/chat/completions,f6a583a12f4224ef3a07a9a76f7ba1895d268f7aa8ca31b1c1caac595cd0a4e8,6acc7335bbe6b731ef3e387d573b6689b90c0550
math_test_number_theory_61,number_theory,Level 5,True,True,True,128,128,128,symbolic,symbolic,evidence/baseline_500.json#math_test_number_theory_61,4096,128,915,1043,128,915,1043,deepseek-flash,0.0,https://api.deepseek.com/chat/completions,f6a583a12f4224ef3a07a9a76f7ba1895d268f7aa8ca31b1c1caac595cd0a4e8,6acc7335bbe6b731ef3e387d573b6689b90c0550
math_test_number_theory_74,number_theory,Level 3,True,True,True,7,7,7,symbolic,symbolic,evidence/baseline_500.json#math_test_number_theory_74,4096,81,1747,1828,81,1747,1828,deepseek-flash,0.0,https://api.deepseek.com/chat/completions,f6a583a12f4224ef3a07a9a76f7ba1895d268f7aa8ca31b1c1caac595cd0a4e8,6acc7335bbe6b731ef3e387d573b6689b90c0550
math_test_number_theory_8,number_theory,Level 1,True,True,True,2,2,2,symbolic,symbolic,evidence/baseline_500.json#math_test_number_theory_8,4096,69,141,210,69,141,210,deepseek-flash,0.0,https://api.deepseek.com/chat/completions,f6a583a12f4224ef3a07a9a76f7ba1895d268f7aa8ca31b1c1caac595cd0a4e8,6acc7335bbe6b731ef3e387d573b6689b90c0550
math_test_number_theory_82,number_theory,Level 4,True,True,True,6,6,6,symbolic,symbolic,evidence/baseline_500.json#math_test_number_theory_82,4096,86,574,660,86,574,660,deepseek-flash,0.0,https://api.deepseek.com/chat/completions,f6a583a12f4224ef3a07a9a76f7ba1895d268f7aa8ca31b1c1caac595cd0a4e8,6acc7335bbe6b731ef3e387d573b6689b90c0550
math_test_number_theory_84,number_theory,Level 5,True,True,True,512,512,512,symbolic,symbolic,evidence/baseline_500.json#math_test_number_theory_84,4096,114,1723,1837,114,1723,1837,deepseek-flash,0.0,https://api.deepseek.com/chat/completions,f6a583a12f4224ef3a07a9a76f7ba1895d268f7aa8ca31b1c1caac595cd0a4e8,6acc7335bbe6b731ef3e387d573b6689b90c0550
math_test_prealgebra_100,prealgebra,Level 5,False,False,True,,,133,truncated,symbolic,raw/math_test_prealgebra_100_8192.json,8192,261,4096,4357,261,3993,4254,deepseek-flash,0.0,https://api.deepseek.com/chat/completions,f6a583a12f4224ef3a07a9a76f7ba1895d268f7aa8ca31b1c1caac595cd0a4e8,6acc7335bbe6b731ef3e387d573b6689b90c0550
math_test_prealgebra_106,prealgebra,Level 4,True,True,True,\(5x-3\),\(5x-3\),\(5x-3\),symbolic,symbolic,evidence/baseline_500.json#math_test_prealgebra_106,4096,69,132,201,69,132,201,deepseek-flash,0.0,https://api.deepseek.com/chat/completions,f6a583a12f4224ef3a07a9a76f7ba1895d268f7aa8ca31b1c1caac595cd0a4e8,6acc7335bbe6b731ef3e387d573b6689b90c0550
math_test_prealgebra_111,prealgebra,Level 2,True,True,True,2,2,2,symbolic,symbolic,evidence/baseline_500.json#math_test_prealgebra_111,4096,76,150,226,76,150,226,deepseek-flash,0.0,https://api.deepseek.com/chat/completions,f6a583a12f4224ef3a07a9a76f7ba1895d268f7aa8ca31b1c1caac595cd0a4e8,6acc7335bbe6b731ef3e387d573b6689b90c0550
math_test_prealgebra_112,prealgebra,Level 4,True,True,True,\(12^\circ\),\(12^\circ\),\(12^\circ\),symbolic,symbolic,evidence/baseline_500.json#math_test_prealgebra_112,4096,237,3167,3404,237,3167,3404,deepseek-flash,0.0,https://api.deepseek.com/chat/completions,f6a583a12f4224ef3a07a9a76f7ba1895d268f7aa8ca31b1c1caac595cd0a4e8,6acc7335bbe6b731ef3e387d573b6689b90c0550
math_test_prealgebra_115,prealgebra,Level 5,True,True,True,60,60,60,symbolic,symbolic,evidence/baseline_500.json#math_test_prealgebra_115,4096,167,373,540,167,373,540,deepseek-flash,0.0,https://api.deepseek.com/chat/completions,f6a583a12f4224ef3a07a9a76f7ba1895d268f7aa8ca31b1c1caac595cd0a4e8,6acc7335bbe6b731ef3e387d573b6689b90c0550
math_test_prealgebra_131,prealgebra,Level 5,False,False,True,,,19,truncated,symbolic,raw/math_test_prealgebra_131_16384.json,16384,174,4096,4270,174,7414,7588,deepseek-flash,0.0,https://api.deepseek.com/chat/completions,f6a583a12f4224ef3a07a9a76f7ba1895d268f7aa8ca31b1c1caac595cd0a4e8,6acc7335bbe6b731ef3e387d573b6689b90c0550
math_test_prealgebra_152,prealgebra,Level 4,True,True,True,2,2,2,symbolic,symbolic,evidence/baseline_500.json#math_test_prealgebra_152,4096,87,263,350,87,263,350,deepseek-flash,0.0,https://api.deepseek.com/chat/completions,f6a583a12f4224ef3a07a9a76f7ba1895d268f7aa8ca31b1c1caac595cd0a4e8,6acc7335bbe6b731ef3e387d573b6689b90c0550
math_test_prealgebra_176,prealgebra,Level 3,True,True,True,5,5,5,symbolic,symbolic,evidence/baseline_500.json#math_test_prealgebra_176,4096,75,197,272,75,197,272,deepseek-flash,0.0,https://api.deepseek.com/chat/completions,f6a583a12f4224ef3a07a9a76f7ba1895d268f7aa8ca31b1c1caac595cd0a4e8,6acc7335bbe6b731ef3e387d573b6689b90c0550
math_test_prealgebra_197,prealgebra,Level 5,True,True,True,7,7,7,symbolic,symbolic,evidence/baseline_500.json#math_test_prealgebra_197,4096,121,275,396,121,275,396,deepseek-flash,0.0,https://api.deepseek.com/chat/completions,f6a583a12f4224ef3a07a9a76f7ba1895d268f7aa8ca31b1c1caac595cd0a4e8,6acc7335bbe6b731ef3e387d573b6689b90c0550
math_test_prealgebra_199,prealgebra,Level 3,True,True,True,\(4a-2\),\(4a-2\),\(4a-2\),symbolic,symbolic,evidence/baseline_500.json#math_test_prealgebra_199,4096,72,131,203,72,131,203,deepseek-flash,0.0,https://api.deepseek.com/chat/completions,f6a583a12f4224ef3a07a9a76f7ba1895d268f7aa8ca31b1c1caac595cd0a4e8,6acc7335bbe6b731ef3e387d573b6689b90c0550
math_test_prealgebra_200,prealgebra,Level 3,True,True,True,\(1\frac{9}{10}\) cups of flour,\(1\frac{9}{10}\) cups of flour,\(1\frac{9}{10}\) cups of flour,symbolic,symbolic,evidence/baseline_500.json#math_test_prealgebra_200,4096,106,189,295,106,189,295,deepseek-flash,0.0,https://api.deepseek.com/chat/completions,f6a583a12f4224ef3a07a9a76f7ba1895d268f7aa8ca31b1c1caac595cd0a4e8,6acc7335bbe6b731ef3e387d573b6689b90c0550
math_test_prealgebra_232,prealgebra,Level 5,True,True,True,2,2,2,symbolic,symbolic,evidence/baseline_500.json#math_test_prealgebra_232,4096,531,2148,2679,531,2148,2679,deepseek-flash,0.0,https://api.deepseek.com/chat/completions,f6a583a12f4224ef3a07a9a76f7ba1895d268f7aa8ca31b1c1caac595cd0a4e8,6acc7335bbe6b731ef3e387d573b6689b90c0550
math_test_prealgebra_242,prealgebra,Level 3,True,True,True,21,21,21,symbolic,symbolic,evidence/baseline_500.json#math_test_prealgebra_242,4096,91,203,294,91,203,294,deepseek-flash,0.0,https://api.deepseek.com/chat/completions,f6a583a12f4224ef3a07a9a76f7ba1895d268f7aa8ca31b1c1caac595cd0a4e8,6acc7335bbe6b731ef3e387d573b6689b90c0550
math_test_prealgebra_244,prealgebra,Level 2,True,True,True,0.73,0.73,0.73,symbolic,symbolic,evidence/baseline_500.json#math_test_prealgebra_244,4096,66,91,157,66,91,157,deepseek-flash,0.0,https://api.deepseek.com/chat/completions,f6a583a12f4224ef3a07a9a76f7ba1895d268f7aa8ca31b1c1caac595cd0a4e8,6acc7335bbe6b731ef3e387d573b6689b90c0550
math_test_prealgebra_249,prealgebra,Level 3,True,True,True,\(\frac{1}{8}\),\(\frac{1}{8}\),\(\frac{1}{8}\),symbolic,symbolic,evidence/baseline_500.json#math_test_prealgebra_249,4096,88,127,215,88,127,215,deepseek-flash,0.0,https://api.deepseek.com/chat/completions,f6a583a12f4224ef3a07a9a76f7ba1895d268f7aa8ca31b1c1caac595cd0a4e8,6acc7335bbe6b731ef3e387d573b6689b90c0550
math_test_prealgebra_251,prealgebra,Level 5,True,True,True,10,10,10,symbolic,symbolic,evidence/baseline_500.json#math_test_prealgebra_251,4096,98,1192,1290,98,1192,1290,deepseek-flash,0.0,https://api.deepseek.com/chat/completions,f6a583a12f4224ef3a07a9a76f7ba1895d268f7aa8ca31b1c1caac595cd0a4e8,6acc7335bbe6b731ef3e387d573b6689b90c0550
math_test_prealgebra_267,prealgebra,Level 3,True,True,True,200,200,200,symbolic,symbolic,evidence/baseline_500.json#math_test_prealgebra_267,4096,143,229,372,143,229,372,deepseek-flash,0.0,https://api.deepseek.com/chat/completions,f6a583a12f4224ef3a07a9a76f7ba1895d268f7aa8ca31b1c1caac595cd0a4e8,6acc7335bbe6b731ef3e387d573b6689b90c0550
math_test_prealgebra_277,prealgebra,Level 2,True,True,True,16,16,16,symbolic,symbolic,evidence/baseline_500.json#math_test_prealgebra_277,4096,138,133,271,138,133,271,deepseek-flash,0.0,https://api.deepseek.com/chat/completions,f6a583a12f4224ef3a07a9a76f7ba1895d268f7aa8ca31b1c1caac595cd0a4e8,6acc7335bbe6b731ef3e387d573b6689b90c0550
math_test_prealgebra_279,prealgebra,Level 3,True,True,True,2,2,2,symbolic,symbolic,evidence/baseline_500.json#math_test_prealgebra_279,4096,95,464,559,95,464,559,deepseek-flash,0.0,https://api.deepseek.com/chat/completions,f6a583a12f4224ef3a07a9a76f7ba1895d268f7aa8ca31b1c1caac595cd0a4e8,6acc7335bbe6b731ef3e387d573b6689b90c0550
math_test_prealgebra_29,prealgebra,Level 5,True,True,True,7,7,7,symbolic,symbolic,evidence/baseline_500.json#math_test_prealgebra_29,4096,103,333,436,103,333,436,deepseek-flash,0.0,https://api.deepseek.com/chat/completions,f6a583a12f4224ef3a07a9a76f7ba1895d268f7aa8ca31b1c1caac595cd0a4e8,6acc7335bbe6b731ef3e387d573b6689b90c0550
math_test_prealgebra_299,prealgebra,Level 2,True,True,True,1,1,1,symbolic,symbolic,evidence/baseline_500.json#math_test_prealgebra_299,4096,82,133,215,82,133,215,deepseek-flash,0.0,https://api.deepseek.com/chat/completions,f6a583a12f4224ef3a07a9a76f7ba1895d268f7aa8ca31b1c1caac595cd0a4e8,6acc7335bbe6b731ef3e387d573b6689b90c0550
math_test_prealgebra_321,prealgebra,Level 5,True,True,True,8,8,8,symbolic,symbolic,evidence/baseline_500.json#math_test_prealgebra_321,4096,88,332,420,88,332,420,deepseek-flash,0.0,https://api.deepseek.com/chat/completions,f6a583a12f4224ef3a07a9a76f7ba1895d268f7aa8ca31b1c1caac595cd0a4e8,6acc7335bbe6b731ef3e387d573b6689b90c0550
math_test_prealgebra_334,prealgebra,Level 3,False,True,True,12 grams,12 grams,12 grams,symbolic,symbolic,evidence/baseline_500.json#math_test_prealgebra_334,4096,90,117,207,90,117,207,deepseek-flash,0.0,https://api.deepseek.com/chat/completions,f6a583a12f4224ef3a07a9a76f7ba1895d268f7aa8ca31b1c1caac595cd0a4e8,6acc7335bbe6b731ef3e387d573b6689b90c0550
math_test_prealgebra_339,prealgebra,Level 4,True,True,True,10,10,10,symbolic,symbolic,evidence/baseline_500.json#math_test_prealgebra_339,4096,77,218,295,77,218,295,deepseek-flash,0.0,https://api.deepseek.com/chat/completions,f6a583a12f4224ef3a07a9a76f7ba1895d268f7aa8ca31b1c1caac595cd0a4e8,6acc7335bbe6b731ef3e387d573b6689b90c0550
math_test_prealgebra_358,prealgebra,Level 2,True,True,True,5,5,5,symbolic,symbolic,evidence/baseline_500.json#math_test_prealgebra_358,4096,82,250,332,82,250,332,deepseek-flash,0.0,https://api.deepseek.com/chat/completions,f6a583a12f4224ef3a07a9a76f7ba1895d268f7aa8ca31b1c1caac595cd0a4e8,6acc7335bbe6b731ef3e387d573b6689b90c0550
math_test_prealgebra_359,prealgebra,Level 5,True,True,True,1.25,1.25,1.25,symbolic,symbolic,evidence/baseline_500.json#math_test_prealgebra_359,4096,119,283,402,119,283,402,deepseek-flash,0.0,https://api.deepseek.com/chat/completions,f6a583a12f4224ef3a07a9a76f7ba1895d268f7aa8ca31b1c1caac595cd0a4e8,6acc7335bbe6b731ef3e387d573b6689b90c0550
math_test_prealgebra_36,prealgebra,Level 2,True,True,True,75,75,75,symbolic,symbolic,evidence/baseline_500.json#math_test_prealgebra_36,4096,63,78,141,63,78,141,deepseek-flash,0.0,https://api.deepseek.com/chat/completions,f6a583a12f4224ef3a07a9a76f7ba1895d268f7aa8ca31b1c1caac595cd0a4e8,6acc7335bbe6b731ef3e387d573b6689b90c0550
math_test_prealgebra_364,prealgebra,Level 3,True,True,True,5999,5999,5999,symbolic,symbolic,evidence/baseline_500.json#math_test_prealgebra_364,4096,73,423,496,73,423,496,deepseek-flash,0.0,https://api.deepseek.com/chat/completions,f6a583a12f4224ef3a07a9a76f7ba1895d268f7aa8ca31b1c1caac595cd0a4e8,6acc7335bbe6b731ef3e387d573b6689b90c0550
math_test_prealgebra_386,prealgebra,Level 4,True,True,True,180,180,180,symbolic,symbolic,evidence/baseline_500.json#math_test_prealgebra_386,4096,260,711,971,260,711,971,deepseek-flash,0.0,https://api.deepseek.com/chat/completions,f6a583a12f4224ef3a07a9a76f7ba1895d268f7aa8ca31b1c1caac595cd0a4e8,6acc7335bbe6b731ef3e387d573b6689b90c0550
math_test_prealgebra_414,prealgebra,Level 2,True,True,True,\(-18\),\(-18\),\(-18\),symbolic,symbolic,evidence/baseline_500.json#math_test_prealgebra_414,4096,89,140,229,89,140,229,deepseek-flash,0.0,https://api.deepseek.com/chat/completions,f6a583a12f4224ef3a07a9a76f7ba1895d268f7aa8ca31b1c1caac595cd0a4e8,6acc7335bbe6b731ef3e387d573b6689b90c0550
math_test_prealgebra_425,prealgebra,Level 2,True,True,True,5,5,5,symbolic,symbolic,evidence/baseline_500.json#math_test_prealgebra_425,4096,72,283,355,72,283,355,deepseek-flash,0.0,https://api.deepseek.com/chat/completions,f6a583a12f4224ef3a07a9a76f7ba1895d268f7aa8ca31b1c1caac595cd0a4e8,6acc7335bbe6b731ef3e387d573b6689b90c0550
math_test_prealgebra_434,prealgebra,Level 1,True,True,True,97969,97969,97969,symbolic,symbolic,evidence/baseline_500.json#math_test_prealgebra_434,4096,68,137,205,68,137,205,deepseek-flash,0.0,https://api.deepseek.com/chat/completions,f6a583a12f4224ef3a07a9a76f7ba1895d268f7aa8ca31b1c1caac595cd0a4e8,6acc7335bbe6b731ef3e387d573b6689b90c0550
math_test_prealgebra_435,prealgebra,Level 2,False,True,True,2.50 dollars,2.50 dollars,2.50 dollars,symbolic,symbolic,evidence/baseline_500.json#math_test_prealgebra_435,4096,82,110,192,82,110,192,deepseek-flash,0.0,https://api.deepseek.com/chat/completions,f6a583a12f4224ef3a07a9a76f7ba1895d268f7aa8ca31b1c1caac595cd0a4e8,6acc7335bbe6b731ef3e387d573b6689b90c0550
math_test_prealgebra_440,prealgebra,Level 2,True,True,True,3400,3400,3400,symbolic,symbolic,evidence/baseline_500.json#math_test_prealgebra_440,4096,87,211,298,87,211,298,deepseek-flash,0.0,https://api.deepseek.com/chat/completions,f6a583a12f4224ef3a07a9a76f7ba1895d268f7aa8ca31b1c1caac595cd0a4e8,6acc7335bbe6b731ef3e387d573b6689b90c0550
math_test_prealgebra_446,prealgebra,Level 5,True,True,True,12,12,12,symbolic,symbolic,evidence/baseline_500.json#math_test_prealgebra_446,4096,69,274,343,69,274,343,deepseek-flash,0.0,https://api.deepseek.com/chat/completions,f6a583a12f4224ef3a07a9a76f7ba1895d268f7aa8ca31b1c1caac595cd0a4e8,6acc7335bbe6b731ef3e387d573b6689b90c0550
math_test_prealgebra_457,prealgebra,Level 5,True,True,True,Devon,Devon,Devon,named_choice,named_choice,evidence/baseline_500.json#math_test_prealgebra_457,4096,186,1067,1253,186,1067,1253,deepseek-flash,0.0,https://api.deepseek.com/chat/completions,f6a583a12f4224ef3a07a9a76f7ba1895d268f7aa8ca31b1c1caac595cd0a4e8,6acc7335bbe6b731ef3e387d573b6689b90c0550
math_test_prealgebra_468,prealgebra,Level 4,True,True,True,2,2,2,symbolic,symbolic,evidence/baseline_500.json#math_test_prealgebra_468,4096,93,365,458,93,365,458,deepseek-flash,0.0,https://api.deepseek.com/chat/completions,f6a583a12f4224ef3a07a9a76f7ba1895d268f7aa8ca31b1c1caac595cd0a4e8,6acc7335bbe6b731ef3e387d573b6689b90c0550
math_test_prealgebra_471,prealgebra,Level 3,True,True,True,286,286,286,symbolic,symbolic,evidence/baseline_500.json#math_test_prealgebra_471,4096,73,293,366,73,293,366,deepseek-flash,0.0,https://api.deepseek.com/chat/completions,f6a583a12f4224ef3a07a9a76f7ba1895d268f7aa8ca31b1c1caac595cd0a4e8,6acc7335bbe6b731ef3e387d573b6689b90c0550
math_test_prealgebra_480,prealgebra,Level 5,True,True,True,\frac{25}{52},\frac{25}{52},\frac{25}{52},symbolic,symbolic,evidence/baseline_500.json#math_test_prealgebra_480,4096,100,334,434,100,334,434,deepseek-flash,0.0,https://api.deepseek.com/chat/completions,f6a583a12f4224ef3a07a9a76f7ba1895d268f7aa8ca31b1c1caac595cd0a4e8,6acc7335bbe6b731ef3e387d573b6689b90c0550
math_test_prealgebra_481,prealgebra,Level 4,True,True,True,19,19,19,symbolic,symbolic,evidence/baseline_500.json#math_test_prealgebra_481,4096,114,839,953,114,839,953,deepseek-flash,0.0,https://api.deepseek.com/chat/completions,f6a583a12f4224ef3a07a9a76f7ba1895d268f7aa8ca31b1c1caac595cd0a4e8,6acc7335bbe6b731ef3e387d573b6689b90c0550
math_test_prealgebra_482,prealgebra,Level 1,True,True,True,\(\frac{8}{21}\),\(\frac{8}{21}\),\(\frac{8}{21}\),symbolic,symbolic,evidence/baseline_500.json#math_test_prealgebra_482,4096,72,105,177,72,105,177,deepseek-flash,0.0,https://api.deepseek.com/chat/completions,f6a583a12f4224ef3a07a9a76f7ba1895d268f7aa8ca31b1c1caac595cd0a4e8,6acc7335bbe6b731ef3e387d573b6689b90c0550
math_test_prealgebra_496,prealgebra,Level 1,True,True,True,\(\frac{1}{9}\),\(\frac{1}{9}\),\(\frac{1}{9}\),symbolic,symbolic,evidence/baseline_500.json#math_test_prealgebra_496,4096,72,129,201,72,129,201,deepseek-flash,0.0,https://api.deepseek.com/chat/completions,f6a583a12f4224ef3a07a9a76f7ba1895d268f7aa8ca31b1c1caac595cd0a4e8,6acc7335bbe6b731ef3e387d573b6689b90c0550
math_test_prealgebra_497,prealgebra,Level 3,True,True,True,15,15,15,symbolic,symbolic,evidence/baseline_500.json#math_test_prealgebra_497,4096,87,1132,1219,87,1132,1219,deepseek-flash,0.0,https://api.deepseek.com/chat/completions,f6a583a12f4224ef3a07a9a76f7ba1895d268f7aa8ca31b1c1caac595cd0a4e8,6acc7335bbe6b731ef3e387d573b6689b90c0550
math_test_prealgebra_498,prealgebra,Level 4,False,True,True,36°,36°,36°,symbolic,symbolic,evidence/baseline_500.json#math_test_prealgebra_498,4096,206,2736,2942,206,2736,2942,deepseek-flash,0.0,https://api.deepseek.com/chat/completions,f6a583a12f4224ef3a07a9a76f7ba1895d268f7aa8ca31b1c1caac595cd0a4e8,6acc7335bbe6b731ef3e387d573b6689b90c0550
math_test_prealgebra_508,prealgebra,Level 5,True,True,True,\(12\sqrt{35}\),\(12\sqrt{35}\),\(12\sqrt{35}\),symbolic,symbolic,evidence/baseline_500.json#math_test_prealgebra_508,4096,92,344,436,92,344,436,deepseek-flash,0.0,https://api.deepseek.com/chat/completions,f6a583a12f4224ef3a07a9a76f7ba1895d268f7aa8ca31b1c1caac595cd0a4e8,6acc7335bbe6b731ef3e387d573b6689b90c0550
math_test_prealgebra_52,prealgebra,Level 3,True,True,True,288,288,288,symbolic,symbolic,evidence/baseline_500.json#math_test_prealgebra_52,4096,68,149,217,68,149,217,deepseek-flash,0.0,https://api.deepseek.com/chat/completions,f6a583a12f4224ef3a07a9a76f7ba1895d268f7aa8ca31b1c1caac595cd0a4e8,6acc7335bbe6b731ef3e387d573b6689b90c0550
math_test_prealgebra_522,prealgebra,Level 4,True,True,True,1,1,1,symbolic,symbolic,evidence/baseline_500.json#math_test_prealgebra_522,4096,87,194,281,87,194,281,deepseek-flash,0.0,https://api.deepseek.com/chat/completions,f6a583a12f4224ef3a07a9a76f7ba1895d268f7aa8ca31b1c1caac595cd0a4e8,6acc7335bbe6b731ef3e387d573b6689b90c0550
math_test_prealgebra_523,prealgebra,Level 1,True,True,True,16,16,16,symbolic,symbolic,evidence/baseline_500.json#math_test_prealgebra_523,4096,75,132,207,75,132,207,deepseek-flash,0.0,https://api.deepseek.com/chat/completions,f6a583a12f4224ef3a07a9a76f7ba1895d268f7aa8ca31b1c1caac595cd0a4e8,6acc7335bbe6b731ef3e387d573b6689b90c0550
math_test_prealgebra_524,prealgebra,Level 3,True,True,True,100,100,100,symbolic,symbolic,evidence/baseline_500.json#math_test_prealgebra_524,4096,99,158,257,99,158,257,deepseek-flash,0.0,https://api.deepseek.com/chat/completions,f6a583a12f4224ef3a07a9a76f7ba1895d268f7aa8ca31b1c1caac595cd0a4e8,6acc7335bbe6b731ef3e387d573b6689b90c0550
math_test_prealgebra_526,prealgebra,Level 3,True,True,True,165,165,165,symbolic,symbolic,evidence/baseline_500.json#math_test_prealgebra_526,4096,77,625,702,77,625,702,deepseek-flash,0.0,https://api.deepseek.com/chat/completions,f6a583a12f4224ef3a07a9a76f7ba1895d268f7aa8ca31b1c1caac595cd0a4e8,6acc7335bbe6b731ef3e387d573b6689b90c0550
math_test_prealgebra_527,prealgebra,Level 1,True,True,True,\(\frac{1}{2}\),\(\frac{1}{2}\),\(\frac{1}{2}\),symbolic,symbolic,evidence/baseline_500.json#math_test_prealgebra_527,4096,72,144,216,72,144,216,deepseek-flash,0.0,https://api.deepseek.com/chat/completions,f6a583a12f4224ef3a07a9a76f7ba1895d268f7aa8ca31b1c1caac595cd0a4e8,6acc7335bbe6b731ef3e387d573b6689b90c0550
math_test_prealgebra_53,prealgebra,Level 2,True,True,True,3,3,3,symbolic,symbolic,evidence/baseline_500.json#math_test_prealgebra_53,4096,107,216,323,107,216,323,deepseek-flash,0.0,https://api.deepseek.com/chat/completions,f6a583a12f4224ef3a07a9a76f7ba1895d268f7aa8ca31b1c1caac595cd0a4e8,6acc7335bbe6b731ef3e387d573b6689b90c0550
math_test_prealgebra_534,prealgebra,Level 4,True,True,True,20 degrees,20 degrees,20 degrees,symbolic,symbolic,evidence/baseline_500.json#math_test_prealgebra_534,4096,81,206,287,81,206,287,deepseek-flash,0.0,https://api.deepseek.com/chat/completions,f6a583a12f4224ef3a07a9a76f7ba1895d268f7aa8ca31b1c1caac595cd0a4e8,6acc7335bbe6b731ef3e387d573b6689b90c0550
math_test_prealgebra_543,prealgebra,Level 2,True,True,True,\(\frac{3}{5}\),\(\frac{3}{5}\),\(\frac{3}{5}\),symbolic,symbolic,evidence/baseline_500.json#math_test_prealgebra_543,4096,248,179,427,248,179,427,deepseek-flash,0.0,https://api.deepseek.com/chat/completions,f6a583a12f4224ef3a07a9a76f7ba1895d268f7aa8ca31b1c1caac595cd0a4e8,6acc7335bbe6b731ef3e387d573b6689b90c0550
math_test_prealgebra_546,prealgebra,Level 5,True,True,True,\(\sqrt{6}\),\(\sqrt{6}\),\(\sqrt{6}\),symbolic,symbolic,evidence/baseline_500.json#math_test_prealgebra_546,4096,222,1299,1521,222,1299,1521,deepseek-flash,0.0,https://api.deepseek.com/chat/completions,f6a583a12f4224ef3a07a9a76f7ba1895d268f7aa8ca31b1c1caac595cd0a4e8,6acc7335bbe6b731ef3e387d573b6689b90c0550
math_test_prealgebra_547,prealgebra,Level 5,True,True,True,25,25,25,symbolic,symbolic,evidence/baseline_500.json#math_test_prealgebra_547,4096,81,198,279,81,198,279,deepseek-flash,0.0,https://api.deepseek.com/chat/completions,f6a583a12f4224ef3a07a9a76f7ba1895d268f7aa8ca31b1c1caac595cd0a4e8,6acc7335bbe6b731ef3e387d573b6689b90c0550
math_test_prealgebra_556,prealgebra,Level 3,True,True,True,\(\frac{1}{36}\),\(\frac{1}{36}\),\(\frac{1}{36}\),symbolic,symbolic,evidence/baseline_500.json#math_test_prealgebra_556,4096,92,139,231,92,139,231,deepseek-flash,0.0,https://api.deepseek.com/chat/completions,f6a583a12f4224ef3a07a9a76f7ba1895d268f7aa8ca31b1c1caac595cd0a4e8,6acc7335bbe6b731ef3e387d573b6689b90c0550
math_test_prealgebra_558,prealgebra,Level 1,True,True,True,11,11,11,symbolic,symbolic,evidence/baseline_500.json#math_test_prealgebra_558,4096,81,120,201,81,120,201,deepseek-flash,0.0,https://api.deepseek.com/chat/completions,f6a583a12f4224ef3a07a9a76f7ba1895d268f7aa8ca31b1c1caac595cd0a4e8,6acc7335bbe6b731ef3e387d573b6689b90c0550
math_test_prealgebra_567,prealgebra,Level 3,True,True,True,3,3,3,symbolic,symbolic,evidence/baseline_500.json#math_test_prealgebra_567,4096,71,170,241,71,170,241,deepseek-flash,0.0,https://api.deepseek.com/chat/completions,f6a583a12f4224ef3a07a9a76f7ba1895d268f7aa8ca31b1c1caac595cd0a4e8,6acc7335bbe6b731ef3e387d573b6689b90c0550
math_test_prealgebra_573,prealgebra,Level 5,False,False,True,,,8\sqrt3,truncated,symbolic,raw/math_test_prealgebra_573_8192.json,8192,357,4096,4453,357,3277,3634,deepseek-flash,0.0,https://api.deepseek.com/chat/completions,f6a583a12f4224ef3a07a9a76f7ba1895d268f7aa8ca31b1c1caac595cd0a4e8,6acc7335bbe6b731ef3e387d573b6689b90c0550
math_test_prealgebra_578,prealgebra,Level 3,True,True,True,32760,32760,32760,symbolic,symbolic,evidence/baseline_500.json#math_test_prealgebra_578,4096,91,187,278,91,187,278,deepseek-flash,0.0,https://api.deepseek.com/chat/completions,f6a583a12f4224ef3a07a9a76f7ba1895d268f7aa8ca31b1c1caac595cd0a4e8,6acc7335bbe6b731ef3e387d573b6689b90c0550
math_test_prealgebra_583,prealgebra,Level 3,False,False,True,,,\(30^\circ\),truncated,symbolic,raw/math_test_prealgebra_583_16384.json,16384,212,4096,4308,212,13369,13581,deepseek-flash,0.0,https://api.deepseek.com/chat/completions,f6a583a12f4224ef3a07a9a76f7ba1895d268f7aa8ca31b1c1caac595cd0a4e8,6acc7335bbe6b731ef3e387d573b6689b90c0550
math_test_prealgebra_595,prealgebra,Level 4,True,True,True,84,84,84,symbolic,symbolic,evidence/baseline_500.json#math_test_prealgebra_595,4096,257,1146,1403,257,1146,1403,deepseek-flash,0.0,https://api.deepseek.com/chat/completions,f6a583a12f4224ef3a07a9a76f7ba1895d268f7aa8ca31b1c1caac595cd0a4e8,6acc7335bbe6b731ef3e387d573b6689b90c0550
math_test_prealgebra_600,prealgebra,Level 3,True,True,True,2,2,2,symbolic,symbolic,evidence/baseline_500.json#math_test_prealgebra_600,4096,232,481,713,232,481,713,deepseek-flash,0.0,https://api.deepseek.com/chat/completions,f6a583a12f4224ef3a07a9a76f7ba1895d268f7aa8ca31b1c1caac595cd0a4e8,6acc7335bbe6b731ef3e387d573b6689b90c0550
math_test_prealgebra_607,prealgebra,Level 4,True,True,True,Navin,Navin,Navin,named_choice,named_choice,evidence/baseline_500.json#math_test_prealgebra_607,4096,157,692,849,157,692,849,deepseek-flash,0.0,https://api.deepseek.com/chat/completions,f6a583a12f4224ef3a07a9a76f7ba1895d268f7aa8ca31b1c1caac595cd0a4e8,6acc7335bbe6b731ef3e387d573b6689b90c0550
math_test_prealgebra_620,prealgebra,Level 5,True,True,True,A,A,A,symbolic,symbolic,evidence/baseline_500.json#math_test_prealgebra_620,4096,428,461,889,428,461,889,deepseek-flash,0.0,https://api.deepseek.com/chat/completions,f6a583a12f4224ef3a07a9a76f7ba1895d268f7aa8ca31b1c1caac595cd0a4e8,6acc7335bbe6b731ef3e387d573b6689b90c0550
math_test_prealgebra_634,prealgebra,Level 4,True,True,True,\frac{1}{6},\frac{1}{6},\frac{1}{6},symbolic,symbolic,evidence/baseline_500.json#math_test_prealgebra_634,4096,94,175,269,94,175,269,deepseek-flash,0.0,https://api.deepseek.com/chat/completions,f6a583a12f4224ef3a07a9a76f7ba1895d268f7aa8ca31b1c1caac595cd0a4e8,6acc7335bbe6b731ef3e387d573b6689b90c0550
math_test_prealgebra_638,prealgebra,Level 4,True,True,True,5 meters,5 meters,5 meters,symbolic,symbolic,evidence/baseline_500.json#math_test_prealgebra_638,4096,108,179,287,108,179,287,deepseek-flash,0.0,https://api.deepseek.com/chat/completions,f6a583a12f4224ef3a07a9a76f7ba1895d268f7aa8ca31b1c1caac595cd0a4e8,6acc7335bbe6b731ef3e387d573b6689b90c0550
math_test_prealgebra_645,prealgebra,Level 4,True,True,True,\(32-8\pi\),\(32-8\pi\),\(32-8\pi\),symbolic,symbolic,evidence/baseline_500.json#math_test_prealgebra_645,4096,275,3263,3538,275,3263,3538,deepseek-flash,0.0,https://api.deepseek.com/chat/completions,f6a583a12f4224ef3a07a9a76f7ba1895d268f7aa8ca31b1c1caac595cd0a4e8,6acc7335bbe6b731ef3e387d573b6689b90c0550
math_test_prealgebra_654,prealgebra,Level 2,True,True,True,3 inches,3 inches,3 inches,symbolic,symbolic,evidence/baseline_500.json#math_test_prealgebra_654,4096,89,142,231,89,142,231,deepseek-flash,0.0,https://api.deepseek.com/chat/completions,f6a583a12f4224ef3a07a9a76f7ba1895d268f7aa8ca31b1c1caac595cd0a4e8,6acc7335bbe6b731ef3e387d573b6689b90c0550
math_test_prealgebra_669,prealgebra,Level 1,True,True,True,\(-1\),\(-1\),\(-1\),symbolic,symbolic,evidence/baseline_500.json#math_test_prealgebra_669,4096,65,78,143,65,78,143,deepseek-flash,0.0,https://api.deepseek.com/chat/completions,f6a583a12f4224ef3a07a9a76f7ba1895d268f7aa8ca31b1c1caac595cd0a4e8,6acc7335bbe6b731ef3e387d573b6689b90c0550
math_test_prealgebra_674,prealgebra,Level 5,True,True,True,\(\frac{11}{13}\),\(\frac{11}{13}\),\(\frac{11}{13}\),symbolic,symbolic,evidence/baseline_500.json#math_test_prealgebra_674,4096,81,246,327,81,246,327,deepseek-flash,0.0,https://api.deepseek.com/chat/completions,f6a583a12f4224ef3a07a9a76f7ba1895d268f7aa8ca31b1c1caac595cd0a4e8,6acc7335bbe6b731ef3e387d573b6689b90c0550
math_test_prealgebra_679,prealgebra,Level 3,True,True,True,-14,-14,-14,symbolic,symbolic,evidence/baseline_500.json#math_test_prealgebra_679,4096,79,122,201,79,122,201,deepseek-flash,0.0,https://api.deepseek.com/chat/completions,f6a583a12f4224ef3a07a9a76f7ba1895d268f7aa8ca31b1c1caac595cd0a4e8,6acc7335bbe6b731ef3e387d573b6689b90c0550
math_test_prealgebra_681,prealgebra,Level 4,True,True,True,\(\frac{1}{6}\),\(\frac{1}{6}\),\(\frac{1}{6}\),symbolic,symbolic,evidence/baseline_500.json#math_test_prealgebra_681,4096,91,126,217,91,126,217,deepseek-flash,0.0,https://api.deepseek.com/chat/completions,f6a583a12f4224ef3a07a9a76f7ba1895d268f7aa8ca31b1c1caac595cd0a4e8,6acc7335bbe6b731ef3e387d573b6689b90c0550
math_test_prealgebra_7,prealgebra,Level 4,True,True,True,40,40,40,symbolic,symbolic,evidence/baseline_500.json#math_test_prealgebra_7,4096,106,144,250,106,144,250,deepseek-flash,0.0,https://api.deepseek.com/chat/completions,f6a583a12f4224ef3a07a9a76f7ba1895d268f7aa8ca31b1c1caac595cd0a4e8,6acc7335bbe6b731ef3e387d573b6689b90c0550
math_test_prealgebra_737,prealgebra,Level 4,True,True,True,360,360,360,symbolic,symbolic,evidence/baseline_500.json#math_test_prealgebra_737,4096,71,293,364,71,293,364,deepseek-flash,0.0,https://api.deepseek.com/chat/completions,f6a583a12f4224ef3a07a9a76f7ba1895d268f7aa8ca31b1c1caac595cd0a4e8,6acc7335bbe6b731ef3e387d573b6689b90c0550
math_test_prealgebra_743,prealgebra,Level 3,False,False,True,,,2,truncated,symbolic,raw/math_test_prealgebra_743_8192.json,8192,286,4096,4382,286,7967,8253,deepseek-flash,0.0,https://api.deepseek.com/chat/completions,f6a583a12f4224ef3a07a9a76f7ba1895d268f7aa8ca31b1c1caac595cd0a4e8,6acc7335bbe6b731ef3e387d573b6689b90c0550
math_test_prealgebra_744,prealgebra,Level 1,True,True,True,0,0,0,symbolic,symbolic,evidence/baseline_500.json#math_test_prealgebra_744,4096,68,159,227,68,159,227,deepseek-flash,0.0,https://api.deepseek.com/chat/completions,f6a583a12f4224ef3a07a9a76f7ba1895d268f7aa8ca31b1c1caac595cd0a4e8,6acc7335bbe6b731ef3e387d573b6689b90c0550
math_test_prealgebra_750,prealgebra,Level 2,True,True,True,6,6,6,symbolic,symbolic,evidence/baseline_500.json#math_test_prealgebra_750,4096,87,374,461,87,374,461,deepseek-flash,0.0,https://api.deepseek.com/chat/completions,f6a583a12f4224ef3a07a9a76f7ba1895d268f7aa8ca31b1c1caac595cd0a4e8,6acc7335bbe6b731ef3e387d573b6689b90c0550
math_test_prealgebra_779,prealgebra,Level 2,True,True,True,8,8,8,symbolic,symbolic,evidence/baseline_500.json#math_test_prealgebra_779,4096,120,2830,2950,120,2830,2950,deepseek-flash,0.0,https://api.deepseek.com/chat/completions,f6a583a12f4224ef3a07a9a76f7ba1895d268f7aa8ca31b1c1caac595cd0a4e8,6acc7335bbe6b731ef3e387d573b6689b90c0550
math_test_prealgebra_78,prealgebra,Level 1,True,True,True,10000,10000,10000,symbolic,symbolic,evidence/baseline_500.json#math_test_prealgebra_78,4096,76,178,254,76,178,254,deepseek-flash,0.0,https://api.deepseek.com/chat/completions,f6a583a12f4224ef3a07a9a76f7ba1895d268f7aa8ca31b1c1caac595cd0a4e8,6acc7335bbe6b731ef3e387d573b6689b90c0550
math_test_prealgebra_781,prealgebra,Level 2,True,True,True,9,9,9,symbolic,symbolic,evidence/baseline_500.json#math_test_prealgebra_781,4096,77,116,193,77,116,193,deepseek-flash,0.0,https://api.deepseek.com/chat/completions,f6a583a12f4224ef3a07a9a76f7ba1895d268f7aa8ca31b1c1caac595cd0a4e8,6acc7335bbe6b731ef3e387d573b6689b90c0550
math_test_prealgebra_789,prealgebra,Level 2,True,True,True,24,24,24,symbolic,symbolic,evidence/baseline_500.json#math_test_prealgebra_789,4096,111,130,241,111,130,241,deepseek-flash,0.0,https://api.deepseek.com/chat/completions,f6a583a12f4224ef3a07a9a76f7ba1895d268f7aa8ca31b1c1caac595cd0a4e8,6acc7335bbe6b731ef3e387d573b6689b90c0550
math_test_prealgebra_790,prealgebra,Level 3,True,True,True,120,120,120,symbolic,symbolic,evidence/baseline_500.json#math_test_prealgebra_790,4096,91,316,407,91,316,407,deepseek-flash,0.0,https://api.deepseek.com/chat/completions,f6a583a12f4224ef3a07a9a76f7ba1895d268f7aa8ca31b1c1caac595cd0a4e8,6acc7335bbe6b731ef3e387d573b6689b90c0550
math_test_prealgebra_796,prealgebra,Level 4,False,False,True,,,\(52^\circ\),truncated,symbolic,raw/math_test_prealgebra_796_8192.json,8192,462,4096,4558,462,3491,3953,deepseek-flash,0.0,https://api.deepseek.com/chat/completions,f6a583a12f4224ef3a07a9a76f7ba1895d268f7aa8ca31b1c1caac595cd0a4e8,6acc7335bbe6b731ef3e387d573b6689b90c0550
math_test_prealgebra_803,prealgebra,Level 5,True,True,True,107,107,107,symbolic,symbolic,evidence/baseline_500.json#math_test_prealgebra_803,4096,256,468,724,256,468,724,deepseek-flash,0.0,https://api.deepseek.com/chat/completions,f6a583a12f4224ef3a07a9a76f7ba1895d268f7aa8ca31b1c1caac595cd0a4e8,6acc7335bbe6b731ef3e387d573b6689b90c0550
math_test_prealgebra_816,prealgebra,Level 2,True,True,True,3,3,3,symbolic,symbolic,evidence/baseline_500.json#math_test_prealgebra_816,4096,73,98,171,73,98,171,deepseek-flash,0.0,https://api.deepseek.com/chat/completions,f6a583a12f4224ef3a07a9a76f7ba1895d268f7aa8ca31b1c1caac595cd0a4e8,6acc7335bbe6b731ef3e387d573b6689b90c0550
math_test_prealgebra_825,prealgebra,Level 5,True,True,True,\(\frac{128}{1875}\),\(\frac{128}{1875}\),\(\frac{128}{1875}\),symbolic,symbolic,evidence/baseline_500.json#math_test_prealgebra_825,4096,165,581,746,165,581,746,deepseek-flash,0.0,https://api.deepseek.com/chat/completions,f6a583a12f4224ef3a07a9a76f7ba1895d268f7aa8ca31b1c1caac595cd0a4e8,6acc7335bbe6b731ef3e387d573b6689b90c0550
math_test_prealgebra_827,prealgebra,Level 3,True,True,True,69,69,69,symbolic,symbolic,evidence/baseline_500.json#math_test_prealgebra_827,4096,67,236,303,67,236,303,deepseek-flash,0.0,https://api.deepseek.com/chat/completions,f6a583a12f4224ef3a07a9a76f7ba1895d268f7aa8ca31b1c1caac595cd0a4e8,6acc7335bbe6b731ef3e387d573b6689b90c0550
math_test_prealgebra_830,prealgebra,Level 2,True,True,True,12 cm,12 cm,12 cm,symbolic,symbolic,evidence/baseline_500.json#math_test_prealgebra_830,4096,152,133,285,152,133,285,deepseek-flash,0.0,https://api.deepseek.com/chat/completions,f6a583a12f4224ef3a07a9a76f7ba1895d268f7aa8ca31b1c1caac595cd0a4e8,6acc7335bbe6b731ef3e387d573b6689b90c0550
math_test_prealgebra_832,prealgebra,Level 3,True,True,True,400,400,400,symbolic,symbolic,evidence/baseline_500.json#math_test_prealgebra_832,4096,90,163,253,90,163,253,deepseek-flash,0.0,https://api.deepseek.com/chat/completions,f6a583a12f4224ef3a07a9a76f7ba1895d268f7aa8ca31b1c1caac595cd0a4e8,6acc7335bbe6b731ef3e387d573b6689b90c0550
math_test_prealgebra_836,prealgebra,Level 4,True,True,True,190,190,190,symbolic,symbolic,evidence/baseline_500.json#math_test_prealgebra_836,4096,93,135,228,93,135,228,deepseek-flash,0.0,https://api.deepseek.com/chat/completions,f6a583a12f4224ef3a07a9a76f7ba1895d268f7aa8ca31b1c1caac595cd0a4e8,6acc7335bbe6b731ef3e387d573b6689b90c0550
math_test_prealgebra_837,prealgebra,Level 2,True,True,True,20%,20%,20%,symbolic,symbolic,evidence/baseline_500.json#math_test_prealgebra_837,4096,507,193,700,507,193,700,deepseek-flash,0.0,https://api.deepseek.com/chat/completions,f6a583a12f4224ef3a07a9a76f7ba1895d268f7aa8ca31b1c1caac595cd0a4e8,6acc7335bbe6b731ef3e387d573b6689b90c0550
math_test_prealgebra_842,prealgebra,Level 5,True,True,True,10 meters,10 meters,10 meters,symbolic,symbolic,evidence/baseline_500.json#math_test_prealgebra_842,4096,107,277,384,107,277,384,deepseek-flash,0.0,https://api.deepseek.com/chat/completions,f6a583a12f4224ef3a07a9a76f7ba1895d268f7aa8ca31b1c1caac595cd0a4e8,6acc7335bbe6b731ef3e387d573b6689b90c0550
math_test_prealgebra_844,prealgebra,Level 5,True,True,True,"54,000 square meters","54,000 square meters","54,000 square meters",symbolic,symbolic,evidence/baseline_500.json#math_test_prealgebra_844,4096,170,435,605,170,435,605,deepseek-flash,0.0,https://api.deepseek.com/chat/completions,f6a583a12f4224ef3a07a9a76f7ba1895d268f7aa8ca31b1c1caac595cd0a4e8,6acc7335bbe6b731ef3e387d573b6689b90c0550
math_test_prealgebra_846,prealgebra,Level 3,True,True,True,\(\frac{1}{10}\),\(\frac{1}{10}\),\(\frac{1}{10}\),symbolic,symbolic,evidence/baseline_500.json#math_test_prealgebra_846,4096,83,189,272,83,189,272,deepseek-flash,0.0,https://api.deepseek.com/chat/completions,f6a583a12f4224ef3a07a9a76f7ba1895d268f7aa8ca31b1c1caac595cd0a4e8,6acc7335bbe6b731ef3e387d573b6689b90c0550
math_test_prealgebra_866,prealgebra,Level 4,True,True,True,"$1,250","$1,250","$1,250",symbolic,symbolic,evidence/baseline_500.json#math_test_prealgebra_866,4096,121,269,390,121,269,390,deepseek-flash,0.0,https://api.deepseek.com/chat/completions,f6a583a12f4224ef3a07a9a76f7ba1895d268f7aa8ca31b1c1caac595cd0a4e8,6acc7335bbe6b731ef3e387d573b6689b90c0550
math_test_prealgebra_96,prealgebra,Level 4,True,True,True,\(\frac{36}{121}\),\(\frac{36}{121}\),\(\frac{36}{121}\),symbolic,symbolic,evidence/baseline_500.json#math_test_prealgebra_96,4096,108,205,313,108,205,313,deepseek-flash,0.0,https://api.deepseek.com/chat/completions,f6a583a12f4224ef3a07a9a76f7ba1895d268f7aa8ca31b1c1caac595cd0a4e8,6acc7335bbe6b731ef3e387d573b6689b90c0550
math_test_precalculus_101,precalculus,Level 3,True,True,True,\begin{pmatrix}0&0\\0&1\end{pmatrix},\begin{pmatrix}0&0\\0&1\end{pmatrix},\begin{pmatrix}0&0\\0&1\end{pmatrix},matrix,matrix,evidence/baseline_500.json#math_test_precalculus_101,4096,69,257,326,69,257,326,deepseek-flash,0.0,https://api.deepseek.com/chat/completions,f6a583a12f4224ef3a07a9a76f7ba1895d268f7aa8ca31b1c1caac595cd0a4e8,6acc7335bbe6b731ef3e387d573b6689b90c0550
math_test_precalculus_104,precalculus,Level 3,True,True,True,"\(k=0,4\)","\(k=0,4\)","\(k=0,4\)",structured,structured,evidence/baseline_500.json#math_test_precalculus_104,4096,109,639,748,109,639,748,deepseek-flash,0.0,https://api.deepseek.com/chat/completions,f6a583a12f4224ef3a07a9a76f7ba1895d268f7aa8ca31b1c1caac595cd0a4e8,6acc7335bbe6b731ef3e387d573b6689b90c0550
math_test_precalculus_119,precalculus,Level 1,True,True,True,0,0,0,symbolic,symbolic,evidence/baseline_500.json#math_test_precalculus_119,4096,88,298,386,88,298,386,deepseek-flash,0.0,https://api.deepseek.com/chat/completions,f6a583a12f4224ef3a07a9a76f7ba1895d268f7aa8ca31b1c1caac595cd0a4e8,6acc7335bbe6b731ef3e387d573b6689b90c0550
math_test_precalculus_127,precalculus,Level 5,True,True,True,4018,4018,4018,symbolic,symbolic,evidence/baseline_500.json#math_test_precalculus_127,4096,138,2723,2861,138,2723,2861,deepseek-flash,0.0,https://api.deepseek.com/chat/completions,f6a583a12f4224ef3a07a9a76f7ba1895d268f7aa8ca31b1c1caac595cd0a4e8,6acc7335bbe6b731ef3e387d573b6689b90c0550
math_test_precalculus_152,precalculus,Level 2,True,True,True,\(\frac13\),\(\frac13\),\(\frac13\),symbolic,symbolic,evidence/baseline_500.json#math_test_precalculus_152,4096,96,695,791,96,695,791,deepseek-flash,0.0,https://api.deepseek.com/chat/completions,f6a583a12f4224ef3a07a9a76f7ba1895d268f7aa8ca31b1c1caac595cd0a4e8,6acc7335bbe6b731ef3e387d573b6689b90c0550
math_test_precalculus_162,precalculus,Level 2,True,True,True,9 degrees,9 degrees,9 degrees,symbolic,symbolic,evidence/baseline_500.json#math_test_precalculus_162,4096,87,749,836,87,749,836,deepseek-flash,0.0,https://api.deepseek.com/chat/completions,f6a583a12f4224ef3a07a9a76f7ba1895d268f7aa8ca31b1c1caac595cd0a4e8,6acc7335bbe6b731ef3e387d573b6689b90c0550
math_test_precalculus_173,precalculus,Level 1,True,True,True,\(-21\),\(-21\),\(-21\),symbolic,symbolic,evidence/baseline_500.json#math_test_precalculus_173,4096,90,126,216,90,126,216,deepseek-flash,0.0,https://api.deepseek.com/chat/completions,f6a583a12f4224ef3a07a9a76f7ba1895d268f7aa8ca31b1c1caac595cd0a4e8,6acc7335bbe6b731ef3e387d573b6689b90c0550
math_test_precalculus_207,precalculus,Level 3,True,True,True,\(\begin{pmatrix}7\\-2\end{pmatrix}\),\(\begin{pmatrix}7\\-2\end{pmatrix}\),\(\begin{pmatrix}7\\-2\end{pmatrix}\),matrix,matrix,evidence/baseline_500.json#math_test_precalculus_207,4096,121,353,474,121,353,474,deepseek-flash,0.0,https://api.deepseek.com/chat/completions,f6a583a12f4224ef3a07a9a76f7ba1895d268f7aa8ca31b1c1caac595cd0a4e8,6acc7335bbe6b731ef3e387d573b6689b90c0550
math_test_precalculus_219,precalculus,Level 5,False,False,True,,,1,truncated,symbolic,raw/math_test_precalculus_219_8192.json,8192,137,4096,4233,137,4706,4843,deepseek-flash,0.0,https://api.deepseek.com/chat/completions,f6a583a12f4224ef3a07a9a76f7ba1895d268f7aa8ca31b1c1caac595cd0a4e8,6acc7335bbe6b731ef3e387d573b6689b90c0550
math_test_precalculus_237,precalculus,Level 4,True,True,True,x=0 \text{ or } x=3a,x=0 \text{ or } x=3a,x=0 \text{ or } x=3a,structured,structured,evidence/baseline_500.json#math_test_precalculus_237,4096,126,579,705,126,579,705,deepseek-flash,0.0,https://api.deepseek.com/chat/completions,f6a583a12f4224ef3a07a9a76f7ba1895d268f7aa8ca31b1c1caac595cd0a4e8,6acc7335bbe6b731ef3e387d573b6689b90c0550
math_test_precalculus_241,precalculus,Level 3,True,True,True,15\pi,15\pi,15\pi,symbolic,symbolic,evidence/baseline_500.json#math_test_precalculus_241,4096,84,1232,1316,84,1232,1316,deepseek-flash,0.0,https://api.deepseek.com/chat/completions,f6a583a12f4224ef3a07a9a76f7ba1895d268f7aa8ca31b1c1caac595cd0a4e8,6acc7335bbe6b731ef3e387d573b6689b90c0550
math_test_precalculus_244,precalculus,Level 2,True,True,True,20,20,20,symbolic,symbolic,evidence/baseline_500.json#math_test_precalculus_244,4096,83,330,413,83,330,413,deepseek-flash,0.0,https://api.deepseek.com/chat/completions,f6a583a12f4224ef3a07a9a76f7ba1895d268f7aa8ca31b1c1caac595cd0a4e8,6acc7335bbe6b731ef3e387d573b6689b90c0550
math_test_precalculus_248,precalculus,Level 1,True,True,True,59,59,59,symbolic,symbolic,evidence/baseline_500.json#math_test_precalculus_248,4096,87,425,512,87,425,512,deepseek-flash,0.0,https://api.deepseek.com/chat/completions,f6a583a12f4224ef3a07a9a76f7ba1895d268f7aa8ca31b1c1caac595cd0a4e8,6acc7335bbe6b731ef3e387d573b6689b90c0550
math_test_precalculus_252,precalculus,Level 2,True,True,True,-4,-4,-4,symbolic,symbolic,evidence/baseline_500.json#math_test_precalculus_252,4096,120,361,481,120,361,481,deepseek-flash,0.0,https://api.deepseek.com/chat/completions,f6a583a12f4224ef3a07a9a76f7ba1895d268f7aa8ca31b1c1caac595cd0a4e8,6acc7335bbe6b731ef3e387d573b6689b90c0550
math_test_precalculus_259,precalculus,Level 3,True,True,True,\(y=-2x\),\(y=-2x\),\(y=-2x\),symbolic,symbolic,evidence/baseline_500.json#math_test_precalculus_259,4096,125,340,465,125,340,465,deepseek-flash,0.0,https://api.deepseek.com/chat/completions,f6a583a12f4224ef3a07a9a76f7ba1895d268f7aa8ca31b1c1caac595cd0a4e8,6acc7335bbe6b731ef3e387d573b6689b90c0550
math_test_precalculus_264,precalculus,Level 3,True,True,True,"\((4,5)\)","\((4,5)\)","\((4,5)\)",structured,structured,evidence/baseline_500.json#math_test_precalculus_264,4096,113,327,440,113,327,440,deepseek-flash,0.0,https://api.deepseek.com/chat/completions,f6a583a12f4224ef3a07a9a76f7ba1895d268f7aa8ca31b1c1caac595cd0a4e8,6acc7335bbe6b731ef3e387d573b6689b90c0550
math_test_precalculus_269,precalculus,Level 3,True,True,True,\(\frac{\sqrt3}{4}\),\(\frac{\sqrt3}{4}\),\(\frac{\sqrt3}{4}\),symbolic,symbolic,evidence/baseline_500.json#math_test_precalculus_269,4096,83,626,709,83,626,709,deepseek-flash,0.0,https://api.deepseek.com/chat/completions,f6a583a12f4224ef3a07a9a76f7ba1895d268f7aa8ca31b1c1caac595cd0a4e8,6acc7335bbe6b731ef3e387d573b6689b90c0550
math_test_precalculus_282,precalculus,Level 4,True,True,True,14,14,14,symbolic,symbolic,evidence/baseline_500.json#math_test_precalculus_282,4096,139,793,932,139,793,932,deepseek-flash,0.0,https://api.deepseek.com/chat/completions,f6a583a12f4224ef3a07a9a76f7ba1895d268f7aa8ca31b1c1caac595cd0a4e8,6acc7335bbe6b731ef3e387d573b6689b90c0550
math_test_precalculus_285,precalculus,Level 5,True,True,True,3+\sqrt6,3+\sqrt6,3+\sqrt6,symbolic,symbolic,evidence/baseline_500.json#math_test_precalculus_285,4096,131,3098,3229,131,3098,3229,deepseek-flash,0.0,https://api.deepseek.com/chat/completions,f6a583a12f4224ef3a07a9a76f7ba1895d268f7aa8ca31b1c1caac595cd0a4e8,6acc7335bbe6b731ef3e387d573b6689b90c0550
math_test_precalculus_29,precalculus,Level 5,True,True,True,\frac32,\frac32,\frac32,symbolic,symbolic,evidence/baseline_500.json#math_test_precalculus_29,4096,88,905,993,88,905,993,deepseek-flash,0.0,https://api.deepseek.com/chat/completions,f6a583a12f4224ef3a07a9a76f7ba1895d268f7aa8ca31b1c1caac595cd0a4e8,6acc7335bbe6b731ef3e387d573b6689b90c0550
math_test_precalculus_291,precalculus,Level 2,True,True,True,\pi,\pi,\pi,symbolic,symbolic,evidence/baseline_500.json#math_test_precalculus_291,4096,91,1647,1738,91,1647,1738,deepseek-flash,0.0,https://api.deepseek.com/chat/completions,f6a583a12f4224ef3a07a9a76f7ba1895d268f7aa8ca31b1c1caac595cd0a4e8,6acc7335bbe6b731ef3e387d573b6689b90c0550
math_test_precalculus_292,precalculus,Level 5,True,True,True,9,9,9,symbolic,symbolic,evidence/baseline_500.json#math_test_precalculus_292,4096,251,1233,1484,251,1233,1484,deepseek-flash,0.0,https://api.deepseek.com/chat/completions,f6a583a12f4224ef3a07a9a76f7ba1895d268f7aa8ca31b1c1caac595cd0a4e8,6acc7335bbe6b731ef3e387d573b6689b90c0550
math_test_precalculus_296,precalculus,Level 2,True,True,True,1,1,1,symbolic,symbolic,evidence/baseline_500.json#math_test_precalculus_296,4096,88,418,506,88,418,506,deepseek-flash,0.0,https://api.deepseek.com/chat/completions,f6a583a12f4224ef3a07a9a76f7ba1895d268f7aa8ca31b1c1caac595cd0a4e8,6acc7335bbe6b731ef3e387d573b6689b90c0550
math_test_precalculus_309,precalculus,Level 4,True,True,True,\frac34,\frac34,\frac34,symbolic,symbolic,evidence/baseline_500.json#math_test_precalculus_309,4096,112,398,510,112,398,510,deepseek-flash,0.0,https://api.deepseek.com/chat/completions,f6a583a12f4224ef3a07a9a76f7ba1895d268f7aa8ca31b1c1caac595cd0a4e8,6acc7335bbe6b731ef3e387d573b6689b90c0550
math_test_precalculus_323,precalculus,Level 3,True,True,True,"\(\left(-\frac14,-2\right)\)","\(\left(-\frac14,-2\right)\)","\(\left(-\frac14,-2\right)\)",structured,structured,evidence/baseline_500.json#math_test_precalculus_323,4096,96,523,619,96,523,619,deepseek-flash,0.0,https://api.deepseek.com/chat/completions,f6a583a12f4224ef3a07a9a76f7ba1895d268f7aa8ca31b1c1caac595cd0a4e8,6acc7335bbe6b731ef3e387d573b6689b90c0550
math_test_precalculus_328,precalculus,Level 3,True,True,True,14,14,14,symbolic,symbolic,evidence/baseline_500.json#math_test_precalculus_328,4096,137,743,880,137,743,880,deepseek-flash,0.0,https://api.deepseek.com/chat/completions,f6a583a12f4224ef3a07a9a76f7ba1895d268f7aa8ca31b1c1caac595cd0a4e8,6acc7335bbe6b731ef3e387d573b6689b90c0550
math_test_precalculus_329,precalculus,Level 1,True,True,True,\(-59\),\(-59\),\(-59\),symbolic,symbolic,evidence/baseline_500.json#math_test_precalculus_329,4096,88,405,493,88,405,493,deepseek-flash,0.0,https://api.deepseek.com/chat/completions,f6a583a12f4224ef3a07a9a76f7ba1895d268f7aa8ca31b1c1caac595cd0a4e8,6acc7335bbe6b731ef3e387d573b6689b90c0550
math_test_precalculus_331,precalculus,Level 3,True,True,True,"\(\left(-\frac16,\frac12\right)\)","\(\left(-\frac16,\frac12\right)\)","\(\left(-\frac16,\frac12\right)\)",structured,structured,evidence/baseline_500.json#math_test_precalculus_331,4096,121,507,628,121,507,628,deepseek-flash,0.0,https://api.deepseek.com/chat/completions,f6a583a12f4224ef3a07a9a76f7ba1895d268f7aa8ca31b1c1caac595cd0a4e8,6acc7335bbe6b731ef3e387d573b6689b90c0550
math_test_precalculus_333,precalculus,Level 5,True,True,True,\frac{19}{21},\frac{19}{21},\frac{19}{21},symbolic,symbolic,evidence/baseline_500.json#math_test_precalculus_333,4096,159,881,1040,159,881,1040,deepseek-flash,0.0,https://api.deepseek.com/chat/completions,f6a583a12f4224ef3a07a9a76f7ba1895d268f7aa8ca31b1c1caac595cd0a4e8,6acc7335bbe6b731ef3e387d573b6689b90c0550
math_test_precalculus_335,precalculus,Level 4,True,True,True,\(\begin{pmatrix}\frac{\sqrt2}{2} & \frac{\sqrt2}{2}\\-\frac{\sqrt2}{2} & \frac{\sqrt2}{2}\end{pmatrix}\),\(\begin{pmatrix}\frac{\sqrt2}{2} & \frac{\sqrt2}{2}\\-\frac{\sqrt2}{2} & \frac{\sqrt2}{2}\end{pmatrix}\),\(\begin{pmatrix}\frac{\sqrt2}{2} & \frac{\sqrt2}{2}\\-\frac{\sqrt2}{2} & \frac{\sqrt2}{2}\end{pmatrix}\),matrix,matrix,evidence/baseline_500.json#math_test_precalculus_335,4096,76,391,467,76,391,467,deepseek-flash,0.0,https://api.deepseek.com/chat/completions,f6a583a12f4224ef3a07a9a76f7ba1895d268f7aa8ca31b1c1caac595cd0a4e8,6acc7335bbe6b731ef3e387d573b6689b90c0550
math_test_precalculus_340,precalculus,Level 4,True,True,True,\(\sqrt{17}\),\(\sqrt{17}\),\(\sqrt{17}\),symbolic,symbolic,evidence/baseline_500.json#math_test_precalculus_340,4096,119,956,1075,119,956,1075,deepseek-flash,0.0,https://api.deepseek.com/chat/completions,f6a583a12f4224ef3a07a9a76f7ba1895d268f7aa8ca31b1c1caac595cd0a4e8,6acc7335bbe6b731ef3e387d573b6689b90c0550
math_test_precalculus_349,precalculus,Level 1,True,True,True,\(\frac{3\pi}{4}\),\(\frac{3\pi}{4}\),\(\frac{3\pi}{4}\),symbolic,symbolic,evidence/baseline_500.json#math_test_precalculus_349,4096,74,1374,1448,74,1374,1448,deepseek-flash,0.0,https://api.deepseek.com/chat/completions,f6a583a12f4224ef3a07a9a76f7ba1895d268f7aa8ca31b1c1caac595cd0a4e8,6acc7335bbe6b731ef3e387d573b6689b90c0550
math_test_precalculus_374,precalculus,Level 3,True,True,True,\frac23,\frac23,\frac23,symbolic,symbolic,evidence/baseline_500.json#math_test_precalculus_374,4096,118,786,904,118,786,904,deepseek-flash,0.0,https://api.deepseek.com/chat/completions,f6a583a12f4224ef3a07a9a76f7ba1895d268f7aa8ca31b1c1caac595cd0a4e8,6acc7335bbe6b731ef3e387d573b6689b90c0550
math_test_precalculus_382,precalculus,Level 5,True,True,True,\frac67,\frac67,\frac67,symbolic,symbolic,evidence/baseline_500.json#math_test_precalculus_382,4096,92,1068,1160,92,1068,1160,deepseek-flash,0.0,https://api.deepseek.com/chat/completions,f6a583a12f4224ef3a07a9a76f7ba1895d268f7aa8ca31b1c1caac595cd0a4e8,6acc7335bbe6b731ef3e387d573b6689b90c0550
math_test_precalculus_386,precalculus,Level 2,True,True,True,\(\begin{pmatrix}0&1&0\\0&0&1\\1&1&1\end{pmatrix}\),\(\begin{pmatrix}0&1&0\\0&0&1\\1&1&1\end{pmatrix}\),\(\begin{pmatrix}0&1&0\\0&0&1\\1&1&1\end{pmatrix}\),matrix,matrix,evidence/baseline_500.json#math_test_precalculus_386,4096,122,440,562,122,440,562,deepseek-flash,0.0,https://api.deepseek.com/chat/completions,f6a583a12f4224ef3a07a9a76f7ba1895d268f7aa8ca31b1c1caac595cd0a4e8,6acc7335bbe6b731ef3e387d573b6689b90c0550
math_test_precalculus_394,precalculus,Level 2,True,True,True,1,1,1,symbolic,symbolic,evidence/baseline_500.json#math_test_precalculus_394,4096,82,550,632,82,550,632,deepseek-flash,0.0,https://api.deepseek.com/chat/completions,f6a583a12f4224ef3a07a9a76f7ba1895d268f7aa8ca31b1c1caac595cd0a4e8,6acc7335bbe6b731ef3e387d573b6689b90c0550
math_test_precalculus_404,precalculus,Level 5,True,True,True,\frac12,\frac12,\frac12,symbolic,symbolic,evidence/baseline_500.json#math_test_precalculus_404,4096,125,2276,2401,125,2276,2401,deepseek-flash,0.0,https://api.deepseek.com/chat/completions,f6a583a12f4224ef3a07a9a76f7ba1895d268f7aa8ca31b1c1caac595cd0a4e8,6acc7335bbe6b731ef3e387d573b6689b90c0550
math_test_precalculus_41,precalculus,Level 4,True,True,True,48,48,48,symbolic,symbolic,evidence/baseline_500.json#math_test_precalculus_41,4096,137,982,1119,137,982,1119,deepseek-flash,0.0,https://api.deepseek.com/chat/completions,f6a583a12f4224ef3a07a9a76f7ba1895d268f7aa8ca31b1c1caac595cd0a4e8,6acc7335bbe6b731ef3e387d573b6689b90c0550
math_test_precalculus_418,precalculus,Level 5,True,True,True,11x+6y+5z+86=0,11x+6y+5z+86=0,11x+6y+5z+86=0,symbolic,symbolic,evidence/baseline_500.json#math_test_precalculus_418,4096,187,1405,1592,187,1405,1592,deepseek-flash,0.0,https://api.deepseek.com/chat/completions,f6a583a12f4224ef3a07a9a76f7ba1895d268f7aa8ca31b1c1caac595cd0a4e8,6acc7335bbe6b731ef3e387d573b6689b90c0550
math_test_precalculus_439,precalculus,Level 3,True,True,True,15,15,15,symbolic,symbolic,evidence/baseline_500.json#math_test_precalculus_439,4096,117,1423,1540,117,1423,1540,deepseek-flash,0.0,https://api.deepseek.com/chat/completions,f6a583a12f4224ef3a07a9a76f7ba1895d268f7aa8ca31b1c1caac595cd0a4e8,6acc7335bbe6b731ef3e387d573b6689b90c0550
math_test_precalculus_440,precalculus,Level 4,True,True,True,\frac78,\frac78,\frac78,symbolic,symbolic,evidence/baseline_500.json#math_test_precalculus_440,4096,175,2726,2901,175,2726,2901,deepseek-flash,0.0,https://api.deepseek.com/chat/completions,f6a583a12f4224ef3a07a9a76f7ba1895d268f7aa8ca31b1c1caac595cd0a4e8,6acc7335bbe6b731ef3e387d573b6689b90c0550
math_test_precalculus_452,precalculus,Level 2,True,True,True,2\pi,2\pi,2\pi,symbolic,symbolic,evidence/baseline_500.json#math_test_precalculus_452,4096,75,2380,2455,75,2380,2455,deepseek-flash,0.0,https://api.deepseek.com/chat/completions,f6a583a12f4224ef3a07a9a76f7ba1895d268f7aa8ca31b1c1caac595cd0a4e8,6acc7335bbe6b731ef3e387d573b6689b90c0550
math_test_precalculus_453,precalculus,Level 4,True,True,True,906^\circ,906^\circ,906^\circ,symbolic,symbolic,evidence/baseline_500.json#math_test_precalculus_453,4096,117,2371,2488,117,2371,2488,deepseek-flash,0.0,https://api.deepseek.com/chat/completions,f6a583a12f4224ef3a07a9a76f7ba1895d268f7aa8ca31b1c1caac595cd0a4e8,6acc7335bbe6b731ef3e387d573b6689b90c0550
math_test_precalculus_479,precalculus,Level 2,True,True,True,"\(\left(-\frac{2}{7},-\frac{34}{7}\right)\)","\(\left(-\frac{2}{7},-\frac{34}{7}\right)\)","\(\left(-\frac{2}{7},-\frac{34}{7}\right)\)",structured,structured,evidence/baseline_500.json#math_test_precalculus_479,4096,130,270,400,130,270,400,deepseek-flash,0.0,https://api.deepseek.com/chat/completions,f6a583a12f4224ef3a07a9a76f7ba1895d268f7aa8ca31b1c1caac595cd0a4e8,6acc7335bbe6b731ef3e387d573b6689b90c0550
math_test_precalculus_48,precalculus,Level 4,True,True,True,\(12-4\sqrt2\),\(12-4\sqrt2\),\(12-4\sqrt2\),symbolic,symbolic,evidence/baseline_500.json#math_test_precalculus_48,4096,100,2236,2336,100,2236,2336,deepseek-flash,0.0,https://api.deepseek.com/chat/completions,f6a583a12f4224ef3a07a9a76f7ba1895d268f7aa8ca31b1c1caac595cd0a4e8,6acc7335bbe6b731ef3e387d573b6689b90c0550
math_test_precalculus_497,precalculus,Level 3,True,True,True,\frac{3}{13},\frac{3}{13},\frac{3}{13},symbolic,symbolic,evidence/baseline_500.json#math_test_precalculus_497,4096,91,258,349,91,258,349,deepseek-flash,0.0,https://api.deepseek.com/chat/completions,f6a583a12f4224ef3a07a9a76f7ba1895d268f7aa8ca31b1c1caac595cd0a4e8,6acc7335bbe6b731ef3e387d573b6689b90c0550
math_test_precalculus_499,precalculus,Level 5,True,True,True,\frac{4036082}{4036081},\frac{4036082}{4036081},\frac{4036082}{4036081},symbolic,symbolic,evidence/baseline_500.json#math_test_precalculus_499,4096,93,1190,1283,93,1190,1283,deepseek-flash,0.0,https://api.deepseek.com/chat/completions,f6a583a12f4224ef3a07a9a76f7ba1895d268f7aa8ca31b1c1caac595cd0a4e8,6acc7335bbe6b731ef3e387d573b6689b90c0550
math_test_precalculus_512,precalculus,Level 5,True,True,True,"\(-\frac34,\frac34\)","\(-\frac34,\frac34\)","\(-\frac34,\frac34\)",structured,structured,evidence/baseline_500.json#math_test_precalculus_512,4096,89,3789,3878,89,3789,3878,deepseek-flash,0.0,https://api.deepseek.com/chat/completions,f6a583a12f4224ef3a07a9a76f7ba1895d268f7aa8ca31b1c1caac595cd0a4e8,6acc7335bbe6b731ef3e387d573b6689b90c0550
math_test_precalculus_514,precalculus,Level 4,True,True,True,"\(-3,-2,\frac13,\frac12\)","\(-3,-2,\frac13,\frac12\)","\(-3,-2,\frac13,\frac12\)",structured,structured,evidence/baseline_500.json#math_test_precalculus_514,4096,91,1386,1477,91,1386,1477,deepseek-flash,0.0,https://api.deepseek.com/chat/completions,f6a583a12f4224ef3a07a9a76f7ba1895d268f7aa8ca31b1c1caac595cd0a4e8,6acc7335bbe6b731ef3e387d573b6689b90c0550
math_test_precalculus_524,precalculus,Level 3,True,True,True,\(\frac{7}{4}\),\(\frac{7}{4}\),\(\frac{7}{4}\),symbolic,symbolic,evidence/baseline_500.json#math_test_precalculus_524,4096,282,466,748,282,466,748,deepseek-flash,0.0,https://api.deepseek.com/chat/completions,f6a583a12f4224ef3a07a9a76f7ba1895d268f7aa8ca31b1c1caac595cd0a4e8,6acc7335bbe6b731ef3e387d573b6689b90c0550
math_test_precalculus_534,precalculus,Level 5,True,True,True,\begin{pmatrix}-6\\9\end{pmatrix},\begin{pmatrix}-6\\9\end{pmatrix},\begin{pmatrix}-6\\9\end{pmatrix},matrix,matrix,evidence/baseline_500.json#math_test_precalculus_534,4096,133,500,633,133,500,633,deepseek-flash,0.0,https://api.deepseek.com/chat/completions,f6a583a12f4224ef3a07a9a76f7ba1895d268f7aa8ca31b1c1caac595cd0a4e8,6acc7335bbe6b731ef3e387d573b6689b90c0550
math_test_precalculus_62,precalculus,Level 5,True,True,True,\frac{25\sqrt{10}}{4},\frac{25\sqrt{10}}{4},\frac{25\sqrt{10}}{4},symbolic,symbolic,evidence/baseline_500.json#math_test_precalculus_62,4096,135,2606,2741,135,2606,2741,deepseek-flash,0.0,https://api.deepseek.com/chat/completions,f6a583a12f4224ef3a07a9a76f7ba1895d268f7aa8ca31b1c1caac595cd0a4e8,6acc7335bbe6b731ef3e387d573b6689b90c0550
math_test_precalculus_64,precalculus,Level 4,True,True,True,5\pi,5\pi,5\pi,symbolic,symbolic,evidence/baseline_500.json#math_test_precalculus_64,4096,106,1157,1263,106,1157,1263,deepseek-flash,0.0,https://api.deepseek.com/chat/completions,f6a583a12f4224ef3a07a9a76f7ba1895d268f7aa8ca31b1c1caac595cd0a4e8,6acc7335bbe6b731ef3e387d573b6689b90c0550
math_test_precalculus_69,precalculus,Level 4,True,True,True,\frac{35}{64},\frac{35}{64},\frac{35}{64},symbolic,symbolic,evidence/baseline_500.json#math_test_precalculus_69,4096,118,1338,1456,118,1338,1456,deepseek-flash,0.0,https://api.deepseek.com/chat/completions,f6a583a12f4224ef3a07a9a76f7ba1895d268f7aa8ca31b1c1caac595cd0a4e8,6acc7335bbe6b731ef3e387d573b6689b90c0550
math_test_precalculus_78,precalculus,Level 5,True,True,True,82,82,82,symbolic,symbolic,evidence/baseline_500.json#math_test_precalculus_78,4096,130,2003,2133,130,2003,2133,deepseek-flash,0.0,https://api.deepseek.com/chat/completions,f6a583a12f4224ef3a07a9a76f7ba1895d268f7aa8ca31b1c1caac595cd0a4e8,6acc7335bbe6b731ef3e387d573b6689b90c0550
math_test_precalculus_85,precalculus,Level 5,True,True,True,\(\frac{\sqrt{35}}{3}\),\(\frac{\sqrt{35}}{3}\),\(\frac{\sqrt{35}}{3}\),symbolic,symbolic,evidence/baseline_500.json#math_test_precalculus_85,4096,111,519,630,111,519,630,deepseek-flash,0.0,https://api.deepseek.com/chat/completions,f6a583a12f4224ef3a07a9a76f7ba1895d268f7aa8ca31b1c1caac595cd0a4e8,6acc7335bbe6b731ef3e387d573b6689b90c0550
math_test_precalculus_87,precalculus,Level 2,True,True,True,2,2,2,symbolic,symbolic,evidence/baseline_500.json#math_test_precalculus_87,4096,86,819,905,86,819,905,deepseek-flash,0.0,https://api.deepseek.com/chat/completions,f6a583a12f4224ef3a07a9a76f7ba1895d268f7aa8ca31b1c1caac595cd0a4e8,6acc7335bbe6b731ef3e387d573b6689b90c0550
