skill_id,audit_id,task_id,subject,same_subject,trigger_match,precondition_pass,negative_trigger,eligible,features,missing_preconditions,reason
algebra_d40385fe7ff65b49,S01,math_train_algebra_1010,algebra,True,False,False,False,False,"[""equation"", ""rational""]","[""polynomial""]",trigger
algebra_d40385fe7ff65b49,S01,math_train_algebra_1018,algebra,True,False,False,False,False,"[""rational""]","[""polynomial""]",trigger
algebra_d40385fe7ff65b49,S01,math_train_algebra_1026,algebra,True,True,False,False,False,"[""equation"", ""quadratic"", ""rational"", ""unit_rate""]","[""polynomial""]",preconditions
algebra_d40385fe7ff65b49,S01,math_train_algebra_1079,algebra,True,False,False,False,False,[],"[""polynomial""]",trigger
algebra_d40385fe7ff65b49,S01,math_train_algebra_1119,algebra,True,True,False,False,False,"[""integer"", ""quadratic""]","[""polynomial""]",preconditions
algebra_d40385fe7ff65b49,S01,math_train_algebra_117,algebra,True,False,False,False,False,[],"[""polynomial""]",trigger
algebra_d40385fe7ff65b49,S01,math_train_algebra_1250,algebra,True,False,False,False,False,"[""rational""]","[""polynomial""]",trigger
algebra_d40385fe7ff65b49,S01,math_train_algebra_1327,algebra,True,False,False,False,False,"[""area"", ""integer""]","[""polynomial""]",trigger
algebra_d40385fe7ff65b49,S01,math_train_algebra_1334,algebra,True,False,False,False,False,[],"[""polynomial""]",trigger
algebra_d40385fe7ff65b49,S01,math_train_algebra_136,algebra,True,False,False,False,False,"[""rational"", ""unit_rate""]","[""polynomial""]",trigger
algebra_d40385fe7ff65b49,S01,math_train_algebra_1460,algebra,True,False,False,False,False,"[""positive"", ""rational""]","[""polynomial""]",trigger
algebra_d40385fe7ff65b49,S01,math_train_algebra_1469,algebra,True,True,False,False,False,"[""equation"", ""quadratic""]","[""polynomial""]",preconditions
algebra_d40385fe7ff65b49,S01,math_train_algebra_152,algebra,True,False,False,False,False,[],"[""polynomial""]",trigger
algebra_d40385fe7ff65b49,S01,math_train_algebra_1538,algebra,True,False,False,False,False,[],"[""polynomial""]",trigger
algebra_d40385fe7ff65b49,S01,math_train_algebra_1599,algebra,True,False,False,False,False,[],"[""polynomial""]",trigger
algebra_d40385fe7ff65b49,S01,math_train_algebra_1621,algebra,True,False,False,False,False,[],"[""polynomial""]",trigger
algebra_d40385fe7ff65b49,S01,math_train_algebra_1641,algebra,True,False,False,False,False,[],"[""polynomial""]",trigger
algebra_d40385fe7ff65b49,S01,math_train_algebra_1644,algebra,True,False,False,False,False,[],"[""polynomial""]",trigger
algebra_d40385fe7ff65b49,S01,math_train_algebra_1716,algebra,True,True,False,False,False,"[""composition"", ""quadratic""]","[""polynomial""]",preconditions
algebra_d40385fe7ff65b49,S01,math_train_algebra_1743,algebra,True,False,False,False,False,"[""integer"", ""positive""]","[""polynomial""]",trigger
algebra_d40385fe7ff65b49,S01,math_train_algebra_203,algebra,True,False,False,False,False,"[""area""]","[""polynomial""]",trigger
algebra_d40385fe7ff65b49,S01,math_train_algebra_204,algebra,True,False,False,False,False,"[""rational""]","[""polynomial""]",trigger
algebra_d40385fe7ff65b49,S01,math_train_algebra_206,algebra,True,False,False,False,False,"[""integer""]","[""polynomial""]",trigger
algebra_d40385fe7ff65b49,S01,math_train_algebra_221,algebra,True,True,False,False,False,"[""quadratic""]","[""polynomial""]",preconditions
algebra_d40385fe7ff65b49,S01,math_train_algebra_222,algebra,True,False,False,False,False,[],"[""polynomial""]",trigger
algebra_d40385fe7ff65b49,S01,math_train_algebra_237,algebra,True,True,False,False,False,"[""quadratic""]","[""polynomial""]",preconditions
algebra_d40385fe7ff65b49,S01,math_train_algebra_267,algebra,True,False,False,False,False,[],"[""polynomial""]",trigger
algebra_d40385fe7ff65b49,S01,math_train_algebra_334,algebra,True,True,False,False,False,"[""equation"", ""quadratic""]","[""polynomial""]",preconditions
algebra_d40385fe7ff65b49,S01,math_train_algebra_336,algebra,True,False,False,False,False,"[""equation""]","[""polynomial""]",trigger
algebra_d40385fe7ff65b49,S01,math_train_algebra_348,algebra,True,True,False,False,False,"[""quadratic"", ""rational""]","[""polynomial""]",preconditions
algebra_d40385fe7ff65b49,S01,math_train_algebra_35,algebra,True,False,False,False,False,"[""positive""]","[""polynomial""]",trigger
algebra_d40385fe7ff65b49,S01,math_train_algebra_42,algebra,True,True,False,False,False,"[""integer"", ""quadratic"", ""rational""]","[""polynomial""]",preconditions
algebra_d40385fe7ff65b49,S01,math_train_algebra_432,algebra,True,False,False,False,False,[],"[""polynomial""]",trigger
algebra_d40385fe7ff65b49,S01,math_train_algebra_495,algebra,True,True,False,False,False,"[""positive"", ""quadratic""]","[""polynomial""]",preconditions
algebra_d40385fe7ff65b49,S01,math_train_algebra_496,algebra,True,False,False,False,False,"[""rational""]","[""polynomial""]",trigger
algebra_d40385fe7ff65b49,S01,math_train_algebra_538,algebra,True,True,False,False,False,"[""quadratic""]","[""polynomial""]",preconditions
algebra_d40385fe7ff65b49,S01,math_train_algebra_541,algebra,True,True,False,False,False,"[""quadratic""]","[""polynomial""]",preconditions
algebra_d40385fe7ff65b49,S01,math_train_algebra_597,algebra,True,False,False,False,False,"[""integer"", ""positive""]","[""polynomial""]",trigger
algebra_d40385fe7ff65b49,S01,math_train_algebra_604,algebra,True,True,False,False,False,"[""quadratic""]","[""polynomial""]",preconditions
algebra_d40385fe7ff65b49,S01,math_train_algebra_628,algebra,True,True,False,False,False,"[""equation"", ""integer"", ""quadratic""]","[""polynomial""]",preconditions
algebra_d40385fe7ff65b49,S01,math_train_algebra_631,algebra,True,False,False,False,False,"[""integer"", ""rational""]","[""polynomial""]",trigger
algebra_d40385fe7ff65b49,S01,math_train_algebra_758,algebra,True,True,False,False,False,"[""equation"", ""quadratic"", ""unit_rate""]","[""polynomial""]",preconditions
algebra_d40385fe7ff65b49,S01,math_train_algebra_764,algebra,True,True,False,False,False,"[""quadratic""]","[""polynomial""]",preconditions
algebra_d40385fe7ff65b49,S01,math_train_algebra_883,algebra,True,False,False,False,False,"[""integer""]","[""polynomial""]",trigger
algebra_d40385fe7ff65b49,S01,math_train_algebra_906,algebra,True,False,False,False,False,"[""equation"", ""rational""]","[""polynomial""]",trigger
algebra_d40385fe7ff65b49,S01,math_train_algebra_928,algebra,True,True,False,False,False,"[""quadratic""]","[""polynomial""]",preconditions
algebra_d40385fe7ff65b49,S01,math_train_algebra_941,algebra,True,True,False,False,False,"[""quadratic""]","[""polynomial""]",preconditions
algebra_d40385fe7ff65b49,S01,math_train_algebra_949,algebra,True,False,False,False,False,[],"[""polynomial""]",trigger
algebra_d40385fe7ff65b49,S01,math_train_algebra_959,algebra,True,True,False,False,False,"[""equation"", ""quadratic""]","[""polynomial""]",preconditions
algebra_d40385fe7ff65b49,S01,math_train_algebra_991,algebra,True,False,False,False,False,"[""nonzero"", ""rational""]","[""polynomial""]",trigger
algebra_d40385fe7ff65b49,S01,math_train_counting_probability_102,counting_probability,False,False,False,True,False,"[""probability"", ""rational""]","[""polynomial""]",subject
algebra_d40385fe7ff65b49,S01,math_train_counting_probability_142,counting_probability,False,False,False,False,False,"[""prime""]","[""polynomial""]",subject
algebra_d40385fe7ff65b49,S01,math_train_counting_probability_144,counting_probability,False,False,False,False,False,[],"[""polynomial""]",subject
algebra_d40385fe7ff65b49,S01,math_train_counting_probability_15,counting_probability,False,False,False,False,False,"[""counting""]","[""polynomial""]",subject
algebra_d40385fe7ff65b49,S01,math_train_counting_probability_151,counting_probability,False,False,False,False,False,"[""triangle""]","[""polynomial""]",subject
algebra_d40385fe7ff65b49,S01,math_train_counting_probability_153,counting_probability,False,False,False,False,False,"[""counting""]","[""polynomial""]",subject
algebra_d40385fe7ff65b49,S01,math_train_counting_probability_165,counting_probability,False,False,False,True,False,"[""probability"", ""unit_rate""]","[""polynomial""]",subject
algebra_d40385fe7ff65b49,S01,math_train_counting_probability_174,counting_probability,False,False,False,False,False,"[""counting""]","[""polynomial""]",subject
algebra_d40385fe7ff65b49,S01,math_train_counting_probability_177,counting_probability,False,False,False,False,False,[],"[""polynomial""]",subject
algebra_d40385fe7ff65b49,S01,math_train_counting_probability_186,counting_probability,False,False,False,False,False,"[""counting""]","[""polynomial""]",subject
algebra_d40385fe7ff65b49,S01,math_train_counting_probability_192,counting_probability,False,False,False,True,False,"[""counting"", ""probability""]","[""polynomial""]",subject
algebra_d40385fe7ff65b49,S01,math_train_counting_probability_208,counting_probability,False,False,False,False,False,"[""counting""]","[""polynomial""]",subject
algebra_d40385fe7ff65b49,S01,math_train_counting_probability_213,counting_probability,False,False,False,True,False,"[""counting"", ""probability"", ""rational""]","[""polynomial""]",subject
algebra_d40385fe7ff65b49,S01,math_train_counting_probability_218,counting_probability,False,False,False,True,False,"[""divisibility"", ""integer"", ""positive"", ""probability"", ""rational""]","[""polynomial""]",subject
algebra_d40385fe7ff65b49,S01,math_train_counting_probability_261,counting_probability,False,False,False,False,False,[],"[""polynomial""]",subject
algebra_d40385fe7ff65b49,S01,math_train_counting_probability_269,counting_probability,False,False,False,False,False,"[""counting"", ""unit_rate""]","[""polynomial""]",subject
algebra_d40385fe7ff65b49,S01,math_train_counting_probability_278,counting_probability,False,False,False,False,False,[],"[""polynomial""]",subject
algebra_d40385fe7ff65b49,S01,math_train_counting_probability_287,counting_probability,False,False,False,False,False,"[""counting""]","[""polynomial""]",subject
algebra_d40385fe7ff65b49,S01,math_train_counting_probability_31,counting_probability,False,False,False,True,False,"[""probability"", ""rational""]","[""polynomial""]",subject
algebra_d40385fe7ff65b49,S01,math_train_counting_probability_332,counting_probability,False,False,False,False,False,"[""counting"", ""factorization"", ""integer"", ""prime""]","[""polynomial""]",subject
algebra_d40385fe7ff65b49,S01,math_train_counting_probability_34,counting_probability,False,False,False,False,False,[],"[""polynomial""]",subject
algebra_d40385fe7ff65b49,S01,math_train_counting_probability_341,counting_probability,False,False,False,False,False,"[""circle""]","[""polynomial""]",subject
algebra_d40385fe7ff65b49,S01,math_train_counting_probability_345,counting_probability,False,False,False,False,False,"[""counting""]","[""polynomial""]",subject
algebra_d40385fe7ff65b49,S01,math_train_counting_probability_357,counting_probability,False,False,False,True,False,"[""integer"", ""positive"", ""prime"", ""probability"", ""unit_rate""]","[""polynomial""]",subject
algebra_d40385fe7ff65b49,S01,math_train_counting_probability_39,counting_probability,False,False,False,False,False,"[""modular""]","[""polynomial""]",subject
algebra_d40385fe7ff65b49,S01,math_train_counting_probability_396,counting_probability,False,False,False,False,False,"[""divisibility"", ""modular"", ""unit_rate""]","[""polynomial""]",subject
algebra_d40385fe7ff65b49,S01,math_train_counting_probability_401,counting_probability,False,False,False,True,False,"[""integer"", ""positive"", ""prime"", ""probability"", ""rational"", ""unit_rate""]","[""polynomial""]",subject
algebra_d40385fe7ff65b49,S01,math_train_counting_probability_425,counting_probability,False,False,False,False,False,"[""integer""]","[""polynomial""]",subject
algebra_d40385fe7ff65b49,S01,math_train_counting_probability_430,counting_probability,False,False,False,False,False,"[""integer""]","[""polynomial""]",subject
algebra_d40385fe7ff65b49,S01,math_train_counting_probability_452,counting_probability,False,False,False,False,False,"[""counting"", ""divisibility"", ""integer"", ""modular"", ""positive""]","[""polynomial""]",subject
algebra_d40385fe7ff65b49,S01,math_train_counting_probability_461,counting_probability,False,False,False,False,False,"[""integer""]","[""polynomial""]",subject
algebra_d40385fe7ff65b49,S01,math_train_counting_probability_471,counting_probability,False,False,False,False,False,[],"[""polynomial""]",subject
algebra_d40385fe7ff65b49,S01,math_train_counting_probability_482,counting_probability,False,False,False,True,False,"[""probability""]","[""polynomial""]",subject
algebra_d40385fe7ff65b49,S01,math_train_counting_probability_488,counting_probability,False,False,False,True,False,"[""probability"", ""rational""]","[""polynomial""]",subject
algebra_d40385fe7ff65b49,S01,math_train_counting_probability_490,counting_probability,False,False,False,True,False,"[""probability""]","[""polynomial""]",subject
algebra_d40385fe7ff65b49,S01,math_train_counting_probability_5,counting_probability,False,False,False,False,False,"[""unit_rate""]","[""polynomial""]",subject
algebra_d40385fe7ff65b49,S01,math_train_counting_probability_543,counting_probability,False,False,False,False,False,"[""counting""]","[""polynomial""]",subject
algebra_d40385fe7ff65b49,S01,math_train_counting_probability_596,counting_probability,False,False,False,False,False,"[""counting""]","[""polynomial""]",subject
algebra_d40385fe7ff65b49,S01,math_train_counting_probability_629,counting_probability,False,False,False,False,False,"[""counting""]","[""polynomial""]",subject
algebra_d40385fe7ff65b49,S01,math_train_counting_probability_640,counting_probability,False,False,False,False,False,"[""triangle""]","[""polynomial""]",subject
algebra_d40385fe7ff65b49,S01,math_train_counting_probability_658,counting_probability,False,False,False,False,False,"[""integer"", ""positive""]","[""polynomial""]",subject
algebra_d40385fe7ff65b49,S01,math_train_counting_probability_668,counting_probability,False,False,False,False,False,[],"[""polynomial""]",subject
algebra_d40385fe7ff65b49,S01,math_train_counting_probability_675,counting_probability,False,False,False,False,False,"[""counting"", ""unit_rate""]","[""polynomial""]",subject
algebra_d40385fe7ff65b49,S01,math_train_counting_probability_680,counting_probability,False,False,False,False,False,"[""rational""]","[""polynomial""]",subject
algebra_d40385fe7ff65b49,S01,math_train_counting_probability_693,counting_probability,False,False,False,True,False,"[""probability"", ""rational"", ""unit_rate""]","[""polynomial""]",subject
algebra_d40385fe7ff65b49,S01,math_train_counting_probability_700,counting_probability,False,False,False,False,False,"[""integer""]","[""polynomial""]",subject
algebra_d40385fe7ff65b49,S01,math_train_counting_probability_730,counting_probability,False,False,False,False,False,"[""counting""]","[""polynomial""]",subject
algebra_d40385fe7ff65b49,S01,math_train_counting_probability_756,counting_probability,False,False,False,False,False,"[""counting"", ""unit_rate""]","[""polynomial""]",subject
algebra_d40385fe7ff65b49,S01,math_train_counting_probability_85,counting_probability,False,False,False,False,False,[],"[""polynomial""]",subject
algebra_d40385fe7ff65b49,S01,math_train_counting_probability_96,counting_probability,False,False,False,True,False,"[""probability"", ""rational"", ""triangle""]","[""polynomial""]",subject
algebra_d40385fe7ff65b49,S01,math_train_geometry_124,geometry,False,False,False,False,False,"[""circle"", ""rational""]","[""polynomial""]",subject
algebra_d40385fe7ff65b49,S01,math_train_geometry_139,geometry,False,False,False,False,False,"[""area"", ""circle""]","[""polynomial""]",subject
algebra_d40385fe7ff65b49,S01,math_train_geometry_145,geometry,False,False,False,False,False,"[""area"", ""triangle""]","[""polynomial""]",subject
algebra_d40385fe7ff65b49,S01,math_train_geometry_15,geometry,False,False,False,False,False,"[""circle""]","[""polynomial""]",subject
algebra_d40385fe7ff65b49,S01,math_train_geometry_159,geometry,False,False,False,False,False,"[""area"", ""rational"", ""unit_rate""]","[""polynomial""]",subject
algebra_d40385fe7ff65b49,S01,math_train_geometry_168,geometry,False,False,False,False,False,"[""integer"", ""positive"", ""prime""]","[""polynomial""]",subject
algebra_d40385fe7ff65b49,S01,math_train_geometry_169,geometry,False,False,False,False,False,"[""circle"", ""factorization""]","[""polynomial""]",subject
algebra_d40385fe7ff65b49,S01,math_train_geometry_202,geometry,False,False,False,False,False,"[""area"", ""circle""]","[""polynomial""]",subject
algebra_d40385fe7ff65b49,S01,math_train_geometry_203,geometry,False,False,False,False,False,"[""circle"", ""triangle""]","[""polynomial""]",subject
algebra_d40385fe7ff65b49,S01,math_train_geometry_212,geometry,False,False,False,False,False,"[""area"", ""ratio"", ""unit_rate""]","[""polynomial""]",subject
algebra_d40385fe7ff65b49,S01,math_train_geometry_238,geometry,False,False,False,False,False,"[""factorization""]","[""polynomial""]",subject
algebra_d40385fe7ff65b49,S01,math_train_geometry_25,geometry,False,False,False,False,False,[],"[""polynomial""]",subject
algebra_d40385fe7ff65b49,S01,math_train_geometry_279,geometry,False,False,False,False,False,"[""circle""]","[""polynomial""]",subject
algebra_d40385fe7ff65b49,S01,math_train_geometry_289,geometry,False,False,False,False,False,"[""area"", ""rational"", ""triangle""]","[""polynomial""]",subject
algebra_d40385fe7ff65b49,S01,math_train_geometry_294,geometry,False,False,False,False,False,"[""unit_rate""]","[""polynomial""]",subject
algebra_d40385fe7ff65b49,S01,math_train_geometry_30,geometry,False,False,False,False,False,"[""area"", ""triangle""]","[""polynomial""]",subject
algebra_d40385fe7ff65b49,S01,math_train_geometry_308,geometry,False,False,False,False,False,"[""rational""]","[""polynomial""]",subject
algebra_d40385fe7ff65b49,S01,math_train_geometry_316,geometry,False,False,False,False,False,"[""area"", ""modular"", ""unit_rate""]","[""polynomial""]",subject
algebra_d40385fe7ff65b49,S01,math_train_geometry_327,geometry,False,False,False,False,False,"[""circle"", ""unit_rate""]","[""polynomial""]",subject
algebra_d40385fe7ff65b49,S01,math_train_geometry_343,geometry,False,False,False,True,False,"[""trigonometric""]","[""polynomial""]",subject
algebra_d40385fe7ff65b49,S01,math_train_geometry_359,geometry,False,False,False,False,False,"[""divisibility"", ""triangle""]","[""polynomial""]",subject
algebra_d40385fe7ff65b49,S01,math_train_geometry_367,geometry,False,False,False,False,False,"[""area"", ""ratio"", ""triangle""]","[""polynomial""]",subject
algebra_d40385fe7ff65b49,S01,math_train_geometry_374,geometry,False,False,False,False,False,"[""circle"", ""triangle""]","[""polynomial""]",subject
algebra_d40385fe7ff65b49,S01,math_train_geometry_394,geometry,False,False,False,False,False,"[""circle""]","[""polynomial""]",subject
algebra_d40385fe7ff65b49,S01,math_train_geometry_396,geometry,False,False,False,False,False,"[""area""]","[""polynomial""]",subject
algebra_d40385fe7ff65b49,S01,math_train_geometry_400,geometry,False,False,False,False,False,"[""modular"", ""triangle"", ""unit_rate""]","[""polynomial""]",subject
algebra_d40385fe7ff65b49,S01,math_train_geometry_447,geometry,False,False,False,False,False,"[""unit_rate""]","[""polynomial""]",subject
algebra_d40385fe7ff65b49,S01,math_train_geometry_467,geometry,False,False,False,False,False,"[""circle"", ""triangle""]","[""polynomial""]",subject
algebra_d40385fe7ff65b49,S01,math_train_geometry_469,geometry,False,False,False,False,False,"[""circle"", ""divisibility"", ""integer"", ""positive"", ""prime""]","[""polynomial""]",subject
algebra_d40385fe7ff65b49,S01,math_train_geometry_473,geometry,False,False,False,False,False,"[""integer"", ""positive"", ""prime"", ""rational""]","[""polynomial""]",subject
algebra_d40385fe7ff65b49,S01,math_train_geometry_478,geometry,False,False,False,False,False,"[""circle"", ""triangle"", ""unit_rate""]","[""polynomial""]",subject
algebra_d40385fe7ff65b49,S01,math_train_geometry_528,geometry,False,False,False,False,False,"[""divisibility"", ""integer"", ""positive"", ""prime"", ""rational"", ""triangle""]","[""polynomial""]",subject
algebra_d40385fe7ff65b49,S01,math_train_geometry_539,geometry,False,False,False,False,False,"[""circle""]","[""polynomial""]",subject
algebra_d40385fe7ff65b49,S01,math_train_geometry_609,geometry,False,False,False,False,False,"[""rational""]","[""polynomial""]",subject
algebra_d40385fe7ff65b49,S01,math_train_geometry_611,geometry,False,True,False,False,False,"[""area"", ""circle"", ""quadratic"", ""ratio"", ""rational"", ""triangle""]","[""polynomial""]",subject
algebra_d40385fe7ff65b49,S01,math_train_geometry_623,geometry,False,False,False,False,False,"[""triangle""]","[""polynomial""]",subject
algebra_d40385fe7ff65b49,S01,math_train_geometry_673,geometry,False,False,False,False,False,"[""area"", ""circle""]","[""polynomial""]",subject
algebra_d40385fe7ff65b49,S01,math_train_geometry_737,geometry,False,False,False,True,False,"[""trigonometric""]","[""polynomial""]",subject
algebra_d40385fe7ff65b49,S01,math_train_geometry_74,geometry,False,False,False,False,False,[],"[""polynomial""]",subject
algebra_d40385fe7ff65b49,S01,math_train_geometry_760,geometry,False,False,False,False,False,"[""area""]","[""polynomial""]",subject
algebra_d40385fe7ff65b49,S01,math_train_geometry_775,geometry,False,False,False,False,False,"[""area""]","[""polynomial""]",subject
algebra_d40385fe7ff65b49,S01,math_train_geometry_789,geometry,False,False,False,False,False,"[""area"", ""unit_rate""]","[""polynomial""]",subject
algebra_d40385fe7ff65b49,S01,math_train_geometry_813,geometry,False,False,False,False,False,"[""modular"", ""triangle""]","[""polynomial""]",subject
algebra_d40385fe7ff65b49,S01,math_train_geometry_817,geometry,False,False,False,False,False,"[""area"", ""unit_rate""]","[""polynomial""]",subject
algebra_d40385fe7ff65b49,S01,math_train_geometry_820,geometry,False,False,False,False,False,"[""ratio"", ""rational""]","[""polynomial""]",subject
algebra_d40385fe7ff65b49,S01,math_train_geometry_836,geometry,False,False,False,False,False,[],"[""polynomial""]",subject
algebra_d40385fe7ff65b49,S01,math_train_geometry_845,geometry,False,False,False,False,False,[],"[""polynomial""]",subject
algebra_d40385fe7ff65b49,S01,math_train_geometry_849,geometry,False,False,False,False,False,"[""circle"", ""factorization""]","[""polynomial""]",subject
algebra_d40385fe7ff65b49,S01,math_train_geometry_855,geometry,False,False,False,False,False,"[""area""]","[""polynomial""]",subject
algebra_d40385fe7ff65b49,S01,math_train_geometry_863,geometry,False,True,False,False,False,"[""quadratic"", ""triangle""]","[""polynomial""]",subject
algebra_d40385fe7ff65b49,S01,math_train_intermediate_algebra_1034,intermediate_algebra,False,False,False,False,False,"[""positive""]","[""polynomial""]",subject
algebra_d40385fe7ff65b49,S01,math_train_intermediate_algebra_1059,intermediate_algebra,False,False,False,False,False,[],"[""polynomial""]",subject
algebra_d40385fe7ff65b49,S01,math_train_intermediate_algebra_1060,intermediate_algebra,False,False,False,False,False,[],"[""polynomial""]",subject
algebra_d40385fe7ff65b49,S01,math_train_intermediate_algebra_1103,intermediate_algebra,False,False,False,False,False,"[""rational""]","[""polynomial""]",subject
algebra_d40385fe7ff65b49,S01,math_train_intermediate_algebra_1115,intermediate_algebra,False,True,False,False,False,"[""quadratic""]","[""polynomial""]",subject
algebra_d40385fe7ff65b49,S01,math_train_intermediate_algebra_1145,intermediate_algebra,False,False,False,False,False,"[""positive"", ""rational""]","[""polynomial""]",subject
algebra_d40385fe7ff65b49,S01,math_train_intermediate_algebra_1156,intermediate_algebra,False,True,False,False,False,"[""quadratic"", ""rational""]","[""polynomial""]",subject
algebra_d40385fe7ff65b49,S01,math_train_intermediate_algebra_1164,intermediate_algebra,False,True,False,False,False,"[""quadratic""]","[""polynomial""]",subject
algebra_d40385fe7ff65b49,S01,math_train_intermediate_algebra_1183,intermediate_algebra,False,True,False,False,False,"[""integer"", ""positive"", ""quadratic""]","[""polynomial""]",subject
algebra_d40385fe7ff65b49,S01,math_train_intermediate_algebra_1292,intermediate_algebra,False,True,False,False,False,"[""equation"", ""quadratic"", ""ratio"", ""rational""]","[""polynomial""]",subject
algebra_d40385fe7ff65b49,S01,math_train_intermediate_algebra_164,intermediate_algebra,False,False,False,False,False,"[""composition""]","[""polynomial""]",subject
algebra_d40385fe7ff65b49,S01,math_train_intermediate_algebra_178,intermediate_algebra,False,True,False,False,False,"[""equation"", ""quadratic""]","[""polynomial""]",subject
algebra_d40385fe7ff65b49,S01,math_train_intermediate_algebra_181,intermediate_algebra,False,False,False,False,False,"[""integer"", ""positive""]","[""polynomial""]",subject
algebra_d40385fe7ff65b49,S01,math_train_intermediate_algebra_263,intermediate_algebra,False,True,False,False,False,"[""quadratic""]","[""polynomial""]",subject
algebra_d40385fe7ff65b49,S01,math_train_intermediate_algebra_275,intermediate_algebra,False,True,False,False,False,"[""quadratic""]","[""polynomial""]",subject
algebra_d40385fe7ff65b49,S01,math_train_intermediate_algebra_296,intermediate_algebra,False,False,False,False,False,"[""positive"", ""rational""]","[""polynomial""]",subject
algebra_d40385fe7ff65b49,S01,math_train_intermediate_algebra_300,intermediate_algebra,False,False,True,False,False,"[""nonzero"", ""polynomial"", ""ratio"", ""rational""]",[],subject
algebra_d40385fe7ff65b49,S01,math_train_intermediate_algebra_315,intermediate_algebra,False,False,False,False,False,"[""rational""]","[""polynomial""]",subject
algebra_d40385fe7ff65b49,S01,math_train_intermediate_algebra_340,intermediate_algebra,False,False,False,False,False,[],"[""polynomial""]",subject
algebra_d40385fe7ff65b49,S01,math_train_intermediate_algebra_345,intermediate_algebra,False,False,False,False,False,[],"[""polynomial""]",subject
algebra_d40385fe7ff65b49,S01,math_train_intermediate_algebra_359,intermediate_algebra,False,False,False,False,False,"[""ratio"", ""rational""]","[""polynomial""]",subject
algebra_d40385fe7ff65b49,S01,math_train_intermediate_algebra_363,intermediate_algebra,False,False,False,False,False,"[""positive""]","[""polynomial""]",subject
algebra_d40385fe7ff65b49,S01,math_train_intermediate_algebra_39,intermediate_algebra,False,True,False,False,False,"[""quadratic""]","[""polynomial""]",subject
algebra_d40385fe7ff65b49,S01,math_train_intermediate_algebra_437,intermediate_algebra,False,True,False,False,False,"[""quadratic""]","[""polynomial""]",subject
algebra_d40385fe7ff65b49,S01,math_train_intermediate_algebra_452,intermediate_algebra,False,True,False,False,False,"[""positive"", ""quadratic""]","[""polynomial""]",subject
algebra_d40385fe7ff65b49,S01,math_train_intermediate_algebra_455,intermediate_algebra,False,True,False,False,False,"[""quadratic"", ""rational""]","[""polynomial""]",subject
algebra_d40385fe7ff65b49,S01,math_train_intermediate_algebra_473,intermediate_algebra,False,False,False,False,False,[],"[""polynomial""]",subject
algebra_d40385fe7ff65b49,S01,math_train_intermediate_algebra_503,intermediate_algebra,False,False,False,False,False,"[""integer"", ""unit_rate""]","[""polynomial""]",subject
algebra_d40385fe7ff65b49,S01,math_train_intermediate_algebra_532,intermediate_algebra,False,True,False,False,False,"[""equation"", ""quadratic"", ""ratio"", ""rational""]","[""polynomial""]",subject
algebra_d40385fe7ff65b49,S01,math_train_intermediate_algebra_542,intermediate_algebra,False,True,True,False,False,"[""polynomial"", ""quadratic""]",[],subject
algebra_d40385fe7ff65b49,S01,math_train_intermediate_algebra_543,intermediate_algebra,False,True,False,False,False,"[""quadratic"", ""rational""]","[""polynomial""]",subject
algebra_d40385fe7ff65b49,S01,math_train_intermediate_algebra_556,intermediate_algebra,False,True,False,False,False,"[""equation"", ""integer"", ""positive"", ""quadratic""]","[""polynomial""]",subject
algebra_d40385fe7ff65b49,S01,math_train_intermediate_algebra_56,intermediate_algebra,False,True,False,False,False,"[""quadratic"", ""rational"", ""unit_rate""]","[""polynomial""]",subject
algebra_d40385fe7ff65b49,S01,math_train_intermediate_algebra_597,intermediate_algebra,False,False,False,False,False,"[""divisibility"", ""modular""]","[""polynomial""]",subject
algebra_d40385fe7ff65b49,S01,math_train_intermediate_algebra_598,intermediate_algebra,False,False,False,False,False,"[""rational""]","[""polynomial""]",subject
algebra_d40385fe7ff65b49,S01,math_train_intermediate_algebra_624,intermediate_algebra,False,True,False,False,False,"[""integer"", ""positive"", ""quadratic""]","[""polynomial""]",subject
algebra_d40385fe7ff65b49,S01,math_train_intermediate_algebra_653,intermediate_algebra,False,False,False,False,False,"[""divisibility"", ""modular""]","[""polynomial""]",subject
algebra_d40385fe7ff65b49,S01,math_train_intermediate_algebra_675,intermediate_algebra,False,False,False,False,False,[],"[""polynomial""]",subject
algebra_d40385fe7ff65b49,S01,math_train_intermediate_algebra_702,intermediate_algebra,False,False,False,False,False,[],"[""polynomial""]",subject
algebra_d40385fe7ff65b49,S01,math_train_intermediate_algebra_706,intermediate_algebra,False,True,False,False,False,"[""equation"", ""integer"", ""quadratic"", ""rational""]","[""polynomial""]",subject
algebra_d40385fe7ff65b49,S01,math_train_intermediate_algebra_720,intermediate_algebra,False,True,True,False,False,"[""nonzero"", ""polynomial"", ""quadratic"", ""rational""]",[],subject
algebra_d40385fe7ff65b49,S01,math_train_intermediate_algebra_760,intermediate_algebra,False,False,False,False,False,"[""integer""]","[""polynomial""]",subject
algebra_d40385fe7ff65b49,S01,math_train_intermediate_algebra_78,intermediate_algebra,False,False,False,False,False,"[""rational""]","[""polynomial""]",subject
algebra_d40385fe7ff65b49,S01,math_train_intermediate_algebra_899,intermediate_algebra,False,False,True,False,False,"[""equation"", ""integer"", ""polynomial"", ""ratio"", ""rational""]",[],subject
algebra_d40385fe7ff65b49,S01,math_train_intermediate_algebra_922,intermediate_algebra,False,False,False,False,False,"[""positive"", ""rational""]","[""polynomial""]",subject
algebra_d40385fe7ff65b49,S01,math_train_intermediate_algebra_954,intermediate_algebra,False,True,False,False,False,"[""factorization"", ""quadratic""]","[""polynomial""]",subject
algebra_d40385fe7ff65b49,S01,math_train_intermediate_algebra_967,intermediate_algebra,False,True,False,False,False,"[""divisibility"", ""quadratic""]","[""polynomial""]",subject
algebra_d40385fe7ff65b49,S01,math_train_intermediate_algebra_974,intermediate_algebra,False,False,False,False,False,"[""rational""]","[""polynomial""]",subject
algebra_d40385fe7ff65b49,S01,math_train_intermediate_algebra_993,intermediate_algebra,False,False,True,False,False,"[""divisibility"", ""modular"", ""polynomial""]",[],subject
algebra_d40385fe7ff65b49,S01,math_train_intermediate_algebra_999,intermediate_algebra,False,True,True,False,False,"[""polynomial"", ""quadratic""]",[],subject
algebra_d40385fe7ff65b49,S01,math_train_number_theory_101,number_theory,False,False,False,True,False,"[""modular"", ""probability""]","[""polynomial""]",subject
algebra_d40385fe7ff65b49,S01,math_train_number_theory_113,number_theory,False,False,False,False,False,"[""divisibility""]","[""polynomial""]",subject
algebra_d40385fe7ff65b49,S01,math_train_number_theory_153,number_theory,False,False,False,False,False,"[""integer"", ""positive""]","[""polynomial""]",subject
algebra_d40385fe7ff65b49,S01,math_train_number_theory_175,number_theory,False,False,False,False,False,"[""positive""]","[""polynomial""]",subject
algebra_d40385fe7ff65b49,S01,math_train_number_theory_181,number_theory,False,False,False,False,False,"[""positive""]","[""polynomial""]",subject
algebra_d40385fe7ff65b49,S01,math_train_number_theory_187,number_theory,False,False,False,False,False,"[""divisibility""]","[""polynomial""]",subject
algebra_d40385fe7ff65b49,S01,math_train_number_theory_196,number_theory,False,False,False,False,False,"[""unit_rate""]","[""polynomial""]",subject
algebra_d40385fe7ff65b49,S01,math_train_number_theory_203,number_theory,False,False,False,False,False,"[""factorization"", ""positive""]","[""polynomial""]",subject
algebra_d40385fe7ff65b49,S01,math_train_number_theory_221,number_theory,False,True,False,False,False,"[""quadratic""]","[""polynomial""]",subject
algebra_d40385fe7ff65b49,S01,math_train_number_theory_229,number_theory,False,False,False,False,False,"[""integer""]","[""polynomial""]",subject
algebra_d40385fe7ff65b49,S01,math_train_number_theory_237,number_theory,False,False,False,False,False,"[""divisibility"", ""modular""]","[""polynomial""]",subject
algebra_d40385fe7ff65b49,S01,math_train_number_theory_252,number_theory,False,False,False,False,False,[],"[""polynomial""]",subject
algebra_d40385fe7ff65b49,S01,math_train_number_theory_257,number_theory,False,False,False,False,False,"[""integer"", ""rational""]","[""polynomial""]",subject
algebra_d40385fe7ff65b49,S01,math_train_number_theory_272,number_theory,False,False,False,False,False,"[""factorization""]","[""polynomial""]",subject
algebra_d40385fe7ff65b49,S01,math_train_number_theory_274,number_theory,False,False,False,False,False,"[""divisibility"", ""integer"", ""positive""]","[""polynomial""]",subject
algebra_d40385fe7ff65b49,S01,math_train_number_theory_282,number_theory,False,False,False,False,False,"[""divisibility"", ""integer"", ""modular"", ""positive""]","[""polynomial""]",subject
algebra_d40385fe7ff65b49,S01,math_train_number_theory_297,number_theory,False,False,False,False,False,"[""divisibility"", ""modular""]","[""polynomial""]",subject
algebra_d40385fe7ff65b49,S01,math_train_number_theory_298,number_theory,False,False,False,False,False,[],"[""polynomial""]",subject
algebra_d40385fe7ff65b49,S01,math_train_number_theory_329,number_theory,False,False,False,False,False,[],"[""polynomial""]",subject
algebra_d40385fe7ff65b49,S01,math_train_number_theory_339,number_theory,False,False,False,False,False,"[""integer"", ""modular""]","[""polynomial""]",subject
algebra_d40385fe7ff65b49,S01,math_train_number_theory_366,number_theory,False,False,False,False,False,"[""integer"", ""modular""]","[""polynomial""]",subject
algebra_d40385fe7ff65b49,S01,math_train_number_theory_371,number_theory,False,True,False,False,False,"[""gcd_lcm"", ""integer"", ""positive"", ""quadratic""]","[""polynomial""]",subject
algebra_d40385fe7ff65b49,S01,math_train_number_theory_374,number_theory,False,False,False,False,False,"[""counting""]","[""polynomial""]",subject
algebra_d40385fe7ff65b49,S01,math_train_number_theory_403,number_theory,False,False,False,False,False,"[""gcd_lcm"", ""integer"", ""positive"", ""rational""]","[""polynomial""]",subject
algebra_d40385fe7ff65b49,S01,math_train_number_theory_448,number_theory,False,False,False,False,False,"[""divisibility""]","[""polynomial""]",subject
algebra_d40385fe7ff65b49,S01,math_train_number_theory_490,number_theory,False,False,False,False,False,"[""factorization"", ""gcd_lcm"", ""prime""]","[""polynomial""]",subject
algebra_d40385fe7ff65b49,S01,math_train_number_theory_51,number_theory,False,False,False,False,False,"[""positive""]","[""polynomial""]",subject
algebra_d40385fe7ff65b49,S01,math_train_number_theory_510,number_theory,False,False,False,False,False,"[""prime""]","[""polynomial""]",subject
algebra_d40385fe7ff65b49,S01,math_train_number_theory_528,number_theory,False,False,False,False,False,"[""integer""]","[""polynomial""]",subject
algebra_d40385fe7ff65b49,S01,math_train_number_theory_541,number_theory,False,False,False,False,False,"[""divisibility""]","[""polynomial""]",subject
algebra_d40385fe7ff65b49,S01,math_train_number_theory_555,number_theory,False,False,False,False,False,"[""divisibility"", ""integer"", ""positive""]","[""polynomial""]",subject
algebra_d40385fe7ff65b49,S01,math_train_number_theory_576,number_theory,False,False,False,False,False,"[""integer"", ""positive"", ""rational""]","[""polynomial""]",subject
algebra_d40385fe7ff65b49,S01,math_train_number_theory_598,number_theory,False,False,False,False,False,[],"[""polynomial""]",subject
algebra_d40385fe7ff65b49,S01,math_train_number_theory_608,number_theory,False,False,False,False,False,"[""positive""]","[""polynomial""]",subject
algebra_d40385fe7ff65b49,S01,math_train_number_theory_617,number_theory,False,False,False,False,False,"[""prime""]","[""polynomial""]",subject
algebra_d40385fe7ff65b49,S01,math_train_number_theory_629,number_theory,False,False,False,False,False,"[""integer""]","[""polynomial""]",subject
algebra_d40385fe7ff65b49,S01,math_train_number_theory_653,number_theory,False,False,False,False,False,"[""divisibility"", ""integer"", ""modular""]","[""polynomial""]",subject
algebra_d40385fe7ff65b49,S01,math_train_number_theory_691,number_theory,False,False,False,False,False,"[""divisibility""]","[""polynomial""]",subject
algebra_d40385fe7ff65b49,S01,math_train_number_theory_705,number_theory,False,False,False,False,False,"[""rational""]","[""polynomial""]",subject
algebra_d40385fe7ff65b49,S01,math_train_number_theory_713,number_theory,False,False,False,False,False,"[""integer"", ""positive"", ""rational""]","[""polynomial""]",subject
algebra_d40385fe7ff65b49,S01,math_train_number_theory_717,number_theory,False,False,False,False,False,"[""divisibility"", ""integer"", ""modular""]","[""polynomial""]",subject
algebra_d40385fe7ff65b49,S01,math_train_number_theory_733,number_theory,False,False,False,False,False,"[""gcd_lcm""]","[""polynomial""]",subject
algebra_d40385fe7ff65b49,S01,math_train_number_theory_740,number_theory,False,False,False,False,False,"[""integer""]","[""polynomial""]",subject
algebra_d40385fe7ff65b49,S01,math_train_number_theory_741,number_theory,False,False,False,False,False,"[""divisibility"", ""modular""]","[""polynomial""]",subject
algebra_d40385fe7ff65b49,S01,math_train_number_theory_744,number_theory,False,False,False,False,False,"[""counting"", ""factorization"", ""positive"", ""prime""]","[""polynomial""]",subject
algebra_d40385fe7ff65b49,S01,math_train_number_theory_78,number_theory,False,False,False,False,False,"[""integer"", ""modular""]","[""polynomial""]",subject
algebra_d40385fe7ff65b49,S01,math_train_number_theory_818,number_theory,False,False,False,False,False,[],"[""polynomial""]",subject
algebra_d40385fe7ff65b49,S01,math_train_number_theory_828,number_theory,False,False,False,False,False,"[""gcd_lcm""]","[""polynomial""]",subject
algebra_d40385fe7ff65b49,S01,math_train_number_theory_83,number_theory,False,False,False,False,False,"[""integer"", ""modular"", ""positive""]","[""polynomial""]",subject
algebra_d40385fe7ff65b49,S01,math_train_number_theory_848,number_theory,False,False,False,False,False,"[""divisibility"", ""modular""]","[""polynomial""]",subject
algebra_d40385fe7ff65b49,S01,math_train_prealgebra_1012,prealgebra,False,False,False,False,False,"[""unit_rate""]","[""polynomial""]",subject
algebra_d40385fe7ff65b49,S01,math_train_prealgebra_1021,prealgebra,False,False,False,False,False,[],"[""polynomial""]",subject
algebra_d40385fe7ff65b49,S01,math_train_prealgebra_1023,prealgebra,False,False,False,False,False,"[""area""]","[""polynomial""]",subject
algebra_d40385fe7ff65b49,S01,math_train_prealgebra_105,prealgebra,False,False,False,False,False,"[""unit_rate""]","[""polynomial""]",subject
algebra_d40385fe7ff65b49,S01,math_train_prealgebra_1072,prealgebra,False,False,False,False,False,"[""area""]","[""polynomial""]",subject
algebra_d40385fe7ff65b49,S01,math_train_prealgebra_1079,prealgebra,False,False,False,False,False,[],"[""polynomial""]",subject
algebra_d40385fe7ff65b49,S01,math_train_prealgebra_1107,prealgebra,False,False,False,False,False,"[""area"", ""circle""]","[""polynomial""]",subject
algebra_d40385fe7ff65b49,S01,math_train_prealgebra_1140,prealgebra,False,False,False,False,False,[],"[""polynomial""]",subject
algebra_d40385fe7ff65b49,S01,math_train_prealgebra_116,prealgebra,False,False,False,False,False,[],"[""polynomial""]",subject
algebra_d40385fe7ff65b49,S01,math_train_prealgebra_1184,prealgebra,False,False,False,False,False,"[""equation"", ""rational""]","[""polynomial""]",subject
algebra_d40385fe7ff65b49,S01,math_train_prealgebra_125,prealgebra,False,False,False,False,False,"[""counting"", ""unit_rate""]","[""polynomial""]",subject
algebra_d40385fe7ff65b49,S01,math_train_prealgebra_158,prealgebra,False,False,False,False,False,[],"[""polynomial""]",subject
algebra_d40385fe7ff65b49,S01,math_train_prealgebra_167,prealgebra,False,False,False,False,False,"[""rational""]","[""polynomial""]",subject
algebra_d40385fe7ff65b49,S01,math_train_prealgebra_206,prealgebra,False,False,False,False,False,"[""area"", ""circle"", ""ratio"", ""rational""]","[""polynomial""]",subject
algebra_d40385fe7ff65b49,S01,math_train_prealgebra_219,prealgebra,False,False,False,False,False,[],"[""polynomial""]",subject
algebra_d40385fe7ff65b49,S01,math_train_prealgebra_23,prealgebra,False,False,False,False,False,"[""rational""]","[""polynomial""]",subject
algebra_d40385fe7ff65b49,S01,math_train_prealgebra_231,prealgebra,False,False,False,False,False,"[""circle""]","[""polynomial""]",subject
algebra_d40385fe7ff65b49,S01,math_train_prealgebra_235,prealgebra,False,False,False,False,False,"[""counting""]","[""polynomial""]",subject
algebra_d40385fe7ff65b49,S01,math_train_prealgebra_307,prealgebra,False,False,False,False,False,"[""area""]","[""polynomial""]",subject
algebra_d40385fe7ff65b49,S01,math_train_prealgebra_321,prealgebra,False,False,False,False,False,[],"[""polynomial""]",subject
algebra_d40385fe7ff65b49,S01,math_train_prealgebra_35,prealgebra,False,False,False,False,False,[],"[""polynomial""]",subject
algebra_d40385fe7ff65b49,S01,math_train_prealgebra_361,prealgebra,False,False,False,False,False,"[""ratio"", ""unit_rate""]","[""polynomial""]",subject
algebra_d40385fe7ff65b49,S01,math_train_prealgebra_379,prealgebra,False,False,False,False,False,[],"[""polynomial""]",subject
algebra_d40385fe7ff65b49,S01,math_train_prealgebra_412,prealgebra,False,False,False,False,False,[],"[""polynomial""]",subject
algebra_d40385fe7ff65b49,S01,math_train_prealgebra_427,prealgebra,False,False,False,False,False,[],"[""polynomial""]",subject
algebra_d40385fe7ff65b49,S01,math_train_prealgebra_43,prealgebra,False,False,False,False,False,"[""area"", ""triangle""]","[""polynomial""]",subject
algebra_d40385fe7ff65b49,S01,math_train_prealgebra_431,prealgebra,False,False,False,False,False,[],"[""polynomial""]",subject
algebra_d40385fe7ff65b49,S01,math_train_prealgebra_438,prealgebra,False,False,False,False,False,[],"[""polynomial""]",subject
algebra_d40385fe7ff65b49,S01,math_train_prealgebra_443,prealgebra,False,False,False,False,False,[],"[""polynomial""]",subject
algebra_d40385fe7ff65b49,S01,math_train_prealgebra_465,prealgebra,False,False,False,False,False,"[""integer"", ""positive""]","[""polynomial""]",subject
algebra_d40385fe7ff65b49,S01,math_train_prealgebra_514,prealgebra,False,False,False,False,False,[],"[""polynomial""]",subject
algebra_d40385fe7ff65b49,S01,math_train_prealgebra_515,prealgebra,False,False,False,False,False,[],"[""polynomial""]",subject
algebra_d40385fe7ff65b49,S01,math_train_prealgebra_527,prealgebra,False,False,False,False,False,"[""area""]","[""polynomial""]",subject
algebra_d40385fe7ff65b49,S01,math_train_prealgebra_549,prealgebra,False,False,False,False,False,"[""triangle""]","[""polynomial""]",subject
algebra_d40385fe7ff65b49,S01,math_train_prealgebra_557,prealgebra,False,False,False,False,False,[],"[""polynomial""]",subject
algebra_d40385fe7ff65b49,S01,math_train_prealgebra_561,prealgebra,False,False,False,False,False,"[""unit_rate""]","[""polynomial""]",subject
algebra_d40385fe7ff65b49,S01,math_train_prealgebra_594,prealgebra,False,False,False,False,False,[],"[""polynomial""]",subject
algebra_d40385fe7ff65b49,S01,math_train_prealgebra_596,prealgebra,False,False,False,False,False,"[""counting""]","[""polynomial""]",subject
algebra_d40385fe7ff65b49,S01,math_train_prealgebra_621,prealgebra,False,False,False,False,False,"[""rational""]","[""polynomial""]",subject
algebra_d40385fe7ff65b49,S01,math_train_prealgebra_721,prealgebra,False,False,False,False,False,"[""divisibility""]","[""polynomial""]",subject
algebra_d40385fe7ff65b49,S01,math_train_prealgebra_738,prealgebra,False,False,False,False,False,[],"[""polynomial""]",subject
algebra_d40385fe7ff65b49,S01,math_train_prealgebra_750,prealgebra,False,False,False,False,False,"[""rational""]","[""polynomial""]",subject
algebra_d40385fe7ff65b49,S01,math_train_prealgebra_769,prealgebra,False,False,False,False,False,[],"[""polynomial""]",subject
algebra_d40385fe7ff65b49,S01,math_train_prealgebra_86,prealgebra,False,False,False,False,False,"[""area"", ""circle"", ""integer""]","[""polynomial""]",subject
algebra_d40385fe7ff65b49,S01,math_train_prealgebra_895,prealgebra,False,False,False,False,False,"[""integer"", ""positive""]","[""polynomial""]",subject
algebra_d40385fe7ff65b49,S01,math_train_prealgebra_91,prealgebra,False,False,False,False,False,[],"[""polynomial""]",subject
algebra_d40385fe7ff65b49,S01,math_train_prealgebra_913,prealgebra,False,False,False,False,False,[],"[""polynomial""]",subject
algebra_d40385fe7ff65b49,S01,math_train_prealgebra_921,prealgebra,False,False,False,False,False,[],"[""polynomial""]",subject
algebra_d40385fe7ff65b49,S01,math_train_prealgebra_953,prealgebra,False,False,False,False,False,[],"[""polynomial""]",subject
algebra_d40385fe7ff65b49,S01,math_train_prealgebra_972,prealgebra,False,True,False,False,False,"[""area"", ""circle"", ""quadratic""]","[""polynomial""]",subject
algebra_d40385fe7ff65b49,S01,math_train_precalculus_106,precalculus,False,False,False,False,False,"[""area"", ""triangle""]","[""polynomial""]",subject
algebra_d40385fe7ff65b49,S01,math_train_precalculus_108,precalculus,False,False,False,False,False,[],"[""polynomial""]",subject
algebra_d40385fe7ff65b49,S01,math_train_precalculus_114,precalculus,False,False,False,False,False,[],"[""polynomial""]",subject
algebra_d40385fe7ff65b49,S01,math_train_precalculus_118,precalculus,False,False,False,True,False,"[""rational"", ""trigonometric""]","[""polynomial""]",subject
algebra_d40385fe7ff65b49,S01,math_train_precalculus_119,precalculus,False,False,False,True,False,"[""trigonometric""]","[""polynomial""]",subject
algebra_d40385fe7ff65b49,S01,math_train_precalculus_189,precalculus,False,True,False,False,False,"[""quadratic"", ""rational""]","[""polynomial""]",subject
algebra_d40385fe7ff65b49,S01,math_train_precalculus_2,precalculus,False,False,False,False,False,[],"[""polynomial""]",subject
algebra_d40385fe7ff65b49,S01,math_train_precalculus_205,precalculus,False,False,False,False,False,[],"[""polynomial""]",subject
algebra_d40385fe7ff65b49,S01,math_train_precalculus_215,precalculus,False,False,False,False,False,[],"[""polynomial""]",subject
algebra_d40385fe7ff65b49,S01,math_train_precalculus_22,precalculus,False,False,False,False,False,[],"[""polynomial""]",subject
algebra_d40385fe7ff65b49,S01,math_train_precalculus_230,precalculus,False,False,False,False,False,"[""area"", ""triangle""]","[""polynomial""]",subject
algebra_d40385fe7ff65b49,S01,math_train_precalculus_238,precalculus,False,False,False,False,False,[],"[""polynomial""]",subject
algebra_d40385fe7ff65b49,S01,math_train_precalculus_250,precalculus,False,False,False,True,False,"[""circle"", ""equation"", ""rational"", ""trigonometric""]","[""polynomial""]",subject
algebra_d40385fe7ff65b49,S01,math_train_precalculus_259,precalculus,False,False,False,False,False,[],"[""polynomial""]",subject
algebra_d40385fe7ff65b49,S01,math_train_precalculus_27,precalculus,False,False,False,False,False,"[""triangle""]","[""polynomial""]",subject
algebra_d40385fe7ff65b49,S01,math_train_precalculus_293,precalculus,False,False,False,False,False,"[""area"", ""triangle""]","[""polynomial""]",subject
algebra_d40385fe7ff65b49,S01,math_train_precalculus_349,precalculus,False,False,False,False,False,"[""circle"", ""equation""]","[""polynomial""]",subject
algebra_d40385fe7ff65b49,S01,math_train_precalculus_355,precalculus,False,False,False,False,False,"[""circle""]","[""polynomial""]",subject
algebra_d40385fe7ff65b49,S01,math_train_precalculus_415,precalculus,False,False,False,False,False,"[""area"", ""triangle""]","[""polynomial""]",subject
algebra_d40385fe7ff65b49,S01,math_train_precalculus_419,precalculus,False,True,False,False,False,"[""quadratic"", ""triangle""]","[""polynomial""]",subject
algebra_d40385fe7ff65b49,S01,math_train_precalculus_423,precalculus,False,False,False,False,False,[],"[""polynomial""]",subject
algebra_d40385fe7ff65b49,S01,math_train_precalculus_445,precalculus,False,False,False,False,False,"[""triangle"", ""unit_rate""]","[""polynomial""]",subject
algebra_d40385fe7ff65b49,S01,math_train_precalculus_461,precalculus,False,False,False,False,False,[],"[""polynomial""]",subject
algebra_d40385fe7ff65b49,S01,math_train_precalculus_471,precalculus,False,False,False,True,False,"[""trigonometric""]","[""polynomial""]",subject
algebra_d40385fe7ff65b49,S01,math_train_precalculus_479,precalculus,False,False,False,False,False,"[""gcd_lcm"", ""integer"", ""rational""]","[""polynomial""]",subject
algebra_d40385fe7ff65b49,S01,math_train_precalculus_492,precalculus,False,False,False,False,False,"[""rational""]","[""polynomial""]",subject
algebra_d40385fe7ff65b49,S01,math_train_precalculus_505,precalculus,False,True,False,False,False,"[""integer"", ""nonzero"", ""quadratic""]","[""polynomial""]",subject
algebra_d40385fe7ff65b49,S01,math_train_precalculus_512,precalculus,False,False,False,False,False,"[""rational""]","[""polynomial""]",subject
algebra_d40385fe7ff65b49,S01,math_train_precalculus_517,precalculus,False,True,False,False,False,"[""quadratic""]","[""polynomial""]",subject
algebra_d40385fe7ff65b49,S01,math_train_precalculus_52,precalculus,False,True,False,False,False,"[""quadratic""]","[""polynomial""]",subject
algebra_d40385fe7ff65b49,S01,math_train_precalculus_522,precalculus,False,False,False,False,False,[],"[""polynomial""]",subject
algebra_d40385fe7ff65b49,S01,math_train_precalculus_523,precalculus,False,True,False,True,False,"[""quadratic"", ""trigonometric""]","[""polynomial""]",subject
algebra_d40385fe7ff65b49,S01,math_train_precalculus_557,precalculus,False,False,False,False,False,[],"[""polynomial""]",subject
algebra_d40385fe7ff65b49,S01,math_train_precalculus_559,precalculus,False,False,False,True,False,"[""rational"", ""trigonometric""]","[""polynomial""]",subject
algebra_d40385fe7ff65b49,S01,math_train_precalculus_565,precalculus,False,False,False,False,False,[],"[""polynomial""]",subject
algebra_d40385fe7ff65b49,S01,math_train_precalculus_568,precalculus,False,False,False,False,False,"[""integer"", ""positive"", ""rational""]","[""polynomial""]",subject
algebra_d40385fe7ff65b49,S01,math_train_precalculus_574,precalculus,False,False,False,False,False,[],"[""polynomial""]",subject
algebra_d40385fe7ff65b49,S01,math_train_precalculus_622,precalculus,False,False,False,True,False,"[""integer"", ""rational"", ""trigonometric""]","[""polynomial""]",subject
algebra_d40385fe7ff65b49,S01,math_train_precalculus_628,precalculus,False,True,False,False,False,"[""integer"", ""quadratic""]","[""polynomial""]",subject
algebra_d40385fe7ff65b49,S01,math_train_precalculus_646,precalculus,False,False,False,False,False,[],"[""polynomial""]",subject
algebra_d40385fe7ff65b49,S01,math_train_precalculus_650,precalculus,False,False,False,False,False,[],"[""polynomial""]",subject
algebra_d40385fe7ff65b49,S01,math_train_precalculus_656,precalculus,False,False,False,True,False,"[""trigonometric""]","[""polynomial""]",subject
algebra_d40385fe7ff65b49,S01,math_train_precalculus_687,precalculus,False,False,False,False,False,[],"[""polynomial""]",subject
algebra_d40385fe7ff65b49,S01,math_train_precalculus_718,precalculus,False,True,False,False,False,"[""nonzero"", ""quadratic"", ""rational""]","[""polynomial""]",subject
algebra_d40385fe7ff65b49,S01,math_train_precalculus_72,precalculus,False,False,True,False,False,"[""polynomial"", ""unit_rate""]",[],subject
algebra_d40385fe7ff65b49,S01,math_train_precalculus_723,precalculus,False,False,False,False,False,"[""area"", ""triangle""]","[""polynomial""]",subject
algebra_d40385fe7ff65b49,S01,math_train_precalculus_726,precalculus,False,False,False,False,False,[],"[""polynomial""]",subject
algebra_d40385fe7ff65b49,S01,math_train_precalculus_733,precalculus,False,False,False,True,False,"[""trigonometric""]","[""polynomial""]",subject
algebra_d40385fe7ff65b49,S01,math_train_precalculus_8,precalculus,False,False,False,False,False,[],"[""polynomial""]",subject
algebra_d40385fe7ff65b49,S01,math_train_precalculus_88,precalculus,False,False,False,True,False,"[""integer"", ""trigonometric""]","[""polynomial""]",subject
algebra_f19801d93b4c6de1,S02,math_train_algebra_1010,algebra,True,True,False,False,False,"[""equation"", ""rational""]","[""composition"", ""nonzero"", ""polynomial"", ""quadratic""]",preconditions
algebra_f19801d93b4c6de1,S02,math_train_algebra_1018,algebra,True,True,False,False,False,"[""rational""]","[""composition"", ""equation"", ""nonzero"", ""polynomial"", ""quadratic""]",preconditions
algebra_f19801d93b4c6de1,S02,math_train_algebra_1026,algebra,True,True,False,True,False,"[""equation"", ""quadratic"", ""rational"", ""unit_rate""]","[""composition"", ""nonzero"", ""polynomial""]",preconditions
algebra_f19801d93b4c6de1,S02,math_train_algebra_1079,algebra,True,False,False,False,False,[],"[""composition"", ""equation"", ""nonzero"", ""polynomial"", ""quadratic"", ""rational""]",trigger
algebra_f19801d93b4c6de1,S02,math_train_algebra_1119,algebra,True,True,False,False,False,"[""integer"", ""quadratic""]","[""composition"", ""equation"", ""nonzero"", ""polynomial"", ""rational""]",preconditions
algebra_f19801d93b4c6de1,S02,math_train_algebra_117,algebra,True,False,False,False,False,[],"[""composition"", ""equation"", ""nonzero"", ""polynomial"", ""quadratic"", ""rational""]",trigger
algebra_f19801d93b4c6de1,S02,math_train_algebra_1250,algebra,True,True,False,False,False,"[""rational""]","[""composition"", ""equation"", ""nonzero"", ""polynomial"", ""quadratic""]",preconditions
algebra_f19801d93b4c6de1,S02,math_train_algebra_1327,algebra,True,False,False,True,False,"[""area"", ""integer""]","[""composition"", ""equation"", ""nonzero"", ""polynomial"", ""quadratic"", ""rational""]",trigger
algebra_f19801d93b4c6de1,S02,math_train_algebra_1334,algebra,True,False,False,False,False,[],"[""composition"", ""equation"", ""nonzero"", ""polynomial"", ""quadratic"", ""rational""]",trigger
algebra_f19801d93b4c6de1,S02,math_train_algebra_136,algebra,True,True,False,True,False,"[""rational"", ""unit_rate""]","[""composition"", ""equation"", ""nonzero"", ""polynomial"", ""quadratic""]",preconditions
algebra_f19801d93b4c6de1,S02,math_train_algebra_1460,algebra,True,True,False,False,False,"[""positive"", ""rational""]","[""composition"", ""equation"", ""nonzero"", ""polynomial"", ""quadratic""]",preconditions
algebra_f19801d93b4c6de1,S02,math_train_algebra_1469,algebra,True,True,False,False,False,"[""equation"", ""quadratic""]","[""composition"", ""nonzero"", ""polynomial"", ""rational""]",preconditions
algebra_f19801d93b4c6de1,S02,math_train_algebra_152,algebra,True,False,False,False,False,[],"[""composition"", ""equation"", ""nonzero"", ""polynomial"", ""quadratic"", ""rational""]",trigger
algebra_f19801d93b4c6de1,S02,math_train_algebra_1538,algebra,True,False,False,False,False,[],"[""composition"", ""equation"", ""nonzero"", ""polynomial"", ""quadratic"", ""rational""]",trigger
algebra_f19801d93b4c6de1,S02,math_train_algebra_1599,algebra,True,False,False,False,False,[],"[""composition"", ""equation"", ""nonzero"", ""polynomial"", ""quadratic"", ""rational""]",trigger
algebra_f19801d93b4c6de1,S02,math_train_algebra_1621,algebra,True,False,False,False,False,[],"[""composition"", ""equation"", ""nonzero"", ""polynomial"", ""quadratic"", ""rational""]",trigger
algebra_f19801d93b4c6de1,S02,math_train_algebra_1641,algebra,True,False,False,False,False,[],"[""composition"", ""equation"", ""nonzero"", ""polynomial"", ""quadratic"", ""rational""]",trigger
algebra_f19801d93b4c6de1,S02,math_train_algebra_1644,algebra,True,False,False,False,False,[],"[""composition"", ""equation"", ""nonzero"", ""polynomial"", ""quadratic"", ""rational""]",trigger
algebra_f19801d93b4c6de1,S02,math_train_algebra_1716,algebra,True,True,False,False,False,"[""composition"", ""quadratic""]","[""equation"", ""nonzero"", ""polynomial"", ""rational""]",preconditions
algebra_f19801d93b4c6de1,S02,math_train_algebra_1743,algebra,True,False,False,False,False,"[""integer"", ""positive""]","[""composition"", ""equation"", ""nonzero"", ""polynomial"", ""quadratic"", ""rational""]",trigger
algebra_f19801d93b4c6de1,S02,math_train_algebra_203,algebra,True,False,False,True,False,"[""area""]","[""composition"", ""equation"", ""nonzero"", ""polynomial"", ""quadratic"", ""rational""]",trigger
algebra_f19801d93b4c6de1,S02,math_train_algebra_204,algebra,True,True,False,False,False,"[""rational""]","[""composition"", ""equation"", ""nonzero"", ""polynomial"", ""quadratic""]",preconditions
algebra_f19801d93b4c6de1,S02,math_train_algebra_206,algebra,True,False,False,False,False,"[""integer""]","[""composition"", ""equation"", ""nonzero"", ""polynomial"", ""quadratic"", ""rational""]",trigger
algebra_f19801d93b4c6de1,S02,math_train_algebra_221,algebra,True,True,False,False,False,"[""quadratic""]","[""composition"", ""equation"", ""nonzero"", ""polynomial"", ""rational""]",preconditions
algebra_f19801d93b4c6de1,S02,math_train_algebra_222,algebra,True,False,False,False,False,[],"[""composition"", ""equation"", ""nonzero"", ""polynomial"", ""quadratic"", ""rational""]",trigger
algebra_f19801d93b4c6de1,S02,math_train_algebra_237,algebra,True,True,False,False,False,"[""quadratic""]","[""composition"", ""equation"", ""nonzero"", ""polynomial"", ""rational""]",preconditions
algebra_f19801d93b4c6de1,S02,math_train_algebra_267,algebra,True,False,False,False,False,[],"[""composition"", ""equation"", ""nonzero"", ""polynomial"", ""quadratic"", ""rational""]",trigger
algebra_f19801d93b4c6de1,S02,math_train_algebra_334,algebra,True,True,False,False,False,"[""equation"", ""quadratic""]","[""composition"", ""nonzero"", ""polynomial"", ""rational""]",preconditions
algebra_f19801d93b4c6de1,S02,math_train_algebra_336,algebra,True,False,False,False,False,"[""equation""]","[""composition"", ""nonzero"", ""polynomial"", ""quadratic"", ""rational""]",trigger
algebra_f19801d93b4c6de1,S02,math_train_algebra_348,algebra,True,True,False,False,False,"[""quadratic"", ""rational""]","[""composition"", ""equation"", ""nonzero"", ""polynomial""]",preconditions
algebra_f19801d93b4c6de1,S02,math_train_algebra_35,algebra,True,False,False,False,False,"[""positive""]","[""composition"", ""equation"", ""nonzero"", ""polynomial"", ""quadratic"", ""rational""]",trigger
algebra_f19801d93b4c6de1,S02,math_train_algebra_42,algebra,True,True,False,False,False,"[""integer"", ""quadratic"", ""rational""]","[""composition"", ""equation"", ""nonzero"", ""polynomial""]",preconditions
algebra_f19801d93b4c6de1,S02,math_train_algebra_432,algebra,True,False,False,False,False,[],"[""composition"", ""equation"", ""nonzero"", ""polynomial"", ""quadratic"", ""rational""]",trigger
algebra_f19801d93b4c6de1,S02,math_train_algebra_495,algebra,True,True,False,False,False,"[""positive"", ""quadratic""]","[""composition"", ""equation"", ""nonzero"", ""polynomial"", ""rational""]",preconditions
algebra_f19801d93b4c6de1,S02,math_train_algebra_496,algebra,True,True,False,False,False,"[""rational""]","[""composition"", ""equation"", ""nonzero"", ""polynomial"", ""quadratic""]",preconditions
algebra_f19801d93b4c6de1,S02,math_train_algebra_538,algebra,True,True,False,False,False,"[""quadratic""]","[""composition"", ""equation"", ""nonzero"", ""polynomial"", ""rational""]",preconditions
algebra_f19801d93b4c6de1,S02,math_train_algebra_541,algebra,True,True,False,False,False,"[""quadratic""]","[""composition"", ""equation"", ""nonzero"", ""polynomial"", ""rational""]",preconditions
algebra_f19801d93b4c6de1,S02,math_train_algebra_597,algebra,True,False,False,False,False,"[""integer"", ""positive""]","[""composition"", ""equation"", ""nonzero"", ""polynomial"", ""quadratic"", ""rational""]",trigger
algebra_f19801d93b4c6de1,S02,math_train_algebra_604,algebra,True,True,False,False,False,"[""quadratic""]","[""composition"", ""equation"", ""nonzero"", ""polynomial"", ""rational""]",preconditions
algebra_f19801d93b4c6de1,S02,math_train_algebra_628,algebra,True,True,False,False,False,"[""equation"", ""integer"", ""quadratic""]","[""composition"", ""nonzero"", ""polynomial"", ""rational""]",preconditions
algebra_f19801d93b4c6de1,S02,math_train_algebra_631,algebra,True,True,False,False,False,"[""integer"", ""rational""]","[""composition"", ""equation"", ""nonzero"", ""polynomial"", ""quadratic""]",preconditions
algebra_f19801d93b4c6de1,S02,math_train_algebra_758,algebra,True,True,False,True,False,"[""equation"", ""quadratic"", ""unit_rate""]","[""composition"", ""nonzero"", ""polynomial"", ""rational""]",preconditions
algebra_f19801d93b4c6de1,S02,math_train_algebra_764,algebra,True,True,False,False,False,"[""quadratic""]","[""composition"", ""equation"", ""nonzero"", ""polynomial"", ""rational""]",preconditions
algebra_f19801d93b4c6de1,S02,math_train_algebra_883,algebra,True,False,False,False,False,"[""integer""]","[""composition"", ""equation"", ""nonzero"", ""polynomial"", ""quadratic"", ""rational""]",trigger
algebra_f19801d93b4c6de1,S02,math_train_algebra_906,algebra,True,True,False,False,False,"[""equation"", ""rational""]","[""composition"", ""nonzero"", ""polynomial"", ""quadratic""]",preconditions
algebra_f19801d93b4c6de1,S02,math_train_algebra_928,algebra,True,True,False,False,False,"[""quadratic""]","[""composition"", ""equation"", ""nonzero"", ""polynomial"", ""rational""]",preconditions
algebra_f19801d93b4c6de1,S02,math_train_algebra_941,algebra,True,True,False,False,False,"[""quadratic""]","[""composition"", ""equation"", ""nonzero"", ""polynomial"", ""rational""]",preconditions
algebra_f19801d93b4c6de1,S02,math_train_algebra_949,algebra,True,False,False,False,False,[],"[""composition"", ""equation"", ""nonzero"", ""polynomial"", ""quadratic"", ""rational""]",trigger
algebra_f19801d93b4c6de1,S02,math_train_algebra_959,algebra,True,True,False,False,False,"[""equation"", ""quadratic""]","[""composition"", ""nonzero"", ""polynomial"", ""rational""]",preconditions
algebra_f19801d93b4c6de1,S02,math_train_algebra_991,algebra,True,True,False,False,False,"[""nonzero"", ""rational""]","[""composition"", ""equation"", ""polynomial"", ""quadratic""]",preconditions
algebra_f19801d93b4c6de1,S02,math_train_counting_probability_102,counting_probability,False,True,False,True,False,"[""probability"", ""rational""]","[""composition"", ""equation"", ""nonzero"", ""polynomial"", ""quadratic""]",subject
algebra_f19801d93b4c6de1,S02,math_train_counting_probability_142,counting_probability,False,False,False,True,False,"[""prime""]","[""composition"", ""equation"", ""nonzero"", ""polynomial"", ""quadratic"", ""rational""]",subject
algebra_f19801d93b4c6de1,S02,math_train_counting_probability_144,counting_probability,False,False,False,False,False,[],"[""composition"", ""equation"", ""nonzero"", ""polynomial"", ""quadratic"", ""rational""]",subject
algebra_f19801d93b4c6de1,S02,math_train_counting_probability_15,counting_probability,False,False,False,True,False,"[""counting""]","[""composition"", ""equation"", ""nonzero"", ""polynomial"", ""quadratic"", ""rational""]",subject
algebra_f19801d93b4c6de1,S02,math_train_counting_probability_151,counting_probability,False,False,False,True,False,"[""triangle""]","[""composition"", ""equation"", ""nonzero"", ""polynomial"", ""quadratic"", ""rational""]",subject
algebra_f19801d93b4c6de1,S02,math_train_counting_probability_153,counting_probability,False,False,False,True,False,"[""counting""]","[""composition"", ""equation"", ""nonzero"", ""polynomial"", ""quadratic"", ""rational""]",subject
algebra_f19801d93b4c6de1,S02,math_train_counting_probability_165,counting_probability,False,False,False,True,False,"[""probability"", ""unit_rate""]","[""composition"", ""equation"", ""nonzero"", ""polynomial"", ""quadratic"", ""rational""]",subject
algebra_f19801d93b4c6de1,S02,math_train_counting_probability_174,counting_probability,False,False,False,True,False,"[""counting""]","[""composition"", ""equation"", ""nonzero"", ""polynomial"", ""quadratic"", ""rational""]",subject
algebra_f19801d93b4c6de1,S02,math_train_counting_probability_177,counting_probability,False,False,False,False,False,[],"[""composition"", ""equation"", ""nonzero"", ""polynomial"", ""quadratic"", ""rational""]",subject
algebra_f19801d93b4c6de1,S02,math_train_counting_probability_186,counting_probability,False,False,False,True,False,"[""counting""]","[""composition"", ""equation"", ""nonzero"", ""polynomial"", ""quadratic"", ""rational""]",subject
algebra_f19801d93b4c6de1,S02,math_train_counting_probability_192,counting_probability,False,False,False,True,False,"[""counting"", ""probability""]","[""composition"", ""equation"", ""nonzero"", ""polynomial"", ""quadratic"", ""rational""]",subject
algebra_f19801d93b4c6de1,S02,math_train_counting_probability_208,counting_probability,False,False,False,True,False,"[""counting""]","[""composition"", ""equation"", ""nonzero"", ""polynomial"", ""quadratic"", ""rational""]",subject
algebra_f19801d93b4c6de1,S02,math_train_counting_probability_213,counting_probability,False,True,False,True,False,"[""counting"", ""probability"", ""rational""]","[""composition"", ""equation"", ""nonzero"", ""polynomial"", ""quadratic""]",subject
algebra_f19801d93b4c6de1,S02,math_train_counting_probability_218,counting_probability,False,True,False,True,False,"[""divisibility"", ""integer"", ""positive"", ""probability"", ""rational""]","[""composition"", ""equation"", ""nonzero"", ""polynomial"", ""quadratic""]",subject
algebra_f19801d93b4c6de1,S02,math_train_counting_probability_261,counting_probability,False,False,False,False,False,[],"[""composition"", ""equation"", ""nonzero"", ""polynomial"", ""quadratic"", ""rational""]",subject
algebra_f19801d93b4c6de1,S02,math_train_counting_probability_269,counting_probability,False,False,False,True,False,"[""counting"", ""unit_rate""]","[""composition"", ""equation"", ""nonzero"", ""polynomial"", ""quadratic"", ""rational""]",subject
algebra_f19801d93b4c6de1,S02,math_train_counting_probability_278,counting_probability,False,False,False,False,False,[],"[""composition"", ""equation"", ""nonzero"", ""polynomial"", ""quadratic"", ""rational""]",subject
algebra_f19801d93b4c6de1,S02,math_train_counting_probability_287,counting_probability,False,False,False,True,False,"[""counting""]","[""composition"", ""equation"", ""nonzero"", ""polynomial"", ""quadratic"", ""rational""]",subject
algebra_f19801d93b4c6de1,S02,math_train_counting_probability_31,counting_probability,False,True,False,True,False,"[""probability"", ""rational""]","[""composition"", ""equation"", ""nonzero"", ""polynomial"", ""quadratic""]",subject
algebra_f19801d93b4c6de1,S02,math_train_counting_probability_332,counting_probability,False,False,False,True,False,"[""counting"", ""factorization"", ""integer"", ""prime""]","[""composition"", ""equation"", ""nonzero"", ""polynomial"", ""quadratic"", ""rational""]",subject
algebra_f19801d93b4c6de1,S02,math_train_counting_probability_34,counting_probability,False,False,False,False,False,[],"[""composition"", ""equation"", ""nonzero"", ""polynomial"", ""quadratic"", ""rational""]",subject
algebra_f19801d93b4c6de1,S02,math_train_counting_probability_341,counting_probability,False,False,False,True,False,"[""circle""]","[""composition"", ""equation"", ""nonzero"", ""polynomial"", ""quadratic"", ""rational""]",subject
algebra_f19801d93b4c6de1,S02,math_train_counting_probability_345,counting_probability,False,False,False,True,False,"[""counting""]","[""composition"", ""equation"", ""nonzero"", ""polynomial"", ""quadratic"", ""rational""]",subject
algebra_f19801d93b4c6de1,S02,math_train_counting_probability_357,counting_probability,False,False,False,True,False,"[""integer"", ""positive"", ""prime"", ""probability"", ""unit_rate""]","[""composition"", ""equation"", ""nonzero"", ""polynomial"", ""quadratic"", ""rational""]",subject
algebra_f19801d93b4c6de1,S02,math_train_counting_probability_39,counting_probability,False,False,False,True,False,"[""modular""]","[""composition"", ""equation"", ""nonzero"", ""polynomial"", ""quadratic"", ""rational""]",subject
algebra_f19801d93b4c6de1,S02,math_train_counting_probability_396,counting_probability,False,False,False,True,False,"[""divisibility"", ""modular"", ""unit_rate""]","[""composition"", ""equation"", ""nonzero"", ""polynomial"", ""quadratic"", ""rational""]",subject
algebra_f19801d93b4c6de1,S02,math_train_counting_probability_401,counting_probability,False,True,False,True,False,"[""integer"", ""positive"", ""prime"", ""probability"", ""rational"", ""unit_rate""]","[""composition"", ""equation"", ""nonzero"", ""polynomial"", ""quadratic""]",subject
algebra_f19801d93b4c6de1,S02,math_train_counting_probability_425,counting_probability,False,False,False,False,False,"[""integer""]","[""composition"", ""equation"", ""nonzero"", ""polynomial"", ""quadratic"", ""rational""]",subject
algebra_f19801d93b4c6de1,S02,math_train_counting_probability_430,counting_probability,False,False,False,False,False,"[""integer""]","[""composition"", ""equation"", ""nonzero"", ""polynomial"", ""quadratic"", ""rational""]",subject
algebra_f19801d93b4c6de1,S02,math_train_counting_probability_452,counting_probability,False,False,False,True,False,"[""counting"", ""divisibility"", ""integer"", ""modular"", ""positive""]","[""composition"", ""equation"", ""nonzero"", ""polynomial"", ""quadratic"", ""rational""]",subject
algebra_f19801d93b4c6de1,S02,math_train_counting_probability_461,counting_probability,False,False,False,False,False,"[""integer""]","[""composition"", ""equation"", ""nonzero"", ""polynomial"", ""quadratic"", ""rational""]",subject
algebra_f19801d93b4c6de1,S02,math_train_counting_probability_471,counting_probability,False,False,False,False,False,[],"[""composition"", ""equation"", ""nonzero"", ""polynomial"", ""quadratic"", ""rational""]",subject
algebra_f19801d93b4c6de1,S02,math_train_counting_probability_482,counting_probability,False,False,False,True,False,"[""probability""]","[""composition"", ""equation"", ""nonzero"", ""polynomial"", ""quadratic"", ""rational""]",subject
algebra_f19801d93b4c6de1,S02,math_train_counting_probability_488,counting_probability,False,True,False,True,False,"[""probability"", ""rational""]","[""composition"", ""equation"", ""nonzero"", ""polynomial"", ""quadratic""]",subject
algebra_f19801d93b4c6de1,S02,math_train_counting_probability_490,counting_probability,False,False,False,True,False,"[""probability""]","[""composition"", ""equation"", ""nonzero"", ""polynomial"", ""quadratic"", ""rational""]",subject
algebra_f19801d93b4c6de1,S02,math_train_counting_probability_5,counting_probability,False,False,False,True,False,"[""unit_rate""]","[""composition"", ""equation"", ""nonzero"", ""polynomial"", ""quadratic"", ""rational""]",subject
algebra_f19801d93b4c6de1,S02,math_train_counting_probability_543,counting_probability,False,False,False,True,False,"[""counting""]","[""composition"", ""equation"", ""nonzero"", ""polynomial"", ""quadratic"", ""rational""]",subject
algebra_f19801d93b4c6de1,S02,math_train_counting_probability_596,counting_probability,False,False,False,True,False,"[""counting""]","[""composition"", ""equation"", ""nonzero"", ""polynomial"", ""quadratic"", ""rational""]",subject
algebra_f19801d93b4c6de1,S02,math_train_counting_probability_629,counting_probability,False,False,False,True,False,"[""counting""]","[""composition"", ""equation"", ""nonzero"", ""polynomial"", ""quadratic"", ""rational""]",subject
algebra_f19801d93b4c6de1,S02,math_train_counting_probability_640,counting_probability,False,False,False,True,False,"[""triangle""]","[""composition"", ""equation"", ""nonzero"", ""polynomial"", ""quadratic"", ""rational""]",subject
algebra_f19801d93b4c6de1,S02,math_train_counting_probability_658,counting_probability,False,False,False,False,False,"[""integer"", ""positive""]","[""composition"", ""equation"", ""nonzero"", ""polynomial"", ""quadratic"", ""rational""]",subject
algebra_f19801d93b4c6de1,S02,math_train_counting_probability_668,counting_probability,False,False,False,False,False,[],"[""composition"", ""equation"", ""nonzero"", ""polynomial"", ""quadratic"", ""rational""]",subject
algebra_f19801d93b4c6de1,S02,math_train_counting_probability_675,counting_probability,False,False,False,True,False,"[""counting"", ""unit_rate""]","[""composition"", ""equation"", ""nonzero"", ""polynomial"", ""quadratic"", ""rational""]",subject
algebra_f19801d93b4c6de1,S02,math_train_counting_probability_680,counting_probability,False,True,False,False,False,"[""rational""]","[""composition"", ""equation"", ""nonzero"", ""polynomial"", ""quadratic""]",subject
algebra_f19801d93b4c6de1,S02,math_train_counting_probability_693,counting_probability,False,True,False,True,False,"[""probability"", ""rational"", ""unit_rate""]","[""composition"", ""equation"", ""nonzero"", ""polynomial"", ""quadratic""]",subject
algebra_f19801d93b4c6de1,S02,math_train_counting_probability_700,counting_probability,False,False,False,False,False,"[""integer""]","[""composition"", ""equation"", ""nonzero"", ""polynomial"", ""quadratic"", ""rational""]",subject
algebra_f19801d93b4c6de1,S02,math_train_counting_probability_730,counting_probability,False,False,False,True,False,"[""counting""]","[""composition"", ""equation"", ""nonzero"", ""polynomial"", ""quadratic"", ""rational""]",subject
algebra_f19801d93b4c6de1,S02,math_train_counting_probability_756,counting_probability,False,False,False,True,False,"[""counting"", ""unit_rate""]","[""composition"", ""equation"", ""nonzero"", ""polynomial"", ""quadratic"", ""rational""]",subject
algebra_f19801d93b4c6de1,S02,math_train_counting_probability_85,counting_probability,False,False,False,False,False,[],"[""composition"", ""equation"", ""nonzero"", ""polynomial"", ""quadratic"", ""rational""]",subject
algebra_f19801d93b4c6de1,S02,math_train_counting_probability_96,counting_probability,False,True,False,True,False,"[""probability"", ""rational"", ""triangle""]","[""composition"", ""equation"", ""nonzero"", ""polynomial"", ""quadratic""]",subject
algebra_f19801d93b4c6de1,S02,math_train_geometry_124,geometry,False,True,False,True,False,"[""circle"", ""rational""]","[""composition"", ""equation"", ""nonzero"", ""polynomial"", ""quadratic""]",subject
algebra_f19801d93b4c6de1,S02,math_train_geometry_139,geometry,False,False,False,True,False,"[""area"", ""circle""]","[""composition"", ""equation"", ""nonzero"", ""polynomial"", ""quadratic"", ""rational""]",subject
algebra_f19801d93b4c6de1,S02,math_train_geometry_145,geometry,False,False,False,True,False,"[""area"", ""triangle""]","[""composition"", ""equation"", ""nonzero"", ""polynomial"", ""quadratic"", ""rational""]",subject
algebra_f19801d93b4c6de1,S02,math_train_geometry_15,geometry,False,False,False,True,False,"[""circle""]","[""composition"", ""equation"", ""nonzero"", ""polynomial"", ""quadratic"", ""rational""]",subject
algebra_f19801d93b4c6de1,S02,math_train_geometry_159,geometry,False,True,False,True,False,"[""area"", ""rational"", ""unit_rate""]","[""composition"", ""equation"", ""nonzero"", ""polynomial"", ""quadratic""]",subject
algebra_f19801d93b4c6de1,S02,math_train_geometry_168,geometry,False,False,False,True,False,"[""integer"", ""positive"", ""prime""]","[""composition"", ""equation"", ""nonzero"", ""polynomial"", ""quadratic"", ""rational""]",subject
algebra_f19801d93b4c6de1,S02,math_train_geometry_169,geometry,False,False,False,True,False,"[""circle"", ""factorization""]","[""composition"", ""equation"", ""nonzero"", ""polynomial"", ""quadratic"", ""rational""]",subject
algebra_f19801d93b4c6de1,S02,math_train_geometry_202,geometry,False,False,False,True,False,"[""area"", ""circle""]","[""composition"", ""equation"", ""nonzero"", ""polynomial"", ""quadratic"", ""rational""]",subject
algebra_f19801d93b4c6de1,S02,math_train_geometry_203,geometry,False,False,False,True,False,"[""circle"", ""triangle""]","[""composition"", ""equation"", ""nonzero"", ""polynomial"", ""quadratic"", ""rational""]",subject
algebra_f19801d93b4c6de1,S02,math_train_geometry_212,geometry,False,False,False,True,False,"[""area"", ""ratio"", ""unit_rate""]","[""composition"", ""equation"", ""nonzero"", ""polynomial"", ""quadratic"", ""rational""]",subject
algebra_f19801d93b4c6de1,S02,math_train_geometry_238,geometry,False,False,False,False,False,"[""factorization""]","[""composition"", ""equation"", ""nonzero"", ""polynomial"", ""quadratic"", ""rational""]",subject
algebra_f19801d93b4c6de1,S02,math_train_geometry_25,geometry,False,False,False,False,False,[],"[""composition"", ""equation"", ""nonzero"", ""polynomial"", ""quadratic"", ""rational""]",subject
algebra_f19801d93b4c6de1,S02,math_train_geometry_279,geometry,False,False,False,True,False,"[""circle""]","[""composition"", ""equation"", ""nonzero"", ""polynomial"", ""quadratic"", ""rational""]",subject
algebra_f19801d93b4c6de1,S02,math_train_geometry_289,geometry,False,True,False,True,False,"[""area"", ""rational"", ""triangle""]","[""composition"", ""equation"", ""nonzero"", ""polynomial"", ""quadratic""]",subject
algebra_f19801d93b4c6de1,S02,math_train_geometry_294,geometry,False,False,False,True,False,"[""unit_rate""]","[""composition"", ""equation"", ""nonzero"", ""polynomial"", ""quadratic"", ""rational""]",subject
algebra_f19801d93b4c6de1,S02,math_train_geometry_30,geometry,False,False,False,True,False,"[""area"", ""triangle""]","[""composition"", ""equation"", ""nonzero"", ""polynomial"", ""quadratic"", ""rational""]",subject
algebra_f19801d93b4c6de1,S02,math_train_geometry_308,geometry,False,True,False,False,False,"[""rational""]","[""composition"", ""equation"", ""nonzero"", ""polynomial"", ""quadratic""]",subject
algebra_f19801d93b4c6de1,S02,math_train_geometry_316,geometry,False,False,False,True,False,"[""area"", ""modular"", ""unit_rate""]","[""composition"", ""equation"", ""nonzero"", ""polynomial"", ""quadratic"", ""rational""]",subject
algebra_f19801d93b4c6de1,S02,math_train_geometry_327,geometry,False,False,False,True,False,"[""circle"", ""unit_rate""]","[""composition"", ""equation"", ""nonzero"", ""polynomial"", ""quadratic"", ""rational""]",subject
algebra_f19801d93b4c6de1,S02,math_train_geometry_343,geometry,False,False,False,True,False,"[""trigonometric""]","[""composition"", ""equation"", ""nonzero"", ""polynomial"", ""quadratic"", ""rational""]",subject
algebra_f19801d93b4c6de1,S02,math_train_geometry_359,geometry,False,False,False,True,False,"[""divisibility"", ""triangle""]","[""composition"", ""equation"", ""nonzero"", ""polynomial"", ""quadratic"", ""rational""]",subject
algebra_f19801d93b4c6de1,S02,math_train_geometry_367,geometry,False,False,False,True,False,"[""area"", ""ratio"", ""triangle""]","[""composition"", ""equation"", ""nonzero"", ""polynomial"", ""quadratic"", ""rational""]",subject
algebra_f19801d93b4c6de1,S02,math_train_geometry_374,geometry,False,False,False,True,False,"[""circle"", ""triangle""]","[""composition"", ""equation"", ""nonzero"", ""polynomial"", ""quadratic"", ""rational""]",subject
algebra_f19801d93b4c6de1,S02,math_train_geometry_394,geometry,False,False,False,True,False,"[""circle""]","[""composition"", ""equation"", ""nonzero"", ""polynomial"", ""quadratic"", ""rational""]",subject
algebra_f19801d93b4c6de1,S02,math_train_geometry_396,geometry,False,False,False,True,False,"[""area""]","[""composition"", ""equation"", ""nonzero"", ""polynomial"", ""quadratic"", ""rational""]",subject
algebra_f19801d93b4c6de1,S02,math_train_geometry_400,geometry,False,False,False,True,False,"[""modular"", ""triangle"", ""unit_rate""]","[""composition"", ""equation"", ""nonzero"", ""polynomial"", ""quadratic"", ""rational""]",subject
algebra_f19801d93b4c6de1,S02,math_train_geometry_447,geometry,False,False,False,True,False,"[""unit_rate""]","[""composition"", ""equation"", ""nonzero"", ""polynomial"", ""quadratic"", ""rational""]",subject
algebra_f19801d93b4c6de1,S02,math_train_geometry_467,geometry,False,False,False,True,False,"[""circle"", ""triangle""]","[""composition"", ""equation"", ""nonzero"", ""polynomial"", ""quadratic"", ""rational""]",subject
algebra_f19801d93b4c6de1,S02,math_train_geometry_469,geometry,False,False,False,True,False,"[""circle"", ""divisibility"", ""integer"", ""positive"", ""prime""]","[""composition"", ""equation"", ""nonzero"", ""polynomial"", ""quadratic"", ""rational""]",subject
algebra_f19801d93b4c6de1,S02,math_train_geometry_473,geometry,False,True,False,True,False,"[""integer"", ""positive"", ""prime"", ""rational""]","[""composition"", ""equation"", ""nonzero"", ""polynomial"", ""quadratic""]",subject
algebra_f19801d93b4c6de1,S02,math_train_geometry_478,geometry,False,False,False,True,False,"[""circle"", ""triangle"", ""unit_rate""]","[""composition"", ""equation"", ""nonzero"", ""polynomial"", ""quadratic"", ""rational""]",subject
algebra_f19801d93b4c6de1,S02,math_train_geometry_528,geometry,False,True,False,True,False,"[""divisibility"", ""integer"", ""positive"", ""prime"", ""rational"", ""triangle""]","[""composition"", ""equation"", ""nonzero"", ""polynomial"", ""quadratic""]",subject
algebra_f19801d93b4c6de1,S02,math_train_geometry_539,geometry,False,False,False,True,False,"[""circle""]","[""composition"", ""equation"", ""nonzero"", ""polynomial"", ""quadratic"", ""rational""]",subject
algebra_f19801d93b4c6de1,S02,math_train_geometry_609,geometry,False,True,False,False,False,"[""rational""]","[""composition"", ""equation"", ""nonzero"", ""polynomial"", ""quadratic""]",subject
algebra_f19801d93b4c6de1,S02,math_train_geometry_611,geometry,False,True,False,True,False,"[""area"", ""circle"", ""quadratic"", ""ratio"", ""rational"", ""triangle""]","[""composition"", ""equation"", ""nonzero"", ""polynomial""]",subject
algebra_f19801d93b4c6de1,S02,math_train_geometry_623,geometry,False,False,False,True,False,"[""triangle""]","[""composition"", ""equation"", ""nonzero"", ""polynomial"", ""quadratic"", ""rational""]",subject
algebra_f19801d93b4c6de1,S02,math_train_geometry_673,geometry,False,False,False,True,False,"[""area"", ""circle""]","[""composition"", ""equation"", ""nonzero"", ""polynomial"", ""quadratic"", ""rational""]",subject
algebra_f19801d93b4c6de1,S02,math_train_geometry_737,geometry,False,False,False,True,False,"[""trigonometric""]","[""composition"", ""equation"", ""nonzero"", ""polynomial"", ""quadratic"", ""rational""]",subject
algebra_f19801d93b4c6de1,S02,math_train_geometry_74,geometry,False,False,False,False,False,[],"[""composition"", ""equation"", ""nonzero"", ""polynomial"", ""quadratic"", ""rational""]",subject
algebra_f19801d93b4c6de1,S02,math_train_geometry_760,geometry,False,False,False,True,False,"[""area""]","[""composition"", ""equation"", ""nonzero"", ""polynomial"", ""quadratic"", ""rational""]",subject
algebra_f19801d93b4c6de1,S02,math_train_geometry_775,geometry,False,False,False,True,False,"[""area""]","[""composition"", ""equation"", ""nonzero"", ""polynomial"", ""quadratic"", ""rational""]",subject
algebra_f19801d93b4c6de1,S02,math_train_geometry_789,geometry,False,False,False,True,False,"[""area"", ""unit_rate""]","[""composition"", ""equation"", ""nonzero"", ""polynomial"", ""quadratic"", ""rational""]",subject
algebra_f19801d93b4c6de1,S02,math_train_geometry_813,geometry,False,False,False,True,False,"[""modular"", ""triangle""]","[""composition"", ""equation"", ""nonzero"", ""polynomial"", ""quadratic"", ""rational""]",subject
algebra_f19801d93b4c6de1,S02,math_train_geometry_817,geometry,False,False,False,True,False,"[""area"", ""unit_rate""]","[""composition"", ""equation"", ""nonzero"", ""polynomial"", ""quadratic"", ""rational""]",subject
algebra_f19801d93b4c6de1,S02,math_train_geometry_820,geometry,False,True,False,False,False,"[""ratio"", ""rational""]","[""composition"", ""equation"", ""nonzero"", ""polynomial"", ""quadratic""]",subject
algebra_f19801d93b4c6de1,S02,math_train_geometry_836,geometry,False,False,False,False,False,[],"[""composition"", ""equation"", ""nonzero"", ""polynomial"", ""quadratic"", ""rational""]",subject
algebra_f19801d93b4c6de1,S02,math_train_geometry_845,geometry,False,False,False,False,False,[],"[""composition"", ""equation"", ""nonzero"", ""polynomial"", ""quadratic"", ""rational""]",subject
algebra_f19801d93b4c6de1,S02,math_train_geometry_849,geometry,False,False,False,True,False,"[""circle"", ""factorization""]","[""composition"", ""equation"", ""nonzero"", ""polynomial"", ""quadratic"", ""rational""]",subject
algebra_f19801d93b4c6de1,S02,math_train_geometry_855,geometry,False,False,False,True,False,"[""area""]","[""composition"", ""equation"", ""nonzero"", ""polynomial"", ""quadratic"", ""rational""]",subject
algebra_f19801d93b4c6de1,S02,math_train_geometry_863,geometry,False,True,False,True,False,"[""quadratic"", ""triangle""]","[""composition"", ""equation"", ""nonzero"", ""polynomial"", ""rational""]",subject
algebra_f19801d93b4c6de1,S02,math_train_intermediate_algebra_1034,intermediate_algebra,False,False,False,False,False,"[""positive""]","[""composition"", ""equation"", ""nonzero"", ""polynomial"", ""quadratic"", ""rational""]",subject
algebra_f19801d93b4c6de1,S02,math_train_intermediate_algebra_1059,intermediate_algebra,False,False,False,False,False,[],"[""composition"", ""equation"", ""nonzero"", ""polynomial"", ""quadratic"", ""rational""]",subject
algebra_f19801d93b4c6de1,S02,math_train_intermediate_algebra_1060,intermediate_algebra,False,False,False,False,False,[],"[""composition"", ""equation"", ""nonzero"", ""polynomial"", ""quadratic"", ""rational""]",subject
algebra_f19801d93b4c6de1,S02,math_train_intermediate_algebra_1103,intermediate_algebra,False,True,False,False,False,"[""rational""]","[""composition"", ""equation"", ""nonzero"", ""polynomial"", ""quadratic""]",subject
algebra_f19801d93b4c6de1,S02,math_train_intermediate_algebra_1115,intermediate_algebra,False,True,False,False,False,"[""quadratic""]","[""composition"", ""equation"", ""nonzero"", ""polynomial"", ""rational""]",subject
algebra_f19801d93b4c6de1,S02,math_train_intermediate_algebra_1145,intermediate_algebra,False,True,False,False,False,"[""positive"", ""rational""]","[""composition"", ""equation"", ""nonzero"", ""polynomial"", ""quadratic""]",subject
algebra_f19801d93b4c6de1,S02,math_train_intermediate_algebra_1156,intermediate_algebra,False,True,False,False,False,"[""quadratic"", ""rational""]","[""composition"", ""equation"", ""nonzero"", ""polynomial""]",subject
algebra_f19801d93b4c6de1,S02,math_train_intermediate_algebra_1164,intermediate_algebra,False,True,False,False,False,"[""quadratic""]","[""composition"", ""equation"", ""nonzero"", ""polynomial"", ""rational""]",subject
algebra_f19801d93b4c6de1,S02,math_train_intermediate_algebra_1183,intermediate_algebra,False,True,False,False,False,"[""integer"", ""positive"", ""quadratic""]","[""composition"", ""equation"", ""nonzero"", ""polynomial"", ""rational""]",subject
algebra_f19801d93b4c6de1,S02,math_train_intermediate_algebra_1292,intermediate_algebra,False,True,False,False,False,"[""equation"", ""quadratic"", ""ratio"", ""rational""]","[""composition"", ""nonzero"", ""polynomial""]",subject
algebra_f19801d93b4c6de1,S02,math_train_intermediate_algebra_164,intermediate_algebra,False,False,False,False,False,"[""composition""]","[""equation"", ""nonzero"", ""polynomial"", ""quadratic"", ""rational""]",subject
algebra_f19801d93b4c6de1,S02,math_train_intermediate_algebra_178,intermediate_algebra,False,True,False,False,False,"[""equation"", ""quadratic""]","[""composition"", ""nonzero"", ""polynomial"", ""rational""]",subject
algebra_f19801d93b4c6de1,S02,math_train_intermediate_algebra_181,intermediate_algebra,False,False,False,False,False,"[""integer"", ""positive""]","[""composition"", ""equation"", ""nonzero"", ""polynomial"", ""quadratic"", ""rational""]",subject
algebra_f19801d93b4c6de1,S02,math_train_intermediate_algebra_263,intermediate_algebra,False,True,False,False,False,"[""quadratic""]","[""composition"", ""equation"", ""nonzero"", ""polynomial"", ""rational""]",subject
algebra_f19801d93b4c6de1,S02,math_train_intermediate_algebra_275,intermediate_algebra,False,True,False,False,False,"[""quadratic""]","[""composition"", ""equation"", ""nonzero"", ""polynomial"", ""rational""]",subject
algebra_f19801d93b4c6de1,S02,math_train_intermediate_algebra_296,intermediate_algebra,False,True,False,False,False,"[""positive"", ""rational""]","[""composition"", ""equation"", ""nonzero"", ""polynomial"", ""quadratic""]",subject
algebra_f19801d93b4c6de1,S02,math_train_intermediate_algebra_300,intermediate_algebra,False,True,False,False,False,"[""nonzero"", ""polynomial"", ""ratio"", ""rational""]","[""composition"", ""equation"", ""quadratic""]",subject
algebra_f19801d93b4c6de1,S02,math_train_intermediate_algebra_315,intermediate_algebra,False,True,False,False,False,"[""rational""]","[""composition"", ""equation"", ""nonzero"", ""polynomial"", ""quadratic""]",subject
algebra_f19801d93b4c6de1,S02,math_train_intermediate_algebra_340,intermediate_algebra,False,False,False,False,False,[],"[""composition"", ""equation"", ""nonzero"", ""polynomial"", ""quadratic"", ""rational""]",subject
algebra_f19801d93b4c6de1,S02,math_train_intermediate_algebra_345,intermediate_algebra,False,False,False,False,False,[],"[""composition"", ""equation"", ""nonzero"", ""polynomial"", ""quadratic"", ""rational""]",subject
algebra_f19801d93b4c6de1,S02,math_train_intermediate_algebra_359,intermediate_algebra,False,True,False,False,False,"[""ratio"", ""rational""]","[""composition"", ""equation"", ""nonzero"", ""polynomial"", ""quadratic""]",subject
algebra_f19801d93b4c6de1,S02,math_train_intermediate_algebra_363,intermediate_algebra,False,False,False,False,False,"[""positive""]","[""composition"", ""equation"", ""nonzero"", ""polynomial"", ""quadratic"", ""rational""]",subject
algebra_f19801d93b4c6de1,S02,math_train_intermediate_algebra_39,intermediate_algebra,False,True,False,False,False,"[""quadratic""]","[""composition"", ""equation"", ""nonzero"", ""polynomial"", ""rational""]",subject
algebra_f19801d93b4c6de1,S02,math_train_intermediate_algebra_437,intermediate_algebra,False,True,False,False,False,"[""quadratic""]","[""composition"", ""equation"", ""nonzero"", ""polynomial"", ""rational""]",subject
algebra_f19801d93b4c6de1,S02,math_train_intermediate_algebra_452,intermediate_algebra,False,True,False,False,False,"[""positive"", ""quadratic""]","[""composition"", ""equation"", ""nonzero"", ""polynomial"", ""rational""]",subject
algebra_f19801d93b4c6de1,S02,math_train_intermediate_algebra_455,intermediate_algebra,False,True,False,False,False,"[""quadratic"", ""rational""]","[""composition"", ""equation"", ""nonzero"", ""polynomial""]",subject
algebra_f19801d93b4c6de1,S02,math_train_intermediate_algebra_473,intermediate_algebra,False,False,False,False,False,[],"[""composition"", ""equation"", ""nonzero"", ""polynomial"", ""quadratic"", ""rational""]",subject
algebra_f19801d93b4c6de1,S02,math_train_intermediate_algebra_503,intermediate_algebra,False,False,False,True,False,"[""integer"", ""unit_rate""]","[""composition"", ""equation"", ""nonzero"", ""polynomial"", ""quadratic"", ""rational""]",subject
algebra_f19801d93b4c6de1,S02,math_train_intermediate_algebra_532,intermediate_algebra,False,True,False,False,False,"[""equation"", ""quadratic"", ""ratio"", ""rational""]","[""composition"", ""nonzero"", ""polynomial""]",subject
algebra_f19801d93b4c6de1,S02,math_train_intermediate_algebra_542,intermediate_algebra,False,True,False,False,False,"[""polynomial"", ""quadratic""]","[""composition"", ""equation"", ""nonzero"", ""rational""]",subject
algebra_f19801d93b4c6de1,S02,math_train_intermediate_algebra_543,intermediate_algebra,False,True,False,False,False,"[""quadratic"", ""rational""]","[""composition"", ""equation"", ""nonzero"", ""polynomial""]",subject
algebra_f19801d93b4c6de1,S02,math_train_intermediate_algebra_556,intermediate_algebra,False,True,False,False,False,"[""equation"", ""integer"", ""positive"", ""quadratic""]","[""composition"", ""nonzero"", ""polynomial"", ""rational""]",subject
algebra_f19801d93b4c6de1,S02,math_train_intermediate_algebra_56,intermediate_algebra,False,True,False,True,False,"[""quadratic"", ""rational"", ""unit_rate""]","[""composition"", ""equation"", ""nonzero"", ""polynomial""]",subject
algebra_f19801d93b4c6de1,S02,math_train_intermediate_algebra_597,intermediate_algebra,False,False,False,True,False,"[""divisibility"", ""modular""]","[""composition"", ""equation"", ""nonzero"", ""polynomial"", ""quadratic"", ""rational""]",subject
algebra_f19801d93b4c6de1,S02,math_train_intermediate_algebra_598,intermediate_algebra,False,True,False,False,False,"[""rational""]","[""composition"", ""equation"", ""nonzero"", ""polynomial"", ""quadratic""]",subject
algebra_f19801d93b4c6de1,S02,math_train_intermediate_algebra_624,intermediate_algebra,False,True,False,False,False,"[""integer"", ""positive"", ""quadratic""]","[""composition"", ""equation"", ""nonzero"", ""polynomial"", ""rational""]",subject
algebra_f19801d93b4c6de1,S02,math_train_intermediate_algebra_653,intermediate_algebra,False,False,False,True,False,"[""divisibility"", ""modular""]","[""composition"", ""equation"", ""nonzero"", ""polynomial"", ""quadratic"", ""rational""]",subject
algebra_f19801d93b4c6de1,S02,math_train_intermediate_algebra_675,intermediate_algebra,False,False,False,False,False,[],"[""composition"", ""equation"", ""nonzero"", ""polynomial"", ""quadratic"", ""rational""]",subject
algebra_f19801d93b4c6de1,S02,math_train_intermediate_algebra_702,intermediate_algebra,False,False,False,False,False,[],"[""composition"", ""equation"", ""nonzero"", ""polynomial"", ""quadratic"", ""rational""]",subject
algebra_f19801d93b4c6de1,S02,math_train_intermediate_algebra_706,intermediate_algebra,False,True,False,False,False,"[""equation"", ""integer"", ""quadratic"", ""rational""]","[""composition"", ""nonzero"", ""polynomial""]",subject
algebra_f19801d93b4c6de1,S02,math_train_intermediate_algebra_720,intermediate_algebra,False,True,False,False,False,"[""nonzero"", ""polynomial"", ""quadratic"", ""rational""]","[""composition"", ""equation""]",subject
algebra_f19801d93b4c6de1,S02,math_train_intermediate_algebra_760,intermediate_algebra,False,False,False,False,False,"[""integer""]","[""composition"", ""equation"", ""nonzero"", ""polynomial"", ""quadratic"", ""rational""]",subject
algebra_f19801d93b4c6de1,S02,math_train_intermediate_algebra_78,intermediate_algebra,False,True,False,False,False,"[""rational""]","[""composition"", ""equation"", ""nonzero"", ""polynomial"", ""quadratic""]",subject
algebra_f19801d93b4c6de1,S02,math_train_intermediate_algebra_899,intermediate_algebra,False,True,False,False,False,"[""equation"", ""integer"", ""polynomial"", ""ratio"", ""rational""]","[""composition"", ""nonzero"", ""quadratic""]",subject
algebra_f19801d93b4c6de1,S02,math_train_intermediate_algebra_922,intermediate_algebra,False,True,False,False,False,"[""positive"", ""rational""]","[""composition"", ""equation"", ""nonzero"", ""polynomial"", ""quadratic""]",subject
algebra_f19801d93b4c6de1,S02,math_train_intermediate_algebra_954,intermediate_algebra,False,True,False,False,False,"[""factorization"", ""quadratic""]","[""composition"", ""equation"", ""nonzero"", ""polynomial"", ""rational""]",subject
algebra_f19801d93b4c6de1,S02,math_train_intermediate_algebra_967,intermediate_algebra,False,True,False,True,False,"[""divisibility"", ""quadratic""]","[""composition"", ""equation"", ""nonzero"", ""polynomial"", ""rational""]",subject
algebra_f19801d93b4c6de1,S02,math_train_intermediate_algebra_974,intermediate_algebra,False,True,False,False,False,"[""rational""]","[""composition"", ""equation"", ""nonzero"", ""polynomial"", ""quadratic""]",subject
algebra_f19801d93b4c6de1,S02,math_train_intermediate_algebra_993,intermediate_algebra,False,False,False,True,False,"[""divisibility"", ""modular"", ""polynomial""]","[""composition"", ""equation"", ""nonzero"", ""quadratic"", ""rational""]",subject
algebra_f19801d93b4c6de1,S02,math_train_intermediate_algebra_999,intermediate_algebra,False,True,False,False,False,"[""polynomial"", ""quadratic""]","[""composition"", ""equation"", ""nonzero"", ""rational""]",subject
algebra_f19801d93b4c6de1,S02,math_train_number_theory_101,number_theory,False,False,False,True,False,"[""modular"", ""probability""]","[""composition"", ""equation"", ""nonzero"", ""polynomial"", ""quadratic"", ""rational""]",subject
algebra_f19801d93b4c6de1,S02,math_train_number_theory_113,number_theory,False,False,False,True,False,"[""divisibility""]","[""composition"", ""equation"", ""nonzero"", ""polynomial"", ""quadratic"", ""rational""]",subject
algebra_f19801d93b4c6de1,S02,math_train_number_theory_153,number_theory,False,False,False,False,False,"[""integer"", ""positive""]","[""composition"", ""equation"", ""nonzero"", ""polynomial"", ""quadratic"", ""rational""]",subject
algebra_f19801d93b4c6de1,S02,math_train_number_theory_175,number_theory,False,False,False,False,False,"[""positive""]","[""composition"", ""equation"", ""nonzero"", ""polynomial"", ""quadratic"", ""rational""]",subject
algebra_f19801d93b4c6de1,S02,math_train_number_theory_181,number_theory,False,False,False,False,False,"[""positive""]","[""composition"", ""equation"", ""nonzero"", ""polynomial"", ""quadratic"", ""rational""]",subject
algebra_f19801d93b4c6de1,S02,math_train_number_theory_187,number_theory,False,False,False,True,False,"[""divisibility""]","[""composition"", ""equation"", ""nonzero"", ""polynomial"", ""quadratic"", ""rational""]",subject
algebra_f19801d93b4c6de1,S02,math_train_number_theory_196,number_theory,False,False,False,True,False,"[""unit_rate""]","[""composition"", ""equation"", ""nonzero"", ""polynomial"", ""quadratic"", ""rational""]",subject
algebra_f19801d93b4c6de1,S02,math_train_number_theory_203,number_theory,False,False,False,False,False,"[""factorization"", ""positive""]","[""composition"", ""equation"", ""nonzero"", ""polynomial"", ""quadratic"", ""rational""]",subject
algebra_f19801d93b4c6de1,S02,math_train_number_theory_221,number_theory,False,True,False,False,False,"[""quadratic""]","[""composition"", ""equation"", ""nonzero"", ""polynomial"", ""rational""]",subject
algebra_f19801d93b4c6de1,S02,math_train_number_theory_229,number_theory,False,False,False,False,False,"[""integer""]","[""composition"", ""equation"", ""nonzero"", ""polynomial"", ""quadratic"", ""rational""]",subject
algebra_f19801d93b4c6de1,S02,math_train_number_theory_237,number_theory,False,False,False,True,False,"[""divisibility"", ""modular""]","[""composition"", ""equation"", ""nonzero"", ""polynomial"", ""quadratic"", ""rational""]",subject
algebra_f19801d93b4c6de1,S02,math_train_number_theory_252,number_theory,False,False,False,False,False,[],"[""composition"", ""equation"", ""nonzero"", ""polynomial"", ""quadratic"", ""rational""]",subject
algebra_f19801d93b4c6de1,S02,math_train_number_theory_257,number_theory,False,True,False,False,False,"[""integer"", ""rational""]","[""composition"", ""equation"", ""nonzero"", ""polynomial"", ""quadratic""]",subject
algebra_f19801d93b4c6de1,S02,math_train_number_theory_272,number_theory,False,False,False,False,False,"[""factorization""]","[""composition"", ""equation"", ""nonzero"", ""polynomial"", ""quadratic"", ""rational""]",subject
algebra_f19801d93b4c6de1,S02,math_train_number_theory_274,number_theory,False,False,False,True,False,"[""divisibility"", ""integer"", ""positive""]","[""composition"", ""equation"", ""nonzero"", ""polynomial"", ""quadratic"", ""rational""]",subject
algebra_f19801d93b4c6de1,S02,math_train_number_theory_282,number_theory,False,False,False,True,False,"[""divisibility"", ""integer"", ""modular"", ""positive""]","[""composition"", ""equation"", ""nonzero"", ""polynomial"", ""quadratic"", ""rational""]",subject
algebra_f19801d93b4c6de1,S02,math_train_number_theory_297,number_theory,False,False,False,True,False,"[""divisibility"", ""modular""]","[""composition"", ""equation"", ""nonzero"", ""polynomial"", ""quadratic"", ""rational""]",subject
algebra_f19801d93b4c6de1,S02,math_train_number_theory_298,number_theory,False,False,False,False,False,[],"[""composition"", ""equation"", ""nonzero"", ""polynomial"", ""quadratic"", ""rational""]",subject
algebra_f19801d93b4c6de1,S02,math_train_number_theory_329,number_theory,False,False,False,False,False,[],"[""composition"", ""equation"", ""nonzero"", ""polynomial"", ""quadratic"", ""rational""]",subject
algebra_f19801d93b4c6de1,S02,math_train_number_theory_339,number_theory,False,False,False,True,False,"[""integer"", ""modular""]","[""composition"", ""equation"", ""nonzero"", ""polynomial"", ""quadratic"", ""rational""]",subject
algebra_f19801d93b4c6de1,S02,math_train_number_theory_366,number_theory,False,False,False,True,False,"[""integer"", ""modular""]","[""composition"", ""equation"", ""nonzero"", ""polynomial"", ""quadratic"", ""rational""]",subject
algebra_f19801d93b4c6de1,S02,math_train_number_theory_371,number_theory,False,True,False,True,False,"[""gcd_lcm"", ""integer"", ""positive"", ""quadratic""]","[""composition"", ""equation"", ""nonzero"", ""polynomial"", ""rational""]",subject
algebra_f19801d93b4c6de1,S02,math_train_number_theory_374,number_theory,False,False,False,True,False,"[""counting""]","[""composition"", ""equation"", ""nonzero"", ""polynomial"", ""quadratic"", ""rational""]",subject
algebra_f19801d93b4c6de1,S02,math_train_number_theory_403,number_theory,False,True,False,True,False,"[""gcd_lcm"", ""integer"", ""positive"", ""rational""]","[""composition"", ""equation"", ""nonzero"", ""polynomial"", ""quadratic""]",subject
algebra_f19801d93b4c6de1,S02,math_train_number_theory_448,number_theory,False,False,False,True,False,"[""divisibility""]","[""composition"", ""equation"", ""nonzero"", ""polynomial"", ""quadratic"", ""rational""]",subject
algebra_f19801d93b4c6de1,S02,math_train_number_theory_490,number_theory,False,False,False,True,False,"[""factorization"", ""gcd_lcm"", ""prime""]","[""composition"", ""equation"", ""nonzero"", ""polynomial"", ""quadratic"", ""rational""]",subject
algebra_f19801d93b4c6de1,S02,math_train_number_theory_51,number_theory,False,False,False,False,False,"[""positive""]","[""composition"", ""equation"", ""nonzero"", ""polynomial"", ""quadratic"", ""rational""]",subject
algebra_f19801d93b4c6de1,S02,math_train_number_theory_510,number_theory,False,False,False,True,False,"[""prime""]","[""composition"", ""equation"", ""nonzero"", ""polynomial"", ""quadratic"", ""rational""]",subject
algebra_f19801d93b4c6de1,S02,math_train_number_theory_528,number_theory,False,False,False,False,False,"[""integer""]","[""composition"", ""equation"", ""nonzero"", ""polynomial"", ""quadratic"", ""rational""]",subject
algebra_f19801d93b4c6de1,S02,math_train_number_theory_541,number_theory,False,False,False,True,False,"[""divisibility""]","[""composition"", ""equation"", ""nonzero"", ""polynomial"", ""quadratic"", ""rational""]",subject
algebra_f19801d93b4c6de1,S02,math_train_number_theory_555,number_theory,False,False,False,True,False,"[""divisibility"", ""integer"", ""positive""]","[""composition"", ""equation"", ""nonzero"", ""polynomial"", ""quadratic"", ""rational""]",subject
algebra_f19801d93b4c6de1,S02,math_train_number_theory_576,number_theory,False,True,False,False,False,"[""integer"", ""positive"", ""rational""]","[""composition"", ""equation"", ""nonzero"", ""polynomial"", ""quadratic""]",subject
algebra_f19801d93b4c6de1,S02,math_train_number_theory_598,number_theory,False,False,False,False,False,[],"[""composition"", ""equation"", ""nonzero"", ""polynomial"", ""quadratic"", ""rational""]",subject
algebra_f19801d93b4c6de1,S02,math_train_number_theory_608,number_theory,False,False,False,False,False,"[""positive""]","[""composition"", ""equation"", ""nonzero"", ""polynomial"", ""quadratic"", ""rational""]",subject
algebra_f19801d93b4c6de1,S02,math_train_number_theory_617,number_theory,False,False,False,True,False,"[""prime""]","[""composition"", ""equation"", ""nonzero"", ""polynomial"", ""quadratic"", ""rational""]",subject
algebra_f19801d93b4c6de1,S02,math_train_number_theory_629,number_theory,False,False,False,False,False,"[""integer""]","[""composition"", ""equation"", ""nonzero"", ""polynomial"", ""quadratic"", ""rational""]",subject
algebra_f19801d93b4c6de1,S02,math_train_number_theory_653,number_theory,False,False,False,True,False,"[""divisibility"", ""integer"", ""modular""]","[""composition"", ""equation"", ""nonzero"", ""polynomial"", ""quadratic"", ""rational""]",subject
algebra_f19801d93b4c6de1,S02,math_train_number_theory_691,number_theory,False,False,False,True,False,"[""divisibility""]","[""composition"", ""equation"", ""nonzero"", ""polynomial"", ""quadratic"", ""rational""]",subject
algebra_f19801d93b4c6de1,S02,math_train_number_theory_705,number_theory,False,True,False,False,False,"[""rational""]","[""composition"", ""equation"", ""nonzero"", ""polynomial"", ""quadratic""]",subject
algebra_f19801d93b4c6de1,S02,math_train_number_theory_713,number_theory,False,True,False,False,False,"[""integer"", ""positive"", ""rational""]","[""composition"", ""equation"", ""nonzero"", ""polynomial"", ""quadratic""]",subject
algebra_f19801d93b4c6de1,S02,math_train_number_theory_717,number_theory,False,False,False,True,False,"[""divisibility"", ""integer"", ""modular""]","[""composition"", ""equation"", ""nonzero"", ""polynomial"", ""quadratic"", ""rational""]",subject
algebra_f19801d93b4c6de1,S02,math_train_number_theory_733,number_theory,False,False,False,True,False,"[""gcd_lcm""]","[""composition"", ""equation"", ""nonzero"", ""polynomial"", ""quadratic"", ""rational""]",subject
algebra_f19801d93b4c6de1,S02,math_train_number_theory_740,number_theory,False,False,False,False,False,"[""integer""]","[""composition"", ""equation"", ""nonzero"", ""polynomial"", ""quadratic"", ""rational""]",subject
algebra_f19801d93b4c6de1,S02,math_train_number_theory_741,number_theory,False,False,False,True,False,"[""divisibility"", ""modular""]","[""composition"", ""equation"", ""nonzero"", ""polynomial"", ""quadratic"", ""rational""]",subject
algebra_f19801d93b4c6de1,S02,math_train_number_theory_744,number_theory,False,False,False,True,False,"[""counting"", ""factorization"", ""positive"", ""prime""]","[""composition"", ""equation"", ""nonzero"", ""polynomial"", ""quadratic"", ""rational""]",subject
algebra_f19801d93b4c6de1,S02,math_train_number_theory_78,number_theory,False,False,False,True,False,"[""integer"", ""modular""]","[""composition"", ""equation"", ""nonzero"", ""polynomial"", ""quadratic"", ""rational""]",subject
algebra_f19801d93b4c6de1,S02,math_train_number_theory_818,number_theory,False,False,False,False,False,[],"[""composition"", ""equation"", ""nonzero"", ""polynomial"", ""quadratic"", ""rational""]",subject
algebra_f19801d93b4c6de1,S02,math_train_number_theory_828,number_theory,False,False,False,True,False,"[""gcd_lcm""]","[""composition"", ""equation"", ""nonzero"", ""polynomial"", ""quadratic"", ""rational""]",subject
algebra_f19801d93b4c6de1,S02,math_train_number_theory_83,number_theory,False,False,False,True,False,"[""integer"", ""modular"", ""positive""]","[""composition"", ""equation"", ""nonzero"", ""polynomial"", ""quadratic"", ""rational""]",subject
algebra_f19801d93b4c6de1,S02,math_train_number_theory_848,number_theory,False,False,False,True,False,"[""divisibility"", ""modular""]","[""composition"", ""equation"", ""nonzero"", ""polynomial"", ""quadratic"", ""rational""]",subject
algebra_f19801d93b4c6de1,S02,math_train_prealgebra_1012,prealgebra,False,False,False,True,False,"[""unit_rate""]","[""composition"", ""equation"", ""nonzero"", ""polynomial"", ""quadratic"", ""rational""]",subject
algebra_f19801d93b4c6de1,S02,math_train_prealgebra_1021,prealgebra,False,False,False,False,False,[],"[""composition"", ""equation"", ""nonzero"", ""polynomial"", ""quadratic"", ""rational""]",subject
algebra_f19801d93b4c6de1,S02,math_train_prealgebra_1023,prealgebra,False,False,False,True,False,"[""area""]","[""composition"", ""equation"", ""nonzero"", ""polynomial"", ""quadratic"", ""rational""]",subject
algebra_f19801d93b4c6de1,S02,math_train_prealgebra_105,prealgebra,False,False,False,True,False,"[""unit_rate""]","[""composition"", ""equation"", ""nonzero"", ""polynomial"", ""quadratic"", ""rational""]",subject
algebra_f19801d93b4c6de1,S02,math_train_prealgebra_1072,prealgebra,False,False,False,True,False,"[""area""]","[""composition"", ""equation"", ""nonzero"", ""polynomial"", ""quadratic"", ""rational""]",subject
algebra_f19801d93b4c6de1,S02,math_train_prealgebra_1079,prealgebra,False,False,False,False,False,[],"[""composition"", ""equation"", ""nonzero"", ""polynomial"", ""quadratic"", ""rational""]",subject
algebra_f19801d93b4c6de1,S02,math_train_prealgebra_1107,prealgebra,False,False,False,True,False,"[""area"", ""circle""]","[""composition"", ""equation"", ""nonzero"", ""polynomial"", ""quadratic"", ""rational""]",subject
algebra_f19801d93b4c6de1,S02,math_train_prealgebra_1140,prealgebra,False,False,False,False,False,[],"[""composition"", ""equation"", ""nonzero"", ""polynomial"", ""quadratic"", ""rational""]",subject
algebra_f19801d93b4c6de1,S02,math_train_prealgebra_116,prealgebra,False,False,False,False,False,[],"[""composition"", ""equation"", ""nonzero"", ""polynomial"", ""quadratic"", ""rational""]",subject
algebra_f19801d93b4c6de1,S02,math_train_prealgebra_1184,prealgebra,False,True,False,False,False,"[""equation"", ""rational""]","[""composition"", ""nonzero"", ""polynomial"", ""quadratic""]",subject
algebra_f19801d93b4c6de1,S02,math_train_prealgebra_125,prealgebra,False,False,False,True,False,"[""counting"", ""unit_rate""]","[""composition"", ""equation"", ""nonzero"", ""polynomial"", ""quadratic"", ""rational""]",subject
algebra_f19801d93b4c6de1,S02,math_train_prealgebra_158,prealgebra,False,False,False,False,False,[],"[""composition"", ""equation"", ""nonzero"", ""polynomial"", ""quadratic"", ""rational""]",subject
algebra_f19801d93b4c6de1,S02,math_train_prealgebra_167,prealgebra,False,True,False,False,False,"[""rational""]","[""composition"", ""equation"", ""nonzero"", ""polynomial"", ""quadratic""]",subject
algebra_f19801d93b4c6de1,S02,math_train_prealgebra_206,prealgebra,False,True,False,True,False,"[""area"", ""circle"", ""ratio"", ""rational""]","[""composition"", ""equation"", ""nonzero"", ""polynomial"", ""quadratic""]",subject
algebra_f19801d93b4c6de1,S02,math_train_prealgebra_219,prealgebra,False,False,False,False,False,[],"[""composition"", ""equation"", ""nonzero"", ""polynomial"", ""quadratic"", ""rational""]",subject
algebra_f19801d93b4c6de1,S02,math_train_prealgebra_23,prealgebra,False,True,False,False,False,"[""rational""]","[""composition"", ""equation"", ""nonzero"", ""polynomial"", ""quadratic""]",subject
algebra_f19801d93b4c6de1,S02,math_train_prealgebra_231,prealgebra,False,False,False,True,False,"[""circle""]","[""composition"", ""equation"", ""nonzero"", ""polynomial"", ""quadratic"", ""rational""]",subject
algebra_f19801d93b4c6de1,S02,math_train_prealgebra_235,prealgebra,False,False,False,True,False,"[""counting""]","[""composition"", ""equation"", ""nonzero"", ""polynomial"", ""quadratic"", ""rational""]",subject
algebra_f19801d93b4c6de1,S02,math_train_prealgebra_307,prealgebra,False,False,False,True,False,"[""area""]","[""composition"", ""equation"", ""nonzero"", ""polynomial"", ""quadratic"", ""rational""]",subject
algebra_f19801d93b4c6de1,S02,math_train_prealgebra_321,prealgebra,False,False,False,False,False,[],"[""composition"", ""equation"", ""nonzero"", ""polynomial"", ""quadratic"", ""rational""]",subject
algebra_f19801d93b4c6de1,S02,math_train_prealgebra_35,prealgebra,False,False,False,False,False,[],"[""composition"", ""equation"", ""nonzero"", ""polynomial"", ""quadratic"", ""rational""]",subject
algebra_f19801d93b4c6de1,S02,math_train_prealgebra_361,prealgebra,False,False,False,True,False,"[""ratio"", ""unit_rate""]","[""composition"", ""equation"", ""nonzero"", ""polynomial"", ""quadratic"", ""rational""]",subject
algebra_f19801d93b4c6de1,S02,math_train_prealgebra_379,prealgebra,False,False,False,False,False,[],"[""composition"", ""equation"", ""nonzero"", ""polynomial"", ""quadratic"", ""rational""]",subject
algebra_f19801d93b4c6de1,S02,math_train_prealgebra_412,prealgebra,False,False,False,False,False,[],"[""composition"", ""equation"", ""nonzero"", ""polynomial"", ""quadratic"", ""rational""]",subject
algebra_f19801d93b4c6de1,S02,math_train_prealgebra_427,prealgebra,False,False,False,False,False,[],"[""composition"", ""equation"", ""nonzero"", ""polynomial"", ""quadratic"", ""rational""]",subject
algebra_f19801d93b4c6de1,S02,math_train_prealgebra_43,prealgebra,False,False,False,True,False,"[""area"", ""triangle""]","[""composition"", ""equation"", ""nonzero"", ""polynomial"", ""quadratic"", ""rational""]",subject
algebra_f19801d93b4c6de1,S02,math_train_prealgebra_431,prealgebra,False,False,False,False,False,[],"[""composition"", ""equation"", ""nonzero"", ""polynomial"", ""quadratic"", ""rational""]",subject
algebra_f19801d93b4c6de1,S02,math_train_prealgebra_438,prealgebra,False,False,False,False,False,[],"[""composition"", ""equation"", ""nonzero"", ""polynomial"", ""quadratic"", ""rational""]",subject
algebra_f19801d93b4c6de1,S02,math_train_prealgebra_443,prealgebra,False,False,False,False,False,[],"[""composition"", ""equation"", ""nonzero"", ""polynomial"", ""quadratic"", ""rational""]",subject
algebra_f19801d93b4c6de1,S02,math_train_prealgebra_465,prealgebra,False,False,False,False,False,"[""integer"", ""positive""]","[""composition"", ""equation"", ""nonzero"", ""polynomial"", ""quadratic"", ""rational""]",subject
algebra_f19801d93b4c6de1,S02,math_train_prealgebra_514,prealgebra,False,False,False,False,False,[],"[""composition"", ""equation"", ""nonzero"", ""polynomial"", ""quadratic"", ""rational""]",subject
algebra_f19801d93b4c6de1,S02,math_train_prealgebra_515,prealgebra,False,False,False,False,False,[],"[""composition"", ""equation"", ""nonzero"", ""polynomial"", ""quadratic"", ""rational""]",subject
algebra_f19801d93b4c6de1,S02,math_train_prealgebra_527,prealgebra,False,False,False,True,False,"[""area""]","[""composition"", ""equation"", ""nonzero"", ""polynomial"", ""quadratic"", ""rational""]",subject
algebra_f19801d93b4c6de1,S02,math_train_prealgebra_549,prealgebra,False,False,False,True,False,"[""triangle""]","[""composition"", ""equation"", ""nonzero"", ""polynomial"", ""quadratic"", ""rational""]",subject
algebra_f19801d93b4c6de1,S02,math_train_prealgebra_557,prealgebra,False,False,False,False,False,[],"[""composition"", ""equation"", ""nonzero"", ""polynomial"", ""quadratic"", ""rational""]",subject
algebra_f19801d93b4c6de1,S02,math_train_prealgebra_561,prealgebra,False,False,False,True,False,"[""unit_rate""]","[""composition"", ""equation"", ""nonzero"", ""polynomial"", ""quadratic"", ""rational""]",subject
algebra_f19801d93b4c6de1,S02,math_train_prealgebra_594,prealgebra,False,False,False,False,False,[],"[""composition"", ""equation"", ""nonzero"", ""polynomial"", ""quadratic"", ""rational""]",subject
algebra_f19801d93b4c6de1,S02,math_train_prealgebra_596,prealgebra,False,False,False,True,False,"[""counting""]","[""composition"", ""equation"", ""nonzero"", ""polynomial"", ""quadratic"", ""rational""]",subject
algebra_f19801d93b4c6de1,S02,math_train_prealgebra_621,prealgebra,False,True,False,False,False,"[""rational""]","[""composition"", ""equation"", ""nonzero"", ""polynomial"", ""quadratic""]",subject
algebra_f19801d93b4c6de1,S02,math_train_prealgebra_721,prealgebra,False,False,False,True,False,"[""divisibility""]","[""composition"", ""equation"", ""nonzero"", ""polynomial"", ""quadratic"", ""rational""]",subject
algebra_f19801d93b4c6de1,S02,math_train_prealgebra_738,prealgebra,False,False,False,False,False,[],"[""composition"", ""equation"", ""nonzero"", ""polynomial"", ""quadratic"", ""rational""]",subject
algebra_f19801d93b4c6de1,S02,math_train_prealgebra_750,prealgebra,False,True,False,False,False,"[""rational""]","[""composition"", ""equation"", ""nonzero"", ""polynomial"", ""quadratic""]",subject
algebra_f19801d93b4c6de1,S02,math_train_prealgebra_769,prealgebra,False,False,False,False,False,[],"[""composition"", ""equation"", ""nonzero"", ""polynomial"", ""quadratic"", ""rational""]",subject
algebra_f19801d93b4c6de1,S02,math_train_prealgebra_86,prealgebra,False,False,False,True,False,"[""area"", ""circle"", ""integer""]","[""composition"", ""equation"", ""nonzero"", ""polynomial"", ""quadratic"", ""rational""]",subject
algebra_f19801d93b4c6de1,S02,math_train_prealgebra_895,prealgebra,False,False,False,False,False,"[""integer"", ""positive""]","[""composition"", ""equation"", ""nonzero"", ""polynomial"", ""quadratic"", ""rational""]",subject
algebra_f19801d93b4c6de1,S02,math_train_prealgebra_91,prealgebra,False,False,False,False,False,[],"[""composition"", ""equation"", ""nonzero"", ""polynomial"", ""quadratic"", ""rational""]",subject
algebra_f19801d93b4c6de1,S02,math_train_prealgebra_913,prealgebra,False,False,False,False,False,[],"[""composition"", ""equation"", ""nonzero"", ""polynomial"", ""quadratic"", ""rational""]",subject
algebra_f19801d93b4c6de1,S02,math_train_prealgebra_921,prealgebra,False,False,False,False,False,[],"[""composition"", ""equation"", ""nonzero"", ""polynomial"", ""quadratic"", ""rational""]",subject
algebra_f19801d93b4c6de1,S02,math_train_prealgebra_953,prealgebra,False,False,False,False,False,[],"[""composition"", ""equation"", ""nonzero"", ""polynomial"", ""quadratic"", ""rational""]",subject
algebra_f19801d93b4c6de1,S02,math_train_prealgebra_972,prealgebra,False,True,False,True,False,"[""area"", ""circle"", ""quadratic""]","[""composition"", ""equation"", ""nonzero"", ""polynomial"", ""rational""]",subject
algebra_f19801d93b4c6de1,S02,math_train_precalculus_106,precalculus,False,False,False,True,False,"[""area"", ""triangle""]","[""composition"", ""equation"", ""nonzero"", ""polynomial"", ""quadratic"", ""rational""]",subject
algebra_f19801d93b4c6de1,S02,math_train_precalculus_108,precalculus,False,False,False,False,False,[],"[""composition"", ""equation"", ""nonzero"", ""polynomial"", ""quadratic"", ""rational""]",subject
algebra_f19801d93b4c6de1,S02,math_train_precalculus_114,precalculus,False,False,False,False,False,[],"[""composition"", ""equation"", ""nonzero"", ""polynomial"", ""quadratic"", ""rational""]",subject
algebra_f19801d93b4c6de1,S02,math_train_precalculus_118,precalculus,False,True,False,True,False,"[""rational"", ""trigonometric""]","[""composition"", ""equation"", ""nonzero"", ""polynomial"", ""quadratic""]",subject
algebra_f19801d93b4c6de1,S02,math_train_precalculus_119,precalculus,False,False,False,True,False,"[""trigonometric""]","[""composition"", ""equation"", ""nonzero"", ""polynomial"", ""quadratic"", ""rational""]",subject
algebra_f19801d93b4c6de1,S02,math_train_precalculus_189,precalculus,False,True,False,False,False,"[""quadratic"", ""rational""]","[""composition"", ""equation"", ""nonzero"", ""polynomial""]",subject
algebra_f19801d93b4c6de1,S02,math_train_precalculus_2,precalculus,False,False,False,False,False,[],"[""composition"", ""equation"", ""nonzero"", ""polynomial"", ""quadratic"", ""rational""]",subject
algebra_f19801d93b4c6de1,S02,math_train_precalculus_205,precalculus,False,False,False,False,False,[],"[""composition"", ""equation"", ""nonzero"", ""polynomial"", ""quadratic"", ""rational""]",subject
algebra_f19801d93b4c6de1,S02,math_train_precalculus_215,precalculus,False,False,False,False,False,[],"[""composition"", ""equation"", ""nonzero"", ""polynomial"", ""quadratic"", ""rational""]",subject
algebra_f19801d93b4c6de1,S02,math_train_precalculus_22,precalculus,False,False,False,False,False,[],"[""composition"", ""equation"", ""nonzero"", ""polynomial"", ""quadratic"", ""rational""]",subject
algebra_f19801d93b4c6de1,S02,math_train_precalculus_230,precalculus,False,False,False,True,False,"[""area"", ""triangle""]","[""composition"", ""equation"", ""nonzero"", ""polynomial"", ""quadratic"", ""rational""]",subject
algebra_f19801d93b4c6de1,S02,math_train_precalculus_238,precalculus,False,False,False,False,False,[],"[""composition"", ""equation"", ""nonzero"", ""polynomial"", ""quadratic"", ""rational""]",subject
algebra_f19801d93b4c6de1,S02,math_train_precalculus_250,precalculus,False,True,False,True,False,"[""circle"", ""equation"", ""rational"", ""trigonometric""]","[""composition"", ""nonzero"", ""polynomial"", ""quadratic""]",subject
algebra_f19801d93b4c6de1,S02,math_train_precalculus_259,precalculus,False,False,False,False,False,[],"[""composition"", ""equation"", ""nonzero"", ""polynomial"", ""quadratic"", ""rational""]",subject
algebra_f19801d93b4c6de1,S02,math_train_precalculus_27,precalculus,False,False,False,True,False,"[""triangle""]","[""composition"", ""equation"", ""nonzero"", ""polynomial"", ""quadratic"", ""rational""]",subject
algebra_f19801d93b4c6de1,S02,math_train_precalculus_293,precalculus,False,False,False,True,False,"[""area"", ""triangle""]","[""composition"", ""equation"", ""nonzero"", ""polynomial"", ""quadratic"", ""rational""]",subject
algebra_f19801d93b4c6de1,S02,math_train_precalculus_349,precalculus,False,False,False,True,False,"[""circle"", ""equation""]","[""composition"", ""nonzero"", ""polynomial"", ""quadratic"", ""rational""]",subject
algebra_f19801d93b4c6de1,S02,math_train_precalculus_355,precalculus,False,False,False,True,False,"[""circle""]","[""composition"", ""equation"", ""nonzero"", ""polynomial"", ""quadratic"", ""rational""]",subject
algebra_f19801d93b4c6de1,S02,math_train_precalculus_415,precalculus,False,False,False,True,False,"[""area"", ""triangle""]","[""composition"", ""equation"", ""nonzero"", ""polynomial"", ""quadratic"", ""rational""]",subject
algebra_f19801d93b4c6de1,S02,math_train_precalculus_419,precalculus,False,True,False,True,False,"[""quadratic"", ""triangle""]","[""composition"", ""equation"", ""nonzero"", ""polynomial"", ""rational""]",subject
algebra_f19801d93b4c6de1,S02,math_train_precalculus_423,precalculus,False,False,False,False,False,[],"[""composition"", ""equation"", ""nonzero"", ""polynomial"", ""quadratic"", ""rational""]",subject
algebra_f19801d93b4c6de1,S02,math_train_precalculus_445,precalculus,False,False,False,True,False,"[""triangle"", ""unit_rate""]","[""composition"", ""equation"", ""nonzero"", ""polynomial"", ""quadratic"", ""rational""]",subject
algebra_f19801d93b4c6de1,S02,math_train_precalculus_461,precalculus,False,False,False,False,False,[],"[""composition"", ""equation"", ""nonzero"", ""polynomial"", ""quadratic"", ""rational""]",subject
algebra_f19801d93b4c6de1,S02,math_train_precalculus_471,precalculus,False,False,False,True,False,"[""trigonometric""]","[""composition"", ""equation"", ""nonzero"", ""polynomial"", ""quadratic"", ""rational""]",subject
algebra_f19801d93b4c6de1,S02,math_train_precalculus_479,precalculus,False,True,False,True,False,"[""gcd_lcm"", ""integer"", ""rational""]","[""composition"", ""equation"", ""nonzero"", ""polynomial"", ""quadratic""]",subject
algebra_f19801d93b4c6de1,S02,math_train_precalculus_492,precalculus,False,True,False,False,False,"[""rational""]","[""composition"", ""equation"", ""nonzero"", ""polynomial"", ""quadratic""]",subject
algebra_f19801d93b4c6de1,S02,math_train_precalculus_505,precalculus,False,True,False,False,False,"[""integer"", ""nonzero"", ""quadratic""]","[""composition"", ""equation"", ""polynomial"", ""rational""]",subject
algebra_f19801d93b4c6de1,S02,math_train_precalculus_512,precalculus,False,True,False,False,False,"[""rational""]","[""composition"", ""equation"", ""nonzero"", ""polynomial"", ""quadratic""]",subject
algebra_f19801d93b4c6de1,S02,math_train_precalculus_517,precalculus,False,True,False,False,False,"[""quadratic""]","[""composition"", ""equation"", ""nonzero"", ""polynomial"", ""rational""]",subject
algebra_f19801d93b4c6de1,S02,math_train_precalculus_52,precalculus,False,True,False,False,False,"[""quadratic""]","[""composition"", ""equation"", ""nonzero"", ""polynomial"", ""rational""]",subject
algebra_f19801d93b4c6de1,S02,math_train_precalculus_522,precalculus,False,False,False,False,False,[],"[""composition"", ""equation"", ""nonzero"", ""polynomial"", ""quadratic"", ""rational""]",subject
algebra_f19801d93b4c6de1,S02,math_train_precalculus_523,precalculus,False,True,False,True,False,"[""quadratic"", ""trigonometric""]","[""composition"", ""equation"", ""nonzero"", ""polynomial"", ""rational""]",subject
algebra_f19801d93b4c6de1,S02,math_train_precalculus_557,precalculus,False,False,False,False,False,[],"[""composition"", ""equation"", ""nonzero"", ""polynomial"", ""quadratic"", ""rational""]",subject
algebra_f19801d93b4c6de1,S02,math_train_precalculus_559,precalculus,False,True,False,True,False,"[""rational"", ""trigonometric""]","[""composition"", ""equation"", ""nonzero"", ""polynomial"", ""quadratic""]",subject
algebra_f19801d93b4c6de1,S02,math_train_precalculus_565,precalculus,False,False,False,False,False,[],"[""composition"", ""equation"", ""nonzero"", ""polynomial"", ""quadratic"", ""rational""]",subject
algebra_f19801d93b4c6de1,S02,math_train_precalculus_568,precalculus,False,True,False,False,False,"[""integer"", ""positive"", ""rational""]","[""composition"", ""equation"", ""nonzero"", ""polynomial"", ""quadratic""]",subject
algebra_f19801d93b4c6de1,S02,math_train_precalculus_574,precalculus,False,False,False,False,False,[],"[""composition"", ""equation"", ""nonzero"", ""polynomial"", ""quadratic"", ""rational""]",subject
algebra_f19801d93b4c6de1,S02,math_train_precalculus_622,precalculus,False,True,False,True,False,"[""integer"", ""rational"", ""trigonometric""]","[""composition"", ""equation"", ""nonzero"", ""polynomial"", ""quadratic""]",subject
algebra_f19801d93b4c6de1,S02,math_train_precalculus_628,precalculus,False,True,False,False,False,"[""integer"", ""quadratic""]","[""composition"", ""equation"", ""nonzero"", ""polynomial"", ""rational""]",subject
algebra_f19801d93b4c6de1,S02,math_train_precalculus_646,precalculus,False,False,False,False,False,[],"[""composition"", ""equation"", ""nonzero"", ""polynomial"", ""quadratic"", ""rational""]",subject
algebra_f19801d93b4c6de1,S02,math_train_precalculus_650,precalculus,False,False,False,False,False,[],"[""composition"", ""equation"", ""nonzero"", ""polynomial"", ""quadratic"", ""rational""]",subject
algebra_f19801d93b4c6de1,S02,math_train_precalculus_656,precalculus,False,False,False,True,False,"[""trigonometric""]","[""composition"", ""equation"", ""nonzero"", ""polynomial"", ""quadratic"", ""rational""]",subject
algebra_f19801d93b4c6de1,S02,math_train_precalculus_687,precalculus,False,False,False,False,False,[],"[""composition"", ""equation"", ""nonzero"", ""polynomial"", ""quadratic"", ""rational""]",subject
algebra_f19801d93b4c6de1,S02,math_train_precalculus_718,precalculus,False,True,False,False,False,"[""nonzero"", ""quadratic"", ""rational""]","[""composition"", ""equation"", ""polynomial""]",subject
algebra_f19801d93b4c6de1,S02,math_train_precalculus_72,precalculus,False,False,False,True,False,"[""polynomial"", ""unit_rate""]","[""composition"", ""equation"", ""nonzero"", ""quadratic"", ""rational""]",subject
algebra_f19801d93b4c6de1,S02,math_train_precalculus_723,precalculus,False,False,False,True,False,"[""area"", ""triangle""]","[""composition"", ""equation"", ""nonzero"", ""polynomial"", ""quadratic"", ""rational""]",subject
algebra_f19801d93b4c6de1,S02,math_train_precalculus_726,precalculus,False,False,False,False,False,[],"[""composition"", ""equation"", ""nonzero"", ""polynomial"", ""quadratic"", ""rational""]",subject
algebra_f19801d93b4c6de1,S02,math_train_precalculus_733,precalculus,False,False,False,True,False,"[""trigonometric""]","[""composition"", ""equation"", ""nonzero"", ""polynomial"", ""quadratic"", ""rational""]",subject
algebra_f19801d93b4c6de1,S02,math_train_precalculus_8,precalculus,False,False,False,False,False,[],"[""composition"", ""equation"", ""nonzero"", ""polynomial"", ""quadratic"", ""rational""]",subject
algebra_f19801d93b4c6de1,S02,math_train_precalculus_88,precalculus,False,False,False,True,False,"[""integer"", ""trigonometric""]","[""composition"", ""equation"", ""nonzero"", ""polynomial"", ""quadratic"", ""rational""]",subject
counting_probability_0df8c48c1a89daca,S03,math_train_algebra_1010,algebra,False,False,False,False,False,"[""equation"", ""rational""]","[""counting"", ""nonzero"", ""probability""]",subject
counting_probability_0df8c48c1a89daca,S03,math_train_algebra_1018,algebra,False,False,False,False,False,"[""rational""]","[""counting"", ""nonzero"", ""probability""]",subject
counting_probability_0df8c48c1a89daca,S03,math_train_algebra_1026,algebra,False,False,False,False,False,"[""equation"", ""quadratic"", ""rational"", ""unit_rate""]","[""counting"", ""nonzero"", ""probability""]",subject
counting_probability_0df8c48c1a89daca,S03,math_train_algebra_1079,algebra,False,False,False,False,False,[],"[""counting"", ""nonzero"", ""probability""]",subject
counting_probability_0df8c48c1a89daca,S03,math_train_algebra_1119,algebra,False,False,False,False,False,"[""integer"", ""quadratic""]","[""counting"", ""nonzero"", ""probability""]",subject
counting_probability_0df8c48c1a89daca,S03,math_train_algebra_117,algebra,False,False,False,False,False,[],"[""counting"", ""nonzero"", ""probability""]",subject
counting_probability_0df8c48c1a89daca,S03,math_train_algebra_1250,algebra,False,False,False,False,False,"[""rational""]","[""counting"", ""nonzero"", ""probability""]",subject
counting_probability_0df8c48c1a89daca,S03,math_train_algebra_1327,algebra,False,False,False,True,False,"[""area"", ""integer""]","[""counting"", ""nonzero"", ""probability""]",subject
counting_probability_0df8c48c1a89daca,S03,math_train_algebra_1334,algebra,False,False,False,False,False,[],"[""counting"", ""nonzero"", ""probability""]",subject
counting_probability_0df8c48c1a89daca,S03,math_train_algebra_136,algebra,False,False,False,False,False,"[""rational"", ""unit_rate""]","[""counting"", ""nonzero"", ""probability""]",subject
counting_probability_0df8c48c1a89daca,S03,math_train_algebra_1460,algebra,False,False,False,False,False,"[""positive"", ""rational""]","[""counting"", ""nonzero"", ""probability""]",subject
counting_probability_0df8c48c1a89daca,S03,math_train_algebra_1469,algebra,False,False,False,False,False,"[""equation"", ""quadratic""]","[""counting"", ""nonzero"", ""probability""]",subject
counting_probability_0df8c48c1a89daca,S03,math_train_algebra_152,algebra,False,False,False,False,False,[],"[""counting"", ""nonzero"", ""probability""]",subject
counting_probability_0df8c48c1a89daca,S03,math_train_algebra_1538,algebra,False,False,False,False,False,[],"[""counting"", ""nonzero"", ""probability""]",subject
counting_probability_0df8c48c1a89daca,S03,math_train_algebra_1599,algebra,False,False,False,False,False,[],"[""counting"", ""nonzero"", ""probability""]",subject
counting_probability_0df8c48c1a89daca,S03,math_train_algebra_1621,algebra,False,False,False,False,False,[],"[""counting"", ""nonzero"", ""probability""]",subject
counting_probability_0df8c48c1a89daca,S03,math_train_algebra_1641,algebra,False,False,False,False,False,[],"[""counting"", ""nonzero"", ""probability""]",subject
counting_probability_0df8c48c1a89daca,S03,math_train_algebra_1644,algebra,False,False,False,False,False,[],"[""counting"", ""nonzero"", ""probability""]",subject
counting_probability_0df8c48c1a89daca,S03,math_train_algebra_1716,algebra,False,False,False,False,False,"[""composition"", ""quadratic""]","[""counting"", ""nonzero"", ""probability""]",subject
counting_probability_0df8c48c1a89daca,S03,math_train_algebra_1743,algebra,False,False,False,False,False,"[""integer"", ""positive""]","[""counting"", ""nonzero"", ""probability""]",subject
counting_probability_0df8c48c1a89daca,S03,math_train_algebra_203,algebra,False,False,False,True,False,"[""area""]","[""counting"", ""nonzero"", ""probability""]",subject
counting_probability_0df8c48c1a89daca,S03,math_train_algebra_204,algebra,False,False,False,False,False,"[""rational""]","[""counting"", ""nonzero"", ""probability""]",subject
counting_probability_0df8c48c1a89daca,S03,math_train_algebra_206,algebra,False,False,False,False,False,"[""integer""]","[""counting"", ""nonzero"", ""probability""]",subject
counting_probability_0df8c48c1a89daca,S03,math_train_algebra_221,algebra,False,False,False,False,False,"[""quadratic""]","[""counting"", ""nonzero"", ""probability""]",subject
counting_probability_0df8c48c1a89daca,S03,math_train_algebra_222,algebra,False,False,False,False,False,[],"[""counting"", ""nonzero"", ""probability""]",subject
counting_probability_0df8c48c1a89daca,S03,math_train_algebra_237,algebra,False,False,False,False,False,"[""quadratic""]","[""counting"", ""nonzero"", ""probability""]",subject
counting_probability_0df8c48c1a89daca,S03,math_train_algebra_267,algebra,False,False,False,False,False,[],"[""counting"", ""nonzero"", ""probability""]",subject
counting_probability_0df8c48c1a89daca,S03,math_train_algebra_334,algebra,False,False,False,False,False,"[""equation"", ""quadratic""]","[""counting"", ""nonzero"", ""probability""]",subject
counting_probability_0df8c48c1a89daca,S03,math_train_algebra_336,algebra,False,False,False,False,False,"[""equation""]","[""counting"", ""nonzero"", ""probability""]",subject
counting_probability_0df8c48c1a89daca,S03,math_train_algebra_348,algebra,False,False,False,False,False,"[""quadratic"", ""rational""]","[""counting"", ""nonzero"", ""probability""]",subject
counting_probability_0df8c48c1a89daca,S03,math_train_algebra_35,algebra,False,False,False,False,False,"[""positive""]","[""counting"", ""nonzero"", ""probability""]",subject
counting_probability_0df8c48c1a89daca,S03,math_train_algebra_42,algebra,False,False,False,False,False,"[""integer"", ""quadratic"", ""rational""]","[""counting"", ""nonzero"", ""probability""]",subject
counting_probability_0df8c48c1a89daca,S03,math_train_algebra_432,algebra,False,False,False,False,False,[],"[""counting"", ""nonzero"", ""probability""]",subject
counting_probability_0df8c48c1a89daca,S03,math_train_algebra_495,algebra,False,False,False,False,False,"[""positive"", ""quadratic""]","[""counting"", ""nonzero"", ""probability""]",subject
counting_probability_0df8c48c1a89daca,S03,math_train_algebra_496,algebra,False,False,False,False,False,"[""rational""]","[""counting"", ""nonzero"", ""probability""]",subject
counting_probability_0df8c48c1a89daca,S03,math_train_algebra_538,algebra,False,False,False,False,False,"[""quadratic""]","[""counting"", ""nonzero"", ""probability""]",subject
counting_probability_0df8c48c1a89daca,S03,math_train_algebra_541,algebra,False,False,False,False,False,"[""quadratic""]","[""counting"", ""nonzero"", ""probability""]",subject
counting_probability_0df8c48c1a89daca,S03,math_train_algebra_597,algebra,False,False,False,False,False,"[""integer"", ""positive""]","[""counting"", ""nonzero"", ""probability""]",subject
counting_probability_0df8c48c1a89daca,S03,math_train_algebra_604,algebra,False,False,False,False,False,"[""quadratic""]","[""counting"", ""nonzero"", ""probability""]",subject
counting_probability_0df8c48c1a89daca,S03,math_train_algebra_628,algebra,False,False,False,False,False,"[""equation"", ""integer"", ""quadratic""]","[""counting"", ""nonzero"", ""probability""]",subject
counting_probability_0df8c48c1a89daca,S03,math_train_algebra_631,algebra,False,False,False,False,False,"[""integer"", ""rational""]","[""counting"", ""nonzero"", ""probability""]",subject
counting_probability_0df8c48c1a89daca,S03,math_train_algebra_758,algebra,False,False,False,False,False,"[""equation"", ""quadratic"", ""unit_rate""]","[""counting"", ""nonzero"", ""probability""]",subject
counting_probability_0df8c48c1a89daca,S03,math_train_algebra_764,algebra,False,False,False,False,False,"[""quadratic""]","[""counting"", ""nonzero"", ""probability""]",subject
counting_probability_0df8c48c1a89daca,S03,math_train_algebra_883,algebra,False,False,False,False,False,"[""integer""]","[""counting"", ""nonzero"", ""probability""]",subject
counting_probability_0df8c48c1a89daca,S03,math_train_algebra_906,algebra,False,False,False,False,False,"[""equation"", ""rational""]","[""counting"", ""nonzero"", ""probability""]",subject
counting_probability_0df8c48c1a89daca,S03,math_train_algebra_928,algebra,False,False,False,False,False,"[""quadratic""]","[""counting"", ""nonzero"", ""probability""]",subject
counting_probability_0df8c48c1a89daca,S03,math_train_algebra_941,algebra,False,False,False,False,False,"[""quadratic""]","[""counting"", ""nonzero"", ""probability""]",subject
counting_probability_0df8c48c1a89daca,S03,math_train_algebra_949,algebra,False,False,False,False,False,[],"[""counting"", ""nonzero"", ""probability""]",subject
counting_probability_0df8c48c1a89daca,S03,math_train_algebra_959,algebra,False,False,False,False,False,"[""equation"", ""quadratic""]","[""counting"", ""nonzero"", ""probability""]",subject
counting_probability_0df8c48c1a89daca,S03,math_train_algebra_991,algebra,False,False,False,False,False,"[""nonzero"", ""rational""]","[""counting"", ""probability""]",subject
counting_probability_0df8c48c1a89daca,S03,math_train_counting_probability_102,counting_probability,True,True,False,False,False,"[""probability"", ""rational""]","[""counting"", ""nonzero""]",preconditions
counting_probability_0df8c48c1a89daca,S03,math_train_counting_probability_142,counting_probability,True,False,False,False,False,"[""prime""]","[""counting"", ""nonzero"", ""probability""]",trigger
counting_probability_0df8c48c1a89daca,S03,math_train_counting_probability_144,counting_probability,True,False,False,False,False,[],"[""counting"", ""nonzero"", ""probability""]",trigger
counting_probability_0df8c48c1a89daca,S03,math_train_counting_probability_15,counting_probability,True,False,False,False,False,"[""counting""]","[""nonzero"", ""probability""]",trigger
counting_probability_0df8c48c1a89daca,S03,math_train_counting_probability_151,counting_probability,True,False,False,True,False,"[""triangle""]","[""counting"", ""nonzero"", ""probability""]",trigger
counting_probability_0df8c48c1a89daca,S03,math_train_counting_probability_153,counting_probability,True,False,False,False,False,"[""counting""]","[""nonzero"", ""probability""]",trigger
counting_probability_0df8c48c1a89daca,S03,math_train_counting_probability_165,counting_probability,True,True,False,False,False,"[""probability"", ""unit_rate""]","[""counting"", ""nonzero""]",preconditions
counting_probability_0df8c48c1a89daca,S03,math_train_counting_probability_174,counting_probability,True,False,False,False,False,"[""counting""]","[""nonzero"", ""probability""]",trigger
counting_probability_0df8c48c1a89daca,S03,math_train_counting_probability_177,counting_probability,True,False,False,False,False,[],"[""counting"", ""nonzero"", ""probability""]",trigger
counting_probability_0df8c48c1a89daca,S03,math_train_counting_probability_186,counting_probability,True,False,False,False,False,"[""counting""]","[""nonzero"", ""probability""]",trigger
counting_probability_0df8c48c1a89daca,S03,math_train_counting_probability_192,counting_probability,True,True,False,False,False,"[""counting"", ""probability""]","[""nonzero""]",preconditions
counting_probability_0df8c48c1a89daca,S03,math_train_counting_probability_208,counting_probability,True,False,False,False,False,"[""counting""]","[""nonzero"", ""probability""]",trigger
counting_probability_0df8c48c1a89daca,S03,math_train_counting_probability_213,counting_probability,True,True,False,False,False,"[""counting"", ""probability"", ""rational""]","[""nonzero""]",preconditions
counting_probability_0df8c48c1a89daca,S03,math_train_counting_probability_218,counting_probability,True,True,False,False,False,"[""divisibility"", ""integer"", ""positive"", ""probability"", ""rational""]","[""counting"", ""nonzero""]",preconditions
counting_probability_0df8c48c1a89daca,S03,math_train_counting_probability_261,counting_probability,True,False,False,False,False,[],"[""counting"", ""nonzero"", ""probability""]",trigger
counting_probability_0df8c48c1a89daca,S03,math_train_counting_probability_269,counting_probability,True,False,False,False,False,"[""counting"", ""unit_rate""]","[""nonzero"", ""probability""]",trigger
counting_probability_0df8c48c1a89daca,S03,math_train_counting_probability_278,counting_probability,True,False,False,False,False,[],"[""counting"", ""nonzero"", ""probability""]",trigger
counting_probability_0df8c48c1a89daca,S03,math_train_counting_probability_287,counting_probability,True,False,False,False,False,"[""counting""]","[""nonzero"", ""probability""]",trigger
counting_probability_0df8c48c1a89daca,S03,math_train_counting_probability_31,counting_probability,True,True,False,False,False,"[""probability"", ""rational""]","[""counting"", ""nonzero""]",preconditions
counting_probability_0df8c48c1a89daca,S03,math_train_counting_probability_332,counting_probability,True,False,False,False,False,"[""counting"", ""factorization"", ""integer"", ""prime""]","[""nonzero"", ""probability""]",trigger
counting_probability_0df8c48c1a89daca,S03,math_train_counting_probability_34,counting_probability,True,False,False,False,False,[],"[""counting"", ""nonzero"", ""probability""]",trigger
counting_probability_0df8c48c1a89daca,S03,math_train_counting_probability_341,counting_probability,True,False,False,True,False,"[""circle""]","[""counting"", ""nonzero"", ""probability""]",trigger
counting_probability_0df8c48c1a89daca,S03,math_train_counting_probability_345,counting_probability,True,False,False,False,False,"[""counting""]","[""nonzero"", ""probability""]",trigger
counting_probability_0df8c48c1a89daca,S03,math_train_counting_probability_357,counting_probability,True,True,False,False,False,"[""integer"", ""positive"", ""prime"", ""probability"", ""unit_rate""]","[""counting"", ""nonzero""]",preconditions
counting_probability_0df8c48c1a89daca,S03,math_train_counting_probability_39,counting_probability,True,False,False,False,False,"[""modular""]","[""counting"", ""nonzero"", ""probability""]",trigger
counting_probability_0df8c48c1a89daca,S03,math_train_counting_probability_396,counting_probability,True,False,False,False,False,"[""divisibility"", ""modular"", ""unit_rate""]","[""counting"", ""nonzero"", ""probability""]",trigger
counting_probability_0df8c48c1a89daca,S03,math_train_counting_probability_401,counting_probability,True,True,False,False,False,"[""integer"", ""positive"", ""prime"", ""probability"", ""rational"", ""unit_rate""]","[""counting"", ""nonzero""]",preconditions
counting_probability_0df8c48c1a89daca,S03,math_train_counting_probability_425,counting_probability,True,False,False,False,False,"[""integer""]","[""counting"", ""nonzero"", ""probability""]",trigger
counting_probability_0df8c48c1a89daca,S03,math_train_counting_probability_430,counting_probability,True,False,False,False,False,"[""integer""]","[""counting"", ""nonzero"", ""probability""]",trigger
counting_probability_0df8c48c1a89daca,S03,math_train_counting_probability_452,counting_probability,True,False,False,False,False,"[""counting"", ""divisibility"", ""integer"", ""modular"", ""positive""]","[""nonzero"", ""probability""]",trigger
counting_probability_0df8c48c1a89daca,S03,math_train_counting_probability_461,counting_probability,True,False,False,False,False,"[""integer""]","[""counting"", ""nonzero"", ""probability""]",trigger
counting_probability_0df8c48c1a89daca,S03,math_train_counting_probability_471,counting_probability,True,False,False,False,False,[],"[""counting"", ""nonzero"", ""probability""]",trigger
counting_probability_0df8c48c1a89daca,S03,math_train_counting_probability_482,counting_probability,True,True,False,False,False,"[""probability""]","[""counting"", ""nonzero""]",preconditions
counting_probability_0df8c48c1a89daca,S03,math_train_counting_probability_488,counting_probability,True,True,False,False,False,"[""probability"", ""rational""]","[""counting"", ""nonzero""]",preconditions
counting_probability_0df8c48c1a89daca,S03,math_train_counting_probability_490,counting_probability,True,True,False,False,False,"[""probability""]","[""counting"", ""nonzero""]",preconditions
counting_probability_0df8c48c1a89daca,S03,math_train_counting_probability_5,counting_probability,True,False,False,False,False,"[""unit_rate""]","[""counting"", ""nonzero"", ""probability""]",trigger
counting_probability_0df8c48c1a89daca,S03,math_train_counting_probability_543,counting_probability,True,False,False,False,False,"[""counting""]","[""nonzero"", ""probability""]",trigger
counting_probability_0df8c48c1a89daca,S03,math_train_counting_probability_596,counting_probability,True,False,False,False,False,"[""counting""]","[""nonzero"", ""probability""]",trigger
counting_probability_0df8c48c1a89daca,S03,math_train_counting_probability_629,counting_probability,True,False,False,False,False,"[""counting""]","[""nonzero"", ""probability""]",trigger
counting_probability_0df8c48c1a89daca,S03,math_train_counting_probability_640,counting_probability,True,False,False,True,False,"[""triangle""]","[""counting"", ""nonzero"", ""probability""]",trigger
counting_probability_0df8c48c1a89daca,S03,math_train_counting_probability_658,counting_probability,True,False,False,False,False,"[""integer"", ""positive""]","[""counting"", ""nonzero"", ""probability""]",trigger
counting_probability_0df8c48c1a89daca,S03,math_train_counting_probability_668,counting_probability,True,False,False,False,False,[],"[""counting"", ""nonzero"", ""probability""]",trigger
counting_probability_0df8c48c1a89daca,S03,math_train_counting_probability_675,counting_probability,True,False,False,False,False,"[""counting"", ""unit_rate""]","[""nonzero"", ""probability""]",trigger
counting_probability_0df8c48c1a89daca,S03,math_train_counting_probability_680,counting_probability,True,False,False,False,False,"[""rational""]","[""counting"", ""nonzero"", ""probability""]",trigger
counting_probability_0df8c48c1a89daca,S03,math_train_counting_probability_693,counting_probability,True,True,False,False,False,"[""probability"", ""rational"", ""unit_rate""]","[""counting"", ""nonzero""]",preconditions
counting_probability_0df8c48c1a89daca,S03,math_train_counting_probability_700,counting_probability,True,False,False,False,False,"[""integer""]","[""counting"", ""nonzero"", ""probability""]",trigger
counting_probability_0df8c48c1a89daca,S03,math_train_counting_probability_730,counting_probability,True,False,False,False,False,"[""counting""]","[""nonzero"", ""probability""]",trigger
counting_probability_0df8c48c1a89daca,S03,math_train_counting_probability_756,counting_probability,True,False,False,False,False,"[""counting"", ""unit_rate""]","[""nonzero"", ""probability""]",trigger
counting_probability_0df8c48c1a89daca,S03,math_train_counting_probability_85,counting_probability,True,False,False,False,False,[],"[""counting"", ""nonzero"", ""probability""]",trigger
counting_probability_0df8c48c1a89daca,S03,math_train_counting_probability_96,counting_probability,True,True,False,True,False,"[""probability"", ""rational"", ""triangle""]","[""counting"", ""nonzero""]",preconditions
counting_probability_0df8c48c1a89daca,S03,math_train_geometry_124,geometry,False,False,False,True,False,"[""circle"", ""rational""]","[""counting"", ""nonzero"", ""probability""]",subject
counting_probability_0df8c48c1a89daca,S03,math_train_geometry_139,geometry,False,False,False,True,False,"[""area"", ""circle""]","[""counting"", ""nonzero"", ""probability""]",subject
counting_probability_0df8c48c1a89daca,S03,math_train_geometry_145,geometry,False,False,False,True,False,"[""area"", ""triangle""]","[""counting"", ""nonzero"", ""probability""]",subject
counting_probability_0df8c48c1a89daca,S03,math_train_geometry_15,geometry,False,False,False,True,False,"[""circle""]","[""counting"", ""nonzero"", ""probability""]",subject
counting_probability_0df8c48c1a89daca,S03,math_train_geometry_159,geometry,False,False,False,True,False,"[""area"", ""rational"", ""unit_rate""]","[""counting"", ""nonzero"", ""probability""]",subject
counting_probability_0df8c48c1a89daca,S03,math_train_geometry_168,geometry,False,False,False,False,False,"[""integer"", ""positive"", ""prime""]","[""counting"", ""nonzero"", ""probability""]",subject
counting_probability_0df8c48c1a89daca,S03,math_train_geometry_169,geometry,False,False,False,True,False,"[""circle"", ""factorization""]","[""counting"", ""nonzero"", ""probability""]",subject
counting_probability_0df8c48c1a89daca,S03,math_train_geometry_202,geometry,False,False,False,True,False,"[""area"", ""circle""]","[""counting"", ""nonzero"", ""probability""]",subject
counting_probability_0df8c48c1a89daca,S03,math_train_geometry_203,geometry,False,False,False,True,False,"[""circle"", ""triangle""]","[""counting"", ""nonzero"", ""probability""]",subject
counting_probability_0df8c48c1a89daca,S03,math_train_geometry_212,geometry,False,False,False,True,False,"[""area"", ""ratio"", ""unit_rate""]","[""counting"", ""nonzero"", ""probability""]",subject
counting_probability_0df8c48c1a89daca,S03,math_train_geometry_238,geometry,False,False,False,False,False,"[""factorization""]","[""counting"", ""nonzero"", ""probability""]",subject
counting_probability_0df8c48c1a89daca,S03,math_train_geometry_25,geometry,False,False,False,False,False,[],"[""counting"", ""nonzero"", ""probability""]",subject
counting_probability_0df8c48c1a89daca,S03,math_train_geometry_279,geometry,False,False,False,True,False,"[""circle""]","[""counting"", ""nonzero"", ""probability""]",subject
counting_probability_0df8c48c1a89daca,S03,math_train_geometry_289,geometry,False,False,False,True,False,"[""area"", ""rational"", ""triangle""]","[""counting"", ""nonzero"", ""probability""]",subject
counting_probability_0df8c48c1a89daca,S03,math_train_geometry_294,geometry,False,False,False,False,False,"[""unit_rate""]","[""counting"", ""nonzero"", ""probability""]",subject
counting_probability_0df8c48c1a89daca,S03,math_train_geometry_30,geometry,False,False,False,True,False,"[""area"", ""triangle""]","[""counting"", ""nonzero"", ""probability""]",subject
counting_probability_0df8c48c1a89daca,S03,math_train_geometry_308,geometry,False,False,False,False,False,"[""rational""]","[""counting"", ""nonzero"", ""probability""]",subject
counting_probability_0df8c48c1a89daca,S03,math_train_geometry_316,geometry,False,False,False,True,False,"[""area"", ""modular"", ""unit_rate""]","[""counting"", ""nonzero"", ""probability""]",subject
counting_probability_0df8c48c1a89daca,S03,math_train_geometry_327,geometry,False,False,False,True,False,"[""circle"", ""unit_rate""]","[""counting"", ""nonzero"", ""probability""]",subject
counting_probability_0df8c48c1a89daca,S03,math_train_geometry_343,geometry,False,False,False,True,False,"[""trigonometric""]","[""counting"", ""nonzero"", ""probability""]",subject
counting_probability_0df8c48c1a89daca,S03,math_train_geometry_359,geometry,False,False,False,True,False,"[""divisibility"", ""triangle""]","[""counting"", ""nonzero"", ""probability""]",subject
counting_probability_0df8c48c1a89daca,S03,math_train_geometry_367,geometry,False,False,False,True,False,"[""area"", ""ratio"", ""triangle""]","[""counting"", ""nonzero"", ""probability""]",subject
counting_probability_0df8c48c1a89daca,S03,math_train_geometry_374,geometry,False,False,False,True,False,"[""circle"", ""triangle""]","[""counting"", ""nonzero"", ""probability""]",subject
counting_probability_0df8c48c1a89daca,S03,math_train_geometry_394,geometry,False,False,False,True,False,"[""circle""]","[""counting"", ""nonzero"", ""probability""]",subject
counting_probability_0df8c48c1a89daca,S03,math_train_geometry_396,geometry,False,False,False,True,False,"[""area""]","[""counting"", ""nonzero"", ""probability""]",subject
counting_probability_0df8c48c1a89daca,S03,math_train_geometry_400,geometry,False,False,False,True,False,"[""modular"", ""triangle"", ""unit_rate""]","[""counting"", ""nonzero"", ""probability""]",subject
counting_probability_0df8c48c1a89daca,S03,math_train_geometry_447,geometry,False,False,False,False,False,"[""unit_rate""]","[""counting"", ""nonzero"", ""probability""]",subject
counting_probability_0df8c48c1a89daca,S03,math_train_geometry_467,geometry,False,False,False,True,False,"[""circle"", ""triangle""]","[""counting"", ""nonzero"", ""probability""]",subject
counting_probability_0df8c48c1a89daca,S03,math_train_geometry_469,geometry,False,False,False,True,False,"[""circle"", ""divisibility"", ""integer"", ""positive"", ""prime""]","[""counting"", ""nonzero"", ""probability""]",subject
counting_probability_0df8c48c1a89daca,S03,math_train_geometry_473,geometry,False,False,False,False,False,"[""integer"", ""positive"", ""prime"", ""rational""]","[""counting"", ""nonzero"", ""probability""]",subject
counting_probability_0df8c48c1a89daca,S03,math_train_geometry_478,geometry,False,False,False,True,False,"[""circle"", ""triangle"", ""unit_rate""]","[""counting"", ""nonzero"", ""probability""]",subject
counting_probability_0df8c48c1a89daca,S03,math_train_geometry_528,geometry,False,False,False,True,False,"[""divisibility"", ""integer"", ""positive"", ""prime"", ""rational"", ""triangle""]","[""counting"", ""nonzero"", ""probability""]",subject
counting_probability_0df8c48c1a89daca,S03,math_train_geometry_539,geometry,False,False,False,True,False,"[""circle""]","[""counting"", ""nonzero"", ""probability""]",subject
counting_probability_0df8c48c1a89daca,S03,math_train_geometry_609,geometry,False,False,False,False,False,"[""rational""]","[""counting"", ""nonzero"", ""probability""]",subject
counting_probability_0df8c48c1a89daca,S03,math_train_geometry_611,geometry,False,False,False,True,False,"[""area"", ""circle"", ""quadratic"", ""ratio"", ""rational"", ""triangle""]","[""counting"", ""nonzero"", ""probability""]",subject
counting_probability_0df8c48c1a89daca,S03,math_train_geometry_623,geometry,False,False,False,True,False,"[""triangle""]","[""counting"", ""nonzero"", ""probability""]",subject
counting_probability_0df8c48c1a89daca,S03,math_train_geometry_673,geometry,False,False,False,True,False,"[""area"", ""circle""]","[""counting"", ""nonzero"", ""probability""]",subject
counting_probability_0df8c48c1a89daca,S03,math_train_geometry_737,geometry,False,False,False,True,False,"[""trigonometric""]","[""counting"", ""nonzero"", ""probability""]",subject
counting_probability_0df8c48c1a89daca,S03,math_train_geometry_74,geometry,False,False,False,False,False,[],"[""counting"", ""nonzero"", ""probability""]",subject
counting_probability_0df8c48c1a89daca,S03,math_train_geometry_760,geometry,False,False,False,True,False,"[""area""]","[""counting"", ""nonzero"", ""probability""]",subject
counting_probability_0df8c48c1a89daca,S03,math_train_geometry_775,geometry,False,False,False,True,False,"[""area""]","[""counting"", ""nonzero"", ""probability""]",subject
counting_probability_0df8c48c1a89daca,S03,math_train_geometry_789,geometry,False,False,False,True,False,"[""area"", ""unit_rate""]","[""counting"", ""nonzero"", ""probability""]",subject
counting_probability_0df8c48c1a89daca,S03,math_train_geometry_813,geometry,False,False,False,True,False,"[""modular"", ""triangle""]","[""counting"", ""nonzero"", ""probability""]",subject
counting_probability_0df8c48c1a89daca,S03,math_train_geometry_817,geometry,False,False,False,True,False,"[""area"", ""unit_rate""]","[""counting"", ""nonzero"", ""probability""]",subject
counting_probability_0df8c48c1a89daca,S03,math_train_geometry_820,geometry,False,False,False,False,False,"[""ratio"", ""rational""]","[""counting"", ""nonzero"", ""probability""]",subject
counting_probability_0df8c48c1a89daca,S03,math_train_geometry_836,geometry,False,False,False,False,False,[],"[""counting"", ""nonzero"", ""probability""]",subject
counting_probability_0df8c48c1a89daca,S03,math_train_geometry_845,geometry,False,False,False,False,False,[],"[""counting"", ""nonzero"", ""probability""]",subject
counting_probability_0df8c48c1a89daca,S03,math_train_geometry_849,geometry,False,False,False,True,False,"[""circle"", ""factorization""]","[""counting"", ""nonzero"", ""probability""]",subject
counting_probability_0df8c48c1a89daca,S03,math_train_geometry_855,geometry,False,False,False,True,False,"[""area""]","[""counting"", ""nonzero"", ""probability""]",subject
counting_probability_0df8c48c1a89daca,S03,math_train_geometry_863,geometry,False,False,False,True,False,"[""quadratic"", ""triangle""]","[""counting"", ""nonzero"", ""probability""]",subject
counting_probability_0df8c48c1a89daca,S03,math_train_intermediate_algebra_1034,intermediate_algebra,False,False,False,False,False,"[""positive""]","[""counting"", ""nonzero"", ""probability""]",subject
counting_probability_0df8c48c1a89daca,S03,math_train_intermediate_algebra_1059,intermediate_algebra,False,False,False,False,False,[],"[""counting"", ""nonzero"", ""probability""]",subject
counting_probability_0df8c48c1a89daca,S03,math_train_intermediate_algebra_1060,intermediate_algebra,False,False,False,False,False,[],"[""counting"", ""nonzero"", ""probability""]",subject
counting_probability_0df8c48c1a89daca,S03,math_train_intermediate_algebra_1103,intermediate_algebra,False,False,False,False,False,"[""rational""]","[""counting"", ""nonzero"", ""probability""]",subject
counting_probability_0df8c48c1a89daca,S03,math_train_intermediate_algebra_1115,intermediate_algebra,False,False,False,False,False,"[""quadratic""]","[""counting"", ""nonzero"", ""probability""]",subject
counting_probability_0df8c48c1a89daca,S03,math_train_intermediate_algebra_1145,intermediate_algebra,False,False,False,False,False,"[""positive"", ""rational""]","[""counting"", ""nonzero"", ""probability""]",subject
counting_probability_0df8c48c1a89daca,S03,math_train_intermediate_algebra_1156,intermediate_algebra,False,False,False,False,False,"[""quadratic"", ""rational""]","[""counting"", ""nonzero"", ""probability""]",subject
counting_probability_0df8c48c1a89daca,S03,math_train_intermediate_algebra_1164,intermediate_algebra,False,False,False,False,False,"[""quadratic""]","[""counting"", ""nonzero"", ""probability""]",subject
counting_probability_0df8c48c1a89daca,S03,math_train_intermediate_algebra_1183,intermediate_algebra,False,False,False,False,False,"[""integer"", ""positive"", ""quadratic""]","[""counting"", ""nonzero"", ""probability""]",subject
counting_probability_0df8c48c1a89daca,S03,math_train_intermediate_algebra_1292,intermediate_algebra,False,False,False,False,False,"[""equation"", ""quadratic"", ""ratio"", ""rational""]","[""counting"", ""nonzero"", ""probability""]",subject
counting_probability_0df8c48c1a89daca,S03,math_train_intermediate_algebra_164,intermediate_algebra,False,False,False,False,False,"[""composition""]","[""counting"", ""nonzero"", ""probability""]",subject
counting_probability_0df8c48c1a89daca,S03,math_train_intermediate_algebra_178,intermediate_algebra,False,False,False,False,False,"[""equation"", ""quadratic""]","[""counting"", ""nonzero"", ""probability""]",subject
counting_probability_0df8c48c1a89daca,S03,math_train_intermediate_algebra_181,intermediate_algebra,False,False,False,False,False,"[""integer"", ""positive""]","[""counting"", ""nonzero"", ""probability""]",subject
counting_probability_0df8c48c1a89daca,S03,math_train_intermediate_algebra_263,intermediate_algebra,False,False,False,False,False,"[""quadratic""]","[""counting"", ""nonzero"", ""probability""]",subject
counting_probability_0df8c48c1a89daca,S03,math_train_intermediate_algebra_275,intermediate_algebra,False,False,False,False,False,"[""quadratic""]","[""counting"", ""nonzero"", ""probability""]",subject
counting_probability_0df8c48c1a89daca,S03,math_train_intermediate_algebra_296,intermediate_algebra,False,False,False,False,False,"[""positive"", ""rational""]","[""counting"", ""nonzero"", ""probability""]",subject
counting_probability_0df8c48c1a89daca,S03,math_train_intermediate_algebra_300,intermediate_algebra,False,False,False,False,False,"[""nonzero"", ""polynomial"", ""ratio"", ""rational""]","[""counting"", ""probability""]",subject
counting_probability_0df8c48c1a89daca,S03,math_train_intermediate_algebra_315,intermediate_algebra,False,False,False,False,False,"[""rational""]","[""counting"", ""nonzero"", ""probability""]",subject
counting_probability_0df8c48c1a89daca,S03,math_train_intermediate_algebra_340,intermediate_algebra,False,False,False,False,False,[],"[""counting"", ""nonzero"", ""probability""]",subject
counting_probability_0df8c48c1a89daca,S03,math_train_intermediate_algebra_345,intermediate_algebra,False,False,False,False,False,[],"[""counting"", ""nonzero"", ""probability""]",subject
counting_probability_0df8c48c1a89daca,S03,math_train_intermediate_algebra_359,intermediate_algebra,False,False,False,False,False,"[""ratio"", ""rational""]","[""counting"", ""nonzero"", ""probability""]",subject
counting_probability_0df8c48c1a89daca,S03,math_train_intermediate_algebra_363,intermediate_algebra,False,False,False,False,False,"[""positive""]","[""counting"", ""nonzero"", ""probability""]",subject
counting_probability_0df8c48c1a89daca,S03,math_train_intermediate_algebra_39,intermediate_algebra,False,False,False,False,False,"[""quadratic""]","[""counting"", ""nonzero"", ""probability""]",subject
counting_probability_0df8c48c1a89daca,S03,math_train_intermediate_algebra_437,intermediate_algebra,False,False,False,False,False,"[""quadratic""]","[""counting"", ""nonzero"", ""probability""]",subject
counting_probability_0df8c48c1a89daca,S03,math_train_intermediate_algebra_452,intermediate_algebra,False,False,False,False,False,"[""positive"", ""quadratic""]","[""counting"", ""nonzero"", ""probability""]",subject
counting_probability_0df8c48c1a89daca,S03,math_train_intermediate_algebra_455,intermediate_algebra,False,False,False,False,False,"[""quadratic"", ""rational""]","[""counting"", ""nonzero"", ""probability""]",subject
counting_probability_0df8c48c1a89daca,S03,math_train_intermediate_algebra_473,intermediate_algebra,False,False,False,False,False,[],"[""counting"", ""nonzero"", ""probability""]",subject
counting_probability_0df8c48c1a89daca,S03,math_train_intermediate_algebra_503,intermediate_algebra,False,False,False,False,False,"[""integer"", ""unit_rate""]","[""counting"", ""nonzero"", ""probability""]",subject
counting_probability_0df8c48c1a89daca,S03,math_train_intermediate_algebra_532,intermediate_algebra,False,False,False,False,False,"[""equation"", ""quadratic"", ""ratio"", ""rational""]","[""counting"", ""nonzero"", ""probability""]",subject
counting_probability_0df8c48c1a89daca,S03,math_train_intermediate_algebra_542,intermediate_algebra,False,False,False,False,False,"[""polynomial"", ""quadratic""]","[""counting"", ""nonzero"", ""probability""]",subject
counting_probability_0df8c48c1a89daca,S03,math_train_intermediate_algebra_543,intermediate_algebra,False,False,False,False,False,"[""quadratic"", ""rational""]","[""counting"", ""nonzero"", ""probability""]",subject
counting_probability_0df8c48c1a89daca,S03,math_train_intermediate_algebra_556,intermediate_algebra,False,False,False,False,False,"[""equation"", ""integer"", ""positive"", ""quadratic""]","[""counting"", ""nonzero"", ""probability""]",subject
counting_probability_0df8c48c1a89daca,S03,math_train_intermediate_algebra_56,intermediate_algebra,False,False,False,False,False,"[""quadratic"", ""rational"", ""unit_rate""]","[""counting"", ""nonzero"", ""probability""]",subject
counting_probability_0df8c48c1a89daca,S03,math_train_intermediate_algebra_597,intermediate_algebra,False,False,False,False,False,"[""divisibility"", ""modular""]","[""counting"", ""nonzero"", ""probability""]",subject
counting_probability_0df8c48c1a89daca,S03,math_train_intermediate_algebra_598,intermediate_algebra,False,False,False,False,False,"[""rational""]","[""counting"", ""nonzero"", ""probability""]",subject
counting_probability_0df8c48c1a89daca,S03,math_train_intermediate_algebra_624,intermediate_algebra,False,False,False,False,False,"[""integer"", ""positive"", ""quadratic""]","[""counting"", ""nonzero"", ""probability""]",subject
counting_probability_0df8c48c1a89daca,S03,math_train_intermediate_algebra_653,intermediate_algebra,False,False,False,False,False,"[""divisibility"", ""modular""]","[""counting"", ""nonzero"", ""probability""]",subject
counting_probability_0df8c48c1a89daca,S03,math_train_intermediate_algebra_675,intermediate_algebra,False,False,False,False,False,[],"[""counting"", ""nonzero"", ""probability""]",subject
counting_probability_0df8c48c1a89daca,S03,math_train_intermediate_algebra_702,intermediate_algebra,False,False,False,False,False,[],"[""counting"", ""nonzero"", ""probability""]",subject
counting_probability_0df8c48c1a89daca,S03,math_train_intermediate_algebra_706,intermediate_algebra,False,False,False,False,False,"[""equation"", ""integer"", ""quadratic"", ""rational""]","[""counting"", ""nonzero"", ""probability""]",subject
counting_probability_0df8c48c1a89daca,S03,math_train_intermediate_algebra_720,intermediate_algebra,False,False,False,False,False,"[""nonzero"", ""polynomial"", ""quadratic"", ""rational""]","[""counting"", ""probability""]",subject
counting_probability_0df8c48c1a89daca,S03,math_train_intermediate_algebra_760,intermediate_algebra,False,False,False,False,False,"[""integer""]","[""counting"", ""nonzero"", ""probability""]",subject
counting_probability_0df8c48c1a89daca,S03,math_train_intermediate_algebra_78,intermediate_algebra,False,False,False,False,False,"[""rational""]","[""counting"", ""nonzero"", ""probability""]",subject
counting_probability_0df8c48c1a89daca,S03,math_train_intermediate_algebra_899,intermediate_algebra,False,False,False,False,False,"[""equation"", ""integer"", ""polynomial"", ""ratio"", ""rational""]","[""counting"", ""nonzero"", ""probability""]",subject
counting_probability_0df8c48c1a89daca,S03,math_train_intermediate_algebra_922,intermediate_algebra,False,False,False,False,False,"[""positive"", ""rational""]","[""counting"", ""nonzero"", ""probability""]",subject
counting_probability_0df8c48c1a89daca,S03,math_train_intermediate_algebra_954,intermediate_algebra,False,False,False,False,False,"[""factorization"", ""quadratic""]","[""counting"", ""nonzero"", ""probability""]",subject
counting_probability_0df8c48c1a89daca,S03,math_train_intermediate_algebra_967,intermediate_algebra,False,False,False,False,False,"[""divisibility"", ""quadratic""]","[""counting"", ""nonzero"", ""probability""]",subject
counting_probability_0df8c48c1a89daca,S03,math_train_intermediate_algebra_974,intermediate_algebra,False,False,False,False,False,"[""rational""]","[""counting"", ""nonzero"", ""probability""]",subject
counting_probability_0df8c48c1a89daca,S03,math_train_intermediate_algebra_993,intermediate_algebra,False,False,False,False,False,"[""divisibility"", ""modular"", ""polynomial""]","[""counting"", ""nonzero"", ""probability""]",subject
counting_probability_0df8c48c1a89daca,S03,math_train_intermediate_algebra_999,intermediate_algebra,False,False,False,False,False,"[""polynomial"", ""quadratic""]","[""counting"", ""nonzero"", ""probability""]",subject
counting_probability_0df8c48c1a89daca,S03,math_train_number_theory_101,number_theory,False,True,False,False,False,"[""modular"", ""probability""]","[""counting"", ""nonzero""]",subject
counting_probability_0df8c48c1a89daca,S03,math_train_number_theory_113,number_theory,False,False,False,False,False,"[""divisibility""]","[""counting"", ""nonzero"", ""probability""]",subject
counting_probability_0df8c48c1a89daca,S03,math_train_number_theory_153,number_theory,False,False,False,False,False,"[""integer"", ""positive""]","[""counting"", ""nonzero"", ""probability""]",subject
counting_probability_0df8c48c1a89daca,S03,math_train_number_theory_175,number_theory,False,False,False,False,False,"[""positive""]","[""counting"", ""nonzero"", ""probability""]",subject
counting_probability_0df8c48c1a89daca,S03,math_train_number_theory_181,number_theory,False,False,False,False,False,"[""positive""]","[""counting"", ""nonzero"", ""probability""]",subject
counting_probability_0df8c48c1a89daca,S03,math_train_number_theory_187,number_theory,False,False,False,False,False,"[""divisibility""]","[""counting"", ""nonzero"", ""probability""]",subject
counting_probability_0df8c48c1a89daca,S03,math_train_number_theory_196,number_theory,False,False,False,False,False,"[""unit_rate""]","[""counting"", ""nonzero"", ""probability""]",subject
counting_probability_0df8c48c1a89daca,S03,math_train_number_theory_203,number_theory,False,False,False,False,False,"[""factorization"", ""positive""]","[""counting"", ""nonzero"", ""probability""]",subject
counting_probability_0df8c48c1a89daca,S03,math_train_number_theory_221,number_theory,False,False,False,False,False,"[""quadratic""]","[""counting"", ""nonzero"", ""probability""]",subject
counting_probability_0df8c48c1a89daca,S03,math_train_number_theory_229,number_theory,False,False,False,False,False,"[""integer""]","[""counting"", ""nonzero"", ""probability""]",subject
counting_probability_0df8c48c1a89daca,S03,math_train_number_theory_237,number_theory,False,False,False,False,False,"[""divisibility"", ""modular""]","[""counting"", ""nonzero"", ""probability""]",subject
counting_probability_0df8c48c1a89daca,S03,math_train_number_theory_252,number_theory,False,False,False,False,False,[],"[""counting"", ""nonzero"", ""probability""]",subject
counting_probability_0df8c48c1a89daca,S03,math_train_number_theory_257,number_theory,False,False,False,False,False,"[""integer"", ""rational""]","[""counting"", ""nonzero"", ""probability""]",subject
counting_probability_0df8c48c1a89daca,S03,math_train_number_theory_272,number_theory,False,False,False,False,False,"[""factorization""]","[""counting"", ""nonzero"", ""probability""]",subject
counting_probability_0df8c48c1a89daca,S03,math_train_number_theory_274,number_theory,False,False,False,False,False,"[""divisibility"", ""integer"", ""positive""]","[""counting"", ""nonzero"", ""probability""]",subject
counting_probability_0df8c48c1a89daca,S03,math_train_number_theory_282,number_theory,False,False,False,False,False,"[""divisibility"", ""integer"", ""modular"", ""positive""]","[""counting"", ""nonzero"", ""probability""]",subject
counting_probability_0df8c48c1a89daca,S03,math_train_number_theory_297,number_theory,False,False,False,False,False,"[""divisibility"", ""modular""]","[""counting"", ""nonzero"", ""probability""]",subject
counting_probability_0df8c48c1a89daca,S03,math_train_number_theory_298,number_theory,False,False,False,False,False,[],"[""counting"", ""nonzero"", ""probability""]",subject
counting_probability_0df8c48c1a89daca,S03,math_train_number_theory_329,number_theory,False,False,False,False,False,[],"[""counting"", ""nonzero"", ""probability""]",subject
counting_probability_0df8c48c1a89daca,S03,math_train_number_theory_339,number_theory,False,False,False,False,False,"[""integer"", ""modular""]","[""counting"", ""nonzero"", ""probability""]",subject
counting_probability_0df8c48c1a89daca,S03,math_train_number_theory_366,number_theory,False,False,False,False,False,"[""integer"", ""modular""]","[""counting"", ""nonzero"", ""probability""]",subject
counting_probability_0df8c48c1a89daca,S03,math_train_number_theory_371,number_theory,False,False,False,False,False,"[""gcd_lcm"", ""integer"", ""positive"", ""quadratic""]","[""counting"", ""nonzero"", ""probability""]",subject
counting_probability_0df8c48c1a89daca,S03,math_train_number_theory_374,number_theory,False,False,False,False,False,"[""counting""]","[""nonzero"", ""probability""]",subject
counting_probability_0df8c48c1a89daca,S03,math_train_number_theory_403,number_theory,False,False,False,False,False,"[""gcd_lcm"", ""integer"", ""positive"", ""rational""]","[""counting"", ""nonzero"", ""probability""]",subject
counting_probability_0df8c48c1a89daca,S03,math_train_number_theory_448,number_theory,False,False,False,False,False,"[""divisibility""]","[""counting"", ""nonzero"", ""probability""]",subject
counting_probability_0df8c48c1a89daca,S03,math_train_number_theory_490,number_theory,False,False,False,False,False,"[""factorization"", ""gcd_lcm"", ""prime""]","[""counting"", ""nonzero"", ""probability""]",subject
counting_probability_0df8c48c1a89daca,S03,math_train_number_theory_51,number_theory,False,False,False,False,False,"[""positive""]","[""counting"", ""nonzero"", ""probability""]",subject
counting_probability_0df8c48c1a89daca,S03,math_train_number_theory_510,number_theory,False,False,False,False,False,"[""prime""]","[""counting"", ""nonzero"", ""probability""]",subject
counting_probability_0df8c48c1a89daca,S03,math_train_number_theory_528,number_theory,False,False,False,False,False,"[""integer""]","[""counting"", ""nonzero"", ""probability""]",subject
counting_probability_0df8c48c1a89daca,S03,math_train_number_theory_541,number_theory,False,False,False,False,False,"[""divisibility""]","[""counting"", ""nonzero"", ""probability""]",subject
counting_probability_0df8c48c1a89daca,S03,math_train_number_theory_555,number_theory,False,False,False,False,False,"[""divisibility"", ""integer"", ""positive""]","[""counting"", ""nonzero"", ""probability""]",subject
counting_probability_0df8c48c1a89daca,S03,math_train_number_theory_576,number_theory,False,False,False,False,False,"[""integer"", ""positive"", ""rational""]","[""counting"", ""nonzero"", ""probability""]",subject
counting_probability_0df8c48c1a89daca,S03,math_train_number_theory_598,number_theory,False,False,False,False,False,[],"[""counting"", ""nonzero"", ""probability""]",subject
counting_probability_0df8c48c1a89daca,S03,math_train_number_theory_608,number_theory,False,False,False,False,False,"[""positive""]","[""counting"", ""nonzero"", ""probability""]",subject
counting_probability_0df8c48c1a89daca,S03,math_train_number_theory_617,number_theory,False,False,False,False,False,"[""prime""]","[""counting"", ""nonzero"", ""probability""]",subject
counting_probability_0df8c48c1a89daca,S03,math_train_number_theory_629,number_theory,False,False,False,False,False,"[""integer""]","[""counting"", ""nonzero"", ""probability""]",subject
counting_probability_0df8c48c1a89daca,S03,math_train_number_theory_653,number_theory,False,False,False,False,False,"[""divisibility"", ""integer"", ""modular""]","[""counting"", ""nonzero"", ""probability""]",subject
counting_probability_0df8c48c1a89daca,S03,math_train_number_theory_691,number_theory,False,False,False,False,False,"[""divisibility""]","[""counting"", ""nonzero"", ""probability""]",subject
counting_probability_0df8c48c1a89daca,S03,math_train_number_theory_705,number_theory,False,False,False,False,False,"[""rational""]","[""counting"", ""nonzero"", ""probability""]",subject
counting_probability_0df8c48c1a89daca,S03,math_train_number_theory_713,number_theory,False,False,False,False,False,"[""integer"", ""positive"", ""rational""]","[""counting"", ""nonzero"", ""probability""]",subject
counting_probability_0df8c48c1a89daca,S03,math_train_number_theory_717,number_theory,False,False,False,False,False,"[""divisibility"", ""integer"", ""modular""]","[""counting"", ""nonzero"", ""probability""]",subject
counting_probability_0df8c48c1a89daca,S03,math_train_number_theory_733,number_theory,False,False,False,False,False,"[""gcd_lcm""]","[""counting"", ""nonzero"", ""probability""]",subject
counting_probability_0df8c48c1a89daca,S03,math_train_number_theory_740,number_theory,False,False,False,False,False,"[""integer""]","[""counting"", ""nonzero"", ""probability""]",subject
counting_probability_0df8c48c1a89daca,S03,math_train_number_theory_741,number_theory,False,False,False,False,False,"[""divisibility"", ""modular""]","[""counting"", ""nonzero"", ""probability""]",subject
counting_probability_0df8c48c1a89daca,S03,math_train_number_theory_744,number_theory,False,False,False,False,False,"[""counting"", ""factorization"", ""positive"", ""prime""]","[""nonzero"", ""probability""]",subject
counting_probability_0df8c48c1a89daca,S03,math_train_number_theory_78,number_theory,False,False,False,False,False,"[""integer"", ""modular""]","[""counting"", ""nonzero"", ""probability""]",subject
counting_probability_0df8c48c1a89daca,S03,math_train_number_theory_818,number_theory,False,False,False,False,False,[],"[""counting"", ""nonzero"", ""probability""]",subject
counting_probability_0df8c48c1a89daca,S03,math_train_number_theory_828,number_theory,False,False,False,False,False,"[""gcd_lcm""]","[""counting"", ""nonzero"", ""probability""]",subject
counting_probability_0df8c48c1a89daca,S03,math_train_number_theory_83,number_theory,False,False,False,False,False,"[""integer"", ""modular"", ""positive""]","[""counting"", ""nonzero"", ""probability""]",subject
counting_probability_0df8c48c1a89daca,S03,math_train_number_theory_848,number_theory,False,False,False,False,False,"[""divisibility"", ""modular""]","[""counting"", ""nonzero"", ""probability""]",subject
counting_probability_0df8c48c1a89daca,S03,math_train_prealgebra_1012,prealgebra,False,False,False,False,False,"[""unit_rate""]","[""counting"", ""nonzero"", ""probability""]",subject
counting_probability_0df8c48c1a89daca,S03,math_train_prealgebra_1021,prealgebra,False,False,False,False,False,[],"[""counting"", ""nonzero"", ""probability""]",subject
counting_probability_0df8c48c1a89daca,S03,math_train_prealgebra_1023,prealgebra,False,False,False,True,False,"[""area""]","[""counting"", ""nonzero"", ""probability""]",subject
counting_probability_0df8c48c1a89daca,S03,math_train_prealgebra_105,prealgebra,False,False,False,False,False,"[""unit_rate""]","[""counting"", ""nonzero"", ""probability""]",subject
counting_probability_0df8c48c1a89daca,S03,math_train_prealgebra_1072,prealgebra,False,False,False,True,False,"[""area""]","[""counting"", ""nonzero"", ""probability""]",subject
counting_probability_0df8c48c1a89daca,S03,math_train_prealgebra_1079,prealgebra,False,False,False,False,False,[],"[""counting"", ""nonzero"", ""probability""]",subject
counting_probability_0df8c48c1a89daca,S03,math_train_prealgebra_1107,prealgebra,False,False,False,True,False,"[""area"", ""circle""]","[""counting"", ""nonzero"", ""probability""]",subject
counting_probability_0df8c48c1a89daca,S03,math_train_prealgebra_1140,prealgebra,False,False,False,False,False,[],"[""counting"", ""nonzero"", ""probability""]",subject
counting_probability_0df8c48c1a89daca,S03,math_train_prealgebra_116,prealgebra,False,False,False,False,False,[],"[""counting"", ""nonzero"", ""probability""]",subject
counting_probability_0df8c48c1a89daca,S03,math_train_prealgebra_1184,prealgebra,False,False,False,False,False,"[""equation"", ""rational""]","[""counting"", ""nonzero"", ""probability""]",subject
counting_probability_0df8c48c1a89daca,S03,math_train_prealgebra_125,prealgebra,False,False,False,False,False,"[""counting"", ""unit_rate""]","[""nonzero"", ""probability""]",subject
counting_probability_0df8c48c1a89daca,S03,math_train_prealgebra_158,prealgebra,False,False,False,False,False,[],"[""counting"", ""nonzero"", ""probability""]",subject
counting_probability_0df8c48c1a89daca,S03,math_train_prealgebra_167,prealgebra,False,False,False,False,False,"[""rational""]","[""counting"", ""nonzero"", ""probability""]",subject
counting_probability_0df8c48c1a89daca,S03,math_train_prealgebra_206,prealgebra,False,False,False,True,False,"[""area"", ""circle"", ""ratio"", ""rational""]","[""counting"", ""nonzero"", ""probability""]",subject
counting_probability_0df8c48c1a89daca,S03,math_train_prealgebra_219,prealgebra,False,False,False,False,False,[],"[""counting"", ""nonzero"", ""probability""]",subject
counting_probability_0df8c48c1a89daca,S03,math_train_prealgebra_23,prealgebra,False,False,False,False,False,"[""rational""]","[""counting"", ""nonzero"", ""probability""]",subject
counting_probability_0df8c48c1a89daca,S03,math_train_prealgebra_231,prealgebra,False,False,False,True,False,"[""circle""]","[""counting"", ""nonzero"", ""probability""]",subject
counting_probability_0df8c48c1a89daca,S03,math_train_prealgebra_235,prealgebra,False,False,False,False,False,"[""counting""]","[""nonzero"", ""probability""]",subject
counting_probability_0df8c48c1a89daca,S03,math_train_prealgebra_307,prealgebra,False,False,False,True,False,"[""area""]","[""counting"", ""nonzero"", ""probability""]",subject
counting_probability_0df8c48c1a89daca,S03,math_train_prealgebra_321,prealgebra,False,False,False,False,False,[],"[""counting"", ""nonzero"", ""probability""]",subject
counting_probability_0df8c48c1a89daca,S03,math_train_prealgebra_35,prealgebra,False,False,False,False,False,[],"[""counting"", ""nonzero"", ""probability""]",subject
counting_probability_0df8c48c1a89daca,S03,math_train_prealgebra_361,prealgebra,False,False,False,False,False,"[""ratio"", ""unit_rate""]","[""counting"", ""nonzero"", ""probability""]",subject
counting_probability_0df8c48c1a89daca,S03,math_train_prealgebra_379,prealgebra,False,False,False,False,False,[],"[""counting"", ""nonzero"", ""probability""]",subject
counting_probability_0df8c48c1a89daca,S03,math_train_prealgebra_412,prealgebra,False,False,False,False,False,[],"[""counting"", ""nonzero"", ""probability""]",subject
counting_probability_0df8c48c1a89daca,S03,math_train_prealgebra_427,prealgebra,False,False,False,False,False,[],"[""counting"", ""nonzero"", ""probability""]",subject
counting_probability_0df8c48c1a89daca,S03,math_train_prealgebra_43,prealgebra,False,False,False,True,False,"[""area"", ""triangle""]","[""counting"", ""nonzero"", ""probability""]",subject
counting_probability_0df8c48c1a89daca,S03,math_train_prealgebra_431,prealgebra,False,False,False,False,False,[],"[""counting"", ""nonzero"", ""probability""]",subject
counting_probability_0df8c48c1a89daca,S03,math_train_prealgebra_438,prealgebra,False,False,False,False,False,[],"[""counting"", ""nonzero"", ""probability""]",subject
counting_probability_0df8c48c1a89daca,S03,math_train_prealgebra_443,prealgebra,False,False,False,False,False,[],"[""counting"", ""nonzero"", ""probability""]",subject
counting_probability_0df8c48c1a89daca,S03,math_train_prealgebra_465,prealgebra,False,False,False,False,False,"[""integer"", ""positive""]","[""counting"", ""nonzero"", ""probability""]",subject
counting_probability_0df8c48c1a89daca,S03,math_train_prealgebra_514,prealgebra,False,False,False,False,False,[],"[""counting"", ""nonzero"", ""probability""]",subject
counting_probability_0df8c48c1a89daca,S03,math_train_prealgebra_515,prealgebra,False,False,False,False,False,[],"[""counting"", ""nonzero"", ""probability""]",subject
counting_probability_0df8c48c1a89daca,S03,math_train_prealgebra_527,prealgebra,False,False,False,True,False,"[""area""]","[""counting"", ""nonzero"", ""probability""]",subject
counting_probability_0df8c48c1a89daca,S03,math_train_prealgebra_549,prealgebra,False,False,False,True,False,"[""triangle""]","[""counting"", ""nonzero"", ""probability""]",subject
counting_probability_0df8c48c1a89daca,S03,math_train_prealgebra_557,prealgebra,False,False,False,False,False,[],"[""counting"", ""nonzero"", ""probability""]",subject
counting_probability_0df8c48c1a89daca,S03,math_train_prealgebra_561,prealgebra,False,False,False,False,False,"[""unit_rate""]","[""counting"", ""nonzero"", ""probability""]",subject
counting_probability_0df8c48c1a89daca,S03,math_train_prealgebra_594,prealgebra,False,False,False,False,False,[],"[""counting"", ""nonzero"", ""probability""]",subject
counting_probability_0df8c48c1a89daca,S03,math_train_prealgebra_596,prealgebra,False,False,False,False,False,"[""counting""]","[""nonzero"", ""probability""]",subject
counting_probability_0df8c48c1a89daca,S03,math_train_prealgebra_621,prealgebra,False,False,False,False,False,"[""rational""]","[""counting"", ""nonzero"", ""probability""]",subject
counting_probability_0df8c48c1a89daca,S03,math_train_prealgebra_721,prealgebra,False,False,False,False,False,"[""divisibility""]","[""counting"", ""nonzero"", ""probability""]",subject
counting_probability_0df8c48c1a89daca,S03,math_train_prealgebra_738,prealgebra,False,False,False,False,False,[],"[""counting"", ""nonzero"", ""probability""]",subject
counting_probability_0df8c48c1a89daca,S03,math_train_prealgebra_750,prealgebra,False,False,False,False,False,"[""rational""]","[""counting"", ""nonzero"", ""probability""]",subject
counting_probability_0df8c48c1a89daca,S03,math_train_prealgebra_769,prealgebra,False,False,False,False,False,[],"[""counting"", ""nonzero"", ""probability""]",subject
counting_probability_0df8c48c1a89daca,S03,math_train_prealgebra_86,prealgebra,False,False,False,True,False,"[""area"", ""circle"", ""integer""]","[""counting"", ""nonzero"", ""probability""]",subject
counting_probability_0df8c48c1a89daca,S03,math_train_prealgebra_895,prealgebra,False,False,False,False,False,"[""integer"", ""positive""]","[""counting"", ""nonzero"", ""probability""]",subject
counting_probability_0df8c48c1a89daca,S03,math_train_prealgebra_91,prealgebra,False,False,False,False,False,[],"[""counting"", ""nonzero"", ""probability""]",subject
counting_probability_0df8c48c1a89daca,S03,math_train_prealgebra_913,prealgebra,False,False,False,False,False,[],"[""counting"", ""nonzero"", ""probability""]",subject
counting_probability_0df8c48c1a89daca,S03,math_train_prealgebra_921,prealgebra,False,False,False,False,False,[],"[""counting"", ""nonzero"", ""probability""]",subject
counting_probability_0df8c48c1a89daca,S03,math_train_prealgebra_953,prealgebra,False,False,False,False,False,[],"[""counting"", ""nonzero"", ""probability""]",subject
counting_probability_0df8c48c1a89daca,S03,math_train_prealgebra_972,prealgebra,False,False,False,True,False,"[""area"", ""circle"", ""quadratic""]","[""counting"", ""nonzero"", ""probability""]",subject
counting_probability_0df8c48c1a89daca,S03,math_train_precalculus_106,precalculus,False,False,False,True,False,"[""area"", ""triangle""]","[""counting"", ""nonzero"", ""probability""]",subject
counting_probability_0df8c48c1a89daca,S03,math_train_precalculus_108,precalculus,False,False,False,False,False,[],"[""counting"", ""nonzero"", ""probability""]",subject
counting_probability_0df8c48c1a89daca,S03,math_train_precalculus_114,precalculus,False,False,False,False,False,[],"[""counting"", ""nonzero"", ""probability""]",subject
counting_probability_0df8c48c1a89daca,S03,math_train_precalculus_118,precalculus,False,False,False,True,False,"[""rational"", ""trigonometric""]","[""counting"", ""nonzero"", ""probability""]",subject
counting_probability_0df8c48c1a89daca,S03,math_train_precalculus_119,precalculus,False,False,False,True,False,"[""trigonometric""]","[""counting"", ""nonzero"", ""probability""]",subject
counting_probability_0df8c48c1a89daca,S03,math_train_precalculus_189,precalculus,False,False,False,False,False,"[""quadratic"", ""rational""]","[""counting"", ""nonzero"", ""probability""]",subject
counting_probability_0df8c48c1a89daca,S03,math_train_precalculus_2,precalculus,False,False,False,False,False,[],"[""counting"", ""nonzero"", ""probability""]",subject
counting_probability_0df8c48c1a89daca,S03,math_train_precalculus_205,precalculus,False,False,False,False,False,[],"[""counting"", ""nonzero"", ""probability""]",subject
counting_probability_0df8c48c1a89daca,S03,math_train_precalculus_215,precalculus,False,False,False,False,False,[],"[""counting"", ""nonzero"", ""probability""]",subject
counting_probability_0df8c48c1a89daca,S03,math_train_precalculus_22,precalculus,False,False,False,False,False,[],"[""counting"", ""nonzero"", ""probability""]",subject
counting_probability_0df8c48c1a89daca,S03,math_train_precalculus_230,precalculus,False,False,False,True,False,"[""area"", ""triangle""]","[""counting"", ""nonzero"", ""probability""]",subject
counting_probability_0df8c48c1a89daca,S03,math_train_precalculus_238,precalculus,False,False,False,False,False,[],"[""counting"", ""nonzero"", ""probability""]",subject
counting_probability_0df8c48c1a89daca,S03,math_train_precalculus_250,precalculus,False,False,False,True,False,"[""circle"", ""equation"", ""rational"", ""trigonometric""]","[""counting"", ""nonzero"", ""probability""]",subject
counting_probability_0df8c48c1a89daca,S03,math_train_precalculus_259,precalculus,False,False,False,False,False,[],"[""counting"", ""nonzero"", ""probability""]",subject
counting_probability_0df8c48c1a89daca,S03,math_train_precalculus_27,precalculus,False,False,False,True,False,"[""triangle""]","[""counting"", ""nonzero"", ""probability""]",subject
counting_probability_0df8c48c1a89daca,S03,math_train_precalculus_293,precalculus,False,False,False,True,False,"[""area"", ""triangle""]","[""counting"", ""nonzero"", ""probability""]",subject
counting_probability_0df8c48c1a89daca,S03,math_train_precalculus_349,precalculus,False,False,False,True,False,"[""circle"", ""equation""]","[""counting"", ""nonzero"", ""probability""]",subject
counting_probability_0df8c48c1a89daca,S03,math_train_precalculus_355,precalculus,False,False,False,True,False,"[""circle""]","[""counting"", ""nonzero"", ""probability""]",subject
counting_probability_0df8c48c1a89daca,S03,math_train_precalculus_415,precalculus,False,False,False,True,False,"[""area"", ""triangle""]","[""counting"", ""nonzero"", ""probability""]",subject
counting_probability_0df8c48c1a89daca,S03,math_train_precalculus_419,precalculus,False,False,False,True,False,"[""quadratic"", ""triangle""]","[""counting"", ""nonzero"", ""probability""]",subject
counting_probability_0df8c48c1a89daca,S03,math_train_precalculus_423,precalculus,False,False,False,False,False,[],"[""counting"", ""nonzero"", ""probability""]",subject
counting_probability_0df8c48c1a89daca,S03,math_train_precalculus_445,precalculus,False,False,False,True,False,"[""triangle"", ""unit_rate""]","[""counting"", ""nonzero"", ""probability""]",subject
counting_probability_0df8c48c1a89daca,S03,math_train_precalculus_461,precalculus,False,False,False,False,False,[],"[""counting"", ""nonzero"", ""probability""]",subject
counting_probability_0df8c48c1a89daca,S03,math_train_precalculus_471,precalculus,False,False,False,True,False,"[""trigonometric""]","[""counting"", ""nonzero"", ""probability""]",subject
counting_probability_0df8c48c1a89daca,S03,math_train_precalculus_479,precalculus,False,False,False,False,False,"[""gcd_lcm"", ""integer"", ""rational""]","[""counting"", ""nonzero"", ""probability""]",subject
counting_probability_0df8c48c1a89daca,S03,math_train_precalculus_492,precalculus,False,False,False,False,False,"[""rational""]","[""counting"", ""nonzero"", ""probability""]",subject
counting_probability_0df8c48c1a89daca,S03,math_train_precalculus_505,precalculus,False,False,False,False,False,"[""integer"", ""nonzero"", ""quadratic""]","[""counting"", ""probability""]",subject
counting_probability_0df8c48c1a89daca,S03,math_train_precalculus_512,precalculus,False,False,False,False,False,"[""rational""]","[""counting"", ""nonzero"", ""probability""]",subject
counting_probability_0df8c48c1a89daca,S03,math_train_precalculus_517,precalculus,False,False,False,False,False,"[""quadratic""]","[""counting"", ""nonzero"", ""probability""]",subject
counting_probability_0df8c48c1a89daca,S03,math_train_precalculus_52,precalculus,False,False,False,False,False,"[""quadratic""]","[""counting"", ""nonzero"", ""probability""]",subject
counting_probability_0df8c48c1a89daca,S03,math_train_precalculus_522,precalculus,False,False,False,False,False,[],"[""counting"", ""nonzero"", ""probability""]",subject
counting_probability_0df8c48c1a89daca,S03,math_train_precalculus_523,precalculus,False,False,False,True,False,"[""quadratic"", ""trigonometric""]","[""counting"", ""nonzero"", ""probability""]",subject
counting_probability_0df8c48c1a89daca,S03,math_train_precalculus_557,precalculus,False,False,False,False,False,[],"[""counting"", ""nonzero"", ""probability""]",subject
counting_probability_0df8c48c1a89daca,S03,math_train_precalculus_559,precalculus,False,False,False,True,False,"[""rational"", ""trigonometric""]","[""counting"", ""nonzero"", ""probability""]",subject
counting_probability_0df8c48c1a89daca,S03,math_train_precalculus_565,precalculus,False,False,False,False,False,[],"[""counting"", ""nonzero"", ""probability""]",subject
counting_probability_0df8c48c1a89daca,S03,math_train_precalculus_568,precalculus,False,False,False,False,False,"[""integer"", ""positive"", ""rational""]","[""counting"", ""nonzero"", ""probability""]",subject
counting_probability_0df8c48c1a89daca,S03,math_train_precalculus_574,precalculus,False,False,False,False,False,[],"[""counting"", ""nonzero"", ""probability""]",subject
counting_probability_0df8c48c1a89daca,S03,math_train_precalculus_622,precalculus,False,False,False,True,False,"[""integer"", ""rational"", ""trigonometric""]","[""counting"", ""nonzero"", ""probability""]",subject
counting_probability_0df8c48c1a89daca,S03,math_train_precalculus_628,precalculus,False,False,False,False,False,"[""integer"", ""quadratic""]","[""counting"", ""nonzero"", ""probability""]",subject
counting_probability_0df8c48c1a89daca,S03,math_train_precalculus_646,precalculus,False,False,False,False,False,[],"[""counting"", ""nonzero"", ""probability""]",subject
counting_probability_0df8c48c1a89daca,S03,math_train_precalculus_650,precalculus,False,False,False,False,False,[],"[""counting"", ""nonzero"", ""probability""]",subject
counting_probability_0df8c48c1a89daca,S03,math_train_precalculus_656,precalculus,False,False,False,True,False,"[""trigonometric""]","[""counting"", ""nonzero"", ""probability""]",subject
counting_probability_0df8c48c1a89daca,S03,math_train_precalculus_687,precalculus,False,False,False,False,False,[],"[""counting"", ""nonzero"", ""probability""]",subject
counting_probability_0df8c48c1a89daca,S03,math_train_precalculus_718,precalculus,False,False,False,False,False,"[""nonzero"", ""quadratic"", ""rational""]","[""counting"", ""probability""]",subject
counting_probability_0df8c48c1a89daca,S03,math_train_precalculus_72,precalculus,False,False,False,False,False,"[""polynomial"", ""unit_rate""]","[""counting"", ""nonzero"", ""probability""]",subject
counting_probability_0df8c48c1a89daca,S03,math_train_precalculus_723,precalculus,False,False,False,True,False,"[""area"", ""triangle""]","[""counting"", ""nonzero"", ""probability""]",subject
counting_probability_0df8c48c1a89daca,S03,math_train_precalculus_726,precalculus,False,False,False,False,False,[],"[""counting"", ""nonzero"", ""probability""]",subject
counting_probability_0df8c48c1a89daca,S03,math_train_precalculus_733,precalculus,False,False,False,True,False,"[""trigonometric""]","[""counting"", ""nonzero"", ""probability""]",subject
counting_probability_0df8c48c1a89daca,S03,math_train_precalculus_8,precalculus,False,False,False,False,False,[],"[""counting"", ""nonzero"", ""probability""]",subject
counting_probability_0df8c48c1a89daca,S03,math_train_precalculus_88,precalculus,False,False,False,True,False,"[""integer"", ""trigonometric""]","[""counting"", ""nonzero"", ""probability""]",subject
counting_probability_669101e83d955915,S04,math_train_algebra_1010,algebra,False,False,False,False,False,"[""equation"", ""rational""]","[""counting""]",subject
counting_probability_669101e83d955915,S04,math_train_algebra_1018,algebra,False,False,False,False,False,"[""rational""]","[""counting""]",subject
counting_probability_669101e83d955915,S04,math_train_algebra_1026,algebra,False,False,False,False,False,"[""equation"", ""quadratic"", ""rational"", ""unit_rate""]","[""counting""]",subject
counting_probability_669101e83d955915,S04,math_train_algebra_1079,algebra,False,False,False,False,False,[],"[""counting""]",subject
counting_probability_669101e83d955915,S04,math_train_algebra_1119,algebra,False,False,False,False,False,"[""integer"", ""quadratic""]","[""counting""]",subject
counting_probability_669101e83d955915,S04,math_train_algebra_117,algebra,False,False,False,False,False,[],"[""counting""]",subject
counting_probability_669101e83d955915,S04,math_train_algebra_1250,algebra,False,False,False,False,False,"[""rational""]","[""counting""]",subject
counting_probability_669101e83d955915,S04,math_train_algebra_1327,algebra,False,False,False,False,False,"[""area"", ""integer""]","[""counting""]",subject
counting_probability_669101e83d955915,S04,math_train_algebra_1334,algebra,False,False,False,False,False,[],"[""counting""]",subject
counting_probability_669101e83d955915,S04,math_train_algebra_136,algebra,False,False,False,False,False,"[""rational"", ""unit_rate""]","[""counting""]",subject
counting_probability_669101e83d955915,S04,math_train_algebra_1460,algebra,False,False,False,False,False,"[""positive"", ""rational""]","[""counting""]",subject
counting_probability_669101e83d955915,S04,math_train_algebra_1469,algebra,False,False,False,False,False,"[""equation"", ""quadratic""]","[""counting""]",subject
counting_probability_669101e83d955915,S04,math_train_algebra_152,algebra,False,False,False,False,False,[],"[""counting""]",subject
counting_probability_669101e83d955915,S04,math_train_algebra_1538,algebra,False,False,False,False,False,[],"[""counting""]",subject
counting_probability_669101e83d955915,S04,math_train_algebra_1599,algebra,False,False,False,False,False,[],"[""counting""]",subject
counting_probability_669101e83d955915,S04,math_train_algebra_1621,algebra,False,False,False,False,False,[],"[""counting""]",subject
counting_probability_669101e83d955915,S04,math_train_algebra_1641,algebra,False,False,False,False,False,[],"[""counting""]",subject
counting_probability_669101e83d955915,S04,math_train_algebra_1644,algebra,False,False,False,False,False,[],"[""counting""]",subject
counting_probability_669101e83d955915,S04,math_train_algebra_1716,algebra,False,False,False,False,False,"[""composition"", ""quadratic""]","[""counting""]",subject
counting_probability_669101e83d955915,S04,math_train_algebra_1743,algebra,False,False,False,False,False,"[""integer"", ""positive""]","[""counting""]",subject
counting_probability_669101e83d955915,S04,math_train_algebra_203,algebra,False,False,False,False,False,"[""area""]","[""counting""]",subject
counting_probability_669101e83d955915,S04,math_train_algebra_204,algebra,False,False,False,False,False,"[""rational""]","[""counting""]",subject
counting_probability_669101e83d955915,S04,math_train_algebra_206,algebra,False,False,False,False,False,"[""integer""]","[""counting""]",subject
counting_probability_669101e83d955915,S04,math_train_algebra_221,algebra,False,False,False,False,False,"[""quadratic""]","[""counting""]",subject
counting_probability_669101e83d955915,S04,math_train_algebra_222,algebra,False,False,False,False,False,[],"[""counting""]",subject
counting_probability_669101e83d955915,S04,math_train_algebra_237,algebra,False,False,False,False,False,"[""quadratic""]","[""counting""]",subject
counting_probability_669101e83d955915,S04,math_train_algebra_267,algebra,False,False,False,False,False,[],"[""counting""]",subject
counting_probability_669101e83d955915,S04,math_train_algebra_334,algebra,False,False,False,False,False,"[""equation"", ""quadratic""]","[""counting""]",subject
counting_probability_669101e83d955915,S04,math_train_algebra_336,algebra,False,False,False,False,False,"[""equation""]","[""counting""]",subject
counting_probability_669101e83d955915,S04,math_train_algebra_348,algebra,False,False,False,False,False,"[""quadratic"", ""rational""]","[""counting""]",subject
counting_probability_669101e83d955915,S04,math_train_algebra_35,algebra,False,False,False,False,False,"[""positive""]","[""counting""]",subject
counting_probability_669101e83d955915,S04,math_train_algebra_42,algebra,False,False,False,False,False,"[""integer"", ""quadratic"", ""rational""]","[""counting""]",subject
counting_probability_669101e83d955915,S04,math_train_algebra_432,algebra,False,False,False,False,False,[],"[""counting""]",subject
counting_probability_669101e83d955915,S04,math_train_algebra_495,algebra,False,False,False,False,False,"[""positive"", ""quadratic""]","[""counting""]",subject
counting_probability_669101e83d955915,S04,math_train_algebra_496,algebra,False,False,False,False,False,"[""rational""]","[""counting""]",subject
counting_probability_669101e83d955915,S04,math_train_algebra_538,algebra,False,False,False,False,False,"[""quadratic""]","[""counting""]",subject
counting_probability_669101e83d955915,S04,math_train_algebra_541,algebra,False,False,False,False,False,"[""quadratic""]","[""counting""]",subject
counting_probability_669101e83d955915,S04,math_train_algebra_597,algebra,False,False,False,False,False,"[""integer"", ""positive""]","[""counting""]",subject
counting_probability_669101e83d955915,S04,math_train_algebra_604,algebra,False,False,False,False,False,"[""quadratic""]","[""counting""]",subject
counting_probability_669101e83d955915,S04,math_train_algebra_628,algebra,False,False,False,False,False,"[""equation"", ""integer"", ""quadratic""]","[""counting""]",subject
counting_probability_669101e83d955915,S04,math_train_algebra_631,algebra,False,False,False,False,False,"[""integer"", ""rational""]","[""counting""]",subject
counting_probability_669101e83d955915,S04,math_train_algebra_758,algebra,False,False,False,False,False,"[""equation"", ""quadratic"", ""unit_rate""]","[""counting""]",subject
counting_probability_669101e83d955915,S04,math_train_algebra_764,algebra,False,False,False,False,False,"[""quadratic""]","[""counting""]",subject
counting_probability_669101e83d955915,S04,math_train_algebra_883,algebra,False,False,False,False,False,"[""integer""]","[""counting""]",subject
counting_probability_669101e83d955915,S04,math_train_algebra_906,algebra,False,False,False,False,False,"[""equation"", ""rational""]","[""counting""]",subject
counting_probability_669101e83d955915,S04,math_train_algebra_928,algebra,False,False,False,False,False,"[""quadratic""]","[""counting""]",subject
counting_probability_669101e83d955915,S04,math_train_algebra_941,algebra,False,False,False,False,False,"[""quadratic""]","[""counting""]",subject
counting_probability_669101e83d955915,S04,math_train_algebra_949,algebra,False,False,False,False,False,[],"[""counting""]",subject
counting_probability_669101e83d955915,S04,math_train_algebra_959,algebra,False,False,False,False,False,"[""equation"", ""quadratic""]","[""counting""]",subject
counting_probability_669101e83d955915,S04,math_train_algebra_991,algebra,False,False,False,False,False,"[""nonzero"", ""rational""]","[""counting""]",subject
counting_probability_669101e83d955915,S04,math_train_counting_probability_102,counting_probability,True,False,False,False,False,"[""probability"", ""rational""]","[""counting""]",trigger
counting_probability_669101e83d955915,S04,math_train_counting_probability_142,counting_probability,True,False,False,False,False,"[""prime""]","[""counting""]",trigger
counting_probability_669101e83d955915,S04,math_train_counting_probability_144,counting_probability,True,False,False,False,False,[],"[""counting""]",trigger
counting_probability_669101e83d955915,S04,math_train_counting_probability_15,counting_probability,True,True,True,False,True,"[""counting""]",[],eligible
counting_probability_669101e83d955915,S04,math_train_counting_probability_151,counting_probability,True,False,False,False,False,"[""triangle""]","[""counting""]",trigger
counting_probability_669101e83d955915,S04,math_train_counting_probability_153,counting_probability,True,True,True,False,True,"[""counting""]",[],eligible
counting_probability_669101e83d955915,S04,math_train_counting_probability_165,counting_probability,True,False,False,False,False,"[""probability"", ""unit_rate""]","[""counting""]",trigger
counting_probability_669101e83d955915,S04,math_train_counting_probability_174,counting_probability,True,True,True,False,True,"[""counting""]",[],eligible
counting_probability_669101e83d955915,S04,math_train_counting_probability_177,counting_probability,True,False,False,False,False,[],"[""counting""]",trigger
counting_probability_669101e83d955915,S04,math_train_counting_probability_186,counting_probability,True,True,True,False,True,"[""counting""]",[],eligible
counting_probability_669101e83d955915,S04,math_train_counting_probability_192,counting_probability,True,True,True,False,True,"[""counting"", ""probability""]",[],eligible
counting_probability_669101e83d955915,S04,math_train_counting_probability_208,counting_probability,True,True,True,False,True,"[""counting""]",[],eligible
counting_probability_669101e83d955915,S04,math_train_counting_probability_213,counting_probability,True,True,True,False,True,"[""counting"", ""probability"", ""rational""]",[],eligible
counting_probability_669101e83d955915,S04,math_train_counting_probability_218,counting_probability,True,False,False,False,False,"[""divisibility"", ""integer"", ""positive"", ""probability"", ""rational""]","[""counting""]",trigger
counting_probability_669101e83d955915,S04,math_train_counting_probability_261,counting_probability,True,False,False,False,False,[],"[""counting""]",trigger
counting_probability_669101e83d955915,S04,math_train_counting_probability_269,counting_probability,True,True,True,False,True,"[""counting"", ""unit_rate""]",[],eligible
counting_probability_669101e83d955915,S04,math_train_counting_probability_278,counting_probability,True,False,False,False,False,[],"[""counting""]",trigger
counting_probability_669101e83d955915,S04,math_train_counting_probability_287,counting_probability,True,True,True,False,True,"[""counting""]",[],eligible
counting_probability_669101e83d955915,S04,math_train_counting_probability_31,counting_probability,True,False,False,False,False,"[""probability"", ""rational""]","[""counting""]",trigger
counting_probability_669101e83d955915,S04,math_train_counting_probability_332,counting_probability,True,True,True,False,True,"[""counting"", ""factorization"", ""integer"", ""prime""]",[],eligible
counting_probability_669101e83d955915,S04,math_train_counting_probability_34,counting_probability,True,False,False,False,False,[],"[""counting""]",trigger
counting_probability_669101e83d955915,S04,math_train_counting_probability_341,counting_probability,True,False,False,False,False,"[""circle""]","[""counting""]",trigger
counting_probability_669101e83d955915,S04,math_train_counting_probability_345,counting_probability,True,True,True,False,True,"[""counting""]",[],eligible
counting_probability_669101e83d955915,S04,math_train_counting_probability_357,counting_probability,True,False,False,False,False,"[""integer"", ""positive"", ""prime"", ""probability"", ""unit_rate""]","[""counting""]",trigger
counting_probability_669101e83d955915,S04,math_train_counting_probability_39,counting_probability,True,False,False,False,False,"[""modular""]","[""counting""]",trigger
counting_probability_669101e83d955915,S04,math_train_counting_probability_396,counting_probability,True,False,False,False,False,"[""divisibility"", ""modular"", ""unit_rate""]","[""counting""]",trigger
counting_probability_669101e83d955915,S04,math_train_counting_probability_401,counting_probability,True,False,False,False,False,"[""integer"", ""positive"", ""prime"", ""probability"", ""rational"", ""unit_rate""]","[""counting""]",trigger
counting_probability_669101e83d955915,S04,math_train_counting_probability_425,counting_probability,True,False,False,False,False,"[""integer""]","[""counting""]",trigger
counting_probability_669101e83d955915,S04,math_train_counting_probability_430,counting_probability,True,False,False,False,False,"[""integer""]","[""counting""]",trigger
counting_probability_669101e83d955915,S04,math_train_counting_probability_452,counting_probability,True,True,True,False,True,"[""counting"", ""divisibility"", ""integer"", ""modular"", ""positive""]",[],eligible
counting_probability_669101e83d955915,S04,math_train_counting_probability_461,counting_probability,True,False,False,False,False,"[""integer""]","[""counting""]",trigger
counting_probability_669101e83d955915,S04,math_train_counting_probability_471,counting_probability,True,False,False,False,False,[],"[""counting""]",trigger
counting_probability_669101e83d955915,S04,math_train_counting_probability_482,counting_probability,True,False,False,False,False,"[""probability""]","[""counting""]",trigger
counting_probability_669101e83d955915,S04,math_train_counting_probability_488,counting_probability,True,False,False,False,False,"[""probability"", ""rational""]","[""counting""]",trigger
counting_probability_669101e83d955915,S04,math_train_counting_probability_490,counting_probability,True,False,False,False,False,"[""probability""]","[""counting""]",trigger
counting_probability_669101e83d955915,S04,math_train_counting_probability_5,counting_probability,True,False,False,False,False,"[""unit_rate""]","[""counting""]",trigger
counting_probability_669101e83d955915,S04,math_train_counting_probability_543,counting_probability,True,True,True,False,True,"[""counting""]",[],eligible
counting_probability_669101e83d955915,S04,math_train_counting_probability_596,counting_probability,True,True,True,False,True,"[""counting""]",[],eligible
counting_probability_669101e83d955915,S04,math_train_counting_probability_629,counting_probability,True,True,True,False,True,"[""counting""]",[],eligible
counting_probability_669101e83d955915,S04,math_train_counting_probability_640,counting_probability,True,False,False,False,False,"[""triangle""]","[""counting""]",trigger
counting_probability_669101e83d955915,S04,math_train_counting_probability_658,counting_probability,True,False,False,False,False,"[""integer"", ""positive""]","[""counting""]",trigger
counting_probability_669101e83d955915,S04,math_train_counting_probability_668,counting_probability,True,False,False,False,False,[],"[""counting""]",trigger
counting_probability_669101e83d955915,S04,math_train_counting_probability_675,counting_probability,True,True,True,False,True,"[""counting"", ""unit_rate""]",[],eligible
counting_probability_669101e83d955915,S04,math_train_counting_probability_680,counting_probability,True,False,False,False,False,"[""rational""]","[""counting""]",trigger
counting_probability_669101e83d955915,S04,math_train_counting_probability_693,counting_probability,True,False,False,False,False,"[""probability"", ""rational"", ""unit_rate""]","[""counting""]",trigger
counting_probability_669101e83d955915,S04,math_train_counting_probability_700,counting_probability,True,False,False,False,False,"[""integer""]","[""counting""]",trigger
counting_probability_669101e83d955915,S04,math_train_counting_probability_730,counting_probability,True,True,True,False,True,"[""counting""]",[],eligible
counting_probability_669101e83d955915,S04,math_train_counting_probability_756,counting_probability,True,True,True,False,True,"[""counting"", ""unit_rate""]",[],eligible
counting_probability_669101e83d955915,S04,math_train_counting_probability_85,counting_probability,True,False,False,False,False,[],"[""counting""]",trigger
counting_probability_669101e83d955915,S04,math_train_counting_probability_96,counting_probability,True,False,False,False,False,"[""probability"", ""rational"", ""triangle""]","[""counting""]",trigger
counting_probability_669101e83d955915,S04,math_train_geometry_124,geometry,False,False,False,False,False,"[""circle"", ""rational""]","[""counting""]",subject
counting_probability_669101e83d955915,S04,math_train_geometry_139,geometry,False,False,False,False,False,"[""area"", ""circle""]","[""counting""]",subject
counting_probability_669101e83d955915,S04,math_train_geometry_145,geometry,False,False,False,False,False,"[""area"", ""triangle""]","[""counting""]",subject
counting_probability_669101e83d955915,S04,math_train_geometry_15,geometry,False,False,False,False,False,"[""circle""]","[""counting""]",subject
counting_probability_669101e83d955915,S04,math_train_geometry_159,geometry,False,False,False,False,False,"[""area"", ""rational"", ""unit_rate""]","[""counting""]",subject
counting_probability_669101e83d955915,S04,math_train_geometry_168,geometry,False,False,False,False,False,"[""integer"", ""positive"", ""prime""]","[""counting""]",subject
counting_probability_669101e83d955915,S04,math_train_geometry_169,geometry,False,False,False,False,False,"[""circle"", ""factorization""]","[""counting""]",subject
counting_probability_669101e83d955915,S04,math_train_geometry_202,geometry,False,False,False,False,False,"[""area"", ""circle""]","[""counting""]",subject
counting_probability_669101e83d955915,S04,math_train_geometry_203,geometry,False,False,False,False,False,"[""circle"", ""triangle""]","[""counting""]",subject
counting_probability_669101e83d955915,S04,math_train_geometry_212,geometry,False,False,False,False,False,"[""area"", ""ratio"", ""unit_rate""]","[""counting""]",subject
counting_probability_669101e83d955915,S04,math_train_geometry_238,geometry,False,False,False,False,False,"[""factorization""]","[""counting""]",subject
counting_probability_669101e83d955915,S04,math_train_geometry_25,geometry,False,False,False,False,False,[],"[""counting""]",subject
counting_probability_669101e83d955915,S04,math_train_geometry_279,geometry,False,False,False,False,False,"[""circle""]","[""counting""]",subject
counting_probability_669101e83d955915,S04,math_train_geometry_289,geometry,False,False,False,False,False,"[""area"", ""rational"", ""triangle""]","[""counting""]",subject
counting_probability_669101e83d955915,S04,math_train_geometry_294,geometry,False,False,False,False,False,"[""unit_rate""]","[""counting""]",subject
counting_probability_669101e83d955915,S04,math_train_geometry_30,geometry,False,False,False,False,False,"[""area"", ""triangle""]","[""counting""]",subject
counting_probability_669101e83d955915,S04,math_train_geometry_308,geometry,False,False,False,False,False,"[""rational""]","[""counting""]",subject
counting_probability_669101e83d955915,S04,math_train_geometry_316,geometry,False,False,False,False,False,"[""area"", ""modular"", ""unit_rate""]","[""counting""]",subject
counting_probability_669101e83d955915,S04,math_train_geometry_327,geometry,False,False,False,False,False,"[""circle"", ""unit_rate""]","[""counting""]",subject
counting_probability_669101e83d955915,S04,math_train_geometry_343,geometry,False,False,False,False,False,"[""trigonometric""]","[""counting""]",subject
counting_probability_669101e83d955915,S04,math_train_geometry_359,geometry,False,False,False,False,False,"[""divisibility"", ""triangle""]","[""counting""]",subject
counting_probability_669101e83d955915,S04,math_train_geometry_367,geometry,False,False,False,False,False,"[""area"", ""ratio"", ""triangle""]","[""counting""]",subject
counting_probability_669101e83d955915,S04,math_train_geometry_374,geometry,False,False,False,False,False,"[""circle"", ""triangle""]","[""counting""]",subject
counting_probability_669101e83d955915,S04,math_train_geometry_394,geometry,False,False,False,False,False,"[""circle""]","[""counting""]",subject
counting_probability_669101e83d955915,S04,math_train_geometry_396,geometry,False,False,False,False,False,"[""area""]","[""counting""]",subject
counting_probability_669101e83d955915,S04,math_train_geometry_400,geometry,False,False,False,False,False,"[""modular"", ""triangle"", ""unit_rate""]","[""counting""]",subject
counting_probability_669101e83d955915,S04,math_train_geometry_447,geometry,False,False,False,False,False,"[""unit_rate""]","[""counting""]",subject
counting_probability_669101e83d955915,S04,math_train_geometry_467,geometry,False,False,False,False,False,"[""circle"", ""triangle""]","[""counting""]",subject
counting_probability_669101e83d955915,S04,math_train_geometry_469,geometry,False,False,False,False,False,"[""circle"", ""divisibility"", ""integer"", ""positive"", ""prime""]","[""counting""]",subject
counting_probability_669101e83d955915,S04,math_train_geometry_473,geometry,False,False,False,False,False,"[""integer"", ""positive"", ""prime"", ""rational""]","[""counting""]",subject
counting_probability_669101e83d955915,S04,math_train_geometry_478,geometry,False,False,False,False,False,"[""circle"", ""triangle"", ""unit_rate""]","[""counting""]",subject
counting_probability_669101e83d955915,S04,math_train_geometry_528,geometry,False,False,False,False,False,"[""divisibility"", ""integer"", ""positive"", ""prime"", ""rational"", ""triangle""]","[""counting""]",subject
counting_probability_669101e83d955915,S04,math_train_geometry_539,geometry,False,False,False,False,False,"[""circle""]","[""counting""]",subject
counting_probability_669101e83d955915,S04,math_train_geometry_609,geometry,False,False,False,False,False,"[""rational""]","[""counting""]",subject
counting_probability_669101e83d955915,S04,math_train_geometry_611,geometry,False,False,False,False,False,"[""area"", ""circle"", ""quadratic"", ""ratio"", ""rational"", ""triangle""]","[""counting""]",subject
counting_probability_669101e83d955915,S04,math_train_geometry_623,geometry,False,False,False,False,False,"[""triangle""]","[""counting""]",subject
counting_probability_669101e83d955915,S04,math_train_geometry_673,geometry,False,False,False,False,False,"[""area"", ""circle""]","[""counting""]",subject
counting_probability_669101e83d955915,S04,math_train_geometry_737,geometry,False,False,False,False,False,"[""trigonometric""]","[""counting""]",subject
counting_probability_669101e83d955915,S04,math_train_geometry_74,geometry,False,False,False,False,False,[],"[""counting""]",subject
counting_probability_669101e83d955915,S04,math_train_geometry_760,geometry,False,False,False,False,False,"[""area""]","[""counting""]",subject
counting_probability_669101e83d955915,S04,math_train_geometry_775,geometry,False,False,False,False,False,"[""area""]","[""counting""]",subject
counting_probability_669101e83d955915,S04,math_train_geometry_789,geometry,False,False,False,False,False,"[""area"", ""unit_rate""]","[""counting""]",subject
counting_probability_669101e83d955915,S04,math_train_geometry_813,geometry,False,False,False,False,False,"[""modular"", ""triangle""]","[""counting""]",subject
counting_probability_669101e83d955915,S04,math_train_geometry_817,geometry,False,False,False,False,False,"[""area"", ""unit_rate""]","[""counting""]",subject
counting_probability_669101e83d955915,S04,math_train_geometry_820,geometry,False,False,False,False,False,"[""ratio"", ""rational""]","[""counting""]",subject
counting_probability_669101e83d955915,S04,math_train_geometry_836,geometry,False,False,False,False,False,[],"[""counting""]",subject
counting_probability_669101e83d955915,S04,math_train_geometry_845,geometry,False,False,False,False,False,[],"[""counting""]",subject
counting_probability_669101e83d955915,S04,math_train_geometry_849,geometry,False,False,False,False,False,"[""circle"", ""factorization""]","[""counting""]",subject
counting_probability_669101e83d955915,S04,math_train_geometry_855,geometry,False,False,False,False,False,"[""area""]","[""counting""]",subject
counting_probability_669101e83d955915,S04,math_train_geometry_863,geometry,False,False,False,False,False,"[""quadratic"", ""triangle""]","[""counting""]",subject
counting_probability_669101e83d955915,S04,math_train_intermediate_algebra_1034,intermediate_algebra,False,False,False,False,False,"[""positive""]","[""counting""]",subject
counting_probability_669101e83d955915,S04,math_train_intermediate_algebra_1059,intermediate_algebra,False,False,False,False,False,[],"[""counting""]",subject
counting_probability_669101e83d955915,S04,math_train_intermediate_algebra_1060,intermediate_algebra,False,False,False,False,False,[],"[""counting""]",subject
counting_probability_669101e83d955915,S04,math_train_intermediate_algebra_1103,intermediate_algebra,False,False,False,False,False,"[""rational""]","[""counting""]",subject
counting_probability_669101e83d955915,S04,math_train_intermediate_algebra_1115,intermediate_algebra,False,False,False,False,False,"[""quadratic""]","[""counting""]",subject
counting_probability_669101e83d955915,S04,math_train_intermediate_algebra_1145,intermediate_algebra,False,False,False,False,False,"[""positive"", ""rational""]","[""counting""]",subject
counting_probability_669101e83d955915,S04,math_train_intermediate_algebra_1156,intermediate_algebra,False,False,False,False,False,"[""quadratic"", ""rational""]","[""counting""]",subject
counting_probability_669101e83d955915,S04,math_train_intermediate_algebra_1164,intermediate_algebra,False,False,False,False,False,"[""quadratic""]","[""counting""]",subject
counting_probability_669101e83d955915,S04,math_train_intermediate_algebra_1183,intermediate_algebra,False,False,False,False,False,"[""integer"", ""positive"", ""quadratic""]","[""counting""]",subject
counting_probability_669101e83d955915,S04,math_train_intermediate_algebra_1292,intermediate_algebra,False,False,False,False,False,"[""equation"", ""quadratic"", ""ratio"", ""rational""]","[""counting""]",subject
counting_probability_669101e83d955915,S04,math_train_intermediate_algebra_164,intermediate_algebra,False,False,False,False,False,"[""composition""]","[""counting""]",subject
counting_probability_669101e83d955915,S04,math_train_intermediate_algebra_178,intermediate_algebra,False,False,False,False,False,"[""equation"", ""quadratic""]","[""counting""]",subject
counting_probability_669101e83d955915,S04,math_train_intermediate_algebra_181,intermediate_algebra,False,False,False,False,False,"[""integer"", ""positive""]","[""counting""]",subject
counting_probability_669101e83d955915,S04,math_train_intermediate_algebra_263,intermediate_algebra,False,False,False,False,False,"[""quadratic""]","[""counting""]",subject
counting_probability_669101e83d955915,S04,math_train_intermediate_algebra_275,intermediate_algebra,False,False,False,False,False,"[""quadratic""]","[""counting""]",subject
counting_probability_669101e83d955915,S04,math_train_intermediate_algebra_296,intermediate_algebra,False,False,False,False,False,"[""positive"", ""rational""]","[""counting""]",subject
counting_probability_669101e83d955915,S04,math_train_intermediate_algebra_300,intermediate_algebra,False,False,False,False,False,"[""nonzero"", ""polynomial"", ""ratio"", ""rational""]","[""counting""]",subject
counting_probability_669101e83d955915,S04,math_train_intermediate_algebra_315,intermediate_algebra,False,False,False,False,False,"[""rational""]","[""counting""]",subject
counting_probability_669101e83d955915,S04,math_train_intermediate_algebra_340,intermediate_algebra,False,False,False,False,False,[],"[""counting""]",subject
counting_probability_669101e83d955915,S04,math_train_intermediate_algebra_345,intermediate_algebra,False,False,False,False,False,[],"[""counting""]",subject
counting_probability_669101e83d955915,S04,math_train_intermediate_algebra_359,intermediate_algebra,False,False,False,False,False,"[""ratio"", ""rational""]","[""counting""]",subject
counting_probability_669101e83d955915,S04,math_train_intermediate_algebra_363,intermediate_algebra,False,False,False,False,False,"[""positive""]","[""counting""]",subject
counting_probability_669101e83d955915,S04,math_train_intermediate_algebra_39,intermediate_algebra,False,False,False,False,False,"[""quadratic""]","[""counting""]",subject
counting_probability_669101e83d955915,S04,math_train_intermediate_algebra_437,intermediate_algebra,False,False,False,False,False,"[""quadratic""]","[""counting""]",subject
counting_probability_669101e83d955915,S04,math_train_intermediate_algebra_452,intermediate_algebra,False,False,False,False,False,"[""positive"", ""quadratic""]","[""counting""]",subject
counting_probability_669101e83d955915,S04,math_train_intermediate_algebra_455,intermediate_algebra,False,False,False,False,False,"[""quadratic"", ""rational""]","[""counting""]",subject
counting_probability_669101e83d955915,S04,math_train_intermediate_algebra_473,intermediate_algebra,False,False,False,False,False,[],"[""counting""]",subject
counting_probability_669101e83d955915,S04,math_train_intermediate_algebra_503,intermediate_algebra,False,False,False,False,False,"[""integer"", ""unit_rate""]","[""counting""]",subject
counting_probability_669101e83d955915,S04,math_train_intermediate_algebra_532,intermediate_algebra,False,False,False,False,False,"[""equation"", ""quadratic"", ""ratio"", ""rational""]","[""counting""]",subject
counting_probability_669101e83d955915,S04,math_train_intermediate_algebra_542,intermediate_algebra,False,False,False,False,False,"[""polynomial"", ""quadratic""]","[""counting""]",subject
counting_probability_669101e83d955915,S04,math_train_intermediate_algebra_543,intermediate_algebra,False,False,False,False,False,"[""quadratic"", ""rational""]","[""counting""]",subject
counting_probability_669101e83d955915,S04,math_train_intermediate_algebra_556,intermediate_algebra,False,False,False,False,False,"[""equation"", ""integer"", ""positive"", ""quadratic""]","[""counting""]",subject
counting_probability_669101e83d955915,S04,math_train_intermediate_algebra_56,intermediate_algebra,False,False,False,False,False,"[""quadratic"", ""rational"", ""unit_rate""]","[""counting""]",subject
counting_probability_669101e83d955915,S04,math_train_intermediate_algebra_597,intermediate_algebra,False,False,False,False,False,"[""divisibility"", ""modular""]","[""counting""]",subject
counting_probability_669101e83d955915,S04,math_train_intermediate_algebra_598,intermediate_algebra,False,False,False,False,False,"[""rational""]","[""counting""]",subject
counting_probability_669101e83d955915,S04,math_train_intermediate_algebra_624,intermediate_algebra,False,False,False,False,False,"[""integer"", ""positive"", ""quadratic""]","[""counting""]",subject
counting_probability_669101e83d955915,S04,math_train_intermediate_algebra_653,intermediate_algebra,False,False,False,False,False,"[""divisibility"", ""modular""]","[""counting""]",subject
counting_probability_669101e83d955915,S04,math_train_intermediate_algebra_675,intermediate_algebra,False,False,False,False,False,[],"[""counting""]",subject
counting_probability_669101e83d955915,S04,math_train_intermediate_algebra_702,intermediate_algebra,False,False,False,False,False,[],"[""counting""]",subject
counting_probability_669101e83d955915,S04,math_train_intermediate_algebra_706,intermediate_algebra,False,False,False,False,False,"[""equation"", ""integer"", ""quadratic"", ""rational""]","[""counting""]",subject
counting_probability_669101e83d955915,S04,math_train_intermediate_algebra_720,intermediate_algebra,False,False,False,False,False,"[""nonzero"", ""polynomial"", ""quadratic"", ""rational""]","[""counting""]",subject
counting_probability_669101e83d955915,S04,math_train_intermediate_algebra_760,intermediate_algebra,False,False,False,False,False,"[""integer""]","[""counting""]",subject
counting_probability_669101e83d955915,S04,math_train_intermediate_algebra_78,intermediate_algebra,False,False,False,False,False,"[""rational""]","[""counting""]",subject
counting_probability_669101e83d955915,S04,math_train_intermediate_algebra_899,intermediate_algebra,False,False,False,False,False,"[""equation"", ""integer"", ""polynomial"", ""ratio"", ""rational""]","[""counting""]",subject
counting_probability_669101e83d955915,S04,math_train_intermediate_algebra_922,intermediate_algebra,False,False,False,False,False,"[""positive"", ""rational""]","[""counting""]",subject
counting_probability_669101e83d955915,S04,math_train_intermediate_algebra_954,intermediate_algebra,False,False,False,False,False,"[""factorization"", ""quadratic""]","[""counting""]",subject
counting_probability_669101e83d955915,S04,math_train_intermediate_algebra_967,intermediate_algebra,False,False,False,False,False,"[""divisibility"", ""quadratic""]","[""counting""]",subject
counting_probability_669101e83d955915,S04,math_train_intermediate_algebra_974,intermediate_algebra,False,False,False,False,False,"[""rational""]","[""counting""]",subject
counting_probability_669101e83d955915,S04,math_train_intermediate_algebra_993,intermediate_algebra,False,False,False,False,False,"[""divisibility"", ""modular"", ""polynomial""]","[""counting""]",subject
counting_probability_669101e83d955915,S04,math_train_intermediate_algebra_999,intermediate_algebra,False,False,False,False,False,"[""polynomial"", ""quadratic""]","[""counting""]",subject
counting_probability_669101e83d955915,S04,math_train_number_theory_101,number_theory,False,False,False,False,False,"[""modular"", ""probability""]","[""counting""]",subject
counting_probability_669101e83d955915,S04,math_train_number_theory_113,number_theory,False,False,False,False,False,"[""divisibility""]","[""counting""]",subject
counting_probability_669101e83d955915,S04,math_train_number_theory_153,number_theory,False,False,False,False,False,"[""integer"", ""positive""]","[""counting""]",subject
counting_probability_669101e83d955915,S04,math_train_number_theory_175,number_theory,False,False,False,False,False,"[""positive""]","[""counting""]",subject
counting_probability_669101e83d955915,S04,math_train_number_theory_181,number_theory,False,False,False,False,False,"[""positive""]","[""counting""]",subject
counting_probability_669101e83d955915,S04,math_train_number_theory_187,number_theory,False,False,False,False,False,"[""divisibility""]","[""counting""]",subject
counting_probability_669101e83d955915,S04,math_train_number_theory_196,number_theory,False,False,False,False,False,"[""unit_rate""]","[""counting""]",subject
counting_probability_669101e83d955915,S04,math_train_number_theory_203,number_theory,False,False,False,False,False,"[""factorization"", ""positive""]","[""counting""]",subject
counting_probability_669101e83d955915,S04,math_train_number_theory_221,number_theory,False,False,False,False,False,"[""quadratic""]","[""counting""]",subject
counting_probability_669101e83d955915,S04,math_train_number_theory_229,number_theory,False,False,False,False,False,"[""integer""]","[""counting""]",subject
counting_probability_669101e83d955915,S04,math_train_number_theory_237,number_theory,False,False,False,False,False,"[""divisibility"", ""modular""]","[""counting""]",subject
counting_probability_669101e83d955915,S04,math_train_number_theory_252,number_theory,False,False,False,False,False,[],"[""counting""]",subject
counting_probability_669101e83d955915,S04,math_train_number_theory_257,number_theory,False,False,False,False,False,"[""integer"", ""rational""]","[""counting""]",subject
counting_probability_669101e83d955915,S04,math_train_number_theory_272,number_theory,False,False,False,False,False,"[""factorization""]","[""counting""]",subject
counting_probability_669101e83d955915,S04,math_train_number_theory_274,number_theory,False,False,False,False,False,"[""divisibility"", ""integer"", ""positive""]","[""counting""]",subject
counting_probability_669101e83d955915,S04,math_train_number_theory_282,number_theory,False,False,False,False,False,"[""divisibility"", ""integer"", ""modular"", ""positive""]","[""counting""]",subject
counting_probability_669101e83d955915,S04,math_train_number_theory_297,number_theory,False,False,False,False,False,"[""divisibility"", ""modular""]","[""counting""]",subject
counting_probability_669101e83d955915,S04,math_train_number_theory_298,number_theory,False,False,False,False,False,[],"[""counting""]",subject
counting_probability_669101e83d955915,S04,math_train_number_theory_329,number_theory,False,False,False,False,False,[],"[""counting""]",subject
counting_probability_669101e83d955915,S04,math_train_number_theory_339,number_theory,False,False,False,False,False,"[""integer"", ""modular""]","[""counting""]",subject
counting_probability_669101e83d955915,S04,math_train_number_theory_366,number_theory,False,False,False,False,False,"[""integer"", ""modular""]","[""counting""]",subject
counting_probability_669101e83d955915,S04,math_train_number_theory_371,number_theory,False,False,False,False,False,"[""gcd_lcm"", ""integer"", ""positive"", ""quadratic""]","[""counting""]",subject
counting_probability_669101e83d955915,S04,math_train_number_theory_374,number_theory,False,True,True,False,False,"[""counting""]",[],subject
counting_probability_669101e83d955915,S04,math_train_number_theory_403,number_theory,False,False,False,False,False,"[""gcd_lcm"", ""integer"", ""positive"", ""rational""]","[""counting""]",subject
counting_probability_669101e83d955915,S04,math_train_number_theory_448,number_theory,False,False,False,False,False,"[""divisibility""]","[""counting""]",subject
counting_probability_669101e83d955915,S04,math_train_number_theory_490,number_theory,False,False,False,False,False,"[""factorization"", ""gcd_lcm"", ""prime""]","[""counting""]",subject
counting_probability_669101e83d955915,S04,math_train_number_theory_51,number_theory,False,False,False,False,False,"[""positive""]","[""counting""]",subject
counting_probability_669101e83d955915,S04,math_train_number_theory_510,number_theory,False,False,False,False,False,"[""prime""]","[""counting""]",subject
counting_probability_669101e83d955915,S04,math_train_number_theory_528,number_theory,False,False,False,False,False,"[""integer""]","[""counting""]",subject
counting_probability_669101e83d955915,S04,math_train_number_theory_541,number_theory,False,False,False,False,False,"[""divisibility""]","[""counting""]",subject
counting_probability_669101e83d955915,S04,math_train_number_theory_555,number_theory,False,False,False,False,False,"[""divisibility"", ""integer"", ""positive""]","[""counting""]",subject
counting_probability_669101e83d955915,S04,math_train_number_theory_576,number_theory,False,False,False,False,False,"[""integer"", ""positive"", ""rational""]","[""counting""]",subject
counting_probability_669101e83d955915,S04,math_train_number_theory_598,number_theory,False,False,False,False,False,[],"[""counting""]",subject
counting_probability_669101e83d955915,S04,math_train_number_theory_608,number_theory,False,False,False,False,False,"[""positive""]","[""counting""]",subject
counting_probability_669101e83d955915,S04,math_train_number_theory_617,number_theory,False,False,False,False,False,"[""prime""]","[""counting""]",subject
counting_probability_669101e83d955915,S04,math_train_number_theory_629,number_theory,False,False,False,False,False,"[""integer""]","[""counting""]",subject
counting_probability_669101e83d955915,S04,math_train_number_theory_653,number_theory,False,False,False,False,False,"[""divisibility"", ""integer"", ""modular""]","[""counting""]",subject
counting_probability_669101e83d955915,S04,math_train_number_theory_691,number_theory,False,False,False,False,False,"[""divisibility""]","[""counting""]",subject
counting_probability_669101e83d955915,S04,math_train_number_theory_705,number_theory,False,False,False,False,False,"[""rational""]","[""counting""]",subject
counting_probability_669101e83d955915,S04,math_train_number_theory_713,number_theory,False,False,False,False,False,"[""integer"", ""positive"", ""rational""]","[""counting""]",subject
counting_probability_669101e83d955915,S04,math_train_number_theory_717,number_theory,False,False,False,False,False,"[""divisibility"", ""integer"", ""modular""]","[""counting""]",subject
counting_probability_669101e83d955915,S04,math_train_number_theory_733,number_theory,False,False,False,False,False,"[""gcd_lcm""]","[""counting""]",subject
counting_probability_669101e83d955915,S04,math_train_number_theory_740,number_theory,False,False,False,False,False,"[""integer""]","[""counting""]",subject
counting_probability_669101e83d955915,S04,math_train_number_theory_741,number_theory,False,False,False,False,False,"[""divisibility"", ""modular""]","[""counting""]",subject
counting_probability_669101e83d955915,S04,math_train_number_theory_744,number_theory,False,True,True,False,False,"[""counting"", ""factorization"", ""positive"", ""prime""]",[],subject
counting_probability_669101e83d955915,S04,math_train_number_theory_78,number_theory,False,False,False,False,False,"[""integer"", ""modular""]","[""counting""]",subject
counting_probability_669101e83d955915,S04,math_train_number_theory_818,number_theory,False,False,False,False,False,[],"[""counting""]",subject
counting_probability_669101e83d955915,S04,math_train_number_theory_828,number_theory,False,False,False,False,False,"[""gcd_lcm""]","[""counting""]",subject
counting_probability_669101e83d955915,S04,math_train_number_theory_83,number_theory,False,False,False,False,False,"[""integer"", ""modular"", ""positive""]","[""counting""]",subject
counting_probability_669101e83d955915,S04,math_train_number_theory_848,number_theory,False,False,False,False,False,"[""divisibility"", ""modular""]","[""counting""]",subject
counting_probability_669101e83d955915,S04,math_train_prealgebra_1012,prealgebra,False,False,False,False,False,"[""unit_rate""]","[""counting""]",subject
counting_probability_669101e83d955915,S04,math_train_prealgebra_1021,prealgebra,False,False,False,False,False,[],"[""counting""]",subject
counting_probability_669101e83d955915,S04,math_train_prealgebra_1023,prealgebra,False,False,False,False,False,"[""area""]","[""counting""]",subject
counting_probability_669101e83d955915,S04,math_train_prealgebra_105,prealgebra,False,False,False,False,False,"[""unit_rate""]","[""counting""]",subject
counting_probability_669101e83d955915,S04,math_train_prealgebra_1072,prealgebra,False,False,False,False,False,"[""area""]","[""counting""]",subject
counting_probability_669101e83d955915,S04,math_train_prealgebra_1079,prealgebra,False,False,False,False,False,[],"[""counting""]",subject
counting_probability_669101e83d955915,S04,math_train_prealgebra_1107,prealgebra,False,False,False,False,False,"[""area"", ""circle""]","[""counting""]",subject
counting_probability_669101e83d955915,S04,math_train_prealgebra_1140,prealgebra,False,False,False,False,False,[],"[""counting""]",subject
counting_probability_669101e83d955915,S04,math_train_prealgebra_116,prealgebra,False,False,False,False,False,[],"[""counting""]",subject
counting_probability_669101e83d955915,S04,math_train_prealgebra_1184,prealgebra,False,False,False,False,False,"[""equation"", ""rational""]","[""counting""]",subject
counting_probability_669101e83d955915,S04,math_train_prealgebra_125,prealgebra,False,True,True,False,False,"[""counting"", ""unit_rate""]",[],subject
counting_probability_669101e83d955915,S04,math_train_prealgebra_158,prealgebra,False,False,False,False,False,[],"[""counting""]",subject
counting_probability_669101e83d955915,S04,math_train_prealgebra_167,prealgebra,False,False,False,False,False,"[""rational""]","[""counting""]",subject
counting_probability_669101e83d955915,S04,math_train_prealgebra_206,prealgebra,False,False,False,False,False,"[""area"", ""circle"", ""ratio"", ""rational""]","[""counting""]",subject
counting_probability_669101e83d955915,S04,math_train_prealgebra_219,prealgebra,False,False,False,False,False,[],"[""counting""]",subject
counting_probability_669101e83d955915,S04,math_train_prealgebra_23,prealgebra,False,False,False,False,False,"[""rational""]","[""counting""]",subject
counting_probability_669101e83d955915,S04,math_train_prealgebra_231,prealgebra,False,False,False,False,False,"[""circle""]","[""counting""]",subject
counting_probability_669101e83d955915,S04,math_train_prealgebra_235,prealgebra,False,True,True,False,False,"[""counting""]",[],subject
counting_probability_669101e83d955915,S04,math_train_prealgebra_307,prealgebra,False,False,False,False,False,"[""area""]","[""counting""]",subject
counting_probability_669101e83d955915,S04,math_train_prealgebra_321,prealgebra,False,False,False,False,False,[],"[""counting""]",subject
counting_probability_669101e83d955915,S04,math_train_prealgebra_35,prealgebra,False,False,False,False,False,[],"[""counting""]",subject
counting_probability_669101e83d955915,S04,math_train_prealgebra_361,prealgebra,False,False,False,False,False,"[""ratio"", ""unit_rate""]","[""counting""]",subject
counting_probability_669101e83d955915,S04,math_train_prealgebra_379,prealgebra,False,False,False,False,False,[],"[""counting""]",subject
counting_probability_669101e83d955915,S04,math_train_prealgebra_412,prealgebra,False,False,False,False,False,[],"[""counting""]",subject
counting_probability_669101e83d955915,S04,math_train_prealgebra_427,prealgebra,False,False,False,False,False,[],"[""counting""]",subject
counting_probability_669101e83d955915,S04,math_train_prealgebra_43,prealgebra,False,False,False,False,False,"[""area"", ""triangle""]","[""counting""]",subject
counting_probability_669101e83d955915,S04,math_train_prealgebra_431,prealgebra,False,False,False,False,False,[],"[""counting""]",subject
counting_probability_669101e83d955915,S04,math_train_prealgebra_438,prealgebra,False,False,False,False,False,[],"[""counting""]",subject
counting_probability_669101e83d955915,S04,math_train_prealgebra_443,prealgebra,False,False,False,False,False,[],"[""counting""]",subject
counting_probability_669101e83d955915,S04,math_train_prealgebra_465,prealgebra,False,False,False,False,False,"[""integer"", ""positive""]","[""counting""]",subject
counting_probability_669101e83d955915,S04,math_train_prealgebra_514,prealgebra,False,False,False,False,False,[],"[""counting""]",subject
counting_probability_669101e83d955915,S04,math_train_prealgebra_515,prealgebra,False,False,False,False,False,[],"[""counting""]",subject
counting_probability_669101e83d955915,S04,math_train_prealgebra_527,prealgebra,False,False,False,False,False,"[""area""]","[""counting""]",subject
counting_probability_669101e83d955915,S04,math_train_prealgebra_549,prealgebra,False,False,False,False,False,"[""triangle""]","[""counting""]",subject
counting_probability_669101e83d955915,S04,math_train_prealgebra_557,prealgebra,False,False,False,False,False,[],"[""counting""]",subject
counting_probability_669101e83d955915,S04,math_train_prealgebra_561,prealgebra,False,False,False,False,False,"[""unit_rate""]","[""counting""]",subject
counting_probability_669101e83d955915,S04,math_train_prealgebra_594,prealgebra,False,False,False,False,False,[],"[""counting""]",subject
counting_probability_669101e83d955915,S04,math_train_prealgebra_596,prealgebra,False,True,True,False,False,"[""counting""]",[],subject
counting_probability_669101e83d955915,S04,math_train_prealgebra_621,prealgebra,False,False,False,False,False,"[""rational""]","[""counting""]",subject
counting_probability_669101e83d955915,S04,math_train_prealgebra_721,prealgebra,False,False,False,False,False,"[""divisibility""]","[""counting""]",subject
counting_probability_669101e83d955915,S04,math_train_prealgebra_738,prealgebra,False,False,False,False,False,[],"[""counting""]",subject
counting_probability_669101e83d955915,S04,math_train_prealgebra_750,prealgebra,False,False,False,False,False,"[""rational""]","[""counting""]",subject
counting_probability_669101e83d955915,S04,math_train_prealgebra_769,prealgebra,False,False,False,False,False,[],"[""counting""]",subject
counting_probability_669101e83d955915,S04,math_train_prealgebra_86,prealgebra,False,False,False,False,False,"[""area"", ""circle"", ""integer""]","[""counting""]",subject
counting_probability_669101e83d955915,S04,math_train_prealgebra_895,prealgebra,False,False,False,False,False,"[""integer"", ""positive""]","[""counting""]",subject
counting_probability_669101e83d955915,S04,math_train_prealgebra_91,prealgebra,False,False,False,False,False,[],"[""counting""]",subject
counting_probability_669101e83d955915,S04,math_train_prealgebra_913,prealgebra,False,False,False,False,False,[],"[""counting""]",subject
counting_probability_669101e83d955915,S04,math_train_prealgebra_921,prealgebra,False,False,False,False,False,[],"[""counting""]",subject
counting_probability_669101e83d955915,S04,math_train_prealgebra_953,prealgebra,False,False,False,False,False,[],"[""counting""]",subject
counting_probability_669101e83d955915,S04,math_train_prealgebra_972,prealgebra,False,False,False,False,False,"[""area"", ""circle"", ""quadratic""]","[""counting""]",subject
counting_probability_669101e83d955915,S04,math_train_precalculus_106,precalculus,False,False,False,False,False,"[""area"", ""triangle""]","[""counting""]",subject
counting_probability_669101e83d955915,S04,math_train_precalculus_108,precalculus,False,False,False,False,False,[],"[""counting""]",subject
counting_probability_669101e83d955915,S04,math_train_precalculus_114,precalculus,False,False,False,False,False,[],"[""counting""]",subject
counting_probability_669101e83d955915,S04,math_train_precalculus_118,precalculus,False,False,False,False,False,"[""rational"", ""trigonometric""]","[""counting""]",subject
counting_probability_669101e83d955915,S04,math_train_precalculus_119,precalculus,False,False,False,False,False,"[""trigonometric""]","[""counting""]",subject
counting_probability_669101e83d955915,S04,math_train_precalculus_189,precalculus,False,False,False,False,False,"[""quadratic"", ""rational""]","[""counting""]",subject
counting_probability_669101e83d955915,S04,math_train_precalculus_2,precalculus,False,False,False,False,False,[],"[""counting""]",subject
counting_probability_669101e83d955915,S04,math_train_precalculus_205,precalculus,False,False,False,False,False,[],"[""counting""]",subject
counting_probability_669101e83d955915,S04,math_train_precalculus_215,precalculus,False,False,False,False,False,[],"[""counting""]",subject
counting_probability_669101e83d955915,S04,math_train_precalculus_22,precalculus,False,False,False,False,False,[],"[""counting""]",subject
counting_probability_669101e83d955915,S04,math_train_precalculus_230,precalculus,False,False,False,False,False,"[""area"", ""triangle""]","[""counting""]",subject
counting_probability_669101e83d955915,S04,math_train_precalculus_238,precalculus,False,False,False,False,False,[],"[""counting""]",subject
counting_probability_669101e83d955915,S04,math_train_precalculus_250,precalculus,False,False,False,False,False,"[""circle"", ""equation"", ""rational"", ""trigonometric""]","[""counting""]",subject
counting_probability_669101e83d955915,S04,math_train_precalculus_259,precalculus,False,False,False,False,False,[],"[""counting""]",subject
counting_probability_669101e83d955915,S04,math_train_precalculus_27,precalculus,False,False,False,False,False,"[""triangle""]","[""counting""]",subject
counting_probability_669101e83d955915,S04,math_train_precalculus_293,precalculus,False,False,False,False,False,"[""area"", ""triangle""]","[""counting""]",subject
counting_probability_669101e83d955915,S04,math_train_precalculus_349,precalculus,False,False,False,False,False,"[""circle"", ""equation""]","[""counting""]",subject
counting_probability_669101e83d955915,S04,math_train_precalculus_355,precalculus,False,False,False,False,False,"[""circle""]","[""counting""]",subject
counting_probability_669101e83d955915,S04,math_train_precalculus_415,precalculus,False,False,False,False,False,"[""area"", ""triangle""]","[""counting""]",subject
counting_probability_669101e83d955915,S04,math_train_precalculus_419,precalculus,False,False,False,False,False,"[""quadratic"", ""triangle""]","[""counting""]",subject
counting_probability_669101e83d955915,S04,math_train_precalculus_423,precalculus,False,False,False,False,False,[],"[""counting""]",subject
counting_probability_669101e83d955915,S04,math_train_precalculus_445,precalculus,False,False,False,False,False,"[""triangle"", ""unit_rate""]","[""counting""]",subject
counting_probability_669101e83d955915,S04,math_train_precalculus_461,precalculus,False,False,False,False,False,[],"[""counting""]",subject
counting_probability_669101e83d955915,S04,math_train_precalculus_471,precalculus,False,False,False,False,False,"[""trigonometric""]","[""counting""]",subject
counting_probability_669101e83d955915,S04,math_train_precalculus_479,precalculus,False,False,False,False,False,"[""gcd_lcm"", ""integer"", ""rational""]","[""counting""]",subject
counting_probability_669101e83d955915,S04,math_train_precalculus_492,precalculus,False,False,False,False,False,"[""rational""]","[""counting""]",subject
counting_probability_669101e83d955915,S04,math_train_precalculus_505,precalculus,False,False,False,False,False,"[""integer"", ""nonzero"", ""quadratic""]","[""counting""]",subject
counting_probability_669101e83d955915,S04,math_train_precalculus_512,precalculus,False,False,False,False,False,"[""rational""]","[""counting""]",subject
counting_probability_669101e83d955915,S04,math_train_precalculus_517,precalculus,False,False,False,False,False,"[""quadratic""]","[""counting""]",subject
counting_probability_669101e83d955915,S04,math_train_precalculus_52,precalculus,False,False,False,False,False,"[""quadratic""]","[""counting""]",subject
counting_probability_669101e83d955915,S04,math_train_precalculus_522,precalculus,False,False,False,False,False,[],"[""counting""]",subject
counting_probability_669101e83d955915,S04,math_train_precalculus_523,precalculus,False,False,False,False,False,"[""quadratic"", ""trigonometric""]","[""counting""]",subject
counting_probability_669101e83d955915,S04,math_train_precalculus_557,precalculus,False,False,False,False,False,[],"[""counting""]",subject
counting_probability_669101e83d955915,S04,math_train_precalculus_559,precalculus,False,False,False,False,False,"[""rational"", ""trigonometric""]","[""counting""]",subject
counting_probability_669101e83d955915,S04,math_train_precalculus_565,precalculus,False,False,False,False,False,[],"[""counting""]",subject
counting_probability_669101e83d955915,S04,math_train_precalculus_568,precalculus,False,False,False,False,False,"[""integer"", ""positive"", ""rational""]","[""counting""]",subject
counting_probability_669101e83d955915,S04,math_train_precalculus_574,precalculus,False,False,False,False,False,[],"[""counting""]",subject
counting_probability_669101e83d955915,S04,math_train_precalculus_622,precalculus,False,False,False,False,False,"[""integer"", ""rational"", ""trigonometric""]","[""counting""]",subject
counting_probability_669101e83d955915,S04,math_train_precalculus_628,precalculus,False,False,False,False,False,"[""integer"", ""quadratic""]","[""counting""]",subject
counting_probability_669101e83d955915,S04,math_train_precalculus_646,precalculus,False,False,False,False,False,[],"[""counting""]",subject
counting_probability_669101e83d955915,S04,math_train_precalculus_650,precalculus,False,False,False,False,False,[],"[""counting""]",subject
counting_probability_669101e83d955915,S04,math_train_precalculus_656,precalculus,False,False,False,False,False,"[""trigonometric""]","[""counting""]",subject
counting_probability_669101e83d955915,S04,math_train_precalculus_687,precalculus,False,False,False,False,False,[],"[""counting""]",subject
counting_probability_669101e83d955915,S04,math_train_precalculus_718,precalculus,False,False,False,False,False,"[""nonzero"", ""quadratic"", ""rational""]","[""counting""]",subject
counting_probability_669101e83d955915,S04,math_train_precalculus_72,precalculus,False,False,False,False,False,"[""polynomial"", ""unit_rate""]","[""counting""]",subject
counting_probability_669101e83d955915,S04,math_train_precalculus_723,precalculus,False,False,False,False,False,"[""area"", ""triangle""]","[""counting""]",subject
counting_probability_669101e83d955915,S04,math_train_precalculus_726,precalculus,False,False,False,False,False,[],"[""counting""]",subject
counting_probability_669101e83d955915,S04,math_train_precalculus_733,precalculus,False,False,False,False,False,"[""trigonometric""]","[""counting""]",subject
counting_probability_669101e83d955915,S04,math_train_precalculus_8,precalculus,False,False,False,False,False,[],"[""counting""]",subject
counting_probability_669101e83d955915,S04,math_train_precalculus_88,precalculus,False,False,False,False,False,"[""integer"", ""trigonometric""]","[""counting""]",subject
geometry_a16ffa2270c26c3b,S05,math_train_algebra_1010,algebra,False,False,False,False,False,"[""equation"", ""rational""]","[""area"", ""composition"", ""positive""]",subject
geometry_a16ffa2270c26c3b,S05,math_train_algebra_1018,algebra,False,False,False,False,False,"[""rational""]","[""area"", ""composition"", ""equation"", ""positive""]",subject
geometry_a16ffa2270c26c3b,S05,math_train_algebra_1026,algebra,False,False,False,False,False,"[""equation"", ""quadratic"", ""rational"", ""unit_rate""]","[""area"", ""composition"", ""positive""]",subject
geometry_a16ffa2270c26c3b,S05,math_train_algebra_1079,algebra,False,False,False,False,False,[],"[""area"", ""composition"", ""equation"", ""positive""]",subject
geometry_a16ffa2270c26c3b,S05,math_train_algebra_1119,algebra,False,False,False,False,False,"[""integer"", ""quadratic""]","[""area"", ""composition"", ""equation"", ""positive""]",subject
geometry_a16ffa2270c26c3b,S05,math_train_algebra_117,algebra,False,False,False,False,False,[],"[""area"", ""composition"", ""equation"", ""positive""]",subject
geometry_a16ffa2270c26c3b,S05,math_train_algebra_1250,algebra,False,False,False,False,False,"[""rational""]","[""area"", ""composition"", ""equation"", ""positive""]",subject
geometry_a16ffa2270c26c3b,S05,math_train_algebra_1327,algebra,False,True,False,False,False,"[""area"", ""integer""]","[""composition"", ""equation"", ""positive""]",subject
geometry_a16ffa2270c26c3b,S05,math_train_algebra_1334,algebra,False,False,False,False,False,[],"[""area"", ""composition"", ""equation"", ""positive""]",subject
geometry_a16ffa2270c26c3b,S05,math_train_algebra_136,algebra,False,False,False,False,False,"[""rational"", ""unit_rate""]","[""area"", ""composition"", ""equation"", ""positive""]",subject
geometry_a16ffa2270c26c3b,S05,math_train_algebra_1460,algebra,False,False,False,False,False,"[""positive"", ""rational""]","[""area"", ""composition"", ""equation""]",subject
geometry_a16ffa2270c26c3b,S05,math_train_algebra_1469,algebra,False,False,False,False,False,"[""equation"", ""quadratic""]","[""area"", ""composition"", ""positive""]",subject
geometry_a16ffa2270c26c3b,S05,math_train_algebra_152,algebra,False,False,False,False,False,[],"[""area"", ""composition"", ""equation"", ""positive""]",subject
geometry_a16ffa2270c26c3b,S05,math_train_algebra_1538,algebra,False,False,False,False,False,[],"[""area"", ""composition"", ""equation"", ""positive""]",subject
geometry_a16ffa2270c26c3b,S05,math_train_algebra_1599,algebra,False,False,False,False,False,[],"[""area"", ""composition"", ""equation"", ""positive""]",subject
geometry_a16ffa2270c26c3b,S05,math_train_algebra_1621,algebra,False,False,False,False,False,[],"[""area"", ""composition"", ""equation"", ""positive""]",subject
geometry_a16ffa2270c26c3b,S05,math_train_algebra_1641,algebra,False,False,False,False,False,[],"[""area"", ""composition"", ""equation"", ""positive""]",subject
geometry_a16ffa2270c26c3b,S05,math_train_algebra_1644,algebra,False,False,False,False,False,[],"[""area"", ""composition"", ""equation"", ""positive""]",subject
geometry_a16ffa2270c26c3b,S05,math_train_algebra_1716,algebra,False,False,False,False,False,"[""composition"", ""quadratic""]","[""area"", ""equation"", ""positive""]",subject
geometry_a16ffa2270c26c3b,S05,math_train_algebra_1743,algebra,False,False,False,False,False,"[""integer"", ""positive""]","[""area"", ""composition"", ""equation""]",subject
geometry_a16ffa2270c26c3b,S05,math_train_algebra_203,algebra,False,True,False,False,False,"[""area""]","[""composition"", ""equation"", ""positive""]",subject
geometry_a16ffa2270c26c3b,S05,math_train_algebra_204,algebra,False,False,False,False,False,"[""rational""]","[""area"", ""composition"", ""equation"", ""positive""]",subject
geometry_a16ffa2270c26c3b,S05,math_train_algebra_206,algebra,False,False,False,False,False,"[""integer""]","[""area"", ""composition"", ""equation"", ""positive""]",subject
geometry_a16ffa2270c26c3b,S05,math_train_algebra_221,algebra,False,False,False,False,False,"[""quadratic""]","[""area"", ""composition"", ""equation"", ""positive""]",subject
geometry_a16ffa2270c26c3b,S05,math_train_algebra_222,algebra,False,False,False,False,False,[],"[""area"", ""composition"", ""equation"", ""positive""]",subject
geometry_a16ffa2270c26c3b,S05,math_train_algebra_237,algebra,False,False,False,False,False,"[""quadratic""]","[""area"", ""composition"", ""equation"", ""positive""]",subject
geometry_a16ffa2270c26c3b,S05,math_train_algebra_267,algebra,False,False,False,False,False,[],"[""area"", ""composition"", ""equation"", ""positive""]",subject
geometry_a16ffa2270c26c3b,S05,math_train_algebra_334,algebra,False,False,False,False,False,"[""equation"", ""quadratic""]","[""area"", ""composition"", ""positive""]",subject
geometry_a16ffa2270c26c3b,S05,math_train_algebra_336,algebra,False,False,False,False,False,"[""equation""]","[""area"", ""composition"", ""positive""]",subject
geometry_a16ffa2270c26c3b,S05,math_train_algebra_348,algebra,False,False,False,False,False,"[""quadratic"", ""rational""]","[""area"", ""composition"", ""equation"", ""positive""]",subject
geometry_a16ffa2270c26c3b,S05,math_train_algebra_35,algebra,False,False,False,False,False,"[""positive""]","[""area"", ""composition"", ""equation""]",subject
geometry_a16ffa2270c26c3b,S05,math_train_algebra_42,algebra,False,False,False,False,False,"[""integer"", ""quadratic"", ""rational""]","[""area"", ""composition"", ""equation"", ""positive""]",subject
geometry_a16ffa2270c26c3b,S05,math_train_algebra_432,algebra,False,False,False,False,False,[],"[""area"", ""composition"", ""equation"", ""positive""]",subject
geometry_a16ffa2270c26c3b,S05,math_train_algebra_495,algebra,False,False,False,False,False,"[""positive"", ""quadratic""]","[""area"", ""composition"", ""equation""]",subject
geometry_a16ffa2270c26c3b,S05,math_train_algebra_496,algebra,False,False,False,False,False,"[""rational""]","[""area"", ""composition"", ""equation"", ""positive""]",subject
geometry_a16ffa2270c26c3b,S05,math_train_algebra_538,algebra,False,False,False,False,False,"[""quadratic""]","[""area"", ""composition"", ""equation"", ""positive""]",subject
geometry_a16ffa2270c26c3b,S05,math_train_algebra_541,algebra,False,False,False,False,False,"[""quadratic""]","[""area"", ""composition"", ""equation"", ""positive""]",subject
geometry_a16ffa2270c26c3b,S05,math_train_algebra_597,algebra,False,False,False,False,False,"[""integer"", ""positive""]","[""area"", ""composition"", ""equation""]",subject
geometry_a16ffa2270c26c3b,S05,math_train_algebra_604,algebra,False,False,False,False,False,"[""quadratic""]","[""area"", ""composition"", ""equation"", ""positive""]",subject
geometry_a16ffa2270c26c3b,S05,math_train_algebra_628,algebra,False,False,False,False,False,"[""equation"", ""integer"", ""quadratic""]","[""area"", ""composition"", ""positive""]",subject
geometry_a16ffa2270c26c3b,S05,math_train_algebra_631,algebra,False,False,False,False,False,"[""integer"", ""rational""]","[""area"", ""composition"", ""equation"", ""positive""]",subject
geometry_a16ffa2270c26c3b,S05,math_train_algebra_758,algebra,False,False,False,False,False,"[""equation"", ""quadratic"", ""unit_rate""]","[""area"", ""composition"", ""positive""]",subject
geometry_a16ffa2270c26c3b,S05,math_train_algebra_764,algebra,False,False,False,False,False,"[""quadratic""]","[""area"", ""composition"", ""equation"", ""positive""]",subject
geometry_a16ffa2270c26c3b,S05,math_train_algebra_883,algebra,False,False,False,False,False,"[""integer""]","[""area"", ""composition"", ""equation"", ""positive""]",subject
geometry_a16ffa2270c26c3b,S05,math_train_algebra_906,algebra,False,False,False,False,False,"[""equation"", ""rational""]","[""area"", ""composition"", ""positive""]",subject
geometry_a16ffa2270c26c3b,S05,math_train_algebra_928,algebra,False,False,False,False,False,"[""quadratic""]","[""area"", ""composition"", ""equation"", ""positive""]",subject
geometry_a16ffa2270c26c3b,S05,math_train_algebra_941,algebra,False,False,False,False,False,"[""quadratic""]","[""area"", ""composition"", ""equation"", ""positive""]",subject
geometry_a16ffa2270c26c3b,S05,math_train_algebra_949,algebra,False,False,False,False,False,[],"[""area"", ""composition"", ""equation"", ""positive""]",subject
geometry_a16ffa2270c26c3b,S05,math_train_algebra_959,algebra,False,False,False,False,False,"[""equation"", ""quadratic""]","[""area"", ""composition"", ""positive""]",subject
geometry_a16ffa2270c26c3b,S05,math_train_algebra_991,algebra,False,False,False,False,False,"[""nonzero"", ""rational""]","[""area"", ""composition"", ""equation"", ""positive""]",subject
geometry_a16ffa2270c26c3b,S05,math_train_counting_probability_102,counting_probability,False,False,False,True,False,"[""probability"", ""rational""]","[""area"", ""composition"", ""equation"", ""positive""]",subject
geometry_a16ffa2270c26c3b,S05,math_train_counting_probability_142,counting_probability,False,False,False,False,False,"[""prime""]","[""area"", ""composition"", ""equation"", ""positive""]",subject
geometry_a16ffa2270c26c3b,S05,math_train_counting_probability_144,counting_probability,False,False,False,False,False,[],"[""area"", ""composition"", ""equation"", ""positive""]",subject
geometry_a16ffa2270c26c3b,S05,math_train_counting_probability_15,counting_probability,False,False,False,False,False,"[""counting""]","[""area"", ""composition"", ""equation"", ""positive""]",subject
geometry_a16ffa2270c26c3b,S05,math_train_counting_probability_151,counting_probability,False,False,False,False,False,"[""triangle""]","[""area"", ""composition"", ""equation"", ""positive""]",subject
geometry_a16ffa2270c26c3b,S05,math_train_counting_probability_153,counting_probability,False,False,False,False,False,"[""counting""]","[""area"", ""composition"", ""equation"", ""positive""]",subject
geometry_a16ffa2270c26c3b,S05,math_train_counting_probability_165,counting_probability,False,False,False,True,False,"[""probability"", ""unit_rate""]","[""area"", ""composition"", ""equation"", ""positive""]",subject
geometry_a16ffa2270c26c3b,S05,math_train_counting_probability_174,counting_probability,False,False,False,False,False,"[""counting""]","[""area"", ""composition"", ""equation"", ""positive""]",subject
geometry_a16ffa2270c26c3b,S05,math_train_counting_probability_177,counting_probability,False,False,False,False,False,[],"[""area"", ""composition"", ""equation"", ""positive""]",subject
geometry_a16ffa2270c26c3b,S05,math_train_counting_probability_186,counting_probability,False,False,False,False,False,"[""counting""]","[""area"", ""composition"", ""equation"", ""positive""]",subject
geometry_a16ffa2270c26c3b,S05,math_train_counting_probability_192,counting_probability,False,False,False,True,False,"[""counting"", ""probability""]","[""area"", ""composition"", ""equation"", ""positive""]",subject
geometry_a16ffa2270c26c3b,S05,math_train_counting_probability_208,counting_probability,False,False,False,False,False,"[""counting""]","[""area"", ""composition"", ""equation"", ""positive""]",subject
geometry_a16ffa2270c26c3b,S05,math_train_counting_probability_213,counting_probability,False,False,False,True,False,"[""counting"", ""probability"", ""rational""]","[""area"", ""composition"", ""equation"", ""positive""]",subject
geometry_a16ffa2270c26c3b,S05,math_train_counting_probability_218,counting_probability,False,False,False,True,False,"[""divisibility"", ""integer"", ""positive"", ""probability"", ""rational""]","[""area"", ""composition"", ""equation""]",subject
geometry_a16ffa2270c26c3b,S05,math_train_counting_probability_261,counting_probability,False,False,False,False,False,[],"[""area"", ""composition"", ""equation"", ""positive""]",subject
geometry_a16ffa2270c26c3b,S05,math_train_counting_probability_269,counting_probability,False,False,False,False,False,"[""counting"", ""unit_rate""]","[""area"", ""composition"", ""equation"", ""positive""]",subject
geometry_a16ffa2270c26c3b,S05,math_train_counting_probability_278,counting_probability,False,False,False,False,False,[],"[""area"", ""composition"", ""equation"", ""positive""]",subject
geometry_a16ffa2270c26c3b,S05,math_train_counting_probability_287,counting_probability,False,False,False,False,False,"[""counting""]","[""area"", ""composition"", ""equation"", ""positive""]",subject
geometry_a16ffa2270c26c3b,S05,math_train_counting_probability_31,counting_probability,False,False,False,True,False,"[""probability"", ""rational""]","[""area"", ""composition"", ""equation"", ""positive""]",subject
geometry_a16ffa2270c26c3b,S05,math_train_counting_probability_332,counting_probability,False,False,False,False,False,"[""counting"", ""factorization"", ""integer"", ""prime""]","[""area"", ""composition"", ""equation"", ""positive""]",subject
geometry_a16ffa2270c26c3b,S05,math_train_counting_probability_34,counting_probability,False,False,False,False,False,[],"[""area"", ""composition"", ""equation"", ""positive""]",subject
geometry_a16ffa2270c26c3b,S05,math_train_counting_probability_341,counting_probability,False,False,False,True,False,"[""circle""]","[""area"", ""composition"", ""equation"", ""positive""]",subject
geometry_a16ffa2270c26c3b,S05,math_train_counting_probability_345,counting_probability,False,False,False,False,False,"[""counting""]","[""area"", ""composition"", ""equation"", ""positive""]",subject
geometry_a16ffa2270c26c3b,S05,math_train_counting_probability_357,counting_probability,False,False,False,True,False,"[""integer"", ""positive"", ""prime"", ""probability"", ""unit_rate""]","[""area"", ""composition"", ""equation""]",subject
geometry_a16ffa2270c26c3b,S05,math_train_counting_probability_39,counting_probability,False,False,False,False,False,"[""modular""]","[""area"", ""composition"", ""equation"", ""positive""]",subject
geometry_a16ffa2270c26c3b,S05,math_train_counting_probability_396,counting_probability,False,False,False,False,False,"[""divisibility"", ""modular"", ""unit_rate""]","[""area"", ""composition"", ""equation"", ""positive""]",subject
geometry_a16ffa2270c26c3b,S05,math_train_counting_probability_401,counting_probability,False,False,False,True,False,"[""integer"", ""positive"", ""prime"", ""probability"", ""rational"", ""unit_rate""]","[""area"", ""composition"", ""equation""]",subject
geometry_a16ffa2270c26c3b,S05,math_train_counting_probability_425,counting_probability,False,False,False,False,False,"[""integer""]","[""area"", ""composition"", ""equation"", ""positive""]",subject
geometry_a16ffa2270c26c3b,S05,math_train_counting_probability_430,counting_probability,False,False,False,False,False,"[""integer""]","[""area"", ""composition"", ""equation"", ""positive""]",subject
geometry_a16ffa2270c26c3b,S05,math_train_counting_probability_452,counting_probability,False,False,False,False,False,"[""counting"", ""divisibility"", ""integer"", ""modular"", ""positive""]","[""area"", ""composition"", ""equation""]",subject
geometry_a16ffa2270c26c3b,S05,math_train_counting_probability_461,counting_probability,False,False,False,False,False,"[""integer""]","[""area"", ""composition"", ""equation"", ""positive""]",subject
geometry_a16ffa2270c26c3b,S05,math_train_counting_probability_471,counting_probability,False,False,False,False,False,[],"[""area"", ""composition"", ""equation"", ""positive""]",subject
geometry_a16ffa2270c26c3b,S05,math_train_counting_probability_482,counting_probability,False,False,False,True,False,"[""probability""]","[""area"", ""composition"", ""equation"", ""positive""]",subject
geometry_a16ffa2270c26c3b,S05,math_train_counting_probability_488,counting_probability,False,False,False,True,False,"[""probability"", ""rational""]","[""area"", ""composition"", ""equation"", ""positive""]",subject
geometry_a16ffa2270c26c3b,S05,math_train_counting_probability_490,counting_probability,False,False,False,True,False,"[""probability""]","[""area"", ""composition"", ""equation"", ""positive""]",subject
geometry_a16ffa2270c26c3b,S05,math_train_counting_probability_5,counting_probability,False,False,False,False,False,"[""unit_rate""]","[""area"", ""composition"", ""equation"", ""positive""]",subject
geometry_a16ffa2270c26c3b,S05,math_train_counting_probability_543,counting_probability,False,False,False,False,False,"[""counting""]","[""area"", ""composition"", ""equation"", ""positive""]",subject
geometry_a16ffa2270c26c3b,S05,math_train_counting_probability_596,counting_probability,False,False,False,False,False,"[""counting""]","[""area"", ""composition"", ""equation"", ""positive""]",subject
geometry_a16ffa2270c26c3b,S05,math_train_counting_probability_629,counting_probability,False,False,False,False,False,"[""counting""]","[""area"", ""composition"", ""equation"", ""positive""]",subject
geometry_a16ffa2270c26c3b,S05,math_train_counting_probability_640,counting_probability,False,False,False,False,False,"[""triangle""]","[""area"", ""composition"", ""equation"", ""positive""]",subject
geometry_a16ffa2270c26c3b,S05,math_train_counting_probability_658,counting_probability,False,False,False,False,False,"[""integer"", ""positive""]","[""area"", ""composition"", ""equation""]",subject
geometry_a16ffa2270c26c3b,S05,math_train_counting_probability_668,counting_probability,False,False,False,False,False,[],"[""area"", ""composition"", ""equation"", ""positive""]",subject
geometry_a16ffa2270c26c3b,S05,math_train_counting_probability_675,counting_probability,False,False,False,False,False,"[""counting"", ""unit_rate""]","[""area"", ""composition"", ""equation"", ""positive""]",subject
geometry_a16ffa2270c26c3b,S05,math_train_counting_probability_680,counting_probability,False,False,False,False,False,"[""rational""]","[""area"", ""composition"", ""equation"", ""positive""]",subject
geometry_a16ffa2270c26c3b,S05,math_train_counting_probability_693,counting_probability,False,False,False,True,False,"[""probability"", ""rational"", ""unit_rate""]","[""area"", ""composition"", ""equation"", ""positive""]",subject
geometry_a16ffa2270c26c3b,S05,math_train_counting_probability_700,counting_probability,False,False,False,False,False,"[""integer""]","[""area"", ""composition"", ""equation"", ""positive""]",subject
geometry_a16ffa2270c26c3b,S05,math_train_counting_probability_730,counting_probability,False,False,False,False,False,"[""counting""]","[""area"", ""composition"", ""equation"", ""positive""]",subject
geometry_a16ffa2270c26c3b,S05,math_train_counting_probability_756,counting_probability,False,False,False,False,False,"[""counting"", ""unit_rate""]","[""area"", ""composition"", ""equation"", ""positive""]",subject
geometry_a16ffa2270c26c3b,S05,math_train_counting_probability_85,counting_probability,False,False,False,False,False,[],"[""area"", ""composition"", ""equation"", ""positive""]",subject
geometry_a16ffa2270c26c3b,S05,math_train_counting_probability_96,counting_probability,False,False,False,True,False,"[""probability"", ""rational"", ""triangle""]","[""area"", ""composition"", ""equation"", ""positive""]",subject
geometry_a16ffa2270c26c3b,S05,math_train_geometry_124,geometry,True,False,False,True,False,"[""circle"", ""rational""]","[""area"", ""composition"", ""equation"", ""positive""]",trigger
geometry_a16ffa2270c26c3b,S05,math_train_geometry_139,geometry,True,True,False,True,False,"[""area"", ""circle""]","[""composition"", ""equation"", ""positive""]",preconditions
geometry_a16ffa2270c26c3b,S05,math_train_geometry_145,geometry,True,True,False,False,False,"[""area"", ""triangle""]","[""composition"", ""equation"", ""positive""]",preconditions
geometry_a16ffa2270c26c3b,S05,math_train_geometry_15,geometry,True,False,False,True,False,"[""circle""]","[""area"", ""composition"", ""equation"", ""positive""]",trigger
geometry_a16ffa2270c26c3b,S05,math_train_geometry_159,geometry,True,True,False,False,False,"[""area"", ""rational"", ""unit_rate""]","[""composition"", ""equation"", ""positive""]",preconditions
geometry_a16ffa2270c26c3b,S05,math_train_geometry_168,geometry,True,False,False,False,False,"[""integer"", ""positive"", ""prime""]","[""area"", ""composition"", ""equation""]",trigger
geometry_a16ffa2270c26c3b,S05,math_train_geometry_169,geometry,True,False,False,True,False,"[""circle"", ""factorization""]","[""area"", ""composition"", ""equation"", ""positive""]",trigger
geometry_a16ffa2270c26c3b,S05,math_train_geometry_202,geometry,True,True,False,True,False,"[""area"", ""circle""]","[""composition"", ""equation"", ""positive""]",preconditions
geometry_a16ffa2270c26c3b,S05,math_train_geometry_203,geometry,True,False,False,True,False,"[""circle"", ""triangle""]","[""area"", ""composition"", ""equation"", ""positive""]",trigger
geometry_a16ffa2270c26c3b,S05,math_train_geometry_212,geometry,True,True,False,False,False,"[""area"", ""ratio"", ""unit_rate""]","[""composition"", ""equation"", ""positive""]",preconditions
geometry_a16ffa2270c26c3b,S05,math_train_geometry_238,geometry,True,False,False,False,False,"[""factorization""]","[""area"", ""composition"", ""equation"", ""positive""]",trigger
geometry_a16ffa2270c26c3b,S05,math_train_geometry_25,geometry,True,False,False,False,False,[],"[""area"", ""composition"", ""equation"", ""positive""]",trigger
geometry_a16ffa2270c26c3b,S05,math_train_geometry_279,geometry,True,False,False,True,False,"[""circle""]","[""area"", ""composition"", ""equation"", ""positive""]",trigger
geometry_a16ffa2270c26c3b,S05,math_train_geometry_289,geometry,True,True,False,False,False,"[""area"", ""rational"", ""triangle""]","[""composition"", ""equation"", ""positive""]",preconditions
geometry_a16ffa2270c26c3b,S05,math_train_geometry_294,geometry,True,False,False,False,False,"[""unit_rate""]","[""area"", ""composition"", ""equation"", ""positive""]",trigger
geometry_a16ffa2270c26c3b,S05,math_train_geometry_30,geometry,True,True,False,False,False,"[""area"", ""triangle""]","[""composition"", ""equation"", ""positive""]",preconditions
geometry_a16ffa2270c26c3b,S05,math_train_geometry_308,geometry,True,False,False,False,False,"[""rational""]","[""area"", ""composition"", ""equation"", ""positive""]",trigger
geometry_a16ffa2270c26c3b,S05,math_train_geometry_316,geometry,True,True,False,False,False,"[""area"", ""modular"", ""unit_rate""]","[""composition"", ""equation"", ""positive""]",preconditions
geometry_a16ffa2270c26c3b,S05,math_train_geometry_327,geometry,True,False,False,True,False,"[""circle"", ""unit_rate""]","[""area"", ""composition"", ""equation"", ""positive""]",trigger
geometry_a16ffa2270c26c3b,S05,math_train_geometry_343,geometry,True,False,False,False,False,"[""trigonometric""]","[""area"", ""composition"", ""equation"", ""positive""]",trigger
geometry_a16ffa2270c26c3b,S05,math_train_geometry_359,geometry,True,False,False,False,False,"[""divisibility"", ""triangle""]","[""area"", ""composition"", ""equation"", ""positive""]",trigger
geometry_a16ffa2270c26c3b,S05,math_train_geometry_367,geometry,True,True,False,False,False,"[""area"", ""ratio"", ""triangle""]","[""composition"", ""equation"", ""positive""]",preconditions
geometry_a16ffa2270c26c3b,S05,math_train_geometry_374,geometry,True,False,False,True,False,"[""circle"", ""triangle""]","[""area"", ""composition"", ""equation"", ""positive""]",trigger
geometry_a16ffa2270c26c3b,S05,math_train_geometry_394,geometry,True,False,False,True,False,"[""circle""]","[""area"", ""composition"", ""equation"", ""positive""]",trigger
geometry_a16ffa2270c26c3b,S05,math_train_geometry_396,geometry,True,True,False,False,False,"[""area""]","[""composition"", ""equation"", ""positive""]",preconditions
geometry_a16ffa2270c26c3b,S05,math_train_geometry_400,geometry,True,False,False,False,False,"[""modular"", ""triangle"", ""unit_rate""]","[""area"", ""composition"", ""equation"", ""positive""]",trigger
geometry_a16ffa2270c26c3b,S05,math_train_geometry_447,geometry,True,False,False,False,False,"[""unit_rate""]","[""area"", ""composition"", ""equation"", ""positive""]",trigger
geometry_a16ffa2270c26c3b,S05,math_train_geometry_467,geometry,True,False,False,True,False,"[""circle"", ""triangle""]","[""area"", ""composition"", ""equation"", ""positive""]",trigger
geometry_a16ffa2270c26c3b,S05,math_train_geometry_469,geometry,True,False,False,True,False,"[""circle"", ""divisibility"", ""integer"", ""positive"", ""prime""]","[""area"", ""composition"", ""equation""]",trigger
geometry_a16ffa2270c26c3b,S05,math_train_geometry_473,geometry,True,False,False,False,False,"[""integer"", ""positive"", ""prime"", ""rational""]","[""area"", ""composition"", ""equation""]",trigger
geometry_a16ffa2270c26c3b,S05,math_train_geometry_478,geometry,True,False,False,True,False,"[""circle"", ""triangle"", ""unit_rate""]","[""area"", ""composition"", ""equation"", ""positive""]",trigger
geometry_a16ffa2270c26c3b,S05,math_train_geometry_528,geometry,True,False,False,False,False,"[""divisibility"", ""integer"", ""positive"", ""prime"", ""rational"", ""triangle""]","[""area"", ""composition"", ""equation""]",trigger
geometry_a16ffa2270c26c3b,S05,math_train_geometry_539,geometry,True,False,False,True,False,"[""circle""]","[""area"", ""composition"", ""equation"", ""positive""]",trigger
geometry_a16ffa2270c26c3b,S05,math_train_geometry_609,geometry,True,False,False,False,False,"[""rational""]","[""area"", ""composition"", ""equation"", ""positive""]",trigger
geometry_a16ffa2270c26c3b,S05,math_train_geometry_611,geometry,True,True,False,True,False,"[""area"", ""circle"", ""quadratic"", ""ratio"", ""rational"", ""triangle""]","[""composition"", ""equation"", ""positive""]",preconditions
geometry_a16ffa2270c26c3b,S05,math_train_geometry_623,geometry,True,False,False,False,False,"[""triangle""]","[""area"", ""composition"", ""equation"", ""positive""]",trigger
geometry_a16ffa2270c26c3b,S05,math_train_geometry_673,geometry,True,True,False,True,False,"[""area"", ""circle""]","[""composition"", ""equation"", ""positive""]",preconditions
geometry_a16ffa2270c26c3b,S05,math_train_geometry_737,geometry,True,False,False,False,False,"[""trigonometric""]","[""area"", ""composition"", ""equation"", ""positive""]",trigger
geometry_a16ffa2270c26c3b,S05,math_train_geometry_74,geometry,True,False,False,False,False,[],"[""area"", ""composition"", ""equation"", ""positive""]",trigger
geometry_a16ffa2270c26c3b,S05,math_train_geometry_760,geometry,True,True,False,False,False,"[""area""]","[""composition"", ""equation"", ""positive""]",preconditions
geometry_a16ffa2270c26c3b,S05,math_train_geometry_775,geometry,True,True,False,False,False,"[""area""]","[""composition"", ""equation"", ""positive""]",preconditions
geometry_a16ffa2270c26c3b,S05,math_train_geometry_789,geometry,True,True,False,False,False,"[""area"", ""unit_rate""]","[""composition"", ""equation"", ""positive""]",preconditions
geometry_a16ffa2270c26c3b,S05,math_train_geometry_813,geometry,True,False,False,False,False,"[""modular"", ""triangle""]","[""area"", ""composition"", ""equation"", ""positive""]",trigger
geometry_a16ffa2270c26c3b,S05,math_train_geometry_817,geometry,True,True,False,False,False,"[""area"", ""unit_rate""]","[""composition"", ""equation"", ""positive""]",preconditions
geometry_a16ffa2270c26c3b,S05,math_train_geometry_820,geometry,True,False,False,False,False,"[""ratio"", ""rational""]","[""area"", ""composition"", ""equation"", ""positive""]",trigger
geometry_a16ffa2270c26c3b,S05,math_train_geometry_836,geometry,True,False,False,False,False,[],"[""area"", ""composition"", ""equation"", ""positive""]",trigger
geometry_a16ffa2270c26c3b,S05,math_train_geometry_845,geometry,True,False,False,False,False,[],"[""area"", ""composition"", ""equation"", ""positive""]",trigger
geometry_a16ffa2270c26c3b,S05,math_train_geometry_849,geometry,True,False,False,True,False,"[""circle"", ""factorization""]","[""area"", ""composition"", ""equation"", ""positive""]",trigger
geometry_a16ffa2270c26c3b,S05,math_train_geometry_855,geometry,True,True,False,False,False,"[""area""]","[""composition"", ""equation"", ""positive""]",preconditions
geometry_a16ffa2270c26c3b,S05,math_train_geometry_863,geometry,True,False,False,False,False,"[""quadratic"", ""triangle""]","[""area"", ""composition"", ""equation"", ""positive""]",trigger
geometry_a16ffa2270c26c3b,S05,math_train_intermediate_algebra_1034,intermediate_algebra,False,False,False,False,False,"[""positive""]","[""area"", ""composition"", ""equation""]",subject
geometry_a16ffa2270c26c3b,S05,math_train_intermediate_algebra_1059,intermediate_algebra,False,False,False,False,False,[],"[""area"", ""composition"", ""equation"", ""positive""]",subject
geometry_a16ffa2270c26c3b,S05,math_train_intermediate_algebra_1060,intermediate_algebra,False,False,False,False,False,[],"[""area"", ""composition"", ""equation"", ""positive""]",subject
geometry_a16ffa2270c26c3b,S05,math_train_intermediate_algebra_1103,intermediate_algebra,False,False,False,False,False,"[""rational""]","[""area"", ""composition"", ""equation"", ""positive""]",subject
geometry_a16ffa2270c26c3b,S05,math_train_intermediate_algebra_1115,intermediate_algebra,False,False,False,False,False,"[""quadratic""]","[""area"", ""composition"", ""equation"", ""positive""]",subject
geometry_a16ffa2270c26c3b,S05,math_train_intermediate_algebra_1145,intermediate_algebra,False,False,False,False,False,"[""positive"", ""rational""]","[""area"", ""composition"", ""equation""]",subject
geometry_a16ffa2270c26c3b,S05,math_train_intermediate_algebra_1156,intermediate_algebra,False,False,False,False,False,"[""quadratic"", ""rational""]","[""area"", ""composition"", ""equation"", ""positive""]",subject
geometry_a16ffa2270c26c3b,S05,math_train_intermediate_algebra_1164,intermediate_algebra,False,False,False,False,False,"[""quadratic""]","[""area"", ""composition"", ""equation"", ""positive""]",subject
geometry_a16ffa2270c26c3b,S05,math_train_intermediate_algebra_1183,intermediate_algebra,False,False,False,False,False,"[""integer"", ""positive"", ""quadratic""]","[""area"", ""composition"", ""equation""]",subject
geometry_a16ffa2270c26c3b,S05,math_train_intermediate_algebra_1292,intermediate_algebra,False,False,False,False,False,"[""equation"", ""quadratic"", ""ratio"", ""rational""]","[""area"", ""composition"", ""positive""]",subject
geometry_a16ffa2270c26c3b,S05,math_train_intermediate_algebra_164,intermediate_algebra,False,False,False,False,False,"[""composition""]","[""area"", ""equation"", ""positive""]",subject
geometry_a16ffa2270c26c3b,S05,math_train_intermediate_algebra_178,intermediate_algebra,False,False,False,False,False,"[""equation"", ""quadratic""]","[""area"", ""composition"", ""positive""]",subject
geometry_a16ffa2270c26c3b,S05,math_train_intermediate_algebra_181,intermediate_algebra,False,False,False,False,False,"[""integer"", ""positive""]","[""area"", ""composition"", ""equation""]",subject
geometry_a16ffa2270c26c3b,S05,math_train_intermediate_algebra_263,intermediate_algebra,False,False,False,False,False,"[""quadratic""]","[""area"", ""composition"", ""equation"", ""positive""]",subject
geometry_a16ffa2270c26c3b,S05,math_train_intermediate_algebra_275,intermediate_algebra,False,False,False,False,False,"[""quadratic""]","[""area"", ""composition"", ""equation"", ""positive""]",subject
geometry_a16ffa2270c26c3b,S05,math_train_intermediate_algebra_296,intermediate_algebra,False,False,False,False,False,"[""positive"", ""rational""]","[""area"", ""composition"", ""equation""]",subject
geometry_a16ffa2270c26c3b,S05,math_train_intermediate_algebra_300,intermediate_algebra,False,False,False,False,False,"[""nonzero"", ""polynomial"", ""ratio"", ""rational""]","[""area"", ""composition"", ""equation"", ""positive""]",subject
geometry_a16ffa2270c26c3b,S05,math_train_intermediate_algebra_315,intermediate_algebra,False,False,False,False,False,"[""rational""]","[""area"", ""composition"", ""equation"", ""positive""]",subject
geometry_a16ffa2270c26c3b,S05,math_train_intermediate_algebra_340,intermediate_algebra,False,False,False,False,False,[],"[""area"", ""composition"", ""equation"", ""positive""]",subject
geometry_a16ffa2270c26c3b,S05,math_train_intermediate_algebra_345,intermediate_algebra,False,False,False,False,False,[],"[""area"", ""composition"", ""equation"", ""positive""]",subject
geometry_a16ffa2270c26c3b,S05,math_train_intermediate_algebra_359,intermediate_algebra,False,False,False,False,False,"[""ratio"", ""rational""]","[""area"", ""composition"", ""equation"", ""positive""]",subject
geometry_a16ffa2270c26c3b,S05,math_train_intermediate_algebra_363,intermediate_algebra,False,False,False,False,False,"[""positive""]","[""area"", ""composition"", ""equation""]",subject
geometry_a16ffa2270c26c3b,S05,math_train_intermediate_algebra_39,intermediate_algebra,False,False,False,False,False,"[""quadratic""]","[""area"", ""composition"", ""equation"", ""positive""]",subject
geometry_a16ffa2270c26c3b,S05,math_train_intermediate_algebra_437,intermediate_algebra,False,False,False,False,False,"[""quadratic""]","[""area"", ""composition"", ""equation"", ""positive""]",subject
geometry_a16ffa2270c26c3b,S05,math_train_intermediate_algebra_452,intermediate_algebra,False,False,False,False,False,"[""positive"", ""quadratic""]","[""area"", ""composition"", ""equation""]",subject
geometry_a16ffa2270c26c3b,S05,math_train_intermediate_algebra_455,intermediate_algebra,False,False,False,False,False,"[""quadratic"", ""rational""]","[""area"", ""composition"", ""equation"", ""positive""]",subject
geometry_a16ffa2270c26c3b,S05,math_train_intermediate_algebra_473,intermediate_algebra,False,False,False,False,False,[],"[""area"", ""composition"", ""equation"", ""positive""]",subject
geometry_a16ffa2270c26c3b,S05,math_train_intermediate_algebra_503,intermediate_algebra,False,False,False,False,False,"[""integer"", ""unit_rate""]","[""area"", ""composition"", ""equation"", ""positive""]",subject
geometry_a16ffa2270c26c3b,S05,math_train_intermediate_algebra_532,intermediate_algebra,False,False,False,False,False,"[""equation"", ""quadratic"", ""ratio"", ""rational""]","[""area"", ""composition"", ""positive""]",subject
geometry_a16ffa2270c26c3b,S05,math_train_intermediate_algebra_542,intermediate_algebra,False,False,False,False,False,"[""polynomial"", ""quadratic""]","[""area"", ""composition"", ""equation"", ""positive""]",subject
geometry_a16ffa2270c26c3b,S05,math_train_intermediate_algebra_543,intermediate_algebra,False,False,False,False,False,"[""quadratic"", ""rational""]","[""area"", ""composition"", ""equation"", ""positive""]",subject
geometry_a16ffa2270c26c3b,S05,math_train_intermediate_algebra_556,intermediate_algebra,False,False,False,False,False,"[""equation"", ""integer"", ""positive"", ""quadratic""]","[""area"", ""composition""]",subject
geometry_a16ffa2270c26c3b,S05,math_train_intermediate_algebra_56,intermediate_algebra,False,False,False,False,False,"[""quadratic"", ""rational"", ""unit_rate""]","[""area"", ""composition"", ""equation"", ""positive""]",subject
geometry_a16ffa2270c26c3b,S05,math_train_intermediate_algebra_597,intermediate_algebra,False,False,False,False,False,"[""divisibility"", ""modular""]","[""area"", ""composition"", ""equation"", ""positive""]",subject
geometry_a16ffa2270c26c3b,S05,math_train_intermediate_algebra_598,intermediate_algebra,False,False,False,False,False,"[""rational""]","[""area"", ""composition"", ""equation"", ""positive""]",subject
geometry_a16ffa2270c26c3b,S05,math_train_intermediate_algebra_624,intermediate_algebra,False,False,False,False,False,"[""integer"", ""positive"", ""quadratic""]","[""area"", ""composition"", ""equation""]",subject
geometry_a16ffa2270c26c3b,S05,math_train_intermediate_algebra_653,intermediate_algebra,False,False,False,False,False,"[""divisibility"", ""modular""]","[""area"", ""composition"", ""equation"", ""positive""]",subject
geometry_a16ffa2270c26c3b,S05,math_train_intermediate_algebra_675,intermediate_algebra,False,False,False,False,False,[],"[""area"", ""composition"", ""equation"", ""positive""]",subject
geometry_a16ffa2270c26c3b,S05,math_train_intermediate_algebra_702,intermediate_algebra,False,False,False,False,False,[],"[""area"", ""composition"", ""equation"", ""positive""]",subject
geometry_a16ffa2270c26c3b,S05,math_train_intermediate_algebra_706,intermediate_algebra,False,False,False,False,False,"[""equation"", ""integer"", ""quadratic"", ""rational""]","[""area"", ""composition"", ""positive""]",subject
geometry_a16ffa2270c26c3b,S05,math_train_intermediate_algebra_720,intermediate_algebra,False,False,False,False,False,"[""nonzero"", ""polynomial"", ""quadratic"", ""rational""]","[""area"", ""composition"", ""equation"", ""positive""]",subject
geometry_a16ffa2270c26c3b,S05,math_train_intermediate_algebra_760,intermediate_algebra,False,False,False,False,False,"[""integer""]","[""area"", ""composition"", ""equation"", ""positive""]",subject
geometry_a16ffa2270c26c3b,S05,math_train_intermediate_algebra_78,intermediate_algebra,False,False,False,False,False,"[""rational""]","[""area"", ""composition"", ""equation"", ""positive""]",subject
geometry_a16ffa2270c26c3b,S05,math_train_intermediate_algebra_899,intermediate_algebra,False,False,False,False,False,"[""equation"", ""integer"", ""polynomial"", ""ratio"", ""rational""]","[""area"", ""composition"", ""positive""]",subject
geometry_a16ffa2270c26c3b,S05,math_train_intermediate_algebra_922,intermediate_algebra,False,False,False,False,False,"[""positive"", ""rational""]","[""area"", ""composition"", ""equation""]",subject
geometry_a16ffa2270c26c3b,S05,math_train_intermediate_algebra_954,intermediate_algebra,False,False,False,False,False,"[""factorization"", ""quadratic""]","[""area"", ""composition"", ""equation"", ""positive""]",subject
geometry_a16ffa2270c26c3b,S05,math_train_intermediate_algebra_967,intermediate_algebra,False,False,False,False,False,"[""divisibility"", ""quadratic""]","[""area"", ""composition"", ""equation"", ""positive""]",subject
geometry_a16ffa2270c26c3b,S05,math_train_intermediate_algebra_974,intermediate_algebra,False,False,False,False,False,"[""rational""]","[""area"", ""composition"", ""equation"", ""positive""]",subject
geometry_a16ffa2270c26c3b,S05,math_train_intermediate_algebra_993,intermediate_algebra,False,False,False,False,False,"[""divisibility"", ""modular"", ""polynomial""]","[""area"", ""composition"", ""equation"", ""positive""]",subject
geometry_a16ffa2270c26c3b,S05,math_train_intermediate_algebra_999,intermediate_algebra,False,False,False,False,False,"[""polynomial"", ""quadratic""]","[""area"", ""composition"", ""equation"", ""positive""]",subject
geometry_a16ffa2270c26c3b,S05,math_train_number_theory_101,number_theory,False,False,False,True,False,"[""modular"", ""probability""]","[""area"", ""composition"", ""equation"", ""positive""]",subject
geometry_a16ffa2270c26c3b,S05,math_train_number_theory_113,number_theory,False,False,False,False,False,"[""divisibility""]","[""area"", ""composition"", ""equation"", ""positive""]",subject
geometry_a16ffa2270c26c3b,S05,math_train_number_theory_153,number_theory,False,False,False,False,False,"[""integer"", ""positive""]","[""area"", ""composition"", ""equation""]",subject
geometry_a16ffa2270c26c3b,S05,math_train_number_theory_175,number_theory,False,False,False,False,False,"[""positive""]","[""area"", ""composition"", ""equation""]",subject
geometry_a16ffa2270c26c3b,S05,math_train_number_theory_181,number_theory,False,False,False,False,False,"[""positive""]","[""area"", ""composition"", ""equation""]",subject
geometry_a16ffa2270c26c3b,S05,math_train_number_theory_187,number_theory,False,False,False,False,False,"[""divisibility""]","[""area"", ""composition"", ""equation"", ""positive""]",subject
geometry_a16ffa2270c26c3b,S05,math_train_number_theory_196,number_theory,False,False,False,False,False,"[""unit_rate""]","[""area"", ""composition"", ""equation"", ""positive""]",subject
geometry_a16ffa2270c26c3b,S05,math_train_number_theory_203,number_theory,False,False,False,False,False,"[""factorization"", ""positive""]","[""area"", ""composition"", ""equation""]",subject
geometry_a16ffa2270c26c3b,S05,math_train_number_theory_221,number_theory,False,False,False,False,False,"[""quadratic""]","[""area"", ""composition"", ""equation"", ""positive""]",subject
geometry_a16ffa2270c26c3b,S05,math_train_number_theory_229,number_theory,False,False,False,False,False,"[""integer""]","[""area"", ""composition"", ""equation"", ""positive""]",subject
geometry_a16ffa2270c26c3b,S05,math_train_number_theory_237,number_theory,False,False,False,False,False,"[""divisibility"", ""modular""]","[""area"", ""composition"", ""equation"", ""positive""]",subject
geometry_a16ffa2270c26c3b,S05,math_train_number_theory_252,number_theory,False,False,False,False,False,[],"[""area"", ""composition"", ""equation"", ""positive""]",subject
geometry_a16ffa2270c26c3b,S05,math_train_number_theory_257,number_theory,False,False,False,False,False,"[""integer"", ""rational""]","[""area"", ""composition"", ""equation"", ""positive""]",subject
geometry_a16ffa2270c26c3b,S05,math_train_number_theory_272,number_theory,False,False,False,False,False,"[""factorization""]","[""area"", ""composition"", ""equation"", ""positive""]",subject
geometry_a16ffa2270c26c3b,S05,math_train_number_theory_274,number_theory,False,False,False,False,False,"[""divisibility"", ""integer"", ""positive""]","[""area"", ""composition"", ""equation""]",subject
geometry_a16ffa2270c26c3b,S05,math_train_number_theory_282,number_theory,False,False,False,False,False,"[""divisibility"", ""integer"", ""modular"", ""positive""]","[""area"", ""composition"", ""equation""]",subject
geometry_a16ffa2270c26c3b,S05,math_train_number_theory_297,number_theory,False,False,False,False,False,"[""divisibility"", ""modular""]","[""area"", ""composition"", ""equation"", ""positive""]",subject
geometry_a16ffa2270c26c3b,S05,math_train_number_theory_298,number_theory,False,False,False,False,False,[],"[""area"", ""composition"", ""equation"", ""positive""]",subject
geometry_a16ffa2270c26c3b,S05,math_train_number_theory_329,number_theory,False,False,False,False,False,[],"[""area"", ""composition"", ""equation"", ""positive""]",subject
geometry_a16ffa2270c26c3b,S05,math_train_number_theory_339,number_theory,False,False,False,False,False,"[""integer"", ""modular""]","[""area"", ""composition"", ""equation"", ""positive""]",subject
geometry_a16ffa2270c26c3b,S05,math_train_number_theory_366,number_theory,False,False,False,False,False,"[""integer"", ""modular""]","[""area"", ""composition"", ""equation"", ""positive""]",subject
geometry_a16ffa2270c26c3b,S05,math_train_number_theory_371,number_theory,False,False,False,False,False,"[""gcd_lcm"", ""integer"", ""positive"", ""quadratic""]","[""area"", ""composition"", ""equation""]",subject
geometry_a16ffa2270c26c3b,S05,math_train_number_theory_374,number_theory,False,False,False,False,False,"[""counting""]","[""area"", ""composition"", ""equation"", ""positive""]",subject
geometry_a16ffa2270c26c3b,S05,math_train_number_theory_403,number_theory,False,False,False,False,False,"[""gcd_lcm"", ""integer"", ""positive"", ""rational""]","[""area"", ""composition"", ""equation""]",subject
geometry_a16ffa2270c26c3b,S05,math_train_number_theory_448,number_theory,False,False,False,False,False,"[""divisibility""]","[""area"", ""composition"", ""equation"", ""positive""]",subject
geometry_a16ffa2270c26c3b,S05,math_train_number_theory_490,number_theory,False,False,False,False,False,"[""factorization"", ""gcd_lcm"", ""prime""]","[""area"", ""composition"", ""equation"", ""positive""]",subject
geometry_a16ffa2270c26c3b,S05,math_train_number_theory_51,number_theory,False,False,False,False,False,"[""positive""]","[""area"", ""composition"", ""equation""]",subject
geometry_a16ffa2270c26c3b,S05,math_train_number_theory_510,number_theory,False,False,False,False,False,"[""prime""]","[""area"", ""composition"", ""equation"", ""positive""]",subject
geometry_a16ffa2270c26c3b,S05,math_train_number_theory_528,number_theory,False,False,False,False,False,"[""integer""]","[""area"", ""composition"", ""equation"", ""positive""]",subject
geometry_a16ffa2270c26c3b,S05,math_train_number_theory_541,number_theory,False,False,False,False,False,"[""divisibility""]","[""area"", ""composition"", ""equation"", ""positive""]",subject
geometry_a16ffa2270c26c3b,S05,math_train_number_theory_555,number_theory,False,False,False,False,False,"[""divisibility"", ""integer"", ""positive""]","[""area"", ""composition"", ""equation""]",subject
geometry_a16ffa2270c26c3b,S05,math_train_number_theory_576,number_theory,False,False,False,False,False,"[""integer"", ""positive"", ""rational""]","[""area"", ""composition"", ""equation""]",subject
geometry_a16ffa2270c26c3b,S05,math_train_number_theory_598,number_theory,False,False,False,False,False,[],"[""area"", ""composition"", ""equation"", ""positive""]",subject
geometry_a16ffa2270c26c3b,S05,math_train_number_theory_608,number_theory,False,False,False,False,False,"[""positive""]","[""area"", ""composition"", ""equation""]",subject
geometry_a16ffa2270c26c3b,S05,math_train_number_theory_617,number_theory,False,False,False,False,False,"[""prime""]","[""area"", ""composition"", ""equation"", ""positive""]",subject
geometry_a16ffa2270c26c3b,S05,math_train_number_theory_629,number_theory,False,False,False,False,False,"[""integer""]","[""area"", ""composition"", ""equation"", ""positive""]",subject
geometry_a16ffa2270c26c3b,S05,math_train_number_theory_653,number_theory,False,False,False,False,False,"[""divisibility"", ""integer"", ""modular""]","[""area"", ""composition"", ""equation"", ""positive""]",subject
geometry_a16ffa2270c26c3b,S05,math_train_number_theory_691,number_theory,False,False,False,False,False,"[""divisibility""]","[""area"", ""composition"", ""equation"", ""positive""]",subject
geometry_a16ffa2270c26c3b,S05,math_train_number_theory_705,number_theory,False,False,False,False,False,"[""rational""]","[""area"", ""composition"", ""equation"", ""positive""]",subject
geometry_a16ffa2270c26c3b,S05,math_train_number_theory_713,number_theory,False,False,False,False,False,"[""integer"", ""positive"", ""rational""]","[""area"", ""composition"", ""equation""]",subject
geometry_a16ffa2270c26c3b,S05,math_train_number_theory_717,number_theory,False,False,False,False,False,"[""divisibility"", ""integer"", ""modular""]","[""area"", ""composition"", ""equation"", ""positive""]",subject
geometry_a16ffa2270c26c3b,S05,math_train_number_theory_733,number_theory,False,False,False,False,False,"[""gcd_lcm""]","[""area"", ""composition"", ""equation"", ""positive""]",subject
geometry_a16ffa2270c26c3b,S05,math_train_number_theory_740,number_theory,False,False,False,False,False,"[""integer""]","[""area"", ""composition"", ""equation"", ""positive""]",subject
geometry_a16ffa2270c26c3b,S05,math_train_number_theory_741,number_theory,False,False,False,False,False,"[""divisibility"", ""modular""]","[""area"", ""composition"", ""equation"", ""positive""]",subject
geometry_a16ffa2270c26c3b,S05,math_train_number_theory_744,number_theory,False,False,False,False,False,"[""counting"", ""factorization"", ""positive"", ""prime""]","[""area"", ""composition"", ""equation""]",subject
geometry_a16ffa2270c26c3b,S05,math_train_number_theory_78,number_theory,False,False,False,False,False,"[""integer"", ""modular""]","[""area"", ""composition"", ""equation"", ""positive""]",subject
geometry_a16ffa2270c26c3b,S05,math_train_number_theory_818,number_theory,False,False,False,False,False,[],"[""area"", ""composition"", ""equation"", ""positive""]",subject
geometry_a16ffa2270c26c3b,S05,math_train_number_theory_828,number_theory,False,False,False,False,False,"[""gcd_lcm""]","[""area"", ""composition"", ""equation"", ""positive""]",subject
geometry_a16ffa2270c26c3b,S05,math_train_number_theory_83,number_theory,False,False,False,False,False,"[""integer"", ""modular"", ""positive""]","[""area"", ""composition"", ""equation""]",subject
geometry_a16ffa2270c26c3b,S05,math_train_number_theory_848,number_theory,False,False,False,False,False,"[""divisibility"", ""modular""]","[""area"", ""composition"", ""equation"", ""positive""]",subject
geometry_a16ffa2270c26c3b,S05,math_train_prealgebra_1012,prealgebra,False,False,False,False,False,"[""unit_rate""]","[""area"", ""composition"", ""equation"", ""positive""]",subject
geometry_a16ffa2270c26c3b,S05,math_train_prealgebra_1021,prealgebra,False,False,False,False,False,[],"[""area"", ""composition"", ""equation"", ""positive""]",subject
geometry_a16ffa2270c26c3b,S05,math_train_prealgebra_1023,prealgebra,False,True,False,False,False,"[""area""]","[""composition"", ""equation"", ""positive""]",subject
geometry_a16ffa2270c26c3b,S05,math_train_prealgebra_105,prealgebra,False,False,False,False,False,"[""unit_rate""]","[""area"", ""composition"", ""equation"", ""positive""]",subject
geometry_a16ffa2270c26c3b,S05,math_train_prealgebra_1072,prealgebra,False,True,False,False,False,"[""area""]","[""composition"", ""equation"", ""positive""]",subject
geometry_a16ffa2270c26c3b,S05,math_train_prealgebra_1079,prealgebra,False,False,False,False,False,[],"[""area"", ""composition"", ""equation"", ""positive""]",subject
geometry_a16ffa2270c26c3b,S05,math_train_prealgebra_1107,prealgebra,False,True,False,True,False,"[""area"", ""circle""]","[""composition"", ""equation"", ""positive""]",subject
geometry_a16ffa2270c26c3b,S05,math_train_prealgebra_1140,prealgebra,False,False,False,False,False,[],"[""area"", ""composition"", ""equation"", ""positive""]",subject
geometry_a16ffa2270c26c3b,S05,math_train_prealgebra_116,prealgebra,False,False,False,False,False,[],"[""area"", ""composition"", ""equation"", ""positive""]",subject
geometry_a16ffa2270c26c3b,S05,math_train_prealgebra_1184,prealgebra,False,False,False,False,False,"[""equation"", ""rational""]","[""area"", ""composition"", ""positive""]",subject
geometry_a16ffa2270c26c3b,S05,math_train_prealgebra_125,prealgebra,False,False,False,False,False,"[""counting"", ""unit_rate""]","[""area"", ""composition"", ""equation"", ""positive""]",subject
geometry_a16ffa2270c26c3b,S05,math_train_prealgebra_158,prealgebra,False,False,False,False,False,[],"[""area"", ""composition"", ""equation"", ""positive""]",subject
geometry_a16ffa2270c26c3b,S05,math_train_prealgebra_167,prealgebra,False,False,False,False,False,"[""rational""]","[""area"", ""composition"", ""equation"", ""positive""]",subject
geometry_a16ffa2270c26c3b,S05,math_train_prealgebra_206,prealgebra,False,True,False,True,False,"[""area"", ""circle"", ""ratio"", ""rational""]","[""composition"", ""equation"", ""positive""]",subject
geometry_a16ffa2270c26c3b,S05,math_train_prealgebra_219,prealgebra,False,False,False,False,False,[],"[""area"", ""composition"", ""equation"", ""positive""]",subject
geometry_a16ffa2270c26c3b,S05,math_train_prealgebra_23,prealgebra,False,False,False,False,False,"[""rational""]","[""area"", ""composition"", ""equation"", ""positive""]",subject
geometry_a16ffa2270c26c3b,S05,math_train_prealgebra_231,prealgebra,False,False,False,True,False,"[""circle""]","[""area"", ""composition"", ""equation"", ""positive""]",subject
geometry_a16ffa2270c26c3b,S05,math_train_prealgebra_235,prealgebra,False,False,False,False,False,"[""counting""]","[""area"", ""composition"", ""equation"", ""positive""]",subject
geometry_a16ffa2270c26c3b,S05,math_train_prealgebra_307,prealgebra,False,True,False,False,False,"[""area""]","[""composition"", ""equation"", ""positive""]",subject
geometry_a16ffa2270c26c3b,S05,math_train_prealgebra_321,prealgebra,False,False,False,False,False,[],"[""area"", ""composition"", ""equation"", ""positive""]",subject
geometry_a16ffa2270c26c3b,S05,math_train_prealgebra_35,prealgebra,False,False,False,False,False,[],"[""area"", ""composition"", ""equation"", ""positive""]",subject
geometry_a16ffa2270c26c3b,S05,math_train_prealgebra_361,prealgebra,False,False,False,False,False,"[""ratio"", ""unit_rate""]","[""area"", ""composition"", ""equation"", ""positive""]",subject
geometry_a16ffa2270c26c3b,S05,math_train_prealgebra_379,prealgebra,False,False,False,False,False,[],"[""area"", ""composition"", ""equation"", ""positive""]",subject
geometry_a16ffa2270c26c3b,S05,math_train_prealgebra_412,prealgebra,False,False,False,False,False,[],"[""area"", ""composition"", ""equation"", ""positive""]",subject
geometry_a16ffa2270c26c3b,S05,math_train_prealgebra_427,prealgebra,False,False,False,False,False,[],"[""area"", ""composition"", ""equation"", ""positive""]",subject
geometry_a16ffa2270c26c3b,S05,math_train_prealgebra_43,prealgebra,False,True,False,False,False,"[""area"", ""triangle""]","[""composition"", ""equation"", ""positive""]",subject
geometry_a16ffa2270c26c3b,S05,math_train_prealgebra_431,prealgebra,False,False,False,False,False,[],"[""area"", ""composition"", ""equation"", ""positive""]",subject
geometry_a16ffa2270c26c3b,S05,math_train_prealgebra_438,prealgebra,False,False,False,False,False,[],"[""area"", ""composition"", ""equation"", ""positive""]",subject
geometry_a16ffa2270c26c3b,S05,math_train_prealgebra_443,prealgebra,False,False,False,False,False,[],"[""area"", ""composition"", ""equation"", ""positive""]",subject
geometry_a16ffa2270c26c3b,S05,math_train_prealgebra_465,prealgebra,False,False,False,False,False,"[""integer"", ""positive""]","[""area"", ""composition"", ""equation""]",subject
geometry_a16ffa2270c26c3b,S05,math_train_prealgebra_514,prealgebra,False,False,False,False,False,[],"[""area"", ""composition"", ""equation"", ""positive""]",subject
geometry_a16ffa2270c26c3b,S05,math_train_prealgebra_515,prealgebra,False,False,False,False,False,[],"[""area"", ""composition"", ""equation"", ""positive""]",subject
geometry_a16ffa2270c26c3b,S05,math_train_prealgebra_527,prealgebra,False,True,False,False,False,"[""area""]","[""composition"", ""equation"", ""positive""]",subject
geometry_a16ffa2270c26c3b,S05,math_train_prealgebra_549,prealgebra,False,False,False,False,False,"[""triangle""]","[""area"", ""composition"", ""equation"", ""positive""]",subject
geometry_a16ffa2270c26c3b,S05,math_train_prealgebra_557,prealgebra,False,False,False,False,False,[],"[""area"", ""composition"", ""equation"", ""positive""]",subject
geometry_a16ffa2270c26c3b,S05,math_train_prealgebra_561,prealgebra,False,False,False,False,False,"[""unit_rate""]","[""area"", ""composition"", ""equation"", ""positive""]",subject
geometry_a16ffa2270c26c3b,S05,math_train_prealgebra_594,prealgebra,False,False,False,False,False,[],"[""area"", ""composition"", ""equation"", ""positive""]",subject
geometry_a16ffa2270c26c3b,S05,math_train_prealgebra_596,prealgebra,False,False,False,False,False,"[""counting""]","[""area"", ""composition"", ""equation"", ""positive""]",subject
geometry_a16ffa2270c26c3b,S05,math_train_prealgebra_621,prealgebra,False,False,False,False,False,"[""rational""]","[""area"", ""composition"", ""equation"", ""positive""]",subject
geometry_a16ffa2270c26c3b,S05,math_train_prealgebra_721,prealgebra,False,False,False,False,False,"[""divisibility""]","[""area"", ""composition"", ""equation"", ""positive""]",subject
geometry_a16ffa2270c26c3b,S05,math_train_prealgebra_738,prealgebra,False,False,False,False,False,[],"[""area"", ""composition"", ""equation"", ""positive""]",subject
geometry_a16ffa2270c26c3b,S05,math_train_prealgebra_750,prealgebra,False,False,False,False,False,"[""rational""]","[""area"", ""composition"", ""equation"", ""positive""]",subject
geometry_a16ffa2270c26c3b,S05,math_train_prealgebra_769,prealgebra,False,False,False,False,False,[],"[""area"", ""composition"", ""equation"", ""positive""]",subject
geometry_a16ffa2270c26c3b,S05,math_train_prealgebra_86,prealgebra,False,True,False,True,False,"[""area"", ""circle"", ""integer""]","[""composition"", ""equation"", ""positive""]",subject
geometry_a16ffa2270c26c3b,S05,math_train_prealgebra_895,prealgebra,False,False,False,False,False,"[""integer"", ""positive""]","[""area"", ""composition"", ""equation""]",subject
geometry_a16ffa2270c26c3b,S05,math_train_prealgebra_91,prealgebra,False,False,False,False,False,[],"[""area"", ""composition"", ""equation"", ""positive""]",subject
geometry_a16ffa2270c26c3b,S05,math_train_prealgebra_913,prealgebra,False,False,False,False,False,[],"[""area"", ""composition"", ""equation"", ""positive""]",subject
geometry_a16ffa2270c26c3b,S05,math_train_prealgebra_921,prealgebra,False,False,False,False,False,[],"[""area"", ""composition"", ""equation"", ""positive""]",subject
geometry_a16ffa2270c26c3b,S05,math_train_prealgebra_953,prealgebra,False,False,False,False,False,[],"[""area"", ""composition"", ""equation"", ""positive""]",subject
geometry_a16ffa2270c26c3b,S05,math_train_prealgebra_972,prealgebra,False,True,False,True,False,"[""area"", ""circle"", ""quadratic""]","[""composition"", ""equation"", ""positive""]",subject
geometry_a16ffa2270c26c3b,S05,math_train_precalculus_106,precalculus,False,True,False,False,False,"[""area"", ""triangle""]","[""composition"", ""equation"", ""positive""]",subject
geometry_a16ffa2270c26c3b,S05,math_train_precalculus_108,precalculus,False,False,False,False,False,[],"[""area"", ""composition"", ""equation"", ""positive""]",subject
geometry_a16ffa2270c26c3b,S05,math_train_precalculus_114,precalculus,False,False,False,False,False,[],"[""area"", ""composition"", ""equation"", ""positive""]",subject
geometry_a16ffa2270c26c3b,S05,math_train_precalculus_118,precalculus,False,False,False,False,False,"[""rational"", ""trigonometric""]","[""area"", ""composition"", ""equation"", ""positive""]",subject
geometry_a16ffa2270c26c3b,S05,math_train_precalculus_119,precalculus,False,False,False,False,False,"[""trigonometric""]","[""area"", ""composition"", ""equation"", ""positive""]",subject
geometry_a16ffa2270c26c3b,S05,math_train_precalculus_189,precalculus,False,False,False,False,False,"[""quadratic"", ""rational""]","[""area"", ""composition"", ""equation"", ""positive""]",subject
geometry_a16ffa2270c26c3b,S05,math_train_precalculus_2,precalculus,False,False,False,False,False,[],"[""area"", ""composition"", ""equation"", ""positive""]",subject
geometry_a16ffa2270c26c3b,S05,math_train_precalculus_205,precalculus,False,False,False,False,False,[],"[""area"", ""composition"", ""equation"", ""positive""]",subject
geometry_a16ffa2270c26c3b,S05,math_train_precalculus_215,precalculus,False,False,False,False,False,[],"[""area"", ""composition"", ""equation"", ""positive""]",subject
geometry_a16ffa2270c26c3b,S05,math_train_precalculus_22,precalculus,False,False,False,False,False,[],"[""area"", ""composition"", ""equation"", ""positive""]",subject
geometry_a16ffa2270c26c3b,S05,math_train_precalculus_230,precalculus,False,True,False,False,False,"[""area"", ""triangle""]","[""composition"", ""equation"", ""positive""]",subject
geometry_a16ffa2270c26c3b,S05,math_train_precalculus_238,precalculus,False,False,False,False,False,[],"[""area"", ""composition"", ""equation"", ""positive""]",subject
geometry_a16ffa2270c26c3b,S05,math_train_precalculus_250,precalculus,False,False,False,True,False,"[""circle"", ""equation"", ""rational"", ""trigonometric""]","[""area"", ""composition"", ""positive""]",subject
geometry_a16ffa2270c26c3b,S05,math_train_precalculus_259,precalculus,False,False,False,False,False,[],"[""area"", ""composition"", ""equation"", ""positive""]",subject
geometry_a16ffa2270c26c3b,S05,math_train_precalculus_27,precalculus,False,False,False,False,False,"[""triangle""]","[""area"", ""composition"", ""equation"", ""positive""]",subject
geometry_a16ffa2270c26c3b,S05,math_train_precalculus_293,precalculus,False,True,False,False,False,"[""area"", ""triangle""]","[""composition"", ""equation"", ""positive""]",subject
geometry_a16ffa2270c26c3b,S05,math_train_precalculus_349,precalculus,False,False,False,True,False,"[""circle"", ""equation""]","[""area"", ""composition"", ""positive""]",subject
geometry_a16ffa2270c26c3b,S05,math_train_precalculus_355,precalculus,False,False,False,True,False,"[""circle""]","[""area"", ""composition"", ""equation"", ""positive""]",subject
geometry_a16ffa2270c26c3b,S05,math_train_precalculus_415,precalculus,False,True,False,False,False,"[""area"", ""triangle""]","[""composition"", ""equation"", ""positive""]",subject
geometry_a16ffa2270c26c3b,S05,math_train_precalculus_419,precalculus,False,False,False,False,False,"[""quadratic"", ""triangle""]","[""area"", ""composition"", ""equation"", ""positive""]",subject
geometry_a16ffa2270c26c3b,S05,math_train_precalculus_423,precalculus,False,False,False,False,False,[],"[""area"", ""composition"", ""equation"", ""positive""]",subject
geometry_a16ffa2270c26c3b,S05,math_train_precalculus_445,precalculus,False,False,False,False,False,"[""triangle"", ""unit_rate""]","[""area"", ""composition"", ""equation"", ""positive""]",subject
geometry_a16ffa2270c26c3b,S05,math_train_precalculus_461,precalculus,False,False,False,False,False,[],"[""area"", ""composition"", ""equation"", ""positive""]",subject
geometry_a16ffa2270c26c3b,S05,math_train_precalculus_471,precalculus,False,False,False,False,False,"[""trigonometric""]","[""area"", ""composition"", ""equation"", ""positive""]",subject
geometry_a16ffa2270c26c3b,S05,math_train_precalculus_479,precalculus,False,False,False,False,False,"[""gcd_lcm"", ""integer"", ""rational""]","[""area"", ""composition"", ""equation"", ""positive""]",subject
geometry_a16ffa2270c26c3b,S05,math_train_precalculus_492,precalculus,False,False,False,False,False,"[""rational""]","[""area"", ""composition"", ""equation"", ""positive""]",subject
geometry_a16ffa2270c26c3b,S05,math_train_precalculus_505,precalculus,False,False,False,False,False,"[""integer"", ""nonzero"", ""quadratic""]","[""area"", ""composition"", ""equation"", ""positive""]",subject
geometry_a16ffa2270c26c3b,S05,math_train_precalculus_512,precalculus,False,False,False,False,False,"[""rational""]","[""area"", ""composition"", ""equation"", ""positive""]",subject
geometry_a16ffa2270c26c3b,S05,math_train_precalculus_517,precalculus,False,False,False,False,False,"[""quadratic""]","[""area"", ""composition"", ""equation"", ""positive""]",subject
geometry_a16ffa2270c26c3b,S05,math_train_precalculus_52,precalculus,False,False,False,False,False,"[""quadratic""]","[""area"", ""composition"", ""equation"", ""positive""]",subject
geometry_a16ffa2270c26c3b,S05,math_train_precalculus_522,precalculus,False,False,False,False,False,[],"[""area"", ""composition"", ""equation"", ""positive""]",subject
geometry_a16ffa2270c26c3b,S05,math_train_precalculus_523,precalculus,False,False,False,False,False,"[""quadratic"", ""trigonometric""]","[""area"", ""composition"", ""equation"", ""positive""]",subject
geometry_a16ffa2270c26c3b,S05,math_train_precalculus_557,precalculus,False,False,False,False,False,[],"[""area"", ""composition"", ""equation"", ""positive""]",subject
geometry_a16ffa2270c26c3b,S05,math_train_precalculus_559,precalculus,False,False,False,False,False,"[""rational"", ""trigonometric""]","[""area"", ""composition"", ""equation"", ""positive""]",subject
geometry_a16ffa2270c26c3b,S05,math_train_precalculus_565,precalculus,False,False,False,False,False,[],"[""area"", ""composition"", ""equation"", ""positive""]",subject
geometry_a16ffa2270c26c3b,S05,math_train_precalculus_568,precalculus,False,False,False,False,False,"[""integer"", ""positive"", ""rational""]","[""area"", ""composition"", ""equation""]",subject
geometry_a16ffa2270c26c3b,S05,math_train_precalculus_574,precalculus,False,False,False,False,False,[],"[""area"", ""composition"", ""equation"", ""positive""]",subject
geometry_a16ffa2270c26c3b,S05,math_train_precalculus_622,precalculus,False,False,False,False,False,"[""integer"", ""rational"", ""trigonometric""]","[""area"", ""composition"", ""equation"", ""positive""]",subject
geometry_a16ffa2270c26c3b,S05,math_train_precalculus_628,precalculus,False,False,False,False,False,"[""integer"", ""quadratic""]","[""area"", ""composition"", ""equation"", ""positive""]",subject
geometry_a16ffa2270c26c3b,S05,math_train_precalculus_646,precalculus,False,False,False,False,False,[],"[""area"", ""composition"", ""equation"", ""positive""]",subject
geometry_a16ffa2270c26c3b,S05,math_train_precalculus_650,precalculus,False,False,False,False,False,[],"[""area"", ""composition"", ""equation"", ""positive""]",subject
geometry_a16ffa2270c26c3b,S05,math_train_precalculus_656,precalculus,False,False,False,False,False,"[""trigonometric""]","[""area"", ""composition"", ""equation"", ""positive""]",subject
geometry_a16ffa2270c26c3b,S05,math_train_precalculus_687,precalculus,False,False,False,False,False,[],"[""area"", ""composition"", ""equation"", ""positive""]",subject
geometry_a16ffa2270c26c3b,S05,math_train_precalculus_718,precalculus,False,False,False,False,False,"[""nonzero"", ""quadratic"", ""rational""]","[""area"", ""composition"", ""equation"", ""positive""]",subject
geometry_a16ffa2270c26c3b,S05,math_train_precalculus_72,precalculus,False,False,False,False,False,"[""polynomial"", ""unit_rate""]","[""area"", ""composition"", ""equation"", ""positive""]",subject
geometry_a16ffa2270c26c3b,S05,math_train_precalculus_723,precalculus,False,True,False,False,False,"[""area"", ""triangle""]","[""composition"", ""equation"", ""positive""]",subject
geometry_a16ffa2270c26c3b,S05,math_train_precalculus_726,precalculus,False,False,False,False,False,[],"[""area"", ""composition"", ""equation"", ""positive""]",subject
geometry_a16ffa2270c26c3b,S05,math_train_precalculus_733,precalculus,False,False,False,False,False,"[""trigonometric""]","[""area"", ""composition"", ""equation"", ""positive""]",subject
geometry_a16ffa2270c26c3b,S05,math_train_precalculus_8,precalculus,False,False,False,False,False,[],"[""area"", ""composition"", ""equation"", ""positive""]",subject
geometry_a16ffa2270c26c3b,S05,math_train_precalculus_88,precalculus,False,False,False,False,False,"[""integer"", ""trigonometric""]","[""area"", ""composition"", ""equation"", ""positive""]",subject
geometry_ee3896b4fd724c16,S06,math_train_algebra_1010,algebra,False,False,False,False,False,"[""equation"", ""rational""]","[""triangle""]",subject
geometry_ee3896b4fd724c16,S06,math_train_algebra_1018,algebra,False,False,False,False,False,"[""rational""]","[""triangle""]",subject
geometry_ee3896b4fd724c16,S06,math_train_algebra_1026,algebra,False,False,False,False,False,"[""equation"", ""quadratic"", ""rational"", ""unit_rate""]","[""triangle""]",subject
geometry_ee3896b4fd724c16,S06,math_train_algebra_1079,algebra,False,False,False,False,False,[],"[""triangle""]",subject
geometry_ee3896b4fd724c16,S06,math_train_algebra_1119,algebra,False,False,False,False,False,"[""integer"", ""quadratic""]","[""triangle""]",subject
geometry_ee3896b4fd724c16,S06,math_train_algebra_117,algebra,False,False,False,False,False,[],"[""triangle""]",subject
geometry_ee3896b4fd724c16,S06,math_train_algebra_1250,algebra,False,False,False,False,False,"[""rational""]","[""triangle""]",subject
geometry_ee3896b4fd724c16,S06,math_train_algebra_1327,algebra,False,False,False,False,False,"[""area"", ""integer""]","[""triangle""]",subject
geometry_ee3896b4fd724c16,S06,math_train_algebra_1334,algebra,False,False,False,False,False,[],"[""triangle""]",subject
geometry_ee3896b4fd724c16,S06,math_train_algebra_136,algebra,False,False,False,False,False,"[""rational"", ""unit_rate""]","[""triangle""]",subject
geometry_ee3896b4fd724c16,S06,math_train_algebra_1460,algebra,False,False,False,False,False,"[""positive"", ""rational""]","[""triangle""]",subject
geometry_ee3896b4fd724c16,S06,math_train_algebra_1469,algebra,False,False,False,False,False,"[""equation"", ""quadratic""]","[""triangle""]",subject
geometry_ee3896b4fd724c16,S06,math_train_algebra_152,algebra,False,False,False,False,False,[],"[""triangle""]",subject
geometry_ee3896b4fd724c16,S06,math_train_algebra_1538,algebra,False,False,False,False,False,[],"[""triangle""]",subject
geometry_ee3896b4fd724c16,S06,math_train_algebra_1599,algebra,False,False,False,False,False,[],"[""triangle""]",subject
geometry_ee3896b4fd724c16,S06,math_train_algebra_1621,algebra,False,False,False,False,False,[],"[""triangle""]",subject
geometry_ee3896b4fd724c16,S06,math_train_algebra_1641,algebra,False,False,False,False,False,[],"[""triangle""]",subject
geometry_ee3896b4fd724c16,S06,math_train_algebra_1644,algebra,False,False,False,False,False,[],"[""triangle""]",subject
geometry_ee3896b4fd724c16,S06,math_train_algebra_1716,algebra,False,False,False,False,False,"[""composition"", ""quadratic""]","[""triangle""]",subject
geometry_ee3896b4fd724c16,S06,math_train_algebra_1743,algebra,False,False,False,False,False,"[""integer"", ""positive""]","[""triangle""]",subject
geometry_ee3896b4fd724c16,S06,math_train_algebra_203,algebra,False,False,False,False,False,"[""area""]","[""triangle""]",subject
geometry_ee3896b4fd724c16,S06,math_train_algebra_204,algebra,False,False,False,False,False,"[""rational""]","[""triangle""]",subject
geometry_ee3896b4fd724c16,S06,math_train_algebra_206,algebra,False,False,False,False,False,"[""integer""]","[""triangle""]",subject
geometry_ee3896b4fd724c16,S06,math_train_algebra_221,algebra,False,False,False,False,False,"[""quadratic""]","[""triangle""]",subject
geometry_ee3896b4fd724c16,S06,math_train_algebra_222,algebra,False,False,False,False,False,[],"[""triangle""]",subject
geometry_ee3896b4fd724c16,S06,math_train_algebra_237,algebra,False,False,False,False,False,"[""quadratic""]","[""triangle""]",subject
geometry_ee3896b4fd724c16,S06,math_train_algebra_267,algebra,False,False,False,False,False,[],"[""triangle""]",subject
geometry_ee3896b4fd724c16,S06,math_train_algebra_334,algebra,False,False,False,False,False,"[""equation"", ""quadratic""]","[""triangle""]",subject
geometry_ee3896b4fd724c16,S06,math_train_algebra_336,algebra,False,False,False,False,False,"[""equation""]","[""triangle""]",subject
geometry_ee3896b4fd724c16,S06,math_train_algebra_348,algebra,False,False,False,False,False,"[""quadratic"", ""rational""]","[""triangle""]",subject
geometry_ee3896b4fd724c16,S06,math_train_algebra_35,algebra,False,False,False,False,False,"[""positive""]","[""triangle""]",subject
geometry_ee3896b4fd724c16,S06,math_train_algebra_42,algebra,False,False,False,False,False,"[""integer"", ""quadratic"", ""rational""]","[""triangle""]",subject
geometry_ee3896b4fd724c16,S06,math_train_algebra_432,algebra,False,False,False,False,False,[],"[""triangle""]",subject
geometry_ee3896b4fd724c16,S06,math_train_algebra_495,algebra,False,False,False,False,False,"[""positive"", ""quadratic""]","[""triangle""]",subject
geometry_ee3896b4fd724c16,S06,math_train_algebra_496,algebra,False,False,False,False,False,"[""rational""]","[""triangle""]",subject
geometry_ee3896b4fd724c16,S06,math_train_algebra_538,algebra,False,False,False,False,False,"[""quadratic""]","[""triangle""]",subject
geometry_ee3896b4fd724c16,S06,math_train_algebra_541,algebra,False,False,False,False,False,"[""quadratic""]","[""triangle""]",subject
geometry_ee3896b4fd724c16,S06,math_train_algebra_597,algebra,False,False,False,False,False,"[""integer"", ""positive""]","[""triangle""]",subject
geometry_ee3896b4fd724c16,S06,math_train_algebra_604,algebra,False,False,False,False,False,"[""quadratic""]","[""triangle""]",subject
geometry_ee3896b4fd724c16,S06,math_train_algebra_628,algebra,False,False,False,False,False,"[""equation"", ""integer"", ""quadratic""]","[""triangle""]",subject
geometry_ee3896b4fd724c16,S06,math_train_algebra_631,algebra,False,False,False,False,False,"[""integer"", ""rational""]","[""triangle""]",subject
geometry_ee3896b4fd724c16,S06,math_train_algebra_758,algebra,False,False,False,False,False,"[""equation"", ""quadratic"", ""unit_rate""]","[""triangle""]",subject
geometry_ee3896b4fd724c16,S06,math_train_algebra_764,algebra,False,False,False,False,False,"[""quadratic""]","[""triangle""]",subject
geometry_ee3896b4fd724c16,S06,math_train_algebra_883,algebra,False,False,False,False,False,"[""integer""]","[""triangle""]",subject
geometry_ee3896b4fd724c16,S06,math_train_algebra_906,algebra,False,False,False,False,False,"[""equation"", ""rational""]","[""triangle""]",subject
geometry_ee3896b4fd724c16,S06,math_train_algebra_928,algebra,False,False,False,False,False,"[""quadratic""]","[""triangle""]",subject
geometry_ee3896b4fd724c16,S06,math_train_algebra_941,algebra,False,False,False,False,False,"[""quadratic""]","[""triangle""]",subject
geometry_ee3896b4fd724c16,S06,math_train_algebra_949,algebra,False,False,False,False,False,[],"[""triangle""]",subject
geometry_ee3896b4fd724c16,S06,math_train_algebra_959,algebra,False,False,False,False,False,"[""equation"", ""quadratic""]","[""triangle""]",subject
geometry_ee3896b4fd724c16,S06,math_train_algebra_991,algebra,False,False,False,False,False,"[""nonzero"", ""rational""]","[""triangle""]",subject
geometry_ee3896b4fd724c16,S06,math_train_counting_probability_102,counting_probability,False,False,False,False,False,"[""probability"", ""rational""]","[""triangle""]",subject
geometry_ee3896b4fd724c16,S06,math_train_counting_probability_142,counting_probability,False,False,False,False,False,"[""prime""]","[""triangle""]",subject
geometry_ee3896b4fd724c16,S06,math_train_counting_probability_144,counting_probability,False,False,False,False,False,[],"[""triangle""]",subject
geometry_ee3896b4fd724c16,S06,math_train_counting_probability_15,counting_probability,False,False,False,False,False,"[""counting""]","[""triangle""]",subject
geometry_ee3896b4fd724c16,S06,math_train_counting_probability_151,counting_probability,False,True,True,False,False,"[""triangle""]",[],subject
geometry_ee3896b4fd724c16,S06,math_train_counting_probability_153,counting_probability,False,False,False,False,False,"[""counting""]","[""triangle""]",subject
geometry_ee3896b4fd724c16,S06,math_train_counting_probability_165,counting_probability,False,False,False,False,False,"[""probability"", ""unit_rate""]","[""triangle""]",subject
geometry_ee3896b4fd724c16,S06,math_train_counting_probability_174,counting_probability,False,False,False,False,False,"[""counting""]","[""triangle""]",subject
geometry_ee3896b4fd724c16,S06,math_train_counting_probability_177,counting_probability,False,False,False,False,False,[],"[""triangle""]",subject
geometry_ee3896b4fd724c16,S06,math_train_counting_probability_186,counting_probability,False,False,False,False,False,"[""counting""]","[""triangle""]",subject
geometry_ee3896b4fd724c16,S06,math_train_counting_probability_192,counting_probability,False,False,False,False,False,"[""counting"", ""probability""]","[""triangle""]",subject
geometry_ee3896b4fd724c16,S06,math_train_counting_probability_208,counting_probability,False,False,False,False,False,"[""counting""]","[""triangle""]",subject
geometry_ee3896b4fd724c16,S06,math_train_counting_probability_213,counting_probability,False,False,False,False,False,"[""counting"", ""probability"", ""rational""]","[""triangle""]",subject
geometry_ee3896b4fd724c16,S06,math_train_counting_probability_218,counting_probability,False,False,False,False,False,"[""divisibility"", ""integer"", ""positive"", ""probability"", ""rational""]","[""triangle""]",subject
geometry_ee3896b4fd724c16,S06,math_train_counting_probability_261,counting_probability,False,False,False,False,False,[],"[""triangle""]",subject
geometry_ee3896b4fd724c16,S06,math_train_counting_probability_269,counting_probability,False,False,False,False,False,"[""counting"", ""unit_rate""]","[""triangle""]",subject
geometry_ee3896b4fd724c16,S06,math_train_counting_probability_278,counting_probability,False,False,False,False,False,[],"[""triangle""]",subject
geometry_ee3896b4fd724c16,S06,math_train_counting_probability_287,counting_probability,False,False,False,False,False,"[""counting""]","[""triangle""]",subject
geometry_ee3896b4fd724c16,S06,math_train_counting_probability_31,counting_probability,False,False,False,False,False,"[""probability"", ""rational""]","[""triangle""]",subject
geometry_ee3896b4fd724c16,S06,math_train_counting_probability_332,counting_probability,False,False,False,False,False,"[""counting"", ""factorization"", ""integer"", ""prime""]","[""triangle""]",subject
geometry_ee3896b4fd724c16,S06,math_train_counting_probability_34,counting_probability,False,False,False,False,False,[],"[""triangle""]",subject
geometry_ee3896b4fd724c16,S06,math_train_counting_probability_341,counting_probability,False,False,False,True,False,"[""circle""]","[""triangle""]",subject
geometry_ee3896b4fd724c16,S06,math_train_counting_probability_345,counting_probability,False,False,False,False,False,"[""counting""]","[""triangle""]",subject
geometry_ee3896b4fd724c16,S06,math_train_counting_probability_357,counting_probability,False,False,False,False,False,"[""integer"", ""positive"", ""prime"", ""probability"", ""unit_rate""]","[""triangle""]",subject
geometry_ee3896b4fd724c16,S06,math_train_counting_probability_39,counting_probability,False,False,False,False,False,"[""modular""]","[""triangle""]",subject
geometry_ee3896b4fd724c16,S06,math_train_counting_probability_396,counting_probability,False,False,False,False,False,"[""divisibility"", ""modular"", ""unit_rate""]","[""triangle""]",subject
geometry_ee3896b4fd724c16,S06,math_train_counting_probability_401,counting_probability,False,False,False,False,False,"[""integer"", ""positive"", ""prime"", ""probability"", ""rational"", ""unit_rate""]","[""triangle""]",subject
geometry_ee3896b4fd724c16,S06,math_train_counting_probability_425,counting_probability,False,False,False,False,False,"[""integer""]","[""triangle""]",subject
geometry_ee3896b4fd724c16,S06,math_train_counting_probability_430,counting_probability,False,False,False,False,False,"[""integer""]","[""triangle""]",subject
geometry_ee3896b4fd724c16,S06,math_train_counting_probability_452,counting_probability,False,False,False,False,False,"[""counting"", ""divisibility"", ""integer"", ""modular"", ""positive""]","[""triangle""]",subject
geometry_ee3896b4fd724c16,S06,math_train_counting_probability_461,counting_probability,False,False,False,False,False,"[""integer""]","[""triangle""]",subject
geometry_ee3896b4fd724c16,S06,math_train_counting_probability_471,counting_probability,False,False,False,False,False,[],"[""triangle""]",subject
geometry_ee3896b4fd724c16,S06,math_train_counting_probability_482,counting_probability,False,False,False,False,False,"[""probability""]","[""triangle""]",subject
geometry_ee3896b4fd724c16,S06,math_train_counting_probability_488,counting_probability,False,False,False,False,False,"[""probability"", ""rational""]","[""triangle""]",subject
geometry_ee3896b4fd724c16,S06,math_train_counting_probability_490,counting_probability,False,False,False,False,False,"[""probability""]","[""triangle""]",subject
geometry_ee3896b4fd724c16,S06,math_train_counting_probability_5,counting_probability,False,False,False,False,False,"[""unit_rate""]","[""triangle""]",subject
geometry_ee3896b4fd724c16,S06,math_train_counting_probability_543,counting_probability,False,False,False,False,False,"[""counting""]","[""triangle""]",subject
geometry_ee3896b4fd724c16,S06,math_train_counting_probability_596,counting_probability,False,False,False,False,False,"[""counting""]","[""triangle""]",subject
geometry_ee3896b4fd724c16,S06,math_train_counting_probability_629,counting_probability,False,False,False,False,False,"[""counting""]","[""triangle""]",subject
geometry_ee3896b4fd724c16,S06,math_train_counting_probability_640,counting_probability,False,True,True,False,False,"[""triangle""]",[],subject
geometry_ee3896b4fd724c16,S06,math_train_counting_probability_658,counting_probability,False,False,False,False,False,"[""integer"", ""positive""]","[""triangle""]",subject
geometry_ee3896b4fd724c16,S06,math_train_counting_probability_668,counting_probability,False,False,False,False,False,[],"[""triangle""]",subject
geometry_ee3896b4fd724c16,S06,math_train_counting_probability_675,counting_probability,False,False,False,False,False,"[""counting"", ""unit_rate""]","[""triangle""]",subject
geometry_ee3896b4fd724c16,S06,math_train_counting_probability_680,counting_probability,False,False,False,False,False,"[""rational""]","[""triangle""]",subject
geometry_ee3896b4fd724c16,S06,math_train_counting_probability_693,counting_probability,False,False,False,False,False,"[""probability"", ""rational"", ""unit_rate""]","[""triangle""]",subject
geometry_ee3896b4fd724c16,S06,math_train_counting_probability_700,counting_probability,False,False,False,False,False,"[""integer""]","[""triangle""]",subject
geometry_ee3896b4fd724c16,S06,math_train_counting_probability_730,counting_probability,False,False,False,False,False,"[""counting""]","[""triangle""]",subject
geometry_ee3896b4fd724c16,S06,math_train_counting_probability_756,counting_probability,False,False,False,False,False,"[""counting"", ""unit_rate""]","[""triangle""]",subject
geometry_ee3896b4fd724c16,S06,math_train_counting_probability_85,counting_probability,False,False,False,False,False,[],"[""triangle""]",subject
geometry_ee3896b4fd724c16,S06,math_train_counting_probability_96,counting_probability,False,True,True,False,False,"[""probability"", ""rational"", ""triangle""]",[],subject
geometry_ee3896b4fd724c16,S06,math_train_geometry_124,geometry,True,False,False,True,False,"[""circle"", ""rational""]","[""triangle""]",trigger
geometry_ee3896b4fd724c16,S06,math_train_geometry_139,geometry,True,False,False,True,False,"[""area"", ""circle""]","[""triangle""]",trigger
geometry_ee3896b4fd724c16,S06,math_train_geometry_145,geometry,True,True,True,False,True,"[""area"", ""triangle""]",[],eligible
geometry_ee3896b4fd724c16,S06,math_train_geometry_15,geometry,True,False,False,True,False,"[""circle""]","[""triangle""]",trigger
geometry_ee3896b4fd724c16,S06,math_train_geometry_159,geometry,True,False,False,False,False,"[""area"", ""rational"", ""unit_rate""]","[""triangle""]",trigger
geometry_ee3896b4fd724c16,S06,math_train_geometry_168,geometry,True,False,False,False,False,"[""integer"", ""positive"", ""prime""]","[""triangle""]",trigger
geometry_ee3896b4fd724c16,S06,math_train_geometry_169,geometry,True,False,False,True,False,"[""circle"", ""factorization""]","[""triangle""]",trigger
geometry_ee3896b4fd724c16,S06,math_train_geometry_202,geometry,True,False,False,True,False,"[""area"", ""circle""]","[""triangle""]",trigger
geometry_ee3896b4fd724c16,S06,math_train_geometry_203,geometry,True,True,True,True,False,"[""circle"", ""triangle""]",[],negative_trigger
geometry_ee3896b4fd724c16,S06,math_train_geometry_212,geometry,True,False,False,False,False,"[""area"", ""ratio"", ""unit_rate""]","[""triangle""]",trigger
geometry_ee3896b4fd724c16,S06,math_train_geometry_238,geometry,True,False,False,False,False,"[""factorization""]","[""triangle""]",trigger
geometry_ee3896b4fd724c16,S06,math_train_geometry_25,geometry,True,False,False,False,False,[],"[""triangle""]",trigger
geometry_ee3896b4fd724c16,S06,math_train_geometry_279,geometry,True,False,False,True,False,"[""circle""]","[""triangle""]",trigger
geometry_ee3896b4fd724c16,S06,math_train_geometry_289,geometry,True,True,True,False,True,"[""area"", ""rational"", ""triangle""]",[],eligible
geometry_ee3896b4fd724c16,S06,math_train_geometry_294,geometry,True,False,False,False,False,"[""unit_rate""]","[""triangle""]",trigger
geometry_ee3896b4fd724c16,S06,math_train_geometry_30,geometry,True,True,True,False,True,"[""area"", ""triangle""]",[],eligible
geometry_ee3896b4fd724c16,S06,math_train_geometry_308,geometry,True,False,False,False,False,"[""rational""]","[""triangle""]",trigger
geometry_ee3896b4fd724c16,S06,math_train_geometry_316,geometry,True,False,False,False,False,"[""area"", ""modular"", ""unit_rate""]","[""triangle""]",trigger
geometry_ee3896b4fd724c16,S06,math_train_geometry_327,geometry,True,False,False,True,False,"[""circle"", ""unit_rate""]","[""triangle""]",trigger
geometry_ee3896b4fd724c16,S06,math_train_geometry_343,geometry,True,False,False,False,False,"[""trigonometric""]","[""triangle""]",trigger
geometry_ee3896b4fd724c16,S06,math_train_geometry_359,geometry,True,True,True,False,True,"[""divisibility"", ""triangle""]",[],eligible
geometry_ee3896b4fd724c16,S06,math_train_geometry_367,geometry,True,True,True,False,True,"[""area"", ""ratio"", ""triangle""]",[],eligible
geometry_ee3896b4fd724c16,S06,math_train_geometry_374,geometry,True,True,True,True,False,"[""circle"", ""triangle""]",[],negative_trigger
geometry_ee3896b4fd724c16,S06,math_train_geometry_394,geometry,True,False,False,True,False,"[""circle""]","[""triangle""]",trigger
geometry_ee3896b4fd724c16,S06,math_train_geometry_396,geometry,True,False,False,False,False,"[""area""]","[""triangle""]",trigger
geometry_ee3896b4fd724c16,S06,math_train_geometry_400,geometry,True,True,True,False,True,"[""modular"", ""triangle"", ""unit_rate""]",[],eligible
geometry_ee3896b4fd724c16,S06,math_train_geometry_447,geometry,True,False,False,False,False,"[""unit_rate""]","[""triangle""]",trigger
geometry_ee3896b4fd724c16,S06,math_train_geometry_467,geometry,True,True,True,True,False,"[""circle"", ""triangle""]",[],negative_trigger
geometry_ee3896b4fd724c16,S06,math_train_geometry_469,geometry,True,False,False,True,False,"[""circle"", ""divisibility"", ""integer"", ""positive"", ""prime""]","[""triangle""]",trigger
geometry_ee3896b4fd724c16,S06,math_train_geometry_473,geometry,True,False,False,False,False,"[""integer"", ""positive"", ""prime"", ""rational""]","[""triangle""]",trigger
geometry_ee3896b4fd724c16,S06,math_train_geometry_478,geometry,True,True,True,True,False,"[""circle"", ""triangle"", ""unit_rate""]",[],negative_trigger
geometry_ee3896b4fd724c16,S06,math_train_geometry_528,geometry,True,True,True,False,True,"[""divisibility"", ""integer"", ""positive"", ""prime"", ""rational"", ""triangle""]",[],eligible
geometry_ee3896b4fd724c16,S06,math_train_geometry_539,geometry,True,False,False,True,False,"[""circle""]","[""triangle""]",trigger
geometry_ee3896b4fd724c16,S06,math_train_geometry_609,geometry,True,False,False,False,False,"[""rational""]","[""triangle""]",trigger
geometry_ee3896b4fd724c16,S06,math_train_geometry_611,geometry,True,True,True,True,False,"[""area"", ""circle"", ""quadratic"", ""ratio"", ""rational"", ""triangle""]",[],negative_trigger
geometry_ee3896b4fd724c16,S06,math_train_geometry_623,geometry,True,True,True,False,True,"[""triangle""]",[],eligible
geometry_ee3896b4fd724c16,S06,math_train_geometry_673,geometry,True,False,False,True,False,"[""area"", ""circle""]","[""triangle""]",trigger
geometry_ee3896b4fd724c16,S06,math_train_geometry_737,geometry,True,False,False,False,False,"[""trigonometric""]","[""triangle""]",trigger
geometry_ee3896b4fd724c16,S06,math_train_geometry_74,geometry,True,False,False,False,False,[],"[""triangle""]",trigger
geometry_ee3896b4fd724c16,S06,math_train_geometry_760,geometry,True,False,False,False,False,"[""area""]","[""triangle""]",trigger
geometry_ee3896b4fd724c16,S06,math_train_geometry_775,geometry,True,False,False,False,False,"[""area""]","[""triangle""]",trigger
geometry_ee3896b4fd724c16,S06,math_train_geometry_789,geometry,True,False,False,False,False,"[""area"", ""unit_rate""]","[""triangle""]",trigger
geometry_ee3896b4fd724c16,S06,math_train_geometry_813,geometry,True,True,True,False,True,"[""modular"", ""triangle""]",[],eligible
geometry_ee3896b4fd724c16,S06,math_train_geometry_817,geometry,True,False,False,False,False,"[""area"", ""unit_rate""]","[""triangle""]",trigger
geometry_ee3896b4fd724c16,S06,math_train_geometry_820,geometry,True,False,False,False,False,"[""ratio"", ""rational""]","[""triangle""]",trigger
geometry_ee3896b4fd724c16,S06,math_train_geometry_836,geometry,True,False,False,False,False,[],"[""triangle""]",trigger
geometry_ee3896b4fd724c16,S06,math_train_geometry_845,geometry,True,False,False,False,False,[],"[""triangle""]",trigger
geometry_ee3896b4fd724c16,S06,math_train_geometry_849,geometry,True,False,False,True,False,"[""circle"", ""factorization""]","[""triangle""]",trigger
geometry_ee3896b4fd724c16,S06,math_train_geometry_855,geometry,True,False,False,False,False,"[""area""]","[""triangle""]",trigger
geometry_ee3896b4fd724c16,S06,math_train_geometry_863,geometry,True,True,True,False,True,"[""quadratic"", ""triangle""]",[],eligible
geometry_ee3896b4fd724c16,S06,math_train_intermediate_algebra_1034,intermediate_algebra,False,False,False,False,False,"[""positive""]","[""triangle""]",subject
geometry_ee3896b4fd724c16,S06,math_train_intermediate_algebra_1059,intermediate_algebra,False,False,False,False,False,[],"[""triangle""]",subject
geometry_ee3896b4fd724c16,S06,math_train_intermediate_algebra_1060,intermediate_algebra,False,False,False,False,False,[],"[""triangle""]",subject
geometry_ee3896b4fd724c16,S06,math_train_intermediate_algebra_1103,intermediate_algebra,False,False,False,False,False,"[""rational""]","[""triangle""]",subject
geometry_ee3896b4fd724c16,S06,math_train_intermediate_algebra_1115,intermediate_algebra,False,False,False,False,False,"[""quadratic""]","[""triangle""]",subject
geometry_ee3896b4fd724c16,S06,math_train_intermediate_algebra_1145,intermediate_algebra,False,False,False,False,False,"[""positive"", ""rational""]","[""triangle""]",subject
geometry_ee3896b4fd724c16,S06,math_train_intermediate_algebra_1156,intermediate_algebra,False,False,False,False,False,"[""quadratic"", ""rational""]","[""triangle""]",subject
geometry_ee3896b4fd724c16,S06,math_train_intermediate_algebra_1164,intermediate_algebra,False,False,False,False,False,"[""quadratic""]","[""triangle""]",subject
geometry_ee3896b4fd724c16,S06,math_train_intermediate_algebra_1183,intermediate_algebra,False,False,False,False,False,"[""integer"", ""positive"", ""quadratic""]","[""triangle""]",subject
geometry_ee3896b4fd724c16,S06,math_train_intermediate_algebra_1292,intermediate_algebra,False,False,False,False,False,"[""equation"", ""quadratic"", ""ratio"", ""rational""]","[""triangle""]",subject
geometry_ee3896b4fd724c16,S06,math_train_intermediate_algebra_164,intermediate_algebra,False,False,False,False,False,"[""composition""]","[""triangle""]",subject
geometry_ee3896b4fd724c16,S06,math_train_intermediate_algebra_178,intermediate_algebra,False,False,False,False,False,"[""equation"", ""quadratic""]","[""triangle""]",subject
geometry_ee3896b4fd724c16,S06,math_train_intermediate_algebra_181,intermediate_algebra,False,False,False,False,False,"[""integer"", ""positive""]","[""triangle""]",subject
geometry_ee3896b4fd724c16,S06,math_train_intermediate_algebra_263,intermediate_algebra,False,False,False,False,False,"[""quadratic""]","[""triangle""]",subject
geometry_ee3896b4fd724c16,S06,math_train_intermediate_algebra_275,intermediate_algebra,False,False,False,False,False,"[""quadratic""]","[""triangle""]",subject
geometry_ee3896b4fd724c16,S06,math_train_intermediate_algebra_296,intermediate_algebra,False,False,False,False,False,"[""positive"", ""rational""]","[""triangle""]",subject
geometry_ee3896b4fd724c16,S06,math_train_intermediate_algebra_300,intermediate_algebra,False,False,False,False,False,"[""nonzero"", ""polynomial"", ""ratio"", ""rational""]","[""triangle""]",subject
geometry_ee3896b4fd724c16,S06,math_train_intermediate_algebra_315,intermediate_algebra,False,False,False,False,False,"[""rational""]","[""triangle""]",subject
geometry_ee3896b4fd724c16,S06,math_train_intermediate_algebra_340,intermediate_algebra,False,False,False,False,False,[],"[""triangle""]",subject
geometry_ee3896b4fd724c16,S06,math_train_intermediate_algebra_345,intermediate_algebra,False,False,False,False,False,[],"[""triangle""]",subject
geometry_ee3896b4fd724c16,S06,math_train_intermediate_algebra_359,intermediate_algebra,False,False,False,False,False,"[""ratio"", ""rational""]","[""triangle""]",subject
geometry_ee3896b4fd724c16,S06,math_train_intermediate_algebra_363,intermediate_algebra,False,False,False,False,False,"[""positive""]","[""triangle""]",subject
geometry_ee3896b4fd724c16,S06,math_train_intermediate_algebra_39,intermediate_algebra,False,False,False,False,False,"[""quadratic""]","[""triangle""]",subject
geometry_ee3896b4fd724c16,S06,math_train_intermediate_algebra_437,intermediate_algebra,False,False,False,False,False,"[""quadratic""]","[""triangle""]",subject
geometry_ee3896b4fd724c16,S06,math_train_intermediate_algebra_452,intermediate_algebra,False,False,False,False,False,"[""positive"", ""quadratic""]","[""triangle""]",subject
geometry_ee3896b4fd724c16,S06,math_train_intermediate_algebra_455,intermediate_algebra,False,False,False,False,False,"[""quadratic"", ""rational""]","[""triangle""]",subject
geometry_ee3896b4fd724c16,S06,math_train_intermediate_algebra_473,intermediate_algebra,False,False,False,False,False,[],"[""triangle""]",subject
geometry_ee3896b4fd724c16,S06,math_train_intermediate_algebra_503,intermediate_algebra,False,False,False,False,False,"[""integer"", ""unit_rate""]","[""triangle""]",subject
geometry_ee3896b4fd724c16,S06,math_train_intermediate_algebra_532,intermediate_algebra,False,False,False,False,False,"[""equation"", ""quadratic"", ""ratio"", ""rational""]","[""triangle""]",subject
geometry_ee3896b4fd724c16,S06,math_train_intermediate_algebra_542,intermediate_algebra,False,False,False,False,False,"[""polynomial"", ""quadratic""]","[""triangle""]",subject
geometry_ee3896b4fd724c16,S06,math_train_intermediate_algebra_543,intermediate_algebra,False,False,False,False,False,"[""quadratic"", ""rational""]","[""triangle""]",subject
geometry_ee3896b4fd724c16,S06,math_train_intermediate_algebra_556,intermediate_algebra,False,False,False,False,False,"[""equation"", ""integer"", ""positive"", ""quadratic""]","[""triangle""]",subject
geometry_ee3896b4fd724c16,S06,math_train_intermediate_algebra_56,intermediate_algebra,False,False,False,False,False,"[""quadratic"", ""rational"", ""unit_rate""]","[""triangle""]",subject
geometry_ee3896b4fd724c16,S06,math_train_intermediate_algebra_597,intermediate_algebra,False,False,False,False,False,"[""divisibility"", ""modular""]","[""triangle""]",subject
geometry_ee3896b4fd724c16,S06,math_train_intermediate_algebra_598,intermediate_algebra,False,False,False,False,False,"[""rational""]","[""triangle""]",subject
geometry_ee3896b4fd724c16,S06,math_train_intermediate_algebra_624,intermediate_algebra,False,False,False,False,False,"[""integer"", ""positive"", ""quadratic""]","[""triangle""]",subject
geometry_ee3896b4fd724c16,S06,math_train_intermediate_algebra_653,intermediate_algebra,False,False,False,False,False,"[""divisibility"", ""modular""]","[""triangle""]",subject
geometry_ee3896b4fd724c16,S06,math_train_intermediate_algebra_675,intermediate_algebra,False,False,False,False,False,[],"[""triangle""]",subject
geometry_ee3896b4fd724c16,S06,math_train_intermediate_algebra_702,intermediate_algebra,False,False,False,False,False,[],"[""triangle""]",subject
geometry_ee3896b4fd724c16,S06,math_train_intermediate_algebra_706,intermediate_algebra,False,False,False,False,False,"[""equation"", ""integer"", ""quadratic"", ""rational""]","[""triangle""]",subject
geometry_ee3896b4fd724c16,S06,math_train_intermediate_algebra_720,intermediate_algebra,False,False,False,False,False,"[""nonzero"", ""polynomial"", ""quadratic"", ""rational""]","[""triangle""]",subject
geometry_ee3896b4fd724c16,S06,math_train_intermediate_algebra_760,intermediate_algebra,False,False,False,False,False,"[""integer""]","[""triangle""]",subject
geometry_ee3896b4fd724c16,S06,math_train_intermediate_algebra_78,intermediate_algebra,False,False,False,False,False,"[""rational""]","[""triangle""]",subject
geometry_ee3896b4fd724c16,S06,math_train_intermediate_algebra_899,intermediate_algebra,False,False,False,False,False,"[""equation"", ""integer"", ""polynomial"", ""ratio"", ""rational""]","[""triangle""]",subject
geometry_ee3896b4fd724c16,S06,math_train_intermediate_algebra_922,intermediate_algebra,False,False,False,False,False,"[""positive"", ""rational""]","[""triangle""]",subject
geometry_ee3896b4fd724c16,S06,math_train_intermediate_algebra_954,intermediate_algebra,False,False,False,False,False,"[""factorization"", ""quadratic""]","[""triangle""]",subject
geometry_ee3896b4fd724c16,S06,math_train_intermediate_algebra_967,intermediate_algebra,False,False,False,False,False,"[""divisibility"", ""quadratic""]","[""triangle""]",subject
geometry_ee3896b4fd724c16,S06,math_train_intermediate_algebra_974,intermediate_algebra,False,False,False,False,False,"[""rational""]","[""triangle""]",subject
geometry_ee3896b4fd724c16,S06,math_train_intermediate_algebra_993,intermediate_algebra,False,False,False,False,False,"[""divisibility"", ""modular"", ""polynomial""]","[""triangle""]",subject
geometry_ee3896b4fd724c16,S06,math_train_intermediate_algebra_999,intermediate_algebra,False,False,False,False,False,"[""polynomial"", ""quadratic""]","[""triangle""]",subject
geometry_ee3896b4fd724c16,S06,math_train_number_theory_101,number_theory,False,False,False,False,False,"[""modular"", ""probability""]","[""triangle""]",subject
geometry_ee3896b4fd724c16,S06,math_train_number_theory_113,number_theory,False,False,False,False,False,"[""divisibility""]","[""triangle""]",subject
geometry_ee3896b4fd724c16,S06,math_train_number_theory_153,number_theory,False,False,False,False,False,"[""integer"", ""positive""]","[""triangle""]",subject
geometry_ee3896b4fd724c16,S06,math_train_number_theory_175,number_theory,False,False,False,False,False,"[""positive""]","[""triangle""]",subject
geometry_ee3896b4fd724c16,S06,math_train_number_theory_181,number_theory,False,False,False,False,False,"[""positive""]","[""triangle""]",subject
geometry_ee3896b4fd724c16,S06,math_train_number_theory_187,number_theory,False,False,False,False,False,"[""divisibility""]","[""triangle""]",subject
geometry_ee3896b4fd724c16,S06,math_train_number_theory_196,number_theory,False,False,False,False,False,"[""unit_rate""]","[""triangle""]",subject
geometry_ee3896b4fd724c16,S06,math_train_number_theory_203,number_theory,False,False,False,False,False,"[""factorization"", ""positive""]","[""triangle""]",subject
geometry_ee3896b4fd724c16,S06,math_train_number_theory_221,number_theory,False,False,False,False,False,"[""quadratic""]","[""triangle""]",subject
geometry_ee3896b4fd724c16,S06,math_train_number_theory_229,number_theory,False,False,False,False,False,"[""integer""]","[""triangle""]",subject
geometry_ee3896b4fd724c16,S06,math_train_number_theory_237,number_theory,False,False,False,False,False,"[""divisibility"", ""modular""]","[""triangle""]",subject
geometry_ee3896b4fd724c16,S06,math_train_number_theory_252,number_theory,False,False,False,False,False,[],"[""triangle""]",subject
geometry_ee3896b4fd724c16,S06,math_train_number_theory_257,number_theory,False,False,False,False,False,"[""integer"", ""rational""]","[""triangle""]",subject
geometry_ee3896b4fd724c16,S06,math_train_number_theory_272,number_theory,False,False,False,False,False,"[""factorization""]","[""triangle""]",subject
geometry_ee3896b4fd724c16,S06,math_train_number_theory_274,number_theory,False,False,False,False,False,"[""divisibility"", ""integer"", ""positive""]","[""triangle""]",subject
geometry_ee3896b4fd724c16,S06,math_train_number_theory_282,number_theory,False,False,False,False,False,"[""divisibility"", ""integer"", ""modular"", ""positive""]","[""triangle""]",subject
geometry_ee3896b4fd724c16,S06,math_train_number_theory_297,number_theory,False,False,False,False,False,"[""divisibility"", ""modular""]","[""triangle""]",subject
geometry_ee3896b4fd724c16,S06,math_train_number_theory_298,number_theory,False,False,False,False,False,[],"[""triangle""]",subject
geometry_ee3896b4fd724c16,S06,math_train_number_theory_329,number_theory,False,False,False,False,False,[],"[""triangle""]",subject
geometry_ee3896b4fd724c16,S06,math_train_number_theory_339,number_theory,False,False,False,False,False,"[""integer"", ""modular""]","[""triangle""]",subject
geometry_ee3896b4fd724c16,S06,math_train_number_theory_366,number_theory,False,False,False,False,False,"[""integer"", ""modular""]","[""triangle""]",subject
geometry_ee3896b4fd724c16,S06,math_train_number_theory_371,number_theory,False,False,False,False,False,"[""gcd_lcm"", ""integer"", ""positive"", ""quadratic""]","[""triangle""]",subject
geometry_ee3896b4fd724c16,S06,math_train_number_theory_374,number_theory,False,False,False,False,False,"[""counting""]","[""triangle""]",subject
geometry_ee3896b4fd724c16,S06,math_train_number_theory_403,number_theory,False,False,False,False,False,"[""gcd_lcm"", ""integer"", ""positive"", ""rational""]","[""triangle""]",subject
geometry_ee3896b4fd724c16,S06,math_train_number_theory_448,number_theory,False,False,False,False,False,"[""divisibility""]","[""triangle""]",subject
geometry_ee3896b4fd724c16,S06,math_train_number_theory_490,number_theory,False,False,False,False,False,"[""factorization"", ""gcd_lcm"", ""prime""]","[""triangle""]",subject
geometry_ee3896b4fd724c16,S06,math_train_number_theory_51,number_theory,False,False,False,False,False,"[""positive""]","[""triangle""]",subject
geometry_ee3896b4fd724c16,S06,math_train_number_theory_510,number_theory,False,False,False,False,False,"[""prime""]","[""triangle""]",subject
geometry_ee3896b4fd724c16,S06,math_train_number_theory_528,number_theory,False,False,False,False,False,"[""integer""]","[""triangle""]",subject
geometry_ee3896b4fd724c16,S06,math_train_number_theory_541,number_theory,False,False,False,False,False,"[""divisibility""]","[""triangle""]",subject
geometry_ee3896b4fd724c16,S06,math_train_number_theory_555,number_theory,False,False,False,False,False,"[""divisibility"", ""integer"", ""positive""]","[""triangle""]",subject
geometry_ee3896b4fd724c16,S06,math_train_number_theory_576,number_theory,False,False,False,False,False,"[""integer"", ""positive"", ""rational""]","[""triangle""]",subject
geometry_ee3896b4fd724c16,S06,math_train_number_theory_598,number_theory,False,False,False,False,False,[],"[""triangle""]",subject
geometry_ee3896b4fd724c16,S06,math_train_number_theory_608,number_theory,False,False,False,False,False,"[""positive""]","[""triangle""]",subject
geometry_ee3896b4fd724c16,S06,math_train_number_theory_617,number_theory,False,False,False,False,False,"[""prime""]","[""triangle""]",subject
geometry_ee3896b4fd724c16,S06,math_train_number_theory_629,number_theory,False,False,False,False,False,"[""integer""]","[""triangle""]",subject
geometry_ee3896b4fd724c16,S06,math_train_number_theory_653,number_theory,False,False,False,False,False,"[""divisibility"", ""integer"", ""modular""]","[""triangle""]",subject
geometry_ee3896b4fd724c16,S06,math_train_number_theory_691,number_theory,False,False,False,False,False,"[""divisibility""]","[""triangle""]",subject
geometry_ee3896b4fd724c16,S06,math_train_number_theory_705,number_theory,False,False,False,False,False,"[""rational""]","[""triangle""]",subject
geometry_ee3896b4fd724c16,S06,math_train_number_theory_713,number_theory,False,False,False,False,False,"[""integer"", ""positive"", ""rational""]","[""triangle""]",subject
geometry_ee3896b4fd724c16,S06,math_train_number_theory_717,number_theory,False,False,False,False,False,"[""divisibility"", ""integer"", ""modular""]","[""triangle""]",subject
geometry_ee3896b4fd724c16,S06,math_train_number_theory_733,number_theory,False,False,False,False,False,"[""gcd_lcm""]","[""triangle""]",subject
geometry_ee3896b4fd724c16,S06,math_train_number_theory_740,number_theory,False,False,False,False,False,"[""integer""]","[""triangle""]",subject
geometry_ee3896b4fd724c16,S06,math_train_number_theory_741,number_theory,False,False,False,False,False,"[""divisibility"", ""modular""]","[""triangle""]",subject
geometry_ee3896b4fd724c16,S06,math_train_number_theory_744,number_theory,False,False,False,False,False,"[""counting"", ""factorization"", ""positive"", ""prime""]","[""triangle""]",subject
geometry_ee3896b4fd724c16,S06,math_train_number_theory_78,number_theory,False,False,False,False,False,"[""integer"", ""modular""]","[""triangle""]",subject
geometry_ee3896b4fd724c16,S06,math_train_number_theory_818,number_theory,False,False,False,False,False,[],"[""triangle""]",subject
geometry_ee3896b4fd724c16,S06,math_train_number_theory_828,number_theory,False,False,False,False,False,"[""gcd_lcm""]","[""triangle""]",subject
geometry_ee3896b4fd724c16,S06,math_train_number_theory_83,number_theory,False,False,False,False,False,"[""integer"", ""modular"", ""positive""]","[""triangle""]",subject
geometry_ee3896b4fd724c16,S06,math_train_number_theory_848,number_theory,False,False,False,False,False,"[""divisibility"", ""modular""]","[""triangle""]",subject
geometry_ee3896b4fd724c16,S06,math_train_prealgebra_1012,prealgebra,False,False,False,False,False,"[""unit_rate""]","[""triangle""]",subject
geometry_ee3896b4fd724c16,S06,math_train_prealgebra_1021,prealgebra,False,False,False,False,False,[],"[""triangle""]",subject
geometry_ee3896b4fd724c16,S06,math_train_prealgebra_1023,prealgebra,False,False,False,False,False,"[""area""]","[""triangle""]",subject
geometry_ee3896b4fd724c16,S06,math_train_prealgebra_105,prealgebra,False,False,False,False,False,"[""unit_rate""]","[""triangle""]",subject
geometry_ee3896b4fd724c16,S06,math_train_prealgebra_1072,prealgebra,False,False,False,False,False,"[""area""]","[""triangle""]",subject
geometry_ee3896b4fd724c16,S06,math_train_prealgebra_1079,prealgebra,False,False,False,False,False,[],"[""triangle""]",subject
geometry_ee3896b4fd724c16,S06,math_train_prealgebra_1107,prealgebra,False,False,False,True,False,"[""area"", ""circle""]","[""triangle""]",subject
geometry_ee3896b4fd724c16,S06,math_train_prealgebra_1140,prealgebra,False,False,False,False,False,[],"[""triangle""]",subject
geometry_ee3896b4fd724c16,S06,math_train_prealgebra_116,prealgebra,False,False,False,False,False,[],"[""triangle""]",subject
geometry_ee3896b4fd724c16,S06,math_train_prealgebra_1184,prealgebra,False,False,False,False,False,"[""equation"", ""rational""]","[""triangle""]",subject
geometry_ee3896b4fd724c16,S06,math_train_prealgebra_125,prealgebra,False,False,False,False,False,"[""counting"", ""unit_rate""]","[""triangle""]",subject
geometry_ee3896b4fd724c16,S06,math_train_prealgebra_158,prealgebra,False,False,False,False,False,[],"[""triangle""]",subject
geometry_ee3896b4fd724c16,S06,math_train_prealgebra_167,prealgebra,False,False,False,False,False,"[""rational""]","[""triangle""]",subject
geometry_ee3896b4fd724c16,S06,math_train_prealgebra_206,prealgebra,False,False,False,True,False,"[""area"", ""circle"", ""ratio"", ""rational""]","[""triangle""]",subject
geometry_ee3896b4fd724c16,S06,math_train_prealgebra_219,prealgebra,False,False,False,False,False,[],"[""triangle""]",subject
geometry_ee3896b4fd724c16,S06,math_train_prealgebra_23,prealgebra,False,False,False,False,False,"[""rational""]","[""triangle""]",subject
geometry_ee3896b4fd724c16,S06,math_train_prealgebra_231,prealgebra,False,False,False,True,False,"[""circle""]","[""triangle""]",subject
geometry_ee3896b4fd724c16,S06,math_train_prealgebra_235,prealgebra,False,False,False,False,False,"[""counting""]","[""triangle""]",subject
geometry_ee3896b4fd724c16,S06,math_train_prealgebra_307,prealgebra,False,False,False,False,False,"[""area""]","[""triangle""]",subject
geometry_ee3896b4fd724c16,S06,math_train_prealgebra_321,prealgebra,False,False,False,False,False,[],"[""triangle""]",subject
geometry_ee3896b4fd724c16,S06,math_train_prealgebra_35,prealgebra,False,False,False,False,False,[],"[""triangle""]",subject
geometry_ee3896b4fd724c16,S06,math_train_prealgebra_361,prealgebra,False,False,False,False,False,"[""ratio"", ""unit_rate""]","[""triangle""]",subject
geometry_ee3896b4fd724c16,S06,math_train_prealgebra_379,prealgebra,False,False,False,False,False,[],"[""triangle""]",subject
geometry_ee3896b4fd724c16,S06,math_train_prealgebra_412,prealgebra,False,False,False,False,False,[],"[""triangle""]",subject
geometry_ee3896b4fd724c16,S06,math_train_prealgebra_427,prealgebra,False,False,False,False,False,[],"[""triangle""]",subject
geometry_ee3896b4fd724c16,S06,math_train_prealgebra_43,prealgebra,False,True,True,False,False,"[""area"", ""triangle""]",[],subject
geometry_ee3896b4fd724c16,S06,math_train_prealgebra_431,prealgebra,False,False,False,False,False,[],"[""triangle""]",subject
geometry_ee3896b4fd724c16,S06,math_train_prealgebra_438,prealgebra,False,False,False,False,False,[],"[""triangle""]",subject
geometry_ee3896b4fd724c16,S06,math_train_prealgebra_443,prealgebra,False,False,False,False,False,[],"[""triangle""]",subject
geometry_ee3896b4fd724c16,S06,math_train_prealgebra_465,prealgebra,False,False,False,False,False,"[""integer"", ""positive""]","[""triangle""]",subject
geometry_ee3896b4fd724c16,S06,math_train_prealgebra_514,prealgebra,False,False,False,False,False,[],"[""triangle""]",subject
geometry_ee3896b4fd724c16,S06,math_train_prealgebra_515,prealgebra,False,False,False,False,False,[],"[""triangle""]",subject
geometry_ee3896b4fd724c16,S06,math_train_prealgebra_527,prealgebra,False,False,False,False,False,"[""area""]","[""triangle""]",subject
geometry_ee3896b4fd724c16,S06,math_train_prealgebra_549,prealgebra,False,True,True,False,False,"[""triangle""]",[],subject
geometry_ee3896b4fd724c16,S06,math_train_prealgebra_557,prealgebra,False,False,False,False,False,[],"[""triangle""]",subject
geometry_ee3896b4fd724c16,S06,math_train_prealgebra_561,prealgebra,False,False,False,False,False,"[""unit_rate""]","[""triangle""]",subject
geometry_ee3896b4fd724c16,S06,math_train_prealgebra_594,prealgebra,False,False,False,False,False,[],"[""triangle""]",subject
geometry_ee3896b4fd724c16,S06,math_train_prealgebra_596,prealgebra,False,False,False,False,False,"[""counting""]","[""triangle""]",subject
geometry_ee3896b4fd724c16,S06,math_train_prealgebra_621,prealgebra,False,False,False,False,False,"[""rational""]","[""triangle""]",subject
geometry_ee3896b4fd724c16,S06,math_train_prealgebra_721,prealgebra,False,False,False,False,False,"[""divisibility""]","[""triangle""]",subject
geometry_ee3896b4fd724c16,S06,math_train_prealgebra_738,prealgebra,False,False,False,False,False,[],"[""triangle""]",subject
geometry_ee3896b4fd724c16,S06,math_train_prealgebra_750,prealgebra,False,False,False,False,False,"[""rational""]","[""triangle""]",subject
geometry_ee3896b4fd724c16,S06,math_train_prealgebra_769,prealgebra,False,False,False,False,False,[],"[""triangle""]",subject
geometry_ee3896b4fd724c16,S06,math_train_prealgebra_86,prealgebra,False,False,False,True,False,"[""area"", ""circle"", ""integer""]","[""triangle""]",subject
geometry_ee3896b4fd724c16,S06,math_train_prealgebra_895,prealgebra,False,False,False,False,False,"[""integer"", ""positive""]","[""triangle""]",subject
geometry_ee3896b4fd724c16,S06,math_train_prealgebra_91,prealgebra,False,False,False,False,False,[],"[""triangle""]",subject
geometry_ee3896b4fd724c16,S06,math_train_prealgebra_913,prealgebra,False,False,False,False,False,[],"[""triangle""]",subject
geometry_ee3896b4fd724c16,S06,math_train_prealgebra_921,prealgebra,False,False,False,False,False,[],"[""triangle""]",subject
geometry_ee3896b4fd724c16,S06,math_train_prealgebra_953,prealgebra,False,False,False,False,False,[],"[""triangle""]",subject
geometry_ee3896b4fd724c16,S06,math_train_prealgebra_972,prealgebra,False,False,False,True,False,"[""area"", ""circle"", ""quadratic""]","[""triangle""]",subject
geometry_ee3896b4fd724c16,S06,math_train_precalculus_106,precalculus,False,True,True,False,False,"[""area"", ""triangle""]",[],subject
geometry_ee3896b4fd724c16,S06,math_train_precalculus_108,precalculus,False,False,False,False,False,[],"[""triangle""]",subject
geometry_ee3896b4fd724c16,S06,math_train_precalculus_114,precalculus,False,False,False,False,False,[],"[""triangle""]",subject
geometry_ee3896b4fd724c16,S06,math_train_precalculus_118,precalculus,False,False,False,False,False,"[""rational"", ""trigonometric""]","[""triangle""]",subject
geometry_ee3896b4fd724c16,S06,math_train_precalculus_119,precalculus,False,False,False,False,False,"[""trigonometric""]","[""triangle""]",subject
geometry_ee3896b4fd724c16,S06,math_train_precalculus_189,precalculus,False,False,False,False,False,"[""quadratic"", ""rational""]","[""triangle""]",subject
geometry_ee3896b4fd724c16,S06,math_train_precalculus_2,precalculus,False,False,False,False,False,[],"[""triangle""]",subject
geometry_ee3896b4fd724c16,S06,math_train_precalculus_205,precalculus,False,False,False,False,False,[],"[""triangle""]",subject
geometry_ee3896b4fd724c16,S06,math_train_precalculus_215,precalculus,False,False,False,False,False,[],"[""triangle""]",subject
geometry_ee3896b4fd724c16,S06,math_train_precalculus_22,precalculus,False,False,False,False,False,[],"[""triangle""]",subject
geometry_ee3896b4fd724c16,S06,math_train_precalculus_230,precalculus,False,True,True,False,False,"[""area"", ""triangle""]",[],subject
geometry_ee3896b4fd724c16,S06,math_train_precalculus_238,precalculus,False,False,False,False,False,[],"[""triangle""]",subject
geometry_ee3896b4fd724c16,S06,math_train_precalculus_250,precalculus,False,False,False,True,False,"[""circle"", ""equation"", ""rational"", ""trigonometric""]","[""triangle""]",subject
geometry_ee3896b4fd724c16,S06,math_train_precalculus_259,precalculus,False,False,False,False,False,[],"[""triangle""]",subject
geometry_ee3896b4fd724c16,S06,math_train_precalculus_27,precalculus,False,True,True,False,False,"[""triangle""]",[],subject
geometry_ee3896b4fd724c16,S06,math_train_precalculus_293,precalculus,False,True,True,False,False,"[""area"", ""triangle""]",[],subject
geometry_ee3896b4fd724c16,S06,math_train_precalculus_349,precalculus,False,False,False,True,False,"[""circle"", ""equation""]","[""triangle""]",subject
geometry_ee3896b4fd724c16,S06,math_train_precalculus_355,precalculus,False,False,False,True,False,"[""circle""]","[""triangle""]",subject
geometry_ee3896b4fd724c16,S06,math_train_precalculus_415,precalculus,False,True,True,False,False,"[""area"", ""triangle""]",[],subject
geometry_ee3896b4fd724c16,S06,math_train_precalculus_419,precalculus,False,True,True,False,False,"[""quadratic"", ""triangle""]",[],subject
geometry_ee3896b4fd724c16,S06,math_train_precalculus_423,precalculus,False,False,False,False,False,[],"[""triangle""]",subject
geometry_ee3896b4fd724c16,S06,math_train_precalculus_445,precalculus,False,True,True,False,False,"[""triangle"", ""unit_rate""]",[],subject
geometry_ee3896b4fd724c16,S06,math_train_precalculus_461,precalculus,False,False,False,False,False,[],"[""triangle""]",subject
geometry_ee3896b4fd724c16,S06,math_train_precalculus_471,precalculus,False,False,False,False,False,"[""trigonometric""]","[""triangle""]",subject
geometry_ee3896b4fd724c16,S06,math_train_precalculus_479,precalculus,False,False,False,False,False,"[""gcd_lcm"", ""integer"", ""rational""]","[""triangle""]",subject
geometry_ee3896b4fd724c16,S06,math_train_precalculus_492,precalculus,False,False,False,False,False,"[""rational""]","[""triangle""]",subject
geometry_ee3896b4fd724c16,S06,math_train_precalculus_505,precalculus,False,False,False,False,False,"[""integer"", ""nonzero"", ""quadratic""]","[""triangle""]",subject
geometry_ee3896b4fd724c16,S06,math_train_precalculus_512,precalculus,False,False,False,False,False,"[""rational""]","[""triangle""]",subject
geometry_ee3896b4fd724c16,S06,math_train_precalculus_517,precalculus,False,False,False,False,False,"[""quadratic""]","[""triangle""]",subject
geometry_ee3896b4fd724c16,S06,math_train_precalculus_52,precalculus,False,False,False,False,False,"[""quadratic""]","[""triangle""]",subject
geometry_ee3896b4fd724c16,S06,math_train_precalculus_522,precalculus,False,False,False,False,False,[],"[""triangle""]",subject
geometry_ee3896b4fd724c16,S06,math_train_precalculus_523,precalculus,False,False,False,False,False,"[""quadratic"", ""trigonometric""]","[""triangle""]",subject
geometry_ee3896b4fd724c16,S06,math_train_precalculus_557,precalculus,False,False,False,False,False,[],"[""triangle""]",subject
geometry_ee3896b4fd724c16,S06,math_train_precalculus_559,precalculus,False,False,False,False,False,"[""rational"", ""trigonometric""]","[""triangle""]",subject
geometry_ee3896b4fd724c16,S06,math_train_precalculus_565,precalculus,False,False,False,False,False,[],"[""triangle""]",subject
geometry_ee3896b4fd724c16,S06,math_train_precalculus_568,precalculus,False,False,False,False,False,"[""integer"", ""positive"", ""rational""]","[""triangle""]",subject
geometry_ee3896b4fd724c16,S06,math_train_precalculus_574,precalculus,False,False,False,False,False,[],"[""triangle""]",subject
geometry_ee3896b4fd724c16,S06,math_train_precalculus_622,precalculus,False,False,False,False,False,"[""integer"", ""rational"", ""trigonometric""]","[""triangle""]",subject
geometry_ee3896b4fd724c16,S06,math_train_precalculus_628,precalculus,False,False,False,False,False,"[""integer"", ""quadratic""]","[""triangle""]",subject
geometry_ee3896b4fd724c16,S06,math_train_precalculus_646,precalculus,False,False,False,False,False,[],"[""triangle""]",subject
geometry_ee3896b4fd724c16,S06,math_train_precalculus_650,precalculus,False,False,False,False,False,[],"[""triangle""]",subject
geometry_ee3896b4fd724c16,S06,math_train_precalculus_656,precalculus,False,False,False,False,False,"[""trigonometric""]","[""triangle""]",subject
geometry_ee3896b4fd724c16,S06,math_train_precalculus_687,precalculus,False,False,False,False,False,[],"[""triangle""]",subject
geometry_ee3896b4fd724c16,S06,math_train_precalculus_718,precalculus,False,False,False,False,False,"[""nonzero"", ""quadratic"", ""rational""]","[""triangle""]",subject
geometry_ee3896b4fd724c16,S06,math_train_precalculus_72,precalculus,False,False,False,False,False,"[""polynomial"", ""unit_rate""]","[""triangle""]",subject
geometry_ee3896b4fd724c16,S06,math_train_precalculus_723,precalculus,False,True,True,False,False,"[""area"", ""triangle""]",[],subject
geometry_ee3896b4fd724c16,S06,math_train_precalculus_726,precalculus,False,False,False,False,False,[],"[""triangle""]",subject
geometry_ee3896b4fd724c16,S06,math_train_precalculus_733,precalculus,False,False,False,False,False,"[""trigonometric""]","[""triangle""]",subject
geometry_ee3896b4fd724c16,S06,math_train_precalculus_8,precalculus,False,False,False,False,False,[],"[""triangle""]",subject
geometry_ee3896b4fd724c16,S06,math_train_precalculus_88,precalculus,False,False,False,False,False,"[""integer"", ""trigonometric""]","[""triangle""]",subject
intermediate_algebra_4a5d6d54c25d8d89,S07,math_train_algebra_1010,algebra,False,True,False,False,False,"[""equation"", ""rational""]","[""nonzero"", ""quadratic""]",subject
intermediate_algebra_4a5d6d54c25d8d89,S07,math_train_algebra_1018,algebra,False,True,False,False,False,"[""rational""]","[""nonzero"", ""quadratic""]",subject
intermediate_algebra_4a5d6d54c25d8d89,S07,math_train_algebra_1026,algebra,False,True,False,False,False,"[""equation"", ""quadratic"", ""rational"", ""unit_rate""]","[""nonzero""]",subject
intermediate_algebra_4a5d6d54c25d8d89,S07,math_train_algebra_1079,algebra,False,False,False,False,False,[],"[""nonzero"", ""quadratic"", ""rational""]",subject
intermediate_algebra_4a5d6d54c25d8d89,S07,math_train_algebra_1119,algebra,False,True,False,False,False,"[""integer"", ""quadratic""]","[""nonzero"", ""rational""]",subject
intermediate_algebra_4a5d6d54c25d8d89,S07,math_train_algebra_117,algebra,False,False,False,False,False,[],"[""nonzero"", ""quadratic"", ""rational""]",subject
intermediate_algebra_4a5d6d54c25d8d89,S07,math_train_algebra_1250,algebra,False,True,False,False,False,"[""rational""]","[""nonzero"", ""quadratic""]",subject
intermediate_algebra_4a5d6d54c25d8d89,S07,math_train_algebra_1327,algebra,False,False,False,False,False,"[""area"", ""integer""]","[""nonzero"", ""quadratic"", ""rational""]",subject
intermediate_algebra_4a5d6d54c25d8d89,S07,math_train_algebra_1334,algebra,False,False,False,False,False,[],"[""nonzero"", ""quadratic"", ""rational""]",subject
intermediate_algebra_4a5d6d54c25d8d89,S07,math_train_algebra_136,algebra,False,True,False,False,False,"[""rational"", ""unit_rate""]","[""nonzero"", ""quadratic""]",subject
intermediate_algebra_4a5d6d54c25d8d89,S07,math_train_algebra_1460,algebra,False,True,False,False,False,"[""positive"", ""rational""]","[""nonzero"", ""quadratic""]",subject
intermediate_algebra_4a5d6d54c25d8d89,S07,math_train_algebra_1469,algebra,False,True,False,False,False,"[""equation"", ""quadratic""]","[""nonzero"", ""rational""]",subject
intermediate_algebra_4a5d6d54c25d8d89,S07,math_train_algebra_152,algebra,False,False,False,False,False,[],"[""nonzero"", ""quadratic"", ""rational""]",subject
intermediate_algebra_4a5d6d54c25d8d89,S07,math_train_algebra_1538,algebra,False,False,False,False,False,[],"[""nonzero"", ""quadratic"", ""rational""]",subject
intermediate_algebra_4a5d6d54c25d8d89,S07,math_train_algebra_1599,algebra,False,False,False,False,False,[],"[""nonzero"", ""quadratic"", ""rational""]",subject
intermediate_algebra_4a5d6d54c25d8d89,S07,math_train_algebra_1621,algebra,False,False,False,False,False,[],"[""nonzero"", ""quadratic"", ""rational""]",subject
intermediate_algebra_4a5d6d54c25d8d89,S07,math_train_algebra_1641,algebra,False,False,False,False,False,[],"[""nonzero"", ""quadratic"", ""rational""]",subject
intermediate_algebra_4a5d6d54c25d8d89,S07,math_train_algebra_1644,algebra,False,False,False,False,False,[],"[""nonzero"", ""quadratic"", ""rational""]",subject
intermediate_algebra_4a5d6d54c25d8d89,S07,math_train_algebra_1716,algebra,False,True,False,False,False,"[""composition"", ""quadratic""]","[""nonzero"", ""rational""]",subject
intermediate_algebra_4a5d6d54c25d8d89,S07,math_train_algebra_1743,algebra,False,False,False,False,False,"[""integer"", ""positive""]","[""nonzero"", ""quadratic"", ""rational""]",subject
intermediate_algebra_4a5d6d54c25d8d89,S07,math_train_algebra_203,algebra,False,False,False,False,False,"[""area""]","[""nonzero"", ""quadratic"", ""rational""]",subject
intermediate_algebra_4a5d6d54c25d8d89,S07,math_train_algebra_204,algebra,False,True,False,False,False,"[""rational""]","[""nonzero"", ""quadratic""]",subject
intermediate_algebra_4a5d6d54c25d8d89,S07,math_train_algebra_206,algebra,False,False,False,False,False,"[""integer""]","[""nonzero"", ""quadratic"", ""rational""]",subject
intermediate_algebra_4a5d6d54c25d8d89,S07,math_train_algebra_221,algebra,False,True,False,False,False,"[""quadratic""]","[""nonzero"", ""rational""]",subject
intermediate_algebra_4a5d6d54c25d8d89,S07,math_train_algebra_222,algebra,False,False,False,False,False,[],"[""nonzero"", ""quadratic"", ""rational""]",subject
intermediate_algebra_4a5d6d54c25d8d89,S07,math_train_algebra_237,algebra,False,True,False,False,False,"[""quadratic""]","[""nonzero"", ""rational""]",subject
intermediate_algebra_4a5d6d54c25d8d89,S07,math_train_algebra_267,algebra,False,False,False,False,False,[],"[""nonzero"", ""quadratic"", ""rational""]",subject
intermediate_algebra_4a5d6d54c25d8d89,S07,math_train_algebra_334,algebra,False,True,False,False,False,"[""equation"", ""quadratic""]","[""nonzero"", ""rational""]",subject
intermediate_algebra_4a5d6d54c25d8d89,S07,math_train_algebra_336,algebra,False,False,False,False,False,"[""equation""]","[""nonzero"", ""quadratic"", ""rational""]",subject
intermediate_algebra_4a5d6d54c25d8d89,S07,math_train_algebra_348,algebra,False,True,False,False,False,"[""quadratic"", ""rational""]","[""nonzero""]",subject
intermediate_algebra_4a5d6d54c25d8d89,S07,math_train_algebra_35,algebra,False,False,False,False,False,"[""positive""]","[""nonzero"", ""quadratic"", ""rational""]",subject
intermediate_algebra_4a5d6d54c25d8d89,S07,math_train_algebra_42,algebra,False,True,False,False,False,"[""integer"", ""quadratic"", ""rational""]","[""nonzero""]",subject
intermediate_algebra_4a5d6d54c25d8d89,S07,math_train_algebra_432,algebra,False,False,False,False,False,[],"[""nonzero"", ""quadratic"", ""rational""]",subject
intermediate_algebra_4a5d6d54c25d8d89,S07,math_train_algebra_495,algebra,False,True,False,False,False,"[""positive"", ""quadratic""]","[""nonzero"", ""rational""]",subject
intermediate_algebra_4a5d6d54c25d8d89,S07,math_train_algebra_496,algebra,False,True,False,False,False,"[""rational""]","[""nonzero"", ""quadratic""]",subject
intermediate_algebra_4a5d6d54c25d8d89,S07,math_train_algebra_538,algebra,False,True,False,False,False,"[""quadratic""]","[""nonzero"", ""rational""]",subject
intermediate_algebra_4a5d6d54c25d8d89,S07,math_train_algebra_541,algebra,False,True,False,False,False,"[""quadratic""]","[""nonzero"", ""rational""]",subject
intermediate_algebra_4a5d6d54c25d8d89,S07,math_train_algebra_597,algebra,False,False,False,False,False,"[""integer"", ""positive""]","[""nonzero"", ""quadratic"", ""rational""]",subject
intermediate_algebra_4a5d6d54c25d8d89,S07,math_train_algebra_604,algebra,False,True,False,False,False,"[""quadratic""]","[""nonzero"", ""rational""]",subject
intermediate_algebra_4a5d6d54c25d8d89,S07,math_train_algebra_628,algebra,False,True,False,False,False,"[""equation"", ""integer"", ""quadratic""]","[""nonzero"", ""rational""]",subject
intermediate_algebra_4a5d6d54c25d8d89,S07,math_train_algebra_631,algebra,False,True,False,False,False,"[""integer"", ""rational""]","[""nonzero"", ""quadratic""]",subject
intermediate_algebra_4a5d6d54c25d8d89,S07,math_train_algebra_758,algebra,False,True,False,False,False,"[""equation"", ""quadratic"", ""unit_rate""]","[""nonzero"", ""rational""]",subject
intermediate_algebra_4a5d6d54c25d8d89,S07,math_train_algebra_764,algebra,False,True,False,False,False,"[""quadratic""]","[""nonzero"", ""rational""]",subject
intermediate_algebra_4a5d6d54c25d8d89,S07,math_train_algebra_883,algebra,False,False,False,False,False,"[""integer""]","[""nonzero"", ""quadratic"", ""rational""]",subject
intermediate_algebra_4a5d6d54c25d8d89,S07,math_train_algebra_906,algebra,False,True,False,False,False,"[""equation"", ""rational""]","[""nonzero"", ""quadratic""]",subject
intermediate_algebra_4a5d6d54c25d8d89,S07,math_train_algebra_928,algebra,False,True,False,False,False,"[""quadratic""]","[""nonzero"", ""rational""]",subject
intermediate_algebra_4a5d6d54c25d8d89,S07,math_train_algebra_941,algebra,False,True,False,False,False,"[""quadratic""]","[""nonzero"", ""rational""]",subject
intermediate_algebra_4a5d6d54c25d8d89,S07,math_train_algebra_949,algebra,False,False,False,False,False,[],"[""nonzero"", ""quadratic"", ""rational""]",subject
intermediate_algebra_4a5d6d54c25d8d89,S07,math_train_algebra_959,algebra,False,True,False,False,False,"[""equation"", ""quadratic""]","[""nonzero"", ""rational""]",subject
intermediate_algebra_4a5d6d54c25d8d89,S07,math_train_algebra_991,algebra,False,True,False,False,False,"[""nonzero"", ""rational""]","[""quadratic""]",subject
intermediate_algebra_4a5d6d54c25d8d89,S07,math_train_counting_probability_102,counting_probability,False,True,False,True,False,"[""probability"", ""rational""]","[""nonzero"", ""quadratic""]",subject
intermediate_algebra_4a5d6d54c25d8d89,S07,math_train_counting_probability_142,counting_probability,False,False,False,False,False,"[""prime""]","[""nonzero"", ""quadratic"", ""rational""]",subject
intermediate_algebra_4a5d6d54c25d8d89,S07,math_train_counting_probability_144,counting_probability,False,False,False,False,False,[],"[""nonzero"", ""quadratic"", ""rational""]",subject
intermediate_algebra_4a5d6d54c25d8d89,S07,math_train_counting_probability_15,counting_probability,False,False,False,False,False,"[""counting""]","[""nonzero"", ""quadratic"", ""rational""]",subject
intermediate_algebra_4a5d6d54c25d8d89,S07,math_train_counting_probability_151,counting_probability,False,False,False,False,False,"[""triangle""]","[""nonzero"", ""quadratic"", ""rational""]",subject
intermediate_algebra_4a5d6d54c25d8d89,S07,math_train_counting_probability_153,counting_probability,False,False,False,False,False,"[""counting""]","[""nonzero"", ""quadratic"", ""rational""]",subject
intermediate_algebra_4a5d6d54c25d8d89,S07,math_train_counting_probability_165,counting_probability,False,False,False,True,False,"[""probability"", ""unit_rate""]","[""nonzero"", ""quadratic"", ""rational""]",subject
intermediate_algebra_4a5d6d54c25d8d89,S07,math_train_counting_probability_174,counting_probability,False,False,False,False,False,"[""counting""]","[""nonzero"", ""quadratic"", ""rational""]",subject
intermediate_algebra_4a5d6d54c25d8d89,S07,math_train_counting_probability_177,counting_probability,False,False,False,False,False,[],"[""nonzero"", ""quadratic"", ""rational""]",subject
intermediate_algebra_4a5d6d54c25d8d89,S07,math_train_counting_probability_186,counting_probability,False,False,False,False,False,"[""counting""]","[""nonzero"", ""quadratic"", ""rational""]",subject
intermediate_algebra_4a5d6d54c25d8d89,S07,math_train_counting_probability_192,counting_probability,False,False,False,True,False,"[""counting"", ""probability""]","[""nonzero"", ""quadratic"", ""rational""]",subject
intermediate_algebra_4a5d6d54c25d8d89,S07,math_train_counting_probability_208,counting_probability,False,False,False,False,False,"[""counting""]","[""nonzero"", ""quadratic"", ""rational""]",subject
intermediate_algebra_4a5d6d54c25d8d89,S07,math_train_counting_probability_213,counting_probability,False,True,False,True,False,"[""counting"", ""probability"", ""rational""]","[""nonzero"", ""quadratic""]",subject
intermediate_algebra_4a5d6d54c25d8d89,S07,math_train_counting_probability_218,counting_probability,False,True,False,True,False,"[""divisibility"", ""integer"", ""positive"", ""probability"", ""rational""]","[""nonzero"", ""quadratic""]",subject
intermediate_algebra_4a5d6d54c25d8d89,S07,math_train_counting_probability_261,counting_probability,False,False,False,False,False,[],"[""nonzero"", ""quadratic"", ""rational""]",subject
intermediate_algebra_4a5d6d54c25d8d89,S07,math_train_counting_probability_269,counting_probability,False,False,False,False,False,"[""counting"", ""unit_rate""]","[""nonzero"", ""quadratic"", ""rational""]",subject
intermediate_algebra_4a5d6d54c25d8d89,S07,math_train_counting_probability_278,counting_probability,False,False,False,False,False,[],"[""nonzero"", ""quadratic"", ""rational""]",subject
intermediate_algebra_4a5d6d54c25d8d89,S07,math_train_counting_probability_287,counting_probability,False,False,False,False,False,"[""counting""]","[""nonzero"", ""quadratic"", ""rational""]",subject
intermediate_algebra_4a5d6d54c25d8d89,S07,math_train_counting_probability_31,counting_probability,False,True,False,True,False,"[""probability"", ""rational""]","[""nonzero"", ""quadratic""]",subject
intermediate_algebra_4a5d6d54c25d8d89,S07,math_train_counting_probability_332,counting_probability,False,False,False,False,False,"[""counting"", ""factorization"", ""integer"", ""prime""]","[""nonzero"", ""quadratic"", ""rational""]",subject
intermediate_algebra_4a5d6d54c25d8d89,S07,math_train_counting_probability_34,counting_probability,False,False,False,False,False,[],"[""nonzero"", ""quadratic"", ""rational""]",subject
intermediate_algebra_4a5d6d54c25d8d89,S07,math_train_counting_probability_341,counting_probability,False,False,False,False,False,"[""circle""]","[""nonzero"", ""quadratic"", ""rational""]",subject
intermediate_algebra_4a5d6d54c25d8d89,S07,math_train_counting_probability_345,counting_probability,False,False,False,False,False,"[""counting""]","[""nonzero"", ""quadratic"", ""rational""]",subject
intermediate_algebra_4a5d6d54c25d8d89,S07,math_train_counting_probability_357,counting_probability,False,False,False,True,False,"[""integer"", ""positive"", ""prime"", ""probability"", ""unit_rate""]","[""nonzero"", ""quadratic"", ""rational""]",subject
intermediate_algebra_4a5d6d54c25d8d89,S07,math_train_counting_probability_39,counting_probability,False,False,False,True,False,"[""modular""]","[""nonzero"", ""quadratic"", ""rational""]",subject
intermediate_algebra_4a5d6d54c25d8d89,S07,math_train_counting_probability_396,counting_probability,False,False,False,True,False,"[""divisibility"", ""modular"", ""unit_rate""]","[""nonzero"", ""quadratic"", ""rational""]",subject
intermediate_algebra_4a5d6d54c25d8d89,S07,math_train_counting_probability_401,counting_probability,False,True,False,True,False,"[""integer"", ""positive"", ""prime"", ""probability"", ""rational"", ""unit_rate""]","[""nonzero"", ""quadratic""]",subject
intermediate_algebra_4a5d6d54c25d8d89,S07,math_train_counting_probability_425,counting_probability,False,False,False,False,False,"[""integer""]","[""nonzero"", ""quadratic"", ""rational""]",subject
intermediate_algebra_4a5d6d54c25d8d89,S07,math_train_counting_probability_430,counting_probability,False,False,False,False,False,"[""integer""]","[""nonzero"", ""quadratic"", ""rational""]",subject
intermediate_algebra_4a5d6d54c25d8d89,S07,math_train_counting_probability_452,counting_probability,False,False,False,True,False,"[""counting"", ""divisibility"", ""integer"", ""modular"", ""positive""]","[""nonzero"", ""quadratic"", ""rational""]",subject
intermediate_algebra_4a5d6d54c25d8d89,S07,math_train_counting_probability_461,counting_probability,False,False,False,False,False,"[""integer""]","[""nonzero"", ""quadratic"", ""rational""]",subject
intermediate_algebra_4a5d6d54c25d8d89,S07,math_train_counting_probability_471,counting_probability,False,False,False,False,False,[],"[""nonzero"", ""quadratic"", ""rational""]",subject
intermediate_algebra_4a5d6d54c25d8d89,S07,math_train_counting_probability_482,counting_probability,False,False,False,True,False,"[""probability""]","[""nonzero"", ""quadratic"", ""rational""]",subject
intermediate_algebra_4a5d6d54c25d8d89,S07,math_train_counting_probability_488,counting_probability,False,True,False,True,False,"[""probability"", ""rational""]","[""nonzero"", ""quadratic""]",subject
intermediate_algebra_4a5d6d54c25d8d89,S07,math_train_counting_probability_490,counting_probability,False,False,False,True,False,"[""probability""]","[""nonzero"", ""quadratic"", ""rational""]",subject
intermediate_algebra_4a5d6d54c25d8d89,S07,math_train_counting_probability_5,counting_probability,False,False,False,False,False,"[""unit_rate""]","[""nonzero"", ""quadratic"", ""rational""]",subject
intermediate_algebra_4a5d6d54c25d8d89,S07,math_train_counting_probability_543,counting_probability,False,False,False,False,False,"[""counting""]","[""nonzero"", ""quadratic"", ""rational""]",subject
intermediate_algebra_4a5d6d54c25d8d89,S07,math_train_counting_probability_596,counting_probability,False,False,False,False,False,"[""counting""]","[""nonzero"", ""quadratic"", ""rational""]",subject
intermediate_algebra_4a5d6d54c25d8d89,S07,math_train_counting_probability_629,counting_probability,False,False,False,False,False,"[""counting""]","[""nonzero"", ""quadratic"", ""rational""]",subject
intermediate_algebra_4a5d6d54c25d8d89,S07,math_train_counting_probability_640,counting_probability,False,False,False,False,False,"[""triangle""]","[""nonzero"", ""quadratic"", ""rational""]",subject
intermediate_algebra_4a5d6d54c25d8d89,S07,math_train_counting_probability_658,counting_probability,False,False,False,False,False,"[""integer"", ""positive""]","[""nonzero"", ""quadratic"", ""rational""]",subject
intermediate_algebra_4a5d6d54c25d8d89,S07,math_train_counting_probability_668,counting_probability,False,False,False,False,False,[],"[""nonzero"", ""quadratic"", ""rational""]",subject
intermediate_algebra_4a5d6d54c25d8d89,S07,math_train_counting_probability_675,counting_probability,False,False,False,False,False,"[""counting"", ""unit_rate""]","[""nonzero"", ""quadratic"", ""rational""]",subject
intermediate_algebra_4a5d6d54c25d8d89,S07,math_train_counting_probability_680,counting_probability,False,True,False,False,False,"[""rational""]","[""nonzero"", ""quadratic""]",subject
intermediate_algebra_4a5d6d54c25d8d89,S07,math_train_counting_probability_693,counting_probability,False,True,False,True,False,"[""probability"", ""rational"", ""unit_rate""]","[""nonzero"", ""quadratic""]",subject
intermediate_algebra_4a5d6d54c25d8d89,S07,math_train_counting_probability_700,counting_probability,False,False,False,False,False,"[""integer""]","[""nonzero"", ""quadratic"", ""rational""]",subject
intermediate_algebra_4a5d6d54c25d8d89,S07,math_train_counting_probability_730,counting_probability,False,False,False,False,False,"[""counting""]","[""nonzero"", ""quadratic"", ""rational""]",subject
intermediate_algebra_4a5d6d54c25d8d89,S07,math_train_counting_probability_756,counting_probability,False,False,False,False,False,"[""counting"", ""unit_rate""]","[""nonzero"", ""quadratic"", ""rational""]",subject
intermediate_algebra_4a5d6d54c25d8d89,S07,math_train_counting_probability_85,counting_probability,False,False,False,False,False,[],"[""nonzero"", ""quadratic"", ""rational""]",subject
intermediate_algebra_4a5d6d54c25d8d89,S07,math_train_counting_probability_96,counting_probability,False,True,False,True,False,"[""probability"", ""rational"", ""triangle""]","[""nonzero"", ""quadratic""]",subject
intermediate_algebra_4a5d6d54c25d8d89,S07,math_train_geometry_124,geometry,False,True,False,False,False,"[""circle"", ""rational""]","[""nonzero"", ""quadratic""]",subject
intermediate_algebra_4a5d6d54c25d8d89,S07,math_train_geometry_139,geometry,False,False,False,False,False,"[""area"", ""circle""]","[""nonzero"", ""quadratic"", ""rational""]",subject
intermediate_algebra_4a5d6d54c25d8d89,S07,math_train_geometry_145,geometry,False,False,False,False,False,"[""area"", ""triangle""]","[""nonzero"", ""quadratic"", ""rational""]",subject
intermediate_algebra_4a5d6d54c25d8d89,S07,math_train_geometry_15,geometry,False,False,False,False,False,"[""circle""]","[""nonzero"", ""quadratic"", ""rational""]",subject
intermediate_algebra_4a5d6d54c25d8d89,S07,math_train_geometry_159,geometry,False,True,False,False,False,"[""area"", ""rational"", ""unit_rate""]","[""nonzero"", ""quadratic""]",subject
intermediate_algebra_4a5d6d54c25d8d89,S07,math_train_geometry_168,geometry,False,False,False,False,False,"[""integer"", ""positive"", ""prime""]","[""nonzero"", ""quadratic"", ""rational""]",subject
intermediate_algebra_4a5d6d54c25d8d89,S07,math_train_geometry_169,geometry,False,False,False,False,False,"[""circle"", ""factorization""]","[""nonzero"", ""quadratic"", ""rational""]",subject
intermediate_algebra_4a5d6d54c25d8d89,S07,math_train_geometry_202,geometry,False,False,False,False,False,"[""area"", ""circle""]","[""nonzero"", ""quadratic"", ""rational""]",subject
intermediate_algebra_4a5d6d54c25d8d89,S07,math_train_geometry_203,geometry,False,False,False,False,False,"[""circle"", ""triangle""]","[""nonzero"", ""quadratic"", ""rational""]",subject
intermediate_algebra_4a5d6d54c25d8d89,S07,math_train_geometry_212,geometry,False,False,False,False,False,"[""area"", ""ratio"", ""unit_rate""]","[""nonzero"", ""quadratic"", ""rational""]",subject
intermediate_algebra_4a5d6d54c25d8d89,S07,math_train_geometry_238,geometry,False,False,False,False,False,"[""factorization""]","[""nonzero"", ""quadratic"", ""rational""]",subject
intermediate_algebra_4a5d6d54c25d8d89,S07,math_train_geometry_25,geometry,False,False,False,False,False,[],"[""nonzero"", ""quadratic"", ""rational""]",subject
intermediate_algebra_4a5d6d54c25d8d89,S07,math_train_geometry_279,geometry,False,False,False,False,False,"[""circle""]","[""nonzero"", ""quadratic"", ""rational""]",subject
intermediate_algebra_4a5d6d54c25d8d89,S07,math_train_geometry_289,geometry,False,True,False,False,False,"[""area"", ""rational"", ""triangle""]","[""nonzero"", ""quadratic""]",subject
intermediate_algebra_4a5d6d54c25d8d89,S07,math_train_geometry_294,geometry,False,False,False,False,False,"[""unit_rate""]","[""nonzero"", ""quadratic"", ""rational""]",subject
intermediate_algebra_4a5d6d54c25d8d89,S07,math_train_geometry_30,geometry,False,False,False,False,False,"[""area"", ""triangle""]","[""nonzero"", ""quadratic"", ""rational""]",subject
intermediate_algebra_4a5d6d54c25d8d89,S07,math_train_geometry_308,geometry,False,True,False,False,False,"[""rational""]","[""nonzero"", ""quadratic""]",subject
intermediate_algebra_4a5d6d54c25d8d89,S07,math_train_geometry_316,geometry,False,False,False,True,False,"[""area"", ""modular"", ""unit_rate""]","[""nonzero"", ""quadratic"", ""rational""]",subject
intermediate_algebra_4a5d6d54c25d8d89,S07,math_train_geometry_327,geometry,False,False,False,False,False,"[""circle"", ""unit_rate""]","[""nonzero"", ""quadratic"", ""rational""]",subject
intermediate_algebra_4a5d6d54c25d8d89,S07,math_train_geometry_343,geometry,False,False,False,True,False,"[""trigonometric""]","[""nonzero"", ""quadratic"", ""rational""]",subject
intermediate_algebra_4a5d6d54c25d8d89,S07,math_train_geometry_359,geometry,False,False,False,False,False,"[""divisibility"", ""triangle""]","[""nonzero"", ""quadratic"", ""rational""]",subject
intermediate_algebra_4a5d6d54c25d8d89,S07,math_train_geometry_367,geometry,False,False,False,False,False,"[""area"", ""ratio"", ""triangle""]","[""nonzero"", ""quadratic"", ""rational""]",subject
intermediate_algebra_4a5d6d54c25d8d89,S07,math_train_geometry_374,geometry,False,False,False,False,False,"[""circle"", ""triangle""]","[""nonzero"", ""quadratic"", ""rational""]",subject
intermediate_algebra_4a5d6d54c25d8d89,S07,math_train_geometry_394,geometry,False,False,False,False,False,"[""circle""]","[""nonzero"", ""quadratic"", ""rational""]",subject
intermediate_algebra_4a5d6d54c25d8d89,S07,math_train_geometry_396,geometry,False,False,False,False,False,"[""area""]","[""nonzero"", ""quadratic"", ""rational""]",subject
intermediate_algebra_4a5d6d54c25d8d89,S07,math_train_geometry_400,geometry,False,False,False,True,False,"[""modular"", ""triangle"", ""unit_rate""]","[""nonzero"", ""quadratic"", ""rational""]",subject
intermediate_algebra_4a5d6d54c25d8d89,S07,math_train_geometry_447,geometry,False,False,False,False,False,"[""unit_rate""]","[""nonzero"", ""quadratic"", ""rational""]",subject
intermediate_algebra_4a5d6d54c25d8d89,S07,math_train_geometry_467,geometry,False,False,False,False,False,"[""circle"", ""triangle""]","[""nonzero"", ""quadratic"", ""rational""]",subject
intermediate_algebra_4a5d6d54c25d8d89,S07,math_train_geometry_469,geometry,False,False,False,False,False,"[""circle"", ""divisibility"", ""integer"", ""positive"", ""prime""]","[""nonzero"", ""quadratic"", ""rational""]",subject
intermediate_algebra_4a5d6d54c25d8d89,S07,math_train_geometry_473,geometry,False,True,False,False,False,"[""integer"", ""positive"", ""prime"", ""rational""]","[""nonzero"", ""quadratic""]",subject
intermediate_algebra_4a5d6d54c25d8d89,S07,math_train_geometry_478,geometry,False,False,False,False,False,"[""circle"", ""triangle"", ""unit_rate""]","[""nonzero"", ""quadratic"", ""rational""]",subject
intermediate_algebra_4a5d6d54c25d8d89,S07,math_train_geometry_528,geometry,False,True,False,False,False,"[""divisibility"", ""integer"", ""positive"", ""prime"", ""rational"", ""triangle""]","[""nonzero"", ""quadratic""]",subject
intermediate_algebra_4a5d6d54c25d8d89,S07,math_train_geometry_539,geometry,False,False,False,False,False,"[""circle""]","[""nonzero"", ""quadratic"", ""rational""]",subject
intermediate_algebra_4a5d6d54c25d8d89,S07,math_train_geometry_609,geometry,False,True,False,False,False,"[""rational""]","[""nonzero"", ""quadratic""]",subject
intermediate_algebra_4a5d6d54c25d8d89,S07,math_train_geometry_611,geometry,False,True,False,False,False,"[""area"", ""circle"", ""quadratic"", ""ratio"", ""rational"", ""triangle""]","[""nonzero""]",subject
intermediate_algebra_4a5d6d54c25d8d89,S07,math_train_geometry_623,geometry,False,False,False,False,False,"[""triangle""]","[""nonzero"", ""quadratic"", ""rational""]",subject
intermediate_algebra_4a5d6d54c25d8d89,S07,math_train_geometry_673,geometry,False,False,False,False,False,"[""area"", ""circle""]","[""nonzero"", ""quadratic"", ""rational""]",subject
intermediate_algebra_4a5d6d54c25d8d89,S07,math_train_geometry_737,geometry,False,False,False,True,False,"[""trigonometric""]","[""nonzero"", ""quadratic"", ""rational""]",subject
intermediate_algebra_4a5d6d54c25d8d89,S07,math_train_geometry_74,geometry,False,False,False,False,False,[],"[""nonzero"", ""quadratic"", ""rational""]",subject
intermediate_algebra_4a5d6d54c25d8d89,S07,math_train_geometry_760,geometry,False,False,False,False,False,"[""area""]","[""nonzero"", ""quadratic"", ""rational""]",subject
intermediate_algebra_4a5d6d54c25d8d89,S07,math_train_geometry_775,geometry,False,False,False,False,False,"[""area""]","[""nonzero"", ""quadratic"", ""rational""]",subject
intermediate_algebra_4a5d6d54c25d8d89,S07,math_train_geometry_789,geometry,False,False,False,False,False,"[""area"", ""unit_rate""]","[""nonzero"", ""quadratic"", ""rational""]",subject
intermediate_algebra_4a5d6d54c25d8d89,S07,math_train_geometry_813,geometry,False,False,False,True,False,"[""modular"", ""triangle""]","[""nonzero"", ""quadratic"", ""rational""]",subject
intermediate_algebra_4a5d6d54c25d8d89,S07,math_train_geometry_817,geometry,False,False,False,False,False,"[""area"", ""unit_rate""]","[""nonzero"", ""quadratic"", ""rational""]",subject
intermediate_algebra_4a5d6d54c25d8d89,S07,math_train_geometry_820,geometry,False,True,False,False,False,"[""ratio"", ""rational""]","[""nonzero"", ""quadratic""]",subject
intermediate_algebra_4a5d6d54c25d8d89,S07,math_train_geometry_836,geometry,False,False,False,False,False,[],"[""nonzero"", ""quadratic"", ""rational""]",subject
intermediate_algebra_4a5d6d54c25d8d89,S07,math_train_geometry_845,geometry,False,False,False,False,False,[],"[""nonzero"", ""quadratic"", ""rational""]",subject
intermediate_algebra_4a5d6d54c25d8d89,S07,math_train_geometry_849,geometry,False,False,False,False,False,"[""circle"", ""factorization""]","[""nonzero"", ""quadratic"", ""rational""]",subject
intermediate_algebra_4a5d6d54c25d8d89,S07,math_train_geometry_855,geometry,False,False,False,False,False,"[""area""]","[""nonzero"", ""quadratic"", ""rational""]",subject
intermediate_algebra_4a5d6d54c25d8d89,S07,math_train_geometry_863,geometry,False,True,False,False,False,"[""quadratic"", ""triangle""]","[""nonzero"", ""rational""]",subject
intermediate_algebra_4a5d6d54c25d8d89,S07,math_train_intermediate_algebra_1034,intermediate_algebra,True,False,False,False,False,"[""positive""]","[""nonzero"", ""quadratic"", ""rational""]",trigger
intermediate_algebra_4a5d6d54c25d8d89,S07,math_train_intermediate_algebra_1059,intermediate_algebra,True,False,False,False,False,[],"[""nonzero"", ""quadratic"", ""rational""]",trigger
intermediate_algebra_4a5d6d54c25d8d89,S07,math_train_intermediate_algebra_1060,intermediate_algebra,True,False,False,False,False,[],"[""nonzero"", ""quadratic"", ""rational""]",trigger
intermediate_algebra_4a5d6d54c25d8d89,S07,math_train_intermediate_algebra_1103,intermediate_algebra,True,True,False,False,False,"[""rational""]","[""nonzero"", ""quadratic""]",preconditions
intermediate_algebra_4a5d6d54c25d8d89,S07,math_train_intermediate_algebra_1115,intermediate_algebra,True,True,False,False,False,"[""quadratic""]","[""nonzero"", ""rational""]",preconditions
intermediate_algebra_4a5d6d54c25d8d89,S07,math_train_intermediate_algebra_1145,intermediate_algebra,True,True,False,False,False,"[""positive"", ""rational""]","[""nonzero"", ""quadratic""]",preconditions
intermediate_algebra_4a5d6d54c25d8d89,S07,math_train_intermediate_algebra_1156,intermediate_algebra,True,True,False,False,False,"[""quadratic"", ""rational""]","[""nonzero""]",preconditions
intermediate_algebra_4a5d6d54c25d8d89,S07,math_train_intermediate_algebra_1164,intermediate_algebra,True,True,False,False,False,"[""quadratic""]","[""nonzero"", ""rational""]",preconditions
intermediate_algebra_4a5d6d54c25d8d89,S07,math_train_intermediate_algebra_1183,intermediate_algebra,True,True,False,False,False,"[""integer"", ""positive"", ""quadratic""]","[""nonzero"", ""rational""]",preconditions
intermediate_algebra_4a5d6d54c25d8d89,S07,math_train_intermediate_algebra_1292,intermediate_algebra,True,True,False,False,False,"[""equation"", ""quadratic"", ""ratio"", ""rational""]","[""nonzero""]",preconditions
intermediate_algebra_4a5d6d54c25d8d89,S07,math_train_intermediate_algebra_164,intermediate_algebra,True,False,False,False,False,"[""composition""]","[""nonzero"", ""quadratic"", ""rational""]",trigger
intermediate_algebra_4a5d6d54c25d8d89,S07,math_train_intermediate_algebra_178,intermediate_algebra,True,True,False,False,False,"[""equation"", ""quadratic""]","[""nonzero"", ""rational""]",preconditions
intermediate_algebra_4a5d6d54c25d8d89,S07,math_train_intermediate_algebra_181,intermediate_algebra,True,False,False,False,False,"[""integer"", ""positive""]","[""nonzero"", ""quadratic"", ""rational""]",trigger
intermediate_algebra_4a5d6d54c25d8d89,S07,math_train_intermediate_algebra_263,intermediate_algebra,True,True,False,False,False,"[""quadratic""]","[""nonzero"", ""rational""]",preconditions
intermediate_algebra_4a5d6d54c25d8d89,S07,math_train_intermediate_algebra_275,intermediate_algebra,True,True,False,False,False,"[""quadratic""]","[""nonzero"", ""rational""]",preconditions
intermediate_algebra_4a5d6d54c25d8d89,S07,math_train_intermediate_algebra_296,intermediate_algebra,True,True,False,False,False,"[""positive"", ""rational""]","[""nonzero"", ""quadratic""]",preconditions
intermediate_algebra_4a5d6d54c25d8d89,S07,math_train_intermediate_algebra_300,intermediate_algebra,True,True,False,False,False,"[""nonzero"", ""polynomial"", ""ratio"", ""rational""]","[""quadratic""]",preconditions
intermediate_algebra_4a5d6d54c25d8d89,S07,math_train_intermediate_algebra_315,intermediate_algebra,True,True,False,False,False,"[""rational""]","[""nonzero"", ""quadratic""]",preconditions
intermediate_algebra_4a5d6d54c25d8d89,S07,math_train_intermediate_algebra_340,intermediate_algebra,True,False,False,False,False,[],"[""nonzero"", ""quadratic"", ""rational""]",trigger
intermediate_algebra_4a5d6d54c25d8d89,S07,math_train_intermediate_algebra_345,intermediate_algebra,True,False,False,False,False,[],"[""nonzero"", ""quadratic"", ""rational""]",trigger
intermediate_algebra_4a5d6d54c25d8d89,S07,math_train_intermediate_algebra_359,intermediate_algebra,True,True,False,False,False,"[""ratio"", ""rational""]","[""nonzero"", ""quadratic""]",preconditions
intermediate_algebra_4a5d6d54c25d8d89,S07,math_train_intermediate_algebra_363,intermediate_algebra,True,False,False,False,False,"[""positive""]","[""nonzero"", ""quadratic"", ""rational""]",trigger
intermediate_algebra_4a5d6d54c25d8d89,S07,math_train_intermediate_algebra_39,intermediate_algebra,True,True,False,False,False,"[""quadratic""]","[""nonzero"", ""rational""]",preconditions
intermediate_algebra_4a5d6d54c25d8d89,S07,math_train_intermediate_algebra_437,intermediate_algebra,True,True,False,False,False,"[""quadratic""]","[""nonzero"", ""rational""]",preconditions
intermediate_algebra_4a5d6d54c25d8d89,S07,math_train_intermediate_algebra_452,intermediate_algebra,True,True,False,False,False,"[""positive"", ""quadratic""]","[""nonzero"", ""rational""]",preconditions
intermediate_algebra_4a5d6d54c25d8d89,S07,math_train_intermediate_algebra_455,intermediate_algebra,True,True,False,False,False,"[""quadratic"", ""rational""]","[""nonzero""]",preconditions
intermediate_algebra_4a5d6d54c25d8d89,S07,math_train_intermediate_algebra_473,intermediate_algebra,True,False,False,False,False,[],"[""nonzero"", ""quadratic"", ""rational""]",trigger
intermediate_algebra_4a5d6d54c25d8d89,S07,math_train_intermediate_algebra_503,intermediate_algebra,True,False,False,False,False,"[""integer"", ""unit_rate""]","[""nonzero"", ""quadratic"", ""rational""]",trigger
intermediate_algebra_4a5d6d54c25d8d89,S07,math_train_intermediate_algebra_532,intermediate_algebra,True,True,False,False,False,"[""equation"", ""quadratic"", ""ratio"", ""rational""]","[""nonzero""]",preconditions
intermediate_algebra_4a5d6d54c25d8d89,S07,math_train_intermediate_algebra_542,intermediate_algebra,True,True,False,False,False,"[""polynomial"", ""quadratic""]","[""nonzero"", ""rational""]",preconditions
intermediate_algebra_4a5d6d54c25d8d89,S07,math_train_intermediate_algebra_543,intermediate_algebra,True,True,False,False,False,"[""quadratic"", ""rational""]","[""nonzero""]",preconditions
intermediate_algebra_4a5d6d54c25d8d89,S07,math_train_intermediate_algebra_556,intermediate_algebra,True,True,False,False,False,"[""equation"", ""integer"", ""positive"", ""quadratic""]","[""nonzero"", ""rational""]",preconditions
intermediate_algebra_4a5d6d54c25d8d89,S07,math_train_intermediate_algebra_56,intermediate_algebra,True,True,False,False,False,"[""quadratic"", ""rational"", ""unit_rate""]","[""nonzero""]",preconditions
intermediate_algebra_4a5d6d54c25d8d89,S07,math_train_intermediate_algebra_597,intermediate_algebra,True,False,False,True,False,"[""divisibility"", ""modular""]","[""nonzero"", ""quadratic"", ""rational""]",trigger
intermediate_algebra_4a5d6d54c25d8d89,S07,math_train_intermediate_algebra_598,intermediate_algebra,True,True,False,False,False,"[""rational""]","[""nonzero"", ""quadratic""]",preconditions
intermediate_algebra_4a5d6d54c25d8d89,S07,math_train_intermediate_algebra_624,intermediate_algebra,True,True,False,False,False,"[""integer"", ""positive"", ""quadratic""]","[""nonzero"", ""rational""]",preconditions
intermediate_algebra_4a5d6d54c25d8d89,S07,math_train_intermediate_algebra_653,intermediate_algebra,True,False,False,True,False,"[""divisibility"", ""modular""]","[""nonzero"", ""quadratic"", ""rational""]",trigger
intermediate_algebra_4a5d6d54c25d8d89,S07,math_train_intermediate_algebra_675,intermediate_algebra,True,False,False,False,False,[],"[""nonzero"", ""quadratic"", ""rational""]",trigger
intermediate_algebra_4a5d6d54c25d8d89,S07,math_train_intermediate_algebra_702,intermediate_algebra,True,False,False,False,False,[],"[""nonzero"", ""quadratic"", ""rational""]",trigger
intermediate_algebra_4a5d6d54c25d8d89,S07,math_train_intermediate_algebra_706,intermediate_algebra,True,True,False,False,False,"[""equation"", ""integer"", ""quadratic"", ""rational""]","[""nonzero""]",preconditions
intermediate_algebra_4a5d6d54c25d8d89,S07,math_train_intermediate_algebra_720,intermediate_algebra,True,True,True,False,True,"[""nonzero"", ""polynomial"", ""quadratic"", ""rational""]",[],eligible
intermediate_algebra_4a5d6d54c25d8d89,S07,math_train_intermediate_algebra_760,intermediate_algebra,True,False,False,False,False,"[""integer""]","[""nonzero"", ""quadratic"", ""rational""]",trigger
intermediate_algebra_4a5d6d54c25d8d89,S07,math_train_intermediate_algebra_78,intermediate_algebra,True,True,False,False,False,"[""rational""]","[""nonzero"", ""quadratic""]",preconditions
intermediate_algebra_4a5d6d54c25d8d89,S07,math_train_intermediate_algebra_899,intermediate_algebra,True,True,False,False,False,"[""equation"", ""integer"", ""polynomial"", ""ratio"", ""rational""]","[""nonzero"", ""quadratic""]",preconditions
intermediate_algebra_4a5d6d54c25d8d89,S07,math_train_intermediate_algebra_922,intermediate_algebra,True,True,False,False,False,"[""positive"", ""rational""]","[""nonzero"", ""quadratic""]",preconditions
intermediate_algebra_4a5d6d54c25d8d89,S07,math_train_intermediate_algebra_954,intermediate_algebra,True,True,False,False,False,"[""factorization"", ""quadratic""]","[""nonzero"", ""rational""]",preconditions
intermediate_algebra_4a5d6d54c25d8d89,S07,math_train_intermediate_algebra_967,intermediate_algebra,True,True,False,False,False,"[""divisibility"", ""quadratic""]","[""nonzero"", ""rational""]",preconditions
intermediate_algebra_4a5d6d54c25d8d89,S07,math_train_intermediate_algebra_974,intermediate_algebra,True,True,False,False,False,"[""rational""]","[""nonzero"", ""quadratic""]",preconditions
intermediate_algebra_4a5d6d54c25d8d89,S07,math_train_intermediate_algebra_993,intermediate_algebra,True,False,False,True,False,"[""divisibility"", ""modular"", ""polynomial""]","[""nonzero"", ""quadratic"", ""rational""]",trigger
intermediate_algebra_4a5d6d54c25d8d89,S07,math_train_intermediate_algebra_999,intermediate_algebra,True,True,False,False,False,"[""polynomial"", ""quadratic""]","[""nonzero"", ""rational""]",preconditions
intermediate_algebra_4a5d6d54c25d8d89,S07,math_train_number_theory_101,number_theory,False,False,False,True,False,"[""modular"", ""probability""]","[""nonzero"", ""quadratic"", ""rational""]",subject
intermediate_algebra_4a5d6d54c25d8d89,S07,math_train_number_theory_113,number_theory,False,False,False,False,False,"[""divisibility""]","[""nonzero"", ""quadratic"", ""rational""]",subject
intermediate_algebra_4a5d6d54c25d8d89,S07,math_train_number_theory_153,number_theory,False,False,False,False,False,"[""integer"", ""positive""]","[""nonzero"", ""quadratic"", ""rational""]",subject
intermediate_algebra_4a5d6d54c25d8d89,S07,math_train_number_theory_175,number_theory,False,False,False,False,False,"[""positive""]","[""nonzero"", ""quadratic"", ""rational""]",subject
intermediate_algebra_4a5d6d54c25d8d89,S07,math_train_number_theory_181,number_theory,False,False,False,False,False,"[""positive""]","[""nonzero"", ""quadratic"", ""rational""]",subject
intermediate_algebra_4a5d6d54c25d8d89,S07,math_train_number_theory_187,number_theory,False,False,False,False,False,"[""divisibility""]","[""nonzero"", ""quadratic"", ""rational""]",subject
intermediate_algebra_4a5d6d54c25d8d89,S07,math_train_number_theory_196,number_theory,False,False,False,False,False,"[""unit_rate""]","[""nonzero"", ""quadratic"", ""rational""]",subject
intermediate_algebra_4a5d6d54c25d8d89,S07,math_train_number_theory_203,number_theory,False,False,False,False,False,"[""factorization"", ""positive""]","[""nonzero"", ""quadratic"", ""rational""]",subject
intermediate_algebra_4a5d6d54c25d8d89,S07,math_train_number_theory_221,number_theory,False,True,False,False,False,"[""quadratic""]","[""nonzero"", ""rational""]",subject
intermediate_algebra_4a5d6d54c25d8d89,S07,math_train_number_theory_229,number_theory,False,False,False,False,False,"[""integer""]","[""nonzero"", ""quadratic"", ""rational""]",subject
intermediate_algebra_4a5d6d54c25d8d89,S07,math_train_number_theory_237,number_theory,False,False,False,True,False,"[""divisibility"", ""modular""]","[""nonzero"", ""quadratic"", ""rational""]",subject
intermediate_algebra_4a5d6d54c25d8d89,S07,math_train_number_theory_252,number_theory,False,False,False,False,False,[],"[""nonzero"", ""quadratic"", ""rational""]",subject
intermediate_algebra_4a5d6d54c25d8d89,S07,math_train_number_theory_257,number_theory,False,True,False,False,False,"[""integer"", ""rational""]","[""nonzero"", ""quadratic""]",subject
intermediate_algebra_4a5d6d54c25d8d89,S07,math_train_number_theory_272,number_theory,False,False,False,False,False,"[""factorization""]","[""nonzero"", ""quadratic"", ""rational""]",subject
intermediate_algebra_4a5d6d54c25d8d89,S07,math_train_number_theory_274,number_theory,False,False,False,False,False,"[""divisibility"", ""integer"", ""positive""]","[""nonzero"", ""quadratic"", ""rational""]",subject
intermediate_algebra_4a5d6d54c25d8d89,S07,math_train_number_theory_282,number_theory,False,False,False,True,False,"[""divisibility"", ""integer"", ""modular"", ""positive""]","[""nonzero"", ""quadratic"", ""rational""]",subject
intermediate_algebra_4a5d6d54c25d8d89,S07,math_train_number_theory_297,number_theory,False,False,False,True,False,"[""divisibility"", ""modular""]","[""nonzero"", ""quadratic"", ""rational""]",subject
intermediate_algebra_4a5d6d54c25d8d89,S07,math_train_number_theory_298,number_theory,False,False,False,False,False,[],"[""nonzero"", ""quadratic"", ""rational""]",subject
intermediate_algebra_4a5d6d54c25d8d89,S07,math_train_number_theory_329,number_theory,False,False,False,False,False,[],"[""nonzero"", ""quadratic"", ""rational""]",subject
intermediate_algebra_4a5d6d54c25d8d89,S07,math_train_number_theory_339,number_theory,False,False,False,True,False,"[""integer"", ""modular""]","[""nonzero"", ""quadratic"", ""rational""]",subject
intermediate_algebra_4a5d6d54c25d8d89,S07,math_train_number_theory_366,number_theory,False,False,False,True,False,"[""integer"", ""modular""]","[""nonzero"", ""quadratic"", ""rational""]",subject
intermediate_algebra_4a5d6d54c25d8d89,S07,math_train_number_theory_371,number_theory,False,True,False,False,False,"[""gcd_lcm"", ""integer"", ""positive"", ""quadratic""]","[""nonzero"", ""rational""]",subject
intermediate_algebra_4a5d6d54c25d8d89,S07,math_train_number_theory_374,number_theory,False,False,False,False,False,"[""counting""]","[""nonzero"", ""quadratic"", ""rational""]",subject
intermediate_algebra_4a5d6d54c25d8d89,S07,math_train_number_theory_403,number_theory,False,True,False,False,False,"[""gcd_lcm"", ""integer"", ""positive"", ""rational""]","[""nonzero"", ""quadratic""]",subject
intermediate_algebra_4a5d6d54c25d8d89,S07,math_train_number_theory_448,number_theory,False,False,False,False,False,"[""divisibility""]","[""nonzero"", ""quadratic"", ""rational""]",subject
intermediate_algebra_4a5d6d54c25d8d89,S07,math_train_number_theory_490,number_theory,False,False,False,False,False,"[""factorization"", ""gcd_lcm"", ""prime""]","[""nonzero"", ""quadratic"", ""rational""]",subject
intermediate_algebra_4a5d6d54c25d8d89,S07,math_train_number_theory_51,number_theory,False,False,False,False,False,"[""positive""]","[""nonzero"", ""quadratic"", ""rational""]",subject
intermediate_algebra_4a5d6d54c25d8d89,S07,math_train_number_theory_510,number_theory,False,False,False,False,False,"[""prime""]","[""nonzero"", ""quadratic"", ""rational""]",subject
intermediate_algebra_4a5d6d54c25d8d89,S07,math_train_number_theory_528,number_theory,False,False,False,False,False,"[""integer""]","[""nonzero"", ""quadratic"", ""rational""]",subject
intermediate_algebra_4a5d6d54c25d8d89,S07,math_train_number_theory_541,number_theory,False,False,False,False,False,"[""divisibility""]","[""nonzero"", ""quadratic"", ""rational""]",subject
intermediate_algebra_4a5d6d54c25d8d89,S07,math_train_number_theory_555,number_theory,False,False,False,False,False,"[""divisibility"", ""integer"", ""positive""]","[""nonzero"", ""quadratic"", ""rational""]",subject
intermediate_algebra_4a5d6d54c25d8d89,S07,math_train_number_theory_576,number_theory,False,True,False,False,False,"[""integer"", ""positive"", ""rational""]","[""nonzero"", ""quadratic""]",subject
intermediate_algebra_4a5d6d54c25d8d89,S07,math_train_number_theory_598,number_theory,False,False,False,False,False,[],"[""nonzero"", ""quadratic"", ""rational""]",subject
intermediate_algebra_4a5d6d54c25d8d89,S07,math_train_number_theory_608,number_theory,False,False,False,False,False,"[""positive""]","[""nonzero"", ""quadratic"", ""rational""]",subject
intermediate_algebra_4a5d6d54c25d8d89,S07,math_train_number_theory_617,number_theory,False,False,False,False,False,"[""prime""]","[""nonzero"", ""quadratic"", ""rational""]",subject
intermediate_algebra_4a5d6d54c25d8d89,S07,math_train_number_theory_629,number_theory,False,False,False,False,False,"[""integer""]","[""nonzero"", ""quadratic"", ""rational""]",subject
intermediate_algebra_4a5d6d54c25d8d89,S07,math_train_number_theory_653,number_theory,False,False,False,True,False,"[""divisibility"", ""integer"", ""modular""]","[""nonzero"", ""quadratic"", ""rational""]",subject
intermediate_algebra_4a5d6d54c25d8d89,S07,math_train_number_theory_691,number_theory,False,False,False,False,False,"[""divisibility""]","[""nonzero"", ""quadratic"", ""rational""]",subject
intermediate_algebra_4a5d6d54c25d8d89,S07,math_train_number_theory_705,number_theory,False,True,False,False,False,"[""rational""]","[""nonzero"", ""quadratic""]",subject
intermediate_algebra_4a5d6d54c25d8d89,S07,math_train_number_theory_713,number_theory,False,True,False,False,False,"[""integer"", ""positive"", ""rational""]","[""nonzero"", ""quadratic""]",subject
intermediate_algebra_4a5d6d54c25d8d89,S07,math_train_number_theory_717,number_theory,False,False,False,True,False,"[""divisibility"", ""integer"", ""modular""]","[""nonzero"", ""quadratic"", ""rational""]",subject
intermediate_algebra_4a5d6d54c25d8d89,S07,math_train_number_theory_733,number_theory,False,False,False,False,False,"[""gcd_lcm""]","[""nonzero"", ""quadratic"", ""rational""]",subject
intermediate_algebra_4a5d6d54c25d8d89,S07,math_train_number_theory_740,number_theory,False,False,False,False,False,"[""integer""]","[""nonzero"", ""quadratic"", ""rational""]",subject
intermediate_algebra_4a5d6d54c25d8d89,S07,math_train_number_theory_741,number_theory,False,False,False,True,False,"[""divisibility"", ""modular""]","[""nonzero"", ""quadratic"", ""rational""]",subject
intermediate_algebra_4a5d6d54c25d8d89,S07,math_train_number_theory_744,number_theory,False,False,False,False,False,"[""counting"", ""factorization"", ""positive"", ""prime""]","[""nonzero"", ""quadratic"", ""rational""]",subject
intermediate_algebra_4a5d6d54c25d8d89,S07,math_train_number_theory_78,number_theory,False,False,False,True,False,"[""integer"", ""modular""]","[""nonzero"", ""quadratic"", ""rational""]",subject
intermediate_algebra_4a5d6d54c25d8d89,S07,math_train_number_theory_818,number_theory,False,False,False,False,False,[],"[""nonzero"", ""quadratic"", ""rational""]",subject
intermediate_algebra_4a5d6d54c25d8d89,S07,math_train_number_theory_828,number_theory,False,False,False,False,False,"[""gcd_lcm""]","[""nonzero"", ""quadratic"", ""rational""]",subject
intermediate_algebra_4a5d6d54c25d8d89,S07,math_train_number_theory_83,number_theory,False,False,False,True,False,"[""integer"", ""modular"", ""positive""]","[""nonzero"", ""quadratic"", ""rational""]",subject
intermediate_algebra_4a5d6d54c25d8d89,S07,math_train_number_theory_848,number_theory,False,False,False,True,False,"[""divisibility"", ""modular""]","[""nonzero"", ""quadratic"", ""rational""]",subject
intermediate_algebra_4a5d6d54c25d8d89,S07,math_train_prealgebra_1012,prealgebra,False,False,False,False,False,"[""unit_rate""]","[""nonzero"", ""quadratic"", ""rational""]",subject
intermediate_algebra_4a5d6d54c25d8d89,S07,math_train_prealgebra_1021,prealgebra,False,False,False,False,False,[],"[""nonzero"", ""quadratic"", ""rational""]",subject
intermediate_algebra_4a5d6d54c25d8d89,S07,math_train_prealgebra_1023,prealgebra,False,False,False,False,False,"[""area""]","[""nonzero"", ""quadratic"", ""rational""]",subject
intermediate_algebra_4a5d6d54c25d8d89,S07,math_train_prealgebra_105,prealgebra,False,False,False,False,False,"[""unit_rate""]","[""nonzero"", ""quadratic"", ""rational""]",subject
intermediate_algebra_4a5d6d54c25d8d89,S07,math_train_prealgebra_1072,prealgebra,False,False,False,False,False,"[""area""]","[""nonzero"", ""quadratic"", ""rational""]",subject
intermediate_algebra_4a5d6d54c25d8d89,S07,math_train_prealgebra_1079,prealgebra,False,False,False,False,False,[],"[""nonzero"", ""quadratic"", ""rational""]",subject
intermediate_algebra_4a5d6d54c25d8d89,S07,math_train_prealgebra_1107,prealgebra,False,False,False,False,False,"[""area"", ""circle""]","[""nonzero"", ""quadratic"", ""rational""]",subject
intermediate_algebra_4a5d6d54c25d8d89,S07,math_train_prealgebra_1140,prealgebra,False,False,False,False,False,[],"[""nonzero"", ""quadratic"", ""rational""]",subject
intermediate_algebra_4a5d6d54c25d8d89,S07,math_train_prealgebra_116,prealgebra,False,False,False,False,False,[],"[""nonzero"", ""quadratic"", ""rational""]",subject
intermediate_algebra_4a5d6d54c25d8d89,S07,math_train_prealgebra_1184,prealgebra,False,True,False,False,False,"[""equation"", ""rational""]","[""nonzero"", ""quadratic""]",subject
intermediate_algebra_4a5d6d54c25d8d89,S07,math_train_prealgebra_125,prealgebra,False,False,False,False,False,"[""counting"", ""unit_rate""]","[""nonzero"", ""quadratic"", ""rational""]",subject
intermediate_algebra_4a5d6d54c25d8d89,S07,math_train_prealgebra_158,prealgebra,False,False,False,False,False,[],"[""nonzero"", ""quadratic"", ""rational""]",subject
intermediate_algebra_4a5d6d54c25d8d89,S07,math_train_prealgebra_167,prealgebra,False,True,False,False,False,"[""rational""]","[""nonzero"", ""quadratic""]",subject
intermediate_algebra_4a5d6d54c25d8d89,S07,math_train_prealgebra_206,prealgebra,False,True,False,False,False,"[""area"", ""circle"", ""ratio"", ""rational""]","[""nonzero"", ""quadratic""]",subject
intermediate_algebra_4a5d6d54c25d8d89,S07,math_train_prealgebra_219,prealgebra,False,False,False,False,False,[],"[""nonzero"", ""quadratic"", ""rational""]",subject
intermediate_algebra_4a5d6d54c25d8d89,S07,math_train_prealgebra_23,prealgebra,False,True,False,False,False,"[""rational""]","[""nonzero"", ""quadratic""]",subject
intermediate_algebra_4a5d6d54c25d8d89,S07,math_train_prealgebra_231,prealgebra,False,False,False,False,False,"[""circle""]","[""nonzero"", ""quadratic"", ""rational""]",subject
intermediate_algebra_4a5d6d54c25d8d89,S07,math_train_prealgebra_235,prealgebra,False,False,False,False,False,"[""counting""]","[""nonzero"", ""quadratic"", ""rational""]",subject
intermediate_algebra_4a5d6d54c25d8d89,S07,math_train_prealgebra_307,prealgebra,False,False,False,False,False,"[""area""]","[""nonzero"", ""quadratic"", ""rational""]",subject
intermediate_algebra_4a5d6d54c25d8d89,S07,math_train_prealgebra_321,prealgebra,False,False,False,False,False,[],"[""nonzero"", ""quadratic"", ""rational""]",subject
intermediate_algebra_4a5d6d54c25d8d89,S07,math_train_prealgebra_35,prealgebra,False,False,False,False,False,[],"[""nonzero"", ""quadratic"", ""rational""]",subject
intermediate_algebra_4a5d6d54c25d8d89,S07,math_train_prealgebra_361,prealgebra,False,False,False,False,False,"[""ratio"", ""unit_rate""]","[""nonzero"", ""quadratic"", ""rational""]",subject
intermediate_algebra_4a5d6d54c25d8d89,S07,math_train_prealgebra_379,prealgebra,False,False,False,False,False,[],"[""nonzero"", ""quadratic"", ""rational""]",subject
intermediate_algebra_4a5d6d54c25d8d89,S07,math_train_prealgebra_412,prealgebra,False,False,False,False,False,[],"[""nonzero"", ""quadratic"", ""rational""]",subject
intermediate_algebra_4a5d6d54c25d8d89,S07,math_train_prealgebra_427,prealgebra,False,False,False,False,False,[],"[""nonzero"", ""quadratic"", ""rational""]",subject
intermediate_algebra_4a5d6d54c25d8d89,S07,math_train_prealgebra_43,prealgebra,False,False,False,False,False,"[""area"", ""triangle""]","[""nonzero"", ""quadratic"", ""rational""]",subject
intermediate_algebra_4a5d6d54c25d8d89,S07,math_train_prealgebra_431,prealgebra,False,False,False,False,False,[],"[""nonzero"", ""quadratic"", ""rational""]",subject
intermediate_algebra_4a5d6d54c25d8d89,S07,math_train_prealgebra_438,prealgebra,False,False,False,False,False,[],"[""nonzero"", ""quadratic"", ""rational""]",subject
intermediate_algebra_4a5d6d54c25d8d89,S07,math_train_prealgebra_443,prealgebra,False,False,False,False,False,[],"[""nonzero"", ""quadratic"", ""rational""]",subject
intermediate_algebra_4a5d6d54c25d8d89,S07,math_train_prealgebra_465,prealgebra,False,False,False,False,False,"[""integer"", ""positive""]","[""nonzero"", ""quadratic"", ""rational""]",subject
intermediate_algebra_4a5d6d54c25d8d89,S07,math_train_prealgebra_514,prealgebra,False,False,False,False,False,[],"[""nonzero"", ""quadratic"", ""rational""]",subject
intermediate_algebra_4a5d6d54c25d8d89,S07,math_train_prealgebra_515,prealgebra,False,False,False,False,False,[],"[""nonzero"", ""quadratic"", ""rational""]",subject
intermediate_algebra_4a5d6d54c25d8d89,S07,math_train_prealgebra_527,prealgebra,False,False,False,False,False,"[""area""]","[""nonzero"", ""quadratic"", ""rational""]",subject
intermediate_algebra_4a5d6d54c25d8d89,S07,math_train_prealgebra_549,prealgebra,False,False,False,False,False,"[""triangle""]","[""nonzero"", ""quadratic"", ""rational""]",subject
intermediate_algebra_4a5d6d54c25d8d89,S07,math_train_prealgebra_557,prealgebra,False,False,False,False,False,[],"[""nonzero"", ""quadratic"", ""rational""]",subject
intermediate_algebra_4a5d6d54c25d8d89,S07,math_train_prealgebra_561,prealgebra,False,False,False,False,False,"[""unit_rate""]","[""nonzero"", ""quadratic"", ""rational""]",subject
intermediate_algebra_4a5d6d54c25d8d89,S07,math_train_prealgebra_594,prealgebra,False,False,False,False,False,[],"[""nonzero"", ""quadratic"", ""rational""]",subject
intermediate_algebra_4a5d6d54c25d8d89,S07,math_train_prealgebra_596,prealgebra,False,False,False,False,False,"[""counting""]","[""nonzero"", ""quadratic"", ""rational""]",subject
intermediate_algebra_4a5d6d54c25d8d89,S07,math_train_prealgebra_621,prealgebra,False,True,False,False,False,"[""rational""]","[""nonzero"", ""quadratic""]",subject
intermediate_algebra_4a5d6d54c25d8d89,S07,math_train_prealgebra_721,prealgebra,False,False,False,False,False,"[""divisibility""]","[""nonzero"", ""quadratic"", ""rational""]",subject
intermediate_algebra_4a5d6d54c25d8d89,S07,math_train_prealgebra_738,prealgebra,False,False,False,False,False,[],"[""nonzero"", ""quadratic"", ""rational""]",subject
intermediate_algebra_4a5d6d54c25d8d89,S07,math_train_prealgebra_750,prealgebra,False,True,False,False,False,"[""rational""]","[""nonzero"", ""quadratic""]",subject
intermediate_algebra_4a5d6d54c25d8d89,S07,math_train_prealgebra_769,prealgebra,False,False,False,False,False,[],"[""nonzero"", ""quadratic"", ""rational""]",subject
intermediate_algebra_4a5d6d54c25d8d89,S07,math_train_prealgebra_86,prealgebra,False,False,False,False,False,"[""area"", ""circle"", ""integer""]","[""nonzero"", ""quadratic"", ""rational""]",subject
intermediate_algebra_4a5d6d54c25d8d89,S07,math_train_prealgebra_895,prealgebra,False,False,False,False,False,"[""integer"", ""positive""]","[""nonzero"", ""quadratic"", ""rational""]",subject
intermediate_algebra_4a5d6d54c25d8d89,S07,math_train_prealgebra_91,prealgebra,False,False,False,False,False,[],"[""nonzero"", ""quadratic"", ""rational""]",subject
intermediate_algebra_4a5d6d54c25d8d89,S07,math_train_prealgebra_913,prealgebra,False,False,False,False,False,[],"[""nonzero"", ""quadratic"", ""rational""]",subject
intermediate_algebra_4a5d6d54c25d8d89,S07,math_train_prealgebra_921,prealgebra,False,False,False,False,False,[],"[""nonzero"", ""quadratic"", ""rational""]",subject
intermediate_algebra_4a5d6d54c25d8d89,S07,math_train_prealgebra_953,prealgebra,False,False,False,False,False,[],"[""nonzero"", ""quadratic"", ""rational""]",subject
intermediate_algebra_4a5d6d54c25d8d89,S07,math_train_prealgebra_972,prealgebra,False,True,False,False,False,"[""area"", ""circle"", ""quadratic""]","[""nonzero"", ""rational""]",subject
intermediate_algebra_4a5d6d54c25d8d89,S07,math_train_precalculus_106,precalculus,False,False,False,False,False,"[""area"", ""triangle""]","[""nonzero"", ""quadratic"", ""rational""]",subject
intermediate_algebra_4a5d6d54c25d8d89,S07,math_train_precalculus_108,precalculus,False,False,False,False,False,[],"[""nonzero"", ""quadratic"", ""rational""]",subject
intermediate_algebra_4a5d6d54c25d8d89,S07,math_train_precalculus_114,precalculus,False,False,False,False,False,[],"[""nonzero"", ""quadratic"", ""rational""]",subject
intermediate_algebra_4a5d6d54c25d8d89,S07,math_train_precalculus_118,precalculus,False,True,False,True,False,"[""rational"", ""trigonometric""]","[""nonzero"", ""quadratic""]",subject
intermediate_algebra_4a5d6d54c25d8d89,S07,math_train_precalculus_119,precalculus,False,False,False,True,False,"[""trigonometric""]","[""nonzero"", ""quadratic"", ""rational""]",subject
intermediate_algebra_4a5d6d54c25d8d89,S07,math_train_precalculus_189,precalculus,False,True,False,False,False,"[""quadratic"", ""rational""]","[""nonzero""]",subject
intermediate_algebra_4a5d6d54c25d8d89,S07,math_train_precalculus_2,precalculus,False,False,False,False,False,[],"[""nonzero"", ""quadratic"", ""rational""]",subject
intermediate_algebra_4a5d6d54c25d8d89,S07,math_train_precalculus_205,precalculus,False,False,False,False,False,[],"[""nonzero"", ""quadratic"", ""rational""]",subject
intermediate_algebra_4a5d6d54c25d8d89,S07,math_train_precalculus_215,precalculus,False,False,False,False,False,[],"[""nonzero"", ""quadratic"", ""rational""]",subject
intermediate_algebra_4a5d6d54c25d8d89,S07,math_train_precalculus_22,precalculus,False,False,False,False,False,[],"[""nonzero"", ""quadratic"", ""rational""]",subject
intermediate_algebra_4a5d6d54c25d8d89,S07,math_train_precalculus_230,precalculus,False,False,False,False,False,"[""area"", ""triangle""]","[""nonzero"", ""quadratic"", ""rational""]",subject
intermediate_algebra_4a5d6d54c25d8d89,S07,math_train_precalculus_238,precalculus,False,False,False,False,False,[],"[""nonzero"", ""quadratic"", ""rational""]",subject
intermediate_algebra_4a5d6d54c25d8d89,S07,math_train_precalculus_250,precalculus,False,True,False,True,False,"[""circle"", ""equation"", ""rational"", ""trigonometric""]","[""nonzero"", ""quadratic""]",subject
intermediate_algebra_4a5d6d54c25d8d89,S07,math_train_precalculus_259,precalculus,False,False,False,False,False,[],"[""nonzero"", ""quadratic"", ""rational""]",subject
intermediate_algebra_4a5d6d54c25d8d89,S07,math_train_precalculus_27,precalculus,False,False,False,False,False,"[""triangle""]","[""nonzero"", ""quadratic"", ""rational""]",subject
intermediate_algebra_4a5d6d54c25d8d89,S07,math_train_precalculus_293,precalculus,False,False,False,False,False,"[""area"", ""triangle""]","[""nonzero"", ""quadratic"", ""rational""]",subject
intermediate_algebra_4a5d6d54c25d8d89,S07,math_train_precalculus_349,precalculus,False,False,False,False,False,"[""circle"", ""equation""]","[""nonzero"", ""quadratic"", ""rational""]",subject
intermediate_algebra_4a5d6d54c25d8d89,S07,math_train_precalculus_355,precalculus,False,False,False,False,False,"[""circle""]","[""nonzero"", ""quadratic"", ""rational""]",subject
intermediate_algebra_4a5d6d54c25d8d89,S07,math_train_precalculus_415,precalculus,False,False,False,False,False,"[""area"", ""triangle""]","[""nonzero"", ""quadratic"", ""rational""]",subject
intermediate_algebra_4a5d6d54c25d8d89,S07,math_train_precalculus_419,precalculus,False,True,False,False,False,"[""quadratic"", ""triangle""]","[""nonzero"", ""rational""]",subject
intermediate_algebra_4a5d6d54c25d8d89,S07,math_train_precalculus_423,precalculus,False,False,False,False,False,[],"[""nonzero"", ""quadratic"", ""rational""]",subject
intermediate_algebra_4a5d6d54c25d8d89,S07,math_train_precalculus_445,precalculus,False,False,False,False,False,"[""triangle"", ""unit_rate""]","[""nonzero"", ""quadratic"", ""rational""]",subject
intermediate_algebra_4a5d6d54c25d8d89,S07,math_train_precalculus_461,precalculus,False,False,False,False,False,[],"[""nonzero"", ""quadratic"", ""rational""]",subject
intermediate_algebra_4a5d6d54c25d8d89,S07,math_train_precalculus_471,precalculus,False,False,False,True,False,"[""trigonometric""]","[""nonzero"", ""quadratic"", ""rational""]",subject
intermediate_algebra_4a5d6d54c25d8d89,S07,math_train_precalculus_479,precalculus,False,True,False,False,False,"[""gcd_lcm"", ""integer"", ""rational""]","[""nonzero"", ""quadratic""]",subject
intermediate_algebra_4a5d6d54c25d8d89,S07,math_train_precalculus_492,precalculus,False,True,False,False,False,"[""rational""]","[""nonzero"", ""quadratic""]",subject
intermediate_algebra_4a5d6d54c25d8d89,S07,math_train_precalculus_505,precalculus,False,True,False,False,False,"[""integer"", ""nonzero"", ""quadratic""]","[""rational""]",subject
intermediate_algebra_4a5d6d54c25d8d89,S07,math_train_precalculus_512,precalculus,False,True,False,False,False,"[""rational""]","[""nonzero"", ""quadratic""]",subject
intermediate_algebra_4a5d6d54c25d8d89,S07,math_train_precalculus_517,precalculus,False,True,False,False,False,"[""quadratic""]","[""nonzero"", ""rational""]",subject
intermediate_algebra_4a5d6d54c25d8d89,S07,math_train_precalculus_52,precalculus,False,True,False,False,False,"[""quadratic""]","[""nonzero"", ""rational""]",subject
intermediate_algebra_4a5d6d54c25d8d89,S07,math_train_precalculus_522,precalculus,False,False,False,False,False,[],"[""nonzero"", ""quadratic"", ""rational""]",subject
intermediate_algebra_4a5d6d54c25d8d89,S07,math_train_precalculus_523,precalculus,False,True,False,True,False,"[""quadratic"", ""trigonometric""]","[""nonzero"", ""rational""]",subject
intermediate_algebra_4a5d6d54c25d8d89,S07,math_train_precalculus_557,precalculus,False,False,False,False,False,[],"[""nonzero"", ""quadratic"", ""rational""]",subject
intermediate_algebra_4a5d6d54c25d8d89,S07,math_train_precalculus_559,precalculus,False,True,False,True,False,"[""rational"", ""trigonometric""]","[""nonzero"", ""quadratic""]",subject
intermediate_algebra_4a5d6d54c25d8d89,S07,math_train_precalculus_565,precalculus,False,False,False,False,False,[],"[""nonzero"", ""quadratic"", ""rational""]",subject
intermediate_algebra_4a5d6d54c25d8d89,S07,math_train_precalculus_568,precalculus,False,True,False,False,False,"[""integer"", ""positive"", ""rational""]","[""nonzero"", ""quadratic""]",subject
intermediate_algebra_4a5d6d54c25d8d89,S07,math_train_precalculus_574,precalculus,False,False,False,False,False,[],"[""nonzero"", ""quadratic"", ""rational""]",subject
intermediate_algebra_4a5d6d54c25d8d89,S07,math_train_precalculus_622,precalculus,False,True,False,True,False,"[""integer"", ""rational"", ""trigonometric""]","[""nonzero"", ""quadratic""]",subject
intermediate_algebra_4a5d6d54c25d8d89,S07,math_train_precalculus_628,precalculus,False,True,False,False,False,"[""integer"", ""quadratic""]","[""nonzero"", ""rational""]",subject
intermediate_algebra_4a5d6d54c25d8d89,S07,math_train_precalculus_646,precalculus,False,False,False,False,False,[],"[""nonzero"", ""quadratic"", ""rational""]",subject
intermediate_algebra_4a5d6d54c25d8d89,S07,math_train_precalculus_650,precalculus,False,False,False,False,False,[],"[""nonzero"", ""quadratic"", ""rational""]",subject
intermediate_algebra_4a5d6d54c25d8d89,S07,math_train_precalculus_656,precalculus,False,False,False,True,False,"[""trigonometric""]","[""nonzero"", ""quadratic"", ""rational""]",subject
intermediate_algebra_4a5d6d54c25d8d89,S07,math_train_precalculus_687,precalculus,False,False,False,False,False,[],"[""nonzero"", ""quadratic"", ""rational""]",subject
intermediate_algebra_4a5d6d54c25d8d89,S07,math_train_precalculus_718,precalculus,False,True,True,False,False,"[""nonzero"", ""quadratic"", ""rational""]",[],subject
intermediate_algebra_4a5d6d54c25d8d89,S07,math_train_precalculus_72,precalculus,False,False,False,False,False,"[""polynomial"", ""unit_rate""]","[""nonzero"", ""quadratic"", ""rational""]",subject
intermediate_algebra_4a5d6d54c25d8d89,S07,math_train_precalculus_723,precalculus,False,False,False,False,False,"[""area"", ""triangle""]","[""nonzero"", ""quadratic"", ""rational""]",subject
intermediate_algebra_4a5d6d54c25d8d89,S07,math_train_precalculus_726,precalculus,False,False,False,False,False,[],"[""nonzero"", ""quadratic"", ""rational""]",subject
intermediate_algebra_4a5d6d54c25d8d89,S07,math_train_precalculus_733,precalculus,False,False,False,True,False,"[""trigonometric""]","[""nonzero"", ""quadratic"", ""rational""]",subject
intermediate_algebra_4a5d6d54c25d8d89,S07,math_train_precalculus_8,precalculus,False,False,False,False,False,[],"[""nonzero"", ""quadratic"", ""rational""]",subject
intermediate_algebra_4a5d6d54c25d8d89,S07,math_train_precalculus_88,precalculus,False,False,False,True,False,"[""integer"", ""trigonometric""]","[""nonzero"", ""quadratic"", ""rational""]",subject
intermediate_algebra_84df7571219b97b2,S08,math_train_algebra_1010,algebra,False,False,False,False,False,"[""equation"", ""rational""]","[""nonzero""]",subject
intermediate_algebra_84df7571219b97b2,S08,math_train_algebra_1018,algebra,False,False,False,False,False,"[""rational""]","[""equation"", ""nonzero""]",subject
intermediate_algebra_84df7571219b97b2,S08,math_train_algebra_1026,algebra,False,True,False,False,False,"[""equation"", ""quadratic"", ""rational"", ""unit_rate""]","[""nonzero""]",subject
intermediate_algebra_84df7571219b97b2,S08,math_train_algebra_1079,algebra,False,False,False,False,False,[],"[""equation"", ""nonzero""]",subject
intermediate_algebra_84df7571219b97b2,S08,math_train_algebra_1119,algebra,False,True,False,False,False,"[""integer"", ""quadratic""]","[""equation"", ""nonzero""]",subject
intermediate_algebra_84df7571219b97b2,S08,math_train_algebra_117,algebra,False,False,False,False,False,[],"[""equation"", ""nonzero""]",subject
intermediate_algebra_84df7571219b97b2,S08,math_train_algebra_1250,algebra,False,False,False,False,False,"[""rational""]","[""equation"", ""nonzero""]",subject
intermediate_algebra_84df7571219b97b2,S08,math_train_algebra_1327,algebra,False,False,False,False,False,"[""area"", ""integer""]","[""equation"", ""nonzero""]",subject
intermediate_algebra_84df7571219b97b2,S08,math_train_algebra_1334,algebra,False,False,False,False,False,[],"[""equation"", ""nonzero""]",subject
intermediate_algebra_84df7571219b97b2,S08,math_train_algebra_136,algebra,False,False,False,False,False,"[""rational"", ""unit_rate""]","[""equation"", ""nonzero""]",subject
intermediate_algebra_84df7571219b97b2,S08,math_train_algebra_1460,algebra,False,False,False,False,False,"[""positive"", ""rational""]","[""equation"", ""nonzero""]",subject
intermediate_algebra_84df7571219b97b2,S08,math_train_algebra_1469,algebra,False,True,False,False,False,"[""equation"", ""quadratic""]","[""nonzero""]",subject
intermediate_algebra_84df7571219b97b2,S08,math_train_algebra_152,algebra,False,False,False,False,False,[],"[""equation"", ""nonzero""]",subject
intermediate_algebra_84df7571219b97b2,S08,math_train_algebra_1538,algebra,False,False,False,False,False,[],"[""equation"", ""nonzero""]",subject
intermediate_algebra_84df7571219b97b2,S08,math_train_algebra_1599,algebra,False,False,False,False,False,[],"[""equation"", ""nonzero""]",subject
intermediate_algebra_84df7571219b97b2,S08,math_train_algebra_1621,algebra,False,False,False,False,False,[],"[""equation"", ""nonzero""]",subject
intermediate_algebra_84df7571219b97b2,S08,math_train_algebra_1641,algebra,False,False,False,False,False,[],"[""equation"", ""nonzero""]",subject
intermediate_algebra_84df7571219b97b2,S08,math_train_algebra_1644,algebra,False,False,False,False,False,[],"[""equation"", ""nonzero""]",subject
intermediate_algebra_84df7571219b97b2,S08,math_train_algebra_1716,algebra,False,True,False,False,False,"[""composition"", ""quadratic""]","[""equation"", ""nonzero""]",subject
intermediate_algebra_84df7571219b97b2,S08,math_train_algebra_1743,algebra,False,False,False,False,False,"[""integer"", ""positive""]","[""equation"", ""nonzero""]",subject
intermediate_algebra_84df7571219b97b2,S08,math_train_algebra_203,algebra,False,False,False,False,False,"[""area""]","[""equation"", ""nonzero""]",subject
intermediate_algebra_84df7571219b97b2,S08,math_train_algebra_204,algebra,False,False,False,False,False,"[""rational""]","[""equation"", ""nonzero""]",subject
intermediate_algebra_84df7571219b97b2,S08,math_train_algebra_206,algebra,False,False,False,False,False,"[""integer""]","[""equation"", ""nonzero""]",subject
intermediate_algebra_84df7571219b97b2,S08,math_train_algebra_221,algebra,False,True,False,False,False,"[""quadratic""]","[""equation"", ""nonzero""]",subject
intermediate_algebra_84df7571219b97b2,S08,math_train_algebra_222,algebra,False,False,False,False,False,[],"[""equation"", ""nonzero""]",subject
intermediate_algebra_84df7571219b97b2,S08,math_train_algebra_237,algebra,False,True,False,False,False,"[""quadratic""]","[""equation"", ""nonzero""]",subject
intermediate_algebra_84df7571219b97b2,S08,math_train_algebra_267,algebra,False,False,False,False,False,[],"[""equation"", ""nonzero""]",subject
intermediate_algebra_84df7571219b97b2,S08,math_train_algebra_334,algebra,False,True,False,False,False,"[""equation"", ""quadratic""]","[""nonzero""]",subject
intermediate_algebra_84df7571219b97b2,S08,math_train_algebra_336,algebra,False,False,False,False,False,"[""equation""]","[""nonzero""]",subject
intermediate_algebra_84df7571219b97b2,S08,math_train_algebra_348,algebra,False,True,False,False,False,"[""quadratic"", ""rational""]","[""equation"", ""nonzero""]",subject
intermediate_algebra_84df7571219b97b2,S08,math_train_algebra_35,algebra,False,False,False,False,False,"[""positive""]","[""equation"", ""nonzero""]",subject
intermediate_algebra_84df7571219b97b2,S08,math_train_algebra_42,algebra,False,True,False,False,False,"[""integer"", ""quadratic"", ""rational""]","[""equation"", ""nonzero""]",subject
intermediate_algebra_84df7571219b97b2,S08,math_train_algebra_432,algebra,False,False,False,False,False,[],"[""equation"", ""nonzero""]",subject
intermediate_algebra_84df7571219b97b2,S08,math_train_algebra_495,algebra,False,True,False,False,False,"[""positive"", ""quadratic""]","[""equation"", ""nonzero""]",subject
intermediate_algebra_84df7571219b97b2,S08,math_train_algebra_496,algebra,False,False,False,False,False,"[""rational""]","[""equation"", ""nonzero""]",subject
intermediate_algebra_84df7571219b97b2,S08,math_train_algebra_538,algebra,False,True,False,False,False,"[""quadratic""]","[""equation"", ""nonzero""]",subject
intermediate_algebra_84df7571219b97b2,S08,math_train_algebra_541,algebra,False,True,False,False,False,"[""quadratic""]","[""equation"", ""nonzero""]",subject
intermediate_algebra_84df7571219b97b2,S08,math_train_algebra_597,algebra,False,False,False,False,False,"[""integer"", ""positive""]","[""equation"", ""nonzero""]",subject
intermediate_algebra_84df7571219b97b2,S08,math_train_algebra_604,algebra,False,True,False,False,False,"[""quadratic""]","[""equation"", ""nonzero""]",subject
intermediate_algebra_84df7571219b97b2,S08,math_train_algebra_628,algebra,False,True,False,False,False,"[""equation"", ""integer"", ""quadratic""]","[""nonzero""]",subject
intermediate_algebra_84df7571219b97b2,S08,math_train_algebra_631,algebra,False,False,False,False,False,"[""integer"", ""rational""]","[""equation"", ""nonzero""]",subject
intermediate_algebra_84df7571219b97b2,S08,math_train_algebra_758,algebra,False,True,False,False,False,"[""equation"", ""quadratic"", ""unit_rate""]","[""nonzero""]",subject
intermediate_algebra_84df7571219b97b2,S08,math_train_algebra_764,algebra,False,True,False,False,False,"[""quadratic""]","[""equation"", ""nonzero""]",subject
intermediate_algebra_84df7571219b97b2,S08,math_train_algebra_883,algebra,False,False,False,False,False,"[""integer""]","[""equation"", ""nonzero""]",subject
intermediate_algebra_84df7571219b97b2,S08,math_train_algebra_906,algebra,False,False,False,False,False,"[""equation"", ""rational""]","[""nonzero""]",subject
intermediate_algebra_84df7571219b97b2,S08,math_train_algebra_928,algebra,False,True,False,False,False,"[""quadratic""]","[""equation"", ""nonzero""]",subject
intermediate_algebra_84df7571219b97b2,S08,math_train_algebra_941,algebra,False,True,False,False,False,"[""quadratic""]","[""equation"", ""nonzero""]",subject
intermediate_algebra_84df7571219b97b2,S08,math_train_algebra_949,algebra,False,False,False,False,False,[],"[""equation"", ""nonzero""]",subject
intermediate_algebra_84df7571219b97b2,S08,math_train_algebra_959,algebra,False,True,False,False,False,"[""equation"", ""quadratic""]","[""nonzero""]",subject
intermediate_algebra_84df7571219b97b2,S08,math_train_algebra_991,algebra,False,False,False,False,False,"[""nonzero"", ""rational""]","[""equation""]",subject
intermediate_algebra_84df7571219b97b2,S08,math_train_counting_probability_102,counting_probability,False,False,False,True,False,"[""probability"", ""rational""]","[""equation"", ""nonzero""]",subject
intermediate_algebra_84df7571219b97b2,S08,math_train_counting_probability_142,counting_probability,False,False,False,False,False,"[""prime""]","[""equation"", ""nonzero""]",subject
intermediate_algebra_84df7571219b97b2,S08,math_train_counting_probability_144,counting_probability,False,False,False,False,False,[],"[""equation"", ""nonzero""]",subject
intermediate_algebra_84df7571219b97b2,S08,math_train_counting_probability_15,counting_probability,False,False,False,False,False,"[""counting""]","[""equation"", ""nonzero""]",subject
intermediate_algebra_84df7571219b97b2,S08,math_train_counting_probability_151,counting_probability,False,False,False,False,False,"[""triangle""]","[""equation"", ""nonzero""]",subject
intermediate_algebra_84df7571219b97b2,S08,math_train_counting_probability_153,counting_probability,False,False,False,False,False,"[""counting""]","[""equation"", ""nonzero""]",subject
intermediate_algebra_84df7571219b97b2,S08,math_train_counting_probability_165,counting_probability,False,False,False,True,False,"[""probability"", ""unit_rate""]","[""equation"", ""nonzero""]",subject
intermediate_algebra_84df7571219b97b2,S08,math_train_counting_probability_174,counting_probability,False,False,False,False,False,"[""counting""]","[""equation"", ""nonzero""]",subject
intermediate_algebra_84df7571219b97b2,S08,math_train_counting_probability_177,counting_probability,False,False,False,False,False,[],"[""equation"", ""nonzero""]",subject
intermediate_algebra_84df7571219b97b2,S08,math_train_counting_probability_186,counting_probability,False,False,False,False,False,"[""counting""]","[""equation"", ""nonzero""]",subject
intermediate_algebra_84df7571219b97b2,S08,math_train_counting_probability_192,counting_probability,False,False,False,True,False,"[""counting"", ""probability""]","[""equation"", ""nonzero""]",subject
intermediate_algebra_84df7571219b97b2,S08,math_train_counting_probability_208,counting_probability,False,False,False,False,False,"[""counting""]","[""equation"", ""nonzero""]",subject
intermediate_algebra_84df7571219b97b2,S08,math_train_counting_probability_213,counting_probability,False,False,False,True,False,"[""counting"", ""probability"", ""rational""]","[""equation"", ""nonzero""]",subject
intermediate_algebra_84df7571219b97b2,S08,math_train_counting_probability_218,counting_probability,False,False,False,True,False,"[""divisibility"", ""integer"", ""positive"", ""probability"", ""rational""]","[""equation"", ""nonzero""]",subject
intermediate_algebra_84df7571219b97b2,S08,math_train_counting_probability_261,counting_probability,False,False,False,False,False,[],"[""equation"", ""nonzero""]",subject
intermediate_algebra_84df7571219b97b2,S08,math_train_counting_probability_269,counting_probability,False,False,False,False,False,"[""counting"", ""unit_rate""]","[""equation"", ""nonzero""]",subject
intermediate_algebra_84df7571219b97b2,S08,math_train_counting_probability_278,counting_probability,False,False,False,False,False,[],"[""equation"", ""nonzero""]",subject
intermediate_algebra_84df7571219b97b2,S08,math_train_counting_probability_287,counting_probability,False,False,False,False,False,"[""counting""]","[""equation"", ""nonzero""]",subject
intermediate_algebra_84df7571219b97b2,S08,math_train_counting_probability_31,counting_probability,False,False,False,True,False,"[""probability"", ""rational""]","[""equation"", ""nonzero""]",subject
intermediate_algebra_84df7571219b97b2,S08,math_train_counting_probability_332,counting_probability,False,False,False,False,False,"[""counting"", ""factorization"", ""integer"", ""prime""]","[""equation"", ""nonzero""]",subject
intermediate_algebra_84df7571219b97b2,S08,math_train_counting_probability_34,counting_probability,False,False,False,False,False,[],"[""equation"", ""nonzero""]",subject
intermediate_algebra_84df7571219b97b2,S08,math_train_counting_probability_341,counting_probability,False,False,False,False,False,"[""circle""]","[""equation"", ""nonzero""]",subject
intermediate_algebra_84df7571219b97b2,S08,math_train_counting_probability_345,counting_probability,False,False,False,False,False,"[""counting""]","[""equation"", ""nonzero""]",subject
intermediate_algebra_84df7571219b97b2,S08,math_train_counting_probability_357,counting_probability,False,False,False,True,False,"[""integer"", ""positive"", ""prime"", ""probability"", ""unit_rate""]","[""equation"", ""nonzero""]",subject
intermediate_algebra_84df7571219b97b2,S08,math_train_counting_probability_39,counting_probability,False,False,False,False,False,"[""modular""]","[""equation"", ""nonzero""]",subject
intermediate_algebra_84df7571219b97b2,S08,math_train_counting_probability_396,counting_probability,False,False,False,False,False,"[""divisibility"", ""modular"", ""unit_rate""]","[""equation"", ""nonzero""]",subject
intermediate_algebra_84df7571219b97b2,S08,math_train_counting_probability_401,counting_probability,False,False,False,True,False,"[""integer"", ""positive"", ""prime"", ""probability"", ""rational"", ""unit_rate""]","[""equation"", ""nonzero""]",subject
intermediate_algebra_84df7571219b97b2,S08,math_train_counting_probability_425,counting_probability,False,False,False,False,False,"[""integer""]","[""equation"", ""nonzero""]",subject
intermediate_algebra_84df7571219b97b2,S08,math_train_counting_probability_430,counting_probability,False,False,False,False,False,"[""integer""]","[""equation"", ""nonzero""]",subject
intermediate_algebra_84df7571219b97b2,S08,math_train_counting_probability_452,counting_probability,False,False,False,False,False,"[""counting"", ""divisibility"", ""integer"", ""modular"", ""positive""]","[""equation"", ""nonzero""]",subject
intermediate_algebra_84df7571219b97b2,S08,math_train_counting_probability_461,counting_probability,False,False,False,False,False,"[""integer""]","[""equation"", ""nonzero""]",subject
intermediate_algebra_84df7571219b97b2,S08,math_train_counting_probability_471,counting_probability,False,False,False,False,False,[],"[""equation"", ""nonzero""]",subject
intermediate_algebra_84df7571219b97b2,S08,math_train_counting_probability_482,counting_probability,False,False,False,True,False,"[""probability""]","[""equation"", ""nonzero""]",subject
intermediate_algebra_84df7571219b97b2,S08,math_train_counting_probability_488,counting_probability,False,False,False,True,False,"[""probability"", ""rational""]","[""equation"", ""nonzero""]",subject
intermediate_algebra_84df7571219b97b2,S08,math_train_counting_probability_490,counting_probability,False,False,False,True,False,"[""probability""]","[""equation"", ""nonzero""]",subject
intermediate_algebra_84df7571219b97b2,S08,math_train_counting_probability_5,counting_probability,False,False,False,False,False,"[""unit_rate""]","[""equation"", ""nonzero""]",subject
intermediate_algebra_84df7571219b97b2,S08,math_train_counting_probability_543,counting_probability,False,False,False,False,False,"[""counting""]","[""equation"", ""nonzero""]",subject
intermediate_algebra_84df7571219b97b2,S08,math_train_counting_probability_596,counting_probability,False,False,False,False,False,"[""counting""]","[""equation"", ""nonzero""]",subject
intermediate_algebra_84df7571219b97b2,S08,math_train_counting_probability_629,counting_probability,False,False,False,False,False,"[""counting""]","[""equation"", ""nonzero""]",subject
intermediate_algebra_84df7571219b97b2,S08,math_train_counting_probability_640,counting_probability,False,False,False,False,False,"[""triangle""]","[""equation"", ""nonzero""]",subject
intermediate_algebra_84df7571219b97b2,S08,math_train_counting_probability_658,counting_probability,False,False,False,False,False,"[""integer"", ""positive""]","[""equation"", ""nonzero""]",subject
intermediate_algebra_84df7571219b97b2,S08,math_train_counting_probability_668,counting_probability,False,False,False,False,False,[],"[""equation"", ""nonzero""]",subject
intermediate_algebra_84df7571219b97b2,S08,math_train_counting_probability_675,counting_probability,False,False,False,False,False,"[""counting"", ""unit_rate""]","[""equation"", ""nonzero""]",subject
intermediate_algebra_84df7571219b97b2,S08,math_train_counting_probability_680,counting_probability,False,False,False,False,False,"[""rational""]","[""equation"", ""nonzero""]",subject
intermediate_algebra_84df7571219b97b2,S08,math_train_counting_probability_693,counting_probability,False,False,False,True,False,"[""probability"", ""rational"", ""unit_rate""]","[""equation"", ""nonzero""]",subject
intermediate_algebra_84df7571219b97b2,S08,math_train_counting_probability_700,counting_probability,False,False,False,False,False,"[""integer""]","[""equation"", ""nonzero""]",subject
intermediate_algebra_84df7571219b97b2,S08,math_train_counting_probability_730,counting_probability,False,False,False,False,False,"[""counting""]","[""equation"", ""nonzero""]",subject
intermediate_algebra_84df7571219b97b2,S08,math_train_counting_probability_756,counting_probability,False,False,False,False,False,"[""counting"", ""unit_rate""]","[""equation"", ""nonzero""]",subject
intermediate_algebra_84df7571219b97b2,S08,math_train_counting_probability_85,counting_probability,False,False,False,False,False,[],"[""equation"", ""nonzero""]",subject
intermediate_algebra_84df7571219b97b2,S08,math_train_counting_probability_96,counting_probability,False,False,False,True,False,"[""probability"", ""rational"", ""triangle""]","[""equation"", ""nonzero""]",subject
intermediate_algebra_84df7571219b97b2,S08,math_train_geometry_124,geometry,False,False,False,False,False,"[""circle"", ""rational""]","[""equation"", ""nonzero""]",subject
intermediate_algebra_84df7571219b97b2,S08,math_train_geometry_139,geometry,False,False,False,False,False,"[""area"", ""circle""]","[""equation"", ""nonzero""]",subject
intermediate_algebra_84df7571219b97b2,S08,math_train_geometry_145,geometry,False,False,False,False,False,"[""area"", ""triangle""]","[""equation"", ""nonzero""]",subject
intermediate_algebra_84df7571219b97b2,S08,math_train_geometry_15,geometry,False,False,False,False,False,"[""circle""]","[""equation"", ""nonzero""]",subject
intermediate_algebra_84df7571219b97b2,S08,math_train_geometry_159,geometry,False,False,False,False,False,"[""area"", ""rational"", ""unit_rate""]","[""equation"", ""nonzero""]",subject
intermediate_algebra_84df7571219b97b2,S08,math_train_geometry_168,geometry,False,False,False,False,False,"[""integer"", ""positive"", ""prime""]","[""equation"", ""nonzero""]",subject
intermediate_algebra_84df7571219b97b2,S08,math_train_geometry_169,geometry,False,False,False,False,False,"[""circle"", ""factorization""]","[""equation"", ""nonzero""]",subject
intermediate_algebra_84df7571219b97b2,S08,math_train_geometry_202,geometry,False,False,False,False,False,"[""area"", ""circle""]","[""equation"", ""nonzero""]",subject
intermediate_algebra_84df7571219b97b2,S08,math_train_geometry_203,geometry,False,False,False,False,False,"[""circle"", ""triangle""]","[""equation"", ""nonzero""]",subject
intermediate_algebra_84df7571219b97b2,S08,math_train_geometry_212,geometry,False,False,False,False,False,"[""area"", ""ratio"", ""unit_rate""]","[""equation"", ""nonzero""]",subject
intermediate_algebra_84df7571219b97b2,S08,math_train_geometry_238,geometry,False,False,False,False,False,"[""factorization""]","[""equation"", ""nonzero""]",subject
intermediate_algebra_84df7571219b97b2,S08,math_train_geometry_25,geometry,False,False,False,False,False,[],"[""equation"", ""nonzero""]",subject
intermediate_algebra_84df7571219b97b2,S08,math_train_geometry_279,geometry,False,False,False,False,False,"[""circle""]","[""equation"", ""nonzero""]",subject
intermediate_algebra_84df7571219b97b2,S08,math_train_geometry_289,geometry,False,False,False,False,False,"[""area"", ""rational"", ""triangle""]","[""equation"", ""nonzero""]",subject
intermediate_algebra_84df7571219b97b2,S08,math_train_geometry_294,geometry,False,False,False,False,False,"[""unit_rate""]","[""equation"", ""nonzero""]",subject
intermediate_algebra_84df7571219b97b2,S08,math_train_geometry_30,geometry,False,False,False,False,False,"[""area"", ""triangle""]","[""equation"", ""nonzero""]",subject
intermediate_algebra_84df7571219b97b2,S08,math_train_geometry_308,geometry,False,False,False,False,False,"[""rational""]","[""equation"", ""nonzero""]",subject
intermediate_algebra_84df7571219b97b2,S08,math_train_geometry_316,geometry,False,False,False,False,False,"[""area"", ""modular"", ""unit_rate""]","[""equation"", ""nonzero""]",subject
intermediate_algebra_84df7571219b97b2,S08,math_train_geometry_327,geometry,False,False,False,False,False,"[""circle"", ""unit_rate""]","[""equation"", ""nonzero""]",subject
intermediate_algebra_84df7571219b97b2,S08,math_train_geometry_343,geometry,False,False,False,True,False,"[""trigonometric""]","[""equation"", ""nonzero""]",subject
intermediate_algebra_84df7571219b97b2,S08,math_train_geometry_359,geometry,False,False,False,False,False,"[""divisibility"", ""triangle""]","[""equation"", ""nonzero""]",subject
intermediate_algebra_84df7571219b97b2,S08,math_train_geometry_367,geometry,False,False,False,False,False,"[""area"", ""ratio"", ""triangle""]","[""equation"", ""nonzero""]",subject
intermediate_algebra_84df7571219b97b2,S08,math_train_geometry_374,geometry,False,False,False,False,False,"[""circle"", ""triangle""]","[""equation"", ""nonzero""]",subject
intermediate_algebra_84df7571219b97b2,S08,math_train_geometry_394,geometry,False,False,False,False,False,"[""circle""]","[""equation"", ""nonzero""]",subject
intermediate_algebra_84df7571219b97b2,S08,math_train_geometry_396,geometry,False,False,False,False,False,"[""area""]","[""equation"", ""nonzero""]",subject
intermediate_algebra_84df7571219b97b2,S08,math_train_geometry_400,geometry,False,False,False,False,False,"[""modular"", ""triangle"", ""unit_rate""]","[""equation"", ""nonzero""]",subject
intermediate_algebra_84df7571219b97b2,S08,math_train_geometry_447,geometry,False,False,False,False,False,"[""unit_rate""]","[""equation"", ""nonzero""]",subject
intermediate_algebra_84df7571219b97b2,S08,math_train_geometry_467,geometry,False,False,False,False,False,"[""circle"", ""triangle""]","[""equation"", ""nonzero""]",subject
intermediate_algebra_84df7571219b97b2,S08,math_train_geometry_469,geometry,False,False,False,False,False,"[""circle"", ""divisibility"", ""integer"", ""positive"", ""prime""]","[""equation"", ""nonzero""]",subject
intermediate_algebra_84df7571219b97b2,S08,math_train_geometry_473,geometry,False,False,False,False,False,"[""integer"", ""positive"", ""prime"", ""rational""]","[""equation"", ""nonzero""]",subject
intermediate_algebra_84df7571219b97b2,S08,math_train_geometry_478,geometry,False,False,False,False,False,"[""circle"", ""triangle"", ""unit_rate""]","[""equation"", ""nonzero""]",subject
intermediate_algebra_84df7571219b97b2,S08,math_train_geometry_528,geometry,False,False,False,False,False,"[""divisibility"", ""integer"", ""positive"", ""prime"", ""rational"", ""triangle""]","[""equation"", ""nonzero""]",subject
intermediate_algebra_84df7571219b97b2,S08,math_train_geometry_539,geometry,False,False,False,False,False,"[""circle""]","[""equation"", ""nonzero""]",subject
intermediate_algebra_84df7571219b97b2,S08,math_train_geometry_609,geometry,False,False,False,False,False,"[""rational""]","[""equation"", ""nonzero""]",subject
intermediate_algebra_84df7571219b97b2,S08,math_train_geometry_611,geometry,False,True,False,False,False,"[""area"", ""circle"", ""quadratic"", ""ratio"", ""rational"", ""triangle""]","[""equation"", ""nonzero""]",subject
intermediate_algebra_84df7571219b97b2,S08,math_train_geometry_623,geometry,False,False,False,False,False,"[""triangle""]","[""equation"", ""nonzero""]",subject
intermediate_algebra_84df7571219b97b2,S08,math_train_geometry_673,geometry,False,False,False,False,False,"[""area"", ""circle""]","[""equation"", ""nonzero""]",subject
intermediate_algebra_84df7571219b97b2,S08,math_train_geometry_737,geometry,False,False,False,True,False,"[""trigonometric""]","[""equation"", ""nonzero""]",subject
intermediate_algebra_84df7571219b97b2,S08,math_train_geometry_74,geometry,False,False,False,False,False,[],"[""equation"", ""nonzero""]",subject
intermediate_algebra_84df7571219b97b2,S08,math_train_geometry_760,geometry,False,False,False,False,False,"[""area""]","[""equation"", ""nonzero""]",subject
intermediate_algebra_84df7571219b97b2,S08,math_train_geometry_775,geometry,False,False,False,False,False,"[""area""]","[""equation"", ""nonzero""]",subject
intermediate_algebra_84df7571219b97b2,S08,math_train_geometry_789,geometry,False,False,False,False,False,"[""area"", ""unit_rate""]","[""equation"", ""nonzero""]",subject
intermediate_algebra_84df7571219b97b2,S08,math_train_geometry_813,geometry,False,False,False,False,False,"[""modular"", ""triangle""]","[""equation"", ""nonzero""]",subject
intermediate_algebra_84df7571219b97b2,S08,math_train_geometry_817,geometry,False,False,False,False,False,"[""area"", ""unit_rate""]","[""equation"", ""nonzero""]",subject
intermediate_algebra_84df7571219b97b2,S08,math_train_geometry_820,geometry,False,False,False,False,False,"[""ratio"", ""rational""]","[""equation"", ""nonzero""]",subject
intermediate_algebra_84df7571219b97b2,S08,math_train_geometry_836,geometry,False,False,False,False,False,[],"[""equation"", ""nonzero""]",subject
intermediate_algebra_84df7571219b97b2,S08,math_train_geometry_845,geometry,False,False,False,False,False,[],"[""equation"", ""nonzero""]",subject
intermediate_algebra_84df7571219b97b2,S08,math_train_geometry_849,geometry,False,False,False,False,False,"[""circle"", ""factorization""]","[""equation"", ""nonzero""]",subject
intermediate_algebra_84df7571219b97b2,S08,math_train_geometry_855,geometry,False,False,False,False,False,"[""area""]","[""equation"", ""nonzero""]",subject
intermediate_algebra_84df7571219b97b2,S08,math_train_geometry_863,geometry,False,True,False,False,False,"[""quadratic"", ""triangle""]","[""equation"", ""nonzero""]",subject
intermediate_algebra_84df7571219b97b2,S08,math_train_intermediate_algebra_1034,intermediate_algebra,True,False,False,False,False,"[""positive""]","[""equation"", ""nonzero""]",trigger
intermediate_algebra_84df7571219b97b2,S08,math_train_intermediate_algebra_1059,intermediate_algebra,True,False,False,False,False,[],"[""equation"", ""nonzero""]",trigger
intermediate_algebra_84df7571219b97b2,S08,math_train_intermediate_algebra_1060,intermediate_algebra,True,False,False,False,False,[],"[""equation"", ""nonzero""]",trigger
intermediate_algebra_84df7571219b97b2,S08,math_train_intermediate_algebra_1103,intermediate_algebra,True,False,False,False,False,"[""rational""]","[""equation"", ""nonzero""]",trigger
intermediate_algebra_84df7571219b97b2,S08,math_train_intermediate_algebra_1115,intermediate_algebra,True,True,False,False,False,"[""quadratic""]","[""equation"", ""nonzero""]",preconditions
intermediate_algebra_84df7571219b97b2,S08,math_train_intermediate_algebra_1145,intermediate_algebra,True,False,False,False,False,"[""positive"", ""rational""]","[""equation"", ""nonzero""]",trigger
intermediate_algebra_84df7571219b97b2,S08,math_train_intermediate_algebra_1156,intermediate_algebra,True,True,False,False,False,"[""quadratic"", ""rational""]","[""equation"", ""nonzero""]",preconditions
intermediate_algebra_84df7571219b97b2,S08,math_train_intermediate_algebra_1164,intermediate_algebra,True,True,False,False,False,"[""quadratic""]","[""equation"", ""nonzero""]",preconditions
intermediate_algebra_84df7571219b97b2,S08,math_train_intermediate_algebra_1183,intermediate_algebra,True,True,False,False,False,"[""integer"", ""positive"", ""quadratic""]","[""equation"", ""nonzero""]",preconditions
intermediate_algebra_84df7571219b97b2,S08,math_train_intermediate_algebra_1292,intermediate_algebra,True,True,False,False,False,"[""equation"", ""quadratic"", ""ratio"", ""rational""]","[""nonzero""]",preconditions
intermediate_algebra_84df7571219b97b2,S08,math_train_intermediate_algebra_164,intermediate_algebra,True,False,False,False,False,"[""composition""]","[""equation"", ""nonzero""]",trigger
intermediate_algebra_84df7571219b97b2,S08,math_train_intermediate_algebra_178,intermediate_algebra,True,True,False,False,False,"[""equation"", ""quadratic""]","[""nonzero""]",preconditions
intermediate_algebra_84df7571219b97b2,S08,math_train_intermediate_algebra_181,intermediate_algebra,True,False,False,False,False,"[""integer"", ""positive""]","[""equation"", ""nonzero""]",trigger
intermediate_algebra_84df7571219b97b2,S08,math_train_intermediate_algebra_263,intermediate_algebra,True,True,False,False,False,"[""quadratic""]","[""equation"", ""nonzero""]",preconditions
intermediate_algebra_84df7571219b97b2,S08,math_train_intermediate_algebra_275,intermediate_algebra,True,True,False,False,False,"[""quadratic""]","[""equation"", ""nonzero""]",preconditions
intermediate_algebra_84df7571219b97b2,S08,math_train_intermediate_algebra_296,intermediate_algebra,True,False,False,False,False,"[""positive"", ""rational""]","[""equation"", ""nonzero""]",trigger
intermediate_algebra_84df7571219b97b2,S08,math_train_intermediate_algebra_300,intermediate_algebra,True,False,False,False,False,"[""nonzero"", ""polynomial"", ""ratio"", ""rational""]","[""equation""]",trigger
intermediate_algebra_84df7571219b97b2,S08,math_train_intermediate_algebra_315,intermediate_algebra,True,False,False,False,False,"[""rational""]","[""equation"", ""nonzero""]",trigger
intermediate_algebra_84df7571219b97b2,S08,math_train_intermediate_algebra_340,intermediate_algebra,True,False,False,False,False,[],"[""equation"", ""nonzero""]",trigger
intermediate_algebra_84df7571219b97b2,S08,math_train_intermediate_algebra_345,intermediate_algebra,True,False,False,False,False,[],"[""equation"", ""nonzero""]",trigger
intermediate_algebra_84df7571219b97b2,S08,math_train_intermediate_algebra_359,intermediate_algebra,True,False,False,False,False,"[""ratio"", ""rational""]","[""equation"", ""nonzero""]",trigger
intermediate_algebra_84df7571219b97b2,S08,math_train_intermediate_algebra_363,intermediate_algebra,True,False,False,False,False,"[""positive""]","[""equation"", ""nonzero""]",trigger
intermediate_algebra_84df7571219b97b2,S08,math_train_intermediate_algebra_39,intermediate_algebra,True,True,False,False,False,"[""quadratic""]","[""equation"", ""nonzero""]",preconditions
intermediate_algebra_84df7571219b97b2,S08,math_train_intermediate_algebra_437,intermediate_algebra,True,True,False,False,False,"[""quadratic""]","[""equation"", ""nonzero""]",preconditions
intermediate_algebra_84df7571219b97b2,S08,math_train_intermediate_algebra_452,intermediate_algebra,True,True,False,False,False,"[""positive"", ""quadratic""]","[""equation"", ""nonzero""]",preconditions
intermediate_algebra_84df7571219b97b2,S08,math_train_intermediate_algebra_455,intermediate_algebra,True,True,False,False,False,"[""quadratic"", ""rational""]","[""equation"", ""nonzero""]",preconditions
intermediate_algebra_84df7571219b97b2,S08,math_train_intermediate_algebra_473,intermediate_algebra,True,False,False,False,False,[],"[""equation"", ""nonzero""]",trigger
intermediate_algebra_84df7571219b97b2,S08,math_train_intermediate_algebra_503,intermediate_algebra,True,False,False,False,False,"[""integer"", ""unit_rate""]","[""equation"", ""nonzero""]",trigger
intermediate_algebra_84df7571219b97b2,S08,math_train_intermediate_algebra_532,intermediate_algebra,True,True,False,False,False,"[""equation"", ""quadratic"", ""ratio"", ""rational""]","[""nonzero""]",preconditions
intermediate_algebra_84df7571219b97b2,S08,math_train_intermediate_algebra_542,intermediate_algebra,True,True,False,False,False,"[""polynomial"", ""quadratic""]","[""equation"", ""nonzero""]",preconditions
intermediate_algebra_84df7571219b97b2,S08,math_train_intermediate_algebra_543,intermediate_algebra,True,True,False,False,False,"[""quadratic"", ""rational""]","[""equation"", ""nonzero""]",preconditions
intermediate_algebra_84df7571219b97b2,S08,math_train_intermediate_algebra_556,intermediate_algebra,True,True,False,False,False,"[""equation"", ""integer"", ""positive"", ""quadratic""]","[""nonzero""]",preconditions
intermediate_algebra_84df7571219b97b2,S08,math_train_intermediate_algebra_56,intermediate_algebra,True,True,False,False,False,"[""quadratic"", ""rational"", ""unit_rate""]","[""equation"", ""nonzero""]",preconditions
intermediate_algebra_84df7571219b97b2,S08,math_train_intermediate_algebra_597,intermediate_algebra,True,False,False,False,False,"[""divisibility"", ""modular""]","[""equation"", ""nonzero""]",trigger
intermediate_algebra_84df7571219b97b2,S08,math_train_intermediate_algebra_598,intermediate_algebra,True,False,False,False,False,"[""rational""]","[""equation"", ""nonzero""]",trigger
intermediate_algebra_84df7571219b97b2,S08,math_train_intermediate_algebra_624,intermediate_algebra,True,True,False,False,False,"[""integer"", ""positive"", ""quadratic""]","[""equation"", ""nonzero""]",preconditions
intermediate_algebra_84df7571219b97b2,S08,math_train_intermediate_algebra_653,intermediate_algebra,True,False,False,False,False,"[""divisibility"", ""modular""]","[""equation"", ""nonzero""]",trigger
intermediate_algebra_84df7571219b97b2,S08,math_train_intermediate_algebra_675,intermediate_algebra,True,False,False,False,False,[],"[""equation"", ""nonzero""]",trigger
intermediate_algebra_84df7571219b97b2,S08,math_train_intermediate_algebra_702,intermediate_algebra,True,False,False,False,False,[],"[""equation"", ""nonzero""]",trigger
intermediate_algebra_84df7571219b97b2,S08,math_train_intermediate_algebra_706,intermediate_algebra,True,True,False,False,False,"[""equation"", ""integer"", ""quadratic"", ""rational""]","[""nonzero""]",preconditions
intermediate_algebra_84df7571219b97b2,S08,math_train_intermediate_algebra_720,intermediate_algebra,True,True,False,False,False,"[""nonzero"", ""polynomial"", ""quadratic"", ""rational""]","[""equation""]",preconditions
intermediate_algebra_84df7571219b97b2,S08,math_train_intermediate_algebra_760,intermediate_algebra,True,False,False,False,False,"[""integer""]","[""equation"", ""nonzero""]",trigger
intermediate_algebra_84df7571219b97b2,S08,math_train_intermediate_algebra_78,intermediate_algebra,True,False,False,False,False,"[""rational""]","[""equation"", ""nonzero""]",trigger
intermediate_algebra_84df7571219b97b2,S08,math_train_intermediate_algebra_899,intermediate_algebra,True,False,False,False,False,"[""equation"", ""integer"", ""polynomial"", ""ratio"", ""rational""]","[""nonzero""]",trigger
intermediate_algebra_84df7571219b97b2,S08,math_train_intermediate_algebra_922,intermediate_algebra,True,False,False,False,False,"[""positive"", ""rational""]","[""equation"", ""nonzero""]",trigger
intermediate_algebra_84df7571219b97b2,S08,math_train_intermediate_algebra_954,intermediate_algebra,True,True,False,False,False,"[""factorization"", ""quadratic""]","[""equation"", ""nonzero""]",preconditions
intermediate_algebra_84df7571219b97b2,S08,math_train_intermediate_algebra_967,intermediate_algebra,True,True,False,False,False,"[""divisibility"", ""quadratic""]","[""equation"", ""nonzero""]",preconditions
intermediate_algebra_84df7571219b97b2,S08,math_train_intermediate_algebra_974,intermediate_algebra,True,False,False,False,False,"[""rational""]","[""equation"", ""nonzero""]",trigger
intermediate_algebra_84df7571219b97b2,S08,math_train_intermediate_algebra_993,intermediate_algebra,True,False,False,False,False,"[""divisibility"", ""modular"", ""polynomial""]","[""equation"", ""nonzero""]",trigger
intermediate_algebra_84df7571219b97b2,S08,math_train_intermediate_algebra_999,intermediate_algebra,True,True,False,False,False,"[""polynomial"", ""quadratic""]","[""equation"", ""nonzero""]",preconditions
intermediate_algebra_84df7571219b97b2,S08,math_train_number_theory_101,number_theory,False,False,False,True,False,"[""modular"", ""probability""]","[""equation"", ""nonzero""]",subject
intermediate_algebra_84df7571219b97b2,S08,math_train_number_theory_113,number_theory,False,False,False,False,False,"[""divisibility""]","[""equation"", ""nonzero""]",subject
intermediate_algebra_84df7571219b97b2,S08,math_train_number_theory_153,number_theory,False,False,False,False,False,"[""integer"", ""positive""]","[""equation"", ""nonzero""]",subject
intermediate_algebra_84df7571219b97b2,S08,math_train_number_theory_175,number_theory,False,False,False,False,False,"[""positive""]","[""equation"", ""nonzero""]",subject
intermediate_algebra_84df7571219b97b2,S08,math_train_number_theory_181,number_theory,False,False,False,False,False,"[""positive""]","[""equation"", ""nonzero""]",subject
intermediate_algebra_84df7571219b97b2,S08,math_train_number_theory_187,number_theory,False,False,False,False,False,"[""divisibility""]","[""equation"", ""nonzero""]",subject
intermediate_algebra_84df7571219b97b2,S08,math_train_number_theory_196,number_theory,False,False,False,False,False,"[""unit_rate""]","[""equation"", ""nonzero""]",subject
intermediate_algebra_84df7571219b97b2,S08,math_train_number_theory_203,number_theory,False,False,False,False,False,"[""factorization"", ""positive""]","[""equation"", ""nonzero""]",subject
intermediate_algebra_84df7571219b97b2,S08,math_train_number_theory_221,number_theory,False,True,False,False,False,"[""quadratic""]","[""equation"", ""nonzero""]",subject
intermediate_algebra_84df7571219b97b2,S08,math_train_number_theory_229,number_theory,False,False,False,False,False,"[""integer""]","[""equation"", ""nonzero""]",subject
intermediate_algebra_84df7571219b97b2,S08,math_train_number_theory_237,number_theory,False,False,False,False,False,"[""divisibility"", ""modular""]","[""equation"", ""nonzero""]",subject
intermediate_algebra_84df7571219b97b2,S08,math_train_number_theory_252,number_theory,False,False,False,False,False,[],"[""equation"", ""nonzero""]",subject
intermediate_algebra_84df7571219b97b2,S08,math_train_number_theory_257,number_theory,False,False,False,False,False,"[""integer"", ""rational""]","[""equation"", ""nonzero""]",subject
intermediate_algebra_84df7571219b97b2,S08,math_train_number_theory_272,number_theory,False,False,False,False,False,"[""factorization""]","[""equation"", ""nonzero""]",subject
intermediate_algebra_84df7571219b97b2,S08,math_train_number_theory_274,number_theory,False,False,False,False,False,"[""divisibility"", ""integer"", ""positive""]","[""equation"", ""nonzero""]",subject
intermediate_algebra_84df7571219b97b2,S08,math_train_number_theory_282,number_theory,False,False,False,False,False,"[""divisibility"", ""integer"", ""modular"", ""positive""]","[""equation"", ""nonzero""]",subject
intermediate_algebra_84df7571219b97b2,S08,math_train_number_theory_297,number_theory,False,False,False,False,False,"[""divisibility"", ""modular""]","[""equation"", ""nonzero""]",subject
intermediate_algebra_84df7571219b97b2,S08,math_train_number_theory_298,number_theory,False,False,False,False,False,[],"[""equation"", ""nonzero""]",subject
intermediate_algebra_84df7571219b97b2,S08,math_train_number_theory_329,number_theory,False,False,False,False,False,[],"[""equation"", ""nonzero""]",subject
intermediate_algebra_84df7571219b97b2,S08,math_train_number_theory_339,number_theory,False,False,False,False,False,"[""integer"", ""modular""]","[""equation"", ""nonzero""]",subject
intermediate_algebra_84df7571219b97b2,S08,math_train_number_theory_366,number_theory,False,False,False,False,False,"[""integer"", ""modular""]","[""equation"", ""nonzero""]",subject
intermediate_algebra_84df7571219b97b2,S08,math_train_number_theory_371,number_theory,False,True,False,False,False,"[""gcd_lcm"", ""integer"", ""positive"", ""quadratic""]","[""equation"", ""nonzero""]",subject
intermediate_algebra_84df7571219b97b2,S08,math_train_number_theory_374,number_theory,False,False,False,False,False,"[""counting""]","[""equation"", ""nonzero""]",subject
intermediate_algebra_84df7571219b97b2,S08,math_train_number_theory_403,number_theory,False,False,False,False,False,"[""gcd_lcm"", ""integer"", ""positive"", ""rational""]","[""equation"", ""nonzero""]",subject
intermediate_algebra_84df7571219b97b2,S08,math_train_number_theory_448,number_theory,False,False,False,False,False,"[""divisibility""]","[""equation"", ""nonzero""]",subject
intermediate_algebra_84df7571219b97b2,S08,math_train_number_theory_490,number_theory,False,False,False,False,False,"[""factorization"", ""gcd_lcm"", ""prime""]","[""equation"", ""nonzero""]",subject
intermediate_algebra_84df7571219b97b2,S08,math_train_number_theory_51,number_theory,False,False,False,False,False,"[""positive""]","[""equation"", ""nonzero""]",subject
intermediate_algebra_84df7571219b97b2,S08,math_train_number_theory_510,number_theory,False,False,False,False,False,"[""prime""]","[""equation"", ""nonzero""]",subject
intermediate_algebra_84df7571219b97b2,S08,math_train_number_theory_528,number_theory,False,False,False,False,False,"[""integer""]","[""equation"", ""nonzero""]",subject
intermediate_algebra_84df7571219b97b2,S08,math_train_number_theory_541,number_theory,False,False,False,False,False,"[""divisibility""]","[""equation"", ""nonzero""]",subject
intermediate_algebra_84df7571219b97b2,S08,math_train_number_theory_555,number_theory,False,False,False,False,False,"[""divisibility"", ""integer"", ""positive""]","[""equation"", ""nonzero""]",subject
intermediate_algebra_84df7571219b97b2,S08,math_train_number_theory_576,number_theory,False,False,False,False,False,"[""integer"", ""positive"", ""rational""]","[""equation"", ""nonzero""]",subject
intermediate_algebra_84df7571219b97b2,S08,math_train_number_theory_598,number_theory,False,False,False,False,False,[],"[""equation"", ""nonzero""]",subject
intermediate_algebra_84df7571219b97b2,S08,math_train_number_theory_608,number_theory,False,False,False,False,False,"[""positive""]","[""equation"", ""nonzero""]",subject
intermediate_algebra_84df7571219b97b2,S08,math_train_number_theory_617,number_theory,False,False,False,False,False,"[""prime""]","[""equation"", ""nonzero""]",subject
intermediate_algebra_84df7571219b97b2,S08,math_train_number_theory_629,number_theory,False,False,False,False,False,"[""integer""]","[""equation"", ""nonzero""]",subject
intermediate_algebra_84df7571219b97b2,S08,math_train_number_theory_653,number_theory,False,False,False,False,False,"[""divisibility"", ""integer"", ""modular""]","[""equation"", ""nonzero""]",subject
intermediate_algebra_84df7571219b97b2,S08,math_train_number_theory_691,number_theory,False,False,False,False,False,"[""divisibility""]","[""equation"", ""nonzero""]",subject
intermediate_algebra_84df7571219b97b2,S08,math_train_number_theory_705,number_theory,False,False,False,False,False,"[""rational""]","[""equation"", ""nonzero""]",subject
intermediate_algebra_84df7571219b97b2,S08,math_train_number_theory_713,number_theory,False,False,False,False,False,"[""integer"", ""positive"", ""rational""]","[""equation"", ""nonzero""]",subject
intermediate_algebra_84df7571219b97b2,S08,math_train_number_theory_717,number_theory,False,False,False,False,False,"[""divisibility"", ""integer"", ""modular""]","[""equation"", ""nonzero""]",subject
intermediate_algebra_84df7571219b97b2,S08,math_train_number_theory_733,number_theory,False,False,False,False,False,"[""gcd_lcm""]","[""equation"", ""nonzero""]",subject
intermediate_algebra_84df7571219b97b2,S08,math_train_number_theory_740,number_theory,False,False,False,False,False,"[""integer""]","[""equation"", ""nonzero""]",subject
intermediate_algebra_84df7571219b97b2,S08,math_train_number_theory_741,number_theory,False,False,False,False,False,"[""divisibility"", ""modular""]","[""equation"", ""nonzero""]",subject
intermediate_algebra_84df7571219b97b2,S08,math_train_number_theory_744,number_theory,False,False,False,False,False,"[""counting"", ""factorization"", ""positive"", ""prime""]","[""equation"", ""nonzero""]",subject
intermediate_algebra_84df7571219b97b2,S08,math_train_number_theory_78,number_theory,False,False,False,False,False,"[""integer"", ""modular""]","[""equation"", ""nonzero""]",subject
intermediate_algebra_84df7571219b97b2,S08,math_train_number_theory_818,number_theory,False,False,False,False,False,[],"[""equation"", ""nonzero""]",subject
intermediate_algebra_84df7571219b97b2,S08,math_train_number_theory_828,number_theory,False,False,False,False,False,"[""gcd_lcm""]","[""equation"", ""nonzero""]",subject
intermediate_algebra_84df7571219b97b2,S08,math_train_number_theory_83,number_theory,False,False,False,False,False,"[""integer"", ""modular"", ""positive""]","[""equation"", ""nonzero""]",subject
intermediate_algebra_84df7571219b97b2,S08,math_train_number_theory_848,number_theory,False,False,False,False,False,"[""divisibility"", ""modular""]","[""equation"", ""nonzero""]",subject
intermediate_algebra_84df7571219b97b2,S08,math_train_prealgebra_1012,prealgebra,False,False,False,False,False,"[""unit_rate""]","[""equation"", ""nonzero""]",subject
intermediate_algebra_84df7571219b97b2,S08,math_train_prealgebra_1021,prealgebra,False,False,False,False,False,[],"[""equation"", ""nonzero""]",subject
intermediate_algebra_84df7571219b97b2,S08,math_train_prealgebra_1023,prealgebra,False,False,False,False,False,"[""area""]","[""equation"", ""nonzero""]",subject
intermediate_algebra_84df7571219b97b2,S08,math_train_prealgebra_105,prealgebra,False,False,False,False,False,"[""unit_rate""]","[""equation"", ""nonzero""]",subject
intermediate_algebra_84df7571219b97b2,S08,math_train_prealgebra_1072,prealgebra,False,False,False,False,False,"[""area""]","[""equation"", ""nonzero""]",subject
intermediate_algebra_84df7571219b97b2,S08,math_train_prealgebra_1079,prealgebra,False,False,False,False,False,[],"[""equation"", ""nonzero""]",subject
intermediate_algebra_84df7571219b97b2,S08,math_train_prealgebra_1107,prealgebra,False,False,False,False,False,"[""area"", ""circle""]","[""equation"", ""nonzero""]",subject
intermediate_algebra_84df7571219b97b2,S08,math_train_prealgebra_1140,prealgebra,False,False,False,False,False,[],"[""equation"", ""nonzero""]",subject
intermediate_algebra_84df7571219b97b2,S08,math_train_prealgebra_116,prealgebra,False,False,False,False,False,[],"[""equation"", ""nonzero""]",subject
intermediate_algebra_84df7571219b97b2,S08,math_train_prealgebra_1184,prealgebra,False,False,False,False,False,"[""equation"", ""rational""]","[""nonzero""]",subject
intermediate_algebra_84df7571219b97b2,S08,math_train_prealgebra_125,prealgebra,False,False,False,False,False,"[""counting"", ""unit_rate""]","[""equation"", ""nonzero""]",subject
intermediate_algebra_84df7571219b97b2,S08,math_train_prealgebra_158,prealgebra,False,False,False,False,False,[],"[""equation"", ""nonzero""]",subject
intermediate_algebra_84df7571219b97b2,S08,math_train_prealgebra_167,prealgebra,False,False,False,False,False,"[""rational""]","[""equation"", ""nonzero""]",subject
intermediate_algebra_84df7571219b97b2,S08,math_train_prealgebra_206,prealgebra,False,False,False,False,False,"[""area"", ""circle"", ""ratio"", ""rational""]","[""equation"", ""nonzero""]",subject
intermediate_algebra_84df7571219b97b2,S08,math_train_prealgebra_219,prealgebra,False,False,False,False,False,[],"[""equation"", ""nonzero""]",subject
intermediate_algebra_84df7571219b97b2,S08,math_train_prealgebra_23,prealgebra,False,False,False,False,False,"[""rational""]","[""equation"", ""nonzero""]",subject
intermediate_algebra_84df7571219b97b2,S08,math_train_prealgebra_231,prealgebra,False,False,False,False,False,"[""circle""]","[""equation"", ""nonzero""]",subject
intermediate_algebra_84df7571219b97b2,S08,math_train_prealgebra_235,prealgebra,False,False,False,False,False,"[""counting""]","[""equation"", ""nonzero""]",subject
intermediate_algebra_84df7571219b97b2,S08,math_train_prealgebra_307,prealgebra,False,False,False,False,False,"[""area""]","[""equation"", ""nonzero""]",subject
intermediate_algebra_84df7571219b97b2,S08,math_train_prealgebra_321,prealgebra,False,False,False,False,False,[],"[""equation"", ""nonzero""]",subject
intermediate_algebra_84df7571219b97b2,S08,math_train_prealgebra_35,prealgebra,False,False,False,False,False,[],"[""equation"", ""nonzero""]",subject
intermediate_algebra_84df7571219b97b2,S08,math_train_prealgebra_361,prealgebra,False,False,False,False,False,"[""ratio"", ""unit_rate""]","[""equation"", ""nonzero""]",subject
intermediate_algebra_84df7571219b97b2,S08,math_train_prealgebra_379,prealgebra,False,False,False,False,False,[],"[""equation"", ""nonzero""]",subject
intermediate_algebra_84df7571219b97b2,S08,math_train_prealgebra_412,prealgebra,False,False,False,False,False,[],"[""equation"", ""nonzero""]",subject
intermediate_algebra_84df7571219b97b2,S08,math_train_prealgebra_427,prealgebra,False,False,False,False,False,[],"[""equation"", ""nonzero""]",subject
intermediate_algebra_84df7571219b97b2,S08,math_train_prealgebra_43,prealgebra,False,False,False,False,False,"[""area"", ""triangle""]","[""equation"", ""nonzero""]",subject
intermediate_algebra_84df7571219b97b2,S08,math_train_prealgebra_431,prealgebra,False,False,False,False,False,[],"[""equation"", ""nonzero""]",subject
intermediate_algebra_84df7571219b97b2,S08,math_train_prealgebra_438,prealgebra,False,False,False,False,False,[],"[""equation"", ""nonzero""]",subject
intermediate_algebra_84df7571219b97b2,S08,math_train_prealgebra_443,prealgebra,False,False,False,False,False,[],"[""equation"", ""nonzero""]",subject
intermediate_algebra_84df7571219b97b2,S08,math_train_prealgebra_465,prealgebra,False,False,False,False,False,"[""integer"", ""positive""]","[""equation"", ""nonzero""]",subject
intermediate_algebra_84df7571219b97b2,S08,math_train_prealgebra_514,prealgebra,False,False,False,False,False,[],"[""equation"", ""nonzero""]",subject
intermediate_algebra_84df7571219b97b2,S08,math_train_prealgebra_515,prealgebra,False,False,False,False,False,[],"[""equation"", ""nonzero""]",subject
intermediate_algebra_84df7571219b97b2,S08,math_train_prealgebra_527,prealgebra,False,False,False,False,False,"[""area""]","[""equation"", ""nonzero""]",subject
intermediate_algebra_84df7571219b97b2,S08,math_train_prealgebra_549,prealgebra,False,False,False,False,False,"[""triangle""]","[""equation"", ""nonzero""]",subject
intermediate_algebra_84df7571219b97b2,S08,math_train_prealgebra_557,prealgebra,False,False,False,False,False,[],"[""equation"", ""nonzero""]",subject
intermediate_algebra_84df7571219b97b2,S08,math_train_prealgebra_561,prealgebra,False,False,False,False,False,"[""unit_rate""]","[""equation"", ""nonzero""]",subject
intermediate_algebra_84df7571219b97b2,S08,math_train_prealgebra_594,prealgebra,False,False,False,False,False,[],"[""equation"", ""nonzero""]",subject
intermediate_algebra_84df7571219b97b2,S08,math_train_prealgebra_596,prealgebra,False,False,False,False,False,"[""counting""]","[""equation"", ""nonzero""]",subject
intermediate_algebra_84df7571219b97b2,S08,math_train_prealgebra_621,prealgebra,False,False,False,False,False,"[""rational""]","[""equation"", ""nonzero""]",subject
intermediate_algebra_84df7571219b97b2,S08,math_train_prealgebra_721,prealgebra,False,False,False,False,False,"[""divisibility""]","[""equation"", ""nonzero""]",subject
intermediate_algebra_84df7571219b97b2,S08,math_train_prealgebra_738,prealgebra,False,False,False,False,False,[],"[""equation"", ""nonzero""]",subject
intermediate_algebra_84df7571219b97b2,S08,math_train_prealgebra_750,prealgebra,False,False,False,False,False,"[""rational""]","[""equation"", ""nonzero""]",subject
intermediate_algebra_84df7571219b97b2,S08,math_train_prealgebra_769,prealgebra,False,False,False,False,False,[],"[""equation"", ""nonzero""]",subject
intermediate_algebra_84df7571219b97b2,S08,math_train_prealgebra_86,prealgebra,False,False,False,False,False,"[""area"", ""circle"", ""integer""]","[""equation"", ""nonzero""]",subject
intermediate_algebra_84df7571219b97b2,S08,math_train_prealgebra_895,prealgebra,False,False,False,False,False,"[""integer"", ""positive""]","[""equation"", ""nonzero""]",subject
intermediate_algebra_84df7571219b97b2,S08,math_train_prealgebra_91,prealgebra,False,False,False,False,False,[],"[""equation"", ""nonzero""]",subject
intermediate_algebra_84df7571219b97b2,S08,math_train_prealgebra_913,prealgebra,False,False,False,False,False,[],"[""equation"", ""nonzero""]",subject
intermediate_algebra_84df7571219b97b2,S08,math_train_prealgebra_921,prealgebra,False,False,False,False,False,[],"[""equation"", ""nonzero""]",subject
intermediate_algebra_84df7571219b97b2,S08,math_train_prealgebra_953,prealgebra,False,False,False,False,False,[],"[""equation"", ""nonzero""]",subject
intermediate_algebra_84df7571219b97b2,S08,math_train_prealgebra_972,prealgebra,False,True,False,False,False,"[""area"", ""circle"", ""quadratic""]","[""equation"", ""nonzero""]",subject
intermediate_algebra_84df7571219b97b2,S08,math_train_precalculus_106,precalculus,False,False,False,False,False,"[""area"", ""triangle""]","[""equation"", ""nonzero""]",subject
intermediate_algebra_84df7571219b97b2,S08,math_train_precalculus_108,precalculus,False,False,False,False,False,[],"[""equation"", ""nonzero""]",subject
intermediate_algebra_84df7571219b97b2,S08,math_train_precalculus_114,precalculus,False,False,False,False,False,[],"[""equation"", ""nonzero""]",subject
intermediate_algebra_84df7571219b97b2,S08,math_train_precalculus_118,precalculus,False,False,False,True,False,"[""rational"", ""trigonometric""]","[""equation"", ""nonzero""]",subject
intermediate_algebra_84df7571219b97b2,S08,math_train_precalculus_119,precalculus,False,False,False,True,False,"[""trigonometric""]","[""equation"", ""nonzero""]",subject
intermediate_algebra_84df7571219b97b2,S08,math_train_precalculus_189,precalculus,False,True,False,False,False,"[""quadratic"", ""rational""]","[""equation"", ""nonzero""]",subject
intermediate_algebra_84df7571219b97b2,S08,math_train_precalculus_2,precalculus,False,False,False,False,False,[],"[""equation"", ""nonzero""]",subject
intermediate_algebra_84df7571219b97b2,S08,math_train_precalculus_205,precalculus,False,False,False,False,False,[],"[""equation"", ""nonzero""]",subject
intermediate_algebra_84df7571219b97b2,S08,math_train_precalculus_215,precalculus,False,False,False,False,False,[],"[""equation"", ""nonzero""]",subject
intermediate_algebra_84df7571219b97b2,S08,math_train_precalculus_22,precalculus,False,False,False,False,False,[],"[""equation"", ""nonzero""]",subject
intermediate_algebra_84df7571219b97b2,S08,math_train_precalculus_230,precalculus,False,False,False,False,False,"[""area"", ""triangle""]","[""equation"", ""nonzero""]",subject
intermediate_algebra_84df7571219b97b2,S08,math_train_precalculus_238,precalculus,False,False,False,False,False,[],"[""equation"", ""nonzero""]",subject
intermediate_algebra_84df7571219b97b2,S08,math_train_precalculus_250,precalculus,False,False,False,True,False,"[""circle"", ""equation"", ""rational"", ""trigonometric""]","[""nonzero""]",subject
intermediate_algebra_84df7571219b97b2,S08,math_train_precalculus_259,precalculus,False,False,False,False,False,[],"[""equation"", ""nonzero""]",subject
intermediate_algebra_84df7571219b97b2,S08,math_train_precalculus_27,precalculus,False,False,False,False,False,"[""triangle""]","[""equation"", ""nonzero""]",subject
intermediate_algebra_84df7571219b97b2,S08,math_train_precalculus_293,precalculus,False,False,False,False,False,"[""area"", ""triangle""]","[""equation"", ""nonzero""]",subject
intermediate_algebra_84df7571219b97b2,S08,math_train_precalculus_349,precalculus,False,False,False,False,False,"[""circle"", ""equation""]","[""nonzero""]",subject
intermediate_algebra_84df7571219b97b2,S08,math_train_precalculus_355,precalculus,False,False,False,False,False,"[""circle""]","[""equation"", ""nonzero""]",subject
intermediate_algebra_84df7571219b97b2,S08,math_train_precalculus_415,precalculus,False,False,False,False,False,"[""area"", ""triangle""]","[""equation"", ""nonzero""]",subject
intermediate_algebra_84df7571219b97b2,S08,math_train_precalculus_419,precalculus,False,True,False,False,False,"[""quadratic"", ""triangle""]","[""equation"", ""nonzero""]",subject
intermediate_algebra_84df7571219b97b2,S08,math_train_precalculus_423,precalculus,False,False,False,False,False,[],"[""equation"", ""nonzero""]",subject
intermediate_algebra_84df7571219b97b2,S08,math_train_precalculus_445,precalculus,False,False,False,False,False,"[""triangle"", ""unit_rate""]","[""equation"", ""nonzero""]",subject
intermediate_algebra_84df7571219b97b2,S08,math_train_precalculus_461,precalculus,False,False,False,False,False,[],"[""equation"", ""nonzero""]",subject
intermediate_algebra_84df7571219b97b2,S08,math_train_precalculus_471,precalculus,False,False,False,True,False,"[""trigonometric""]","[""equation"", ""nonzero""]",subject
intermediate_algebra_84df7571219b97b2,S08,math_train_precalculus_479,precalculus,False,False,False,False,False,"[""gcd_lcm"", ""integer"", ""rational""]","[""equation"", ""nonzero""]",subject
intermediate_algebra_84df7571219b97b2,S08,math_train_precalculus_492,precalculus,False,False,False,False,False,"[""rational""]","[""equation"", ""nonzero""]",subject
intermediate_algebra_84df7571219b97b2,S08,math_train_precalculus_505,precalculus,False,True,False,False,False,"[""integer"", ""nonzero"", ""quadratic""]","[""equation""]",subject
intermediate_algebra_84df7571219b97b2,S08,math_train_precalculus_512,precalculus,False,False,False,False,False,"[""rational""]","[""equation"", ""nonzero""]",subject
intermediate_algebra_84df7571219b97b2,S08,math_train_precalculus_517,precalculus,False,True,False,False,False,"[""quadratic""]","[""equation"", ""nonzero""]",subject
intermediate_algebra_84df7571219b97b2,S08,math_train_precalculus_52,precalculus,False,True,False,False,False,"[""quadratic""]","[""equation"", ""nonzero""]",subject
intermediate_algebra_84df7571219b97b2,S08,math_train_precalculus_522,precalculus,False,False,False,False,False,[],"[""equation"", ""nonzero""]",subject
intermediate_algebra_84df7571219b97b2,S08,math_train_precalculus_523,precalculus,False,True,False,True,False,"[""quadratic"", ""trigonometric""]","[""equation"", ""nonzero""]",subject
intermediate_algebra_84df7571219b97b2,S08,math_train_precalculus_557,precalculus,False,False,False,False,False,[],"[""equation"", ""nonzero""]",subject
intermediate_algebra_84df7571219b97b2,S08,math_train_precalculus_559,precalculus,False,False,False,True,False,"[""rational"", ""trigonometric""]","[""equation"", ""nonzero""]",subject
intermediate_algebra_84df7571219b97b2,S08,math_train_precalculus_565,precalculus,False,False,False,False,False,[],"[""equation"", ""nonzero""]",subject
intermediate_algebra_84df7571219b97b2,S08,math_train_precalculus_568,precalculus,False,False,False,False,False,"[""integer"", ""positive"", ""rational""]","[""equation"", ""nonzero""]",subject
intermediate_algebra_84df7571219b97b2,S08,math_train_precalculus_574,precalculus,False,False,False,False,False,[],"[""equation"", ""nonzero""]",subject
intermediate_algebra_84df7571219b97b2,S08,math_train_precalculus_622,precalculus,False,False,False,True,False,"[""integer"", ""rational"", ""trigonometric""]","[""equation"", ""nonzero""]",subject
intermediate_algebra_84df7571219b97b2,S08,math_train_precalculus_628,precalculus,False,True,False,False,False,"[""integer"", ""quadratic""]","[""equation"", ""nonzero""]",subject
intermediate_algebra_84df7571219b97b2,S08,math_train_precalculus_646,precalculus,False,False,False,False,False,[],"[""equation"", ""nonzero""]",subject
intermediate_algebra_84df7571219b97b2,S08,math_train_precalculus_650,precalculus,False,False,False,False,False,[],"[""equation"", ""nonzero""]",subject
intermediate_algebra_84df7571219b97b2,S08,math_train_precalculus_656,precalculus,False,False,False,True,False,"[""trigonometric""]","[""equation"", ""nonzero""]",subject
intermediate_algebra_84df7571219b97b2,S08,math_train_precalculus_687,precalculus,False,False,False,False,False,[],"[""equation"", ""nonzero""]",subject
intermediate_algebra_84df7571219b97b2,S08,math_train_precalculus_718,precalculus,False,True,False,False,False,"[""nonzero"", ""quadratic"", ""rational""]","[""equation""]",subject
intermediate_algebra_84df7571219b97b2,S08,math_train_precalculus_72,precalculus,False,False,False,False,False,"[""polynomial"", ""unit_rate""]","[""equation"", ""nonzero""]",subject
intermediate_algebra_84df7571219b97b2,S08,math_train_precalculus_723,precalculus,False,False,False,False,False,"[""area"", ""triangle""]","[""equation"", ""nonzero""]",subject
intermediate_algebra_84df7571219b97b2,S08,math_train_precalculus_726,precalculus,False,False,False,False,False,[],"[""equation"", ""nonzero""]",subject
intermediate_algebra_84df7571219b97b2,S08,math_train_precalculus_733,precalculus,False,False,False,True,False,"[""trigonometric""]","[""equation"", ""nonzero""]",subject
intermediate_algebra_84df7571219b97b2,S08,math_train_precalculus_8,precalculus,False,False,False,False,False,[],"[""equation"", ""nonzero""]",subject
intermediate_algebra_84df7571219b97b2,S08,math_train_precalculus_88,precalculus,False,False,False,True,False,"[""integer"", ""trigonometric""]","[""equation"", ""nonzero""]",subject
number_theory_a4f64c60a5009d0c,S09,math_train_algebra_1010,algebra,False,False,False,False,False,"[""equation"", ""rational""]","[""integer""]",subject
number_theory_a4f64c60a5009d0c,S09,math_train_algebra_1018,algebra,False,False,False,False,False,"[""rational""]","[""equation"", ""integer""]",subject
number_theory_a4f64c60a5009d0c,S09,math_train_algebra_1026,algebra,False,False,False,False,False,"[""equation"", ""quadratic"", ""rational"", ""unit_rate""]","[""integer""]",subject
number_theory_a4f64c60a5009d0c,S09,math_train_algebra_1079,algebra,False,False,False,False,False,[],"[""equation"", ""integer""]",subject
number_theory_a4f64c60a5009d0c,S09,math_train_algebra_1119,algebra,False,True,False,False,False,"[""integer"", ""quadratic""]","[""equation""]",subject
number_theory_a4f64c60a5009d0c,S09,math_train_algebra_117,algebra,False,False,False,False,False,[],"[""equation"", ""integer""]",subject
number_theory_a4f64c60a5009d0c,S09,math_train_algebra_1250,algebra,False,False,False,False,False,"[""rational""]","[""equation"", ""integer""]",subject
number_theory_a4f64c60a5009d0c,S09,math_train_algebra_1327,algebra,False,True,False,False,False,"[""area"", ""integer""]","[""equation""]",subject
number_theory_a4f64c60a5009d0c,S09,math_train_algebra_1334,algebra,False,False,False,False,False,[],"[""equation"", ""integer""]",subject
number_theory_a4f64c60a5009d0c,S09,math_train_algebra_136,algebra,False,False,False,False,False,"[""rational"", ""unit_rate""]","[""equation"", ""integer""]",subject
number_theory_a4f64c60a5009d0c,S09,math_train_algebra_1460,algebra,False,False,False,False,False,"[""positive"", ""rational""]","[""equation"", ""integer""]",subject
number_theory_a4f64c60a5009d0c,S09,math_train_algebra_1469,algebra,False,False,False,False,False,"[""equation"", ""quadratic""]","[""integer""]",subject
number_theory_a4f64c60a5009d0c,S09,math_train_algebra_152,algebra,False,False,False,False,False,[],"[""equation"", ""integer""]",subject
number_theory_a4f64c60a5009d0c,S09,math_train_algebra_1538,algebra,False,False,False,False,False,[],"[""equation"", ""integer""]",subject
number_theory_a4f64c60a5009d0c,S09,math_train_algebra_1599,algebra,False,False,False,False,False,[],"[""equation"", ""integer""]",subject
number_theory_a4f64c60a5009d0c,S09,math_train_algebra_1621,algebra,False,False,False,False,False,[],"[""equation"", ""integer""]",subject
number_theory_a4f64c60a5009d0c,S09,math_train_algebra_1641,algebra,False,False,False,False,False,[],"[""equation"", ""integer""]",subject
number_theory_a4f64c60a5009d0c,S09,math_train_algebra_1644,algebra,False,False,False,False,False,[],"[""equation"", ""integer""]",subject
number_theory_a4f64c60a5009d0c,S09,math_train_algebra_1716,algebra,False,False,False,False,False,"[""composition"", ""quadratic""]","[""equation"", ""integer""]",subject
number_theory_a4f64c60a5009d0c,S09,math_train_algebra_1743,algebra,False,True,False,False,False,"[""integer"", ""positive""]","[""equation""]",subject
number_theory_a4f64c60a5009d0c,S09,math_train_algebra_203,algebra,False,False,False,False,False,"[""area""]","[""equation"", ""integer""]",subject
number_theory_a4f64c60a5009d0c,S09,math_train_algebra_204,algebra,False,False,False,False,False,"[""rational""]","[""equation"", ""integer""]",subject
number_theory_a4f64c60a5009d0c,S09,math_train_algebra_206,algebra,False,True,False,False,False,"[""integer""]","[""equation""]",subject
number_theory_a4f64c60a5009d0c,S09,math_train_algebra_221,algebra,False,False,False,False,False,"[""quadratic""]","[""equation"", ""integer""]",subject
number_theory_a4f64c60a5009d0c,S09,math_train_algebra_222,algebra,False,False,False,False,False,[],"[""equation"", ""integer""]",subject
number_theory_a4f64c60a5009d0c,S09,math_train_algebra_237,algebra,False,False,False,False,False,"[""quadratic""]","[""equation"", ""integer""]",subject
number_theory_a4f64c60a5009d0c,S09,math_train_algebra_267,algebra,False,False,False,False,False,[],"[""equation"", ""integer""]",subject
number_theory_a4f64c60a5009d0c,S09,math_train_algebra_334,algebra,False,False,False,False,False,"[""equation"", ""quadratic""]","[""integer""]",subject
number_theory_a4f64c60a5009d0c,S09,math_train_algebra_336,algebra,False,False,False,False,False,"[""equation""]","[""integer""]",subject
number_theory_a4f64c60a5009d0c,S09,math_train_algebra_348,algebra,False,False,False,False,False,"[""quadratic"", ""rational""]","[""equation"", ""integer""]",subject
number_theory_a4f64c60a5009d0c,S09,math_train_algebra_35,algebra,False,False,False,False,False,"[""positive""]","[""equation"", ""integer""]",subject
number_theory_a4f64c60a5009d0c,S09,math_train_algebra_42,algebra,False,True,False,False,False,"[""integer"", ""quadratic"", ""rational""]","[""equation""]",subject
number_theory_a4f64c60a5009d0c,S09,math_train_algebra_432,algebra,False,False,False,False,False,[],"[""equation"", ""integer""]",subject
number_theory_a4f64c60a5009d0c,S09,math_train_algebra_495,algebra,False,False,False,False,False,"[""positive"", ""quadratic""]","[""equation"", ""integer""]",subject
number_theory_a4f64c60a5009d0c,S09,math_train_algebra_496,algebra,False,False,False,False,False,"[""rational""]","[""equation"", ""integer""]",subject
number_theory_a4f64c60a5009d0c,S09,math_train_algebra_538,algebra,False,False,False,False,False,"[""quadratic""]","[""equation"", ""integer""]",subject
number_theory_a4f64c60a5009d0c,S09,math_train_algebra_541,algebra,False,False,False,False,False,"[""quadratic""]","[""equation"", ""integer""]",subject
number_theory_a4f64c60a5009d0c,S09,math_train_algebra_597,algebra,False,True,False,False,False,"[""integer"", ""positive""]","[""equation""]",subject
number_theory_a4f64c60a5009d0c,S09,math_train_algebra_604,algebra,False,False,False,False,False,"[""quadratic""]","[""equation"", ""integer""]",subject
number_theory_a4f64c60a5009d0c,S09,math_train_algebra_628,algebra,False,True,True,False,False,"[""equation"", ""integer"", ""quadratic""]",[],subject
number_theory_a4f64c60a5009d0c,S09,math_train_algebra_631,algebra,False,True,False,False,False,"[""integer"", ""rational""]","[""equation""]",subject
number_theory_a4f64c60a5009d0c,S09,math_train_algebra_758,algebra,False,False,False,False,False,"[""equation"", ""quadratic"", ""unit_rate""]","[""integer""]",subject
number_theory_a4f64c60a5009d0c,S09,math_train_algebra_764,algebra,False,False,False,False,False,"[""quadratic""]","[""equation"", ""integer""]",subject
number_theory_a4f64c60a5009d0c,S09,math_train_algebra_883,algebra,False,True,False,False,False,"[""integer""]","[""equation""]",subject
number_theory_a4f64c60a5009d0c,S09,math_train_algebra_906,algebra,False,False,False,False,False,"[""equation"", ""rational""]","[""integer""]",subject
number_theory_a4f64c60a5009d0c,S09,math_train_algebra_928,algebra,False,False,False,False,False,"[""quadratic""]","[""equation"", ""integer""]",subject
number_theory_a4f64c60a5009d0c,S09,math_train_algebra_941,algebra,False,False,False,False,False,"[""quadratic""]","[""equation"", ""integer""]",subject
number_theory_a4f64c60a5009d0c,S09,math_train_algebra_949,algebra,False,False,False,False,False,[],"[""equation"", ""integer""]",subject
number_theory_a4f64c60a5009d0c,S09,math_train_algebra_959,algebra,False,False,False,False,False,"[""equation"", ""quadratic""]","[""integer""]",subject
number_theory_a4f64c60a5009d0c,S09,math_train_algebra_991,algebra,False,False,False,False,False,"[""nonzero"", ""rational""]","[""equation"", ""integer""]",subject
number_theory_a4f64c60a5009d0c,S09,math_train_counting_probability_102,counting_probability,False,False,False,True,False,"[""probability"", ""rational""]","[""equation"", ""integer""]",subject
number_theory_a4f64c60a5009d0c,S09,math_train_counting_probability_142,counting_probability,False,False,False,False,False,"[""prime""]","[""equation"", ""integer""]",subject
number_theory_a4f64c60a5009d0c,S09,math_train_counting_probability_144,counting_probability,False,False,False,False,False,[],"[""equation"", ""integer""]",subject
number_theory_a4f64c60a5009d0c,S09,math_train_counting_probability_15,counting_probability,False,False,False,False,False,"[""counting""]","[""equation"", ""integer""]",subject
number_theory_a4f64c60a5009d0c,S09,math_train_counting_probability_151,counting_probability,False,False,False,False,False,"[""triangle""]","[""equation"", ""integer""]",subject
number_theory_a4f64c60a5009d0c,S09,math_train_counting_probability_153,counting_probability,False,False,False,False,False,"[""counting""]","[""equation"", ""integer""]",subject
number_theory_a4f64c60a5009d0c,S09,math_train_counting_probability_165,counting_probability,False,False,False,True,False,"[""probability"", ""unit_rate""]","[""equation"", ""integer""]",subject
number_theory_a4f64c60a5009d0c,S09,math_train_counting_probability_174,counting_probability,False,False,False,False,False,"[""counting""]","[""equation"", ""integer""]",subject
number_theory_a4f64c60a5009d0c,S09,math_train_counting_probability_177,counting_probability,False,False,False,False,False,[],"[""equation"", ""integer""]",subject
number_theory_a4f64c60a5009d0c,S09,math_train_counting_probability_186,counting_probability,False,False,False,False,False,"[""counting""]","[""equation"", ""integer""]",subject
number_theory_a4f64c60a5009d0c,S09,math_train_counting_probability_192,counting_probability,False,False,False,True,False,"[""counting"", ""probability""]","[""equation"", ""integer""]",subject
number_theory_a4f64c60a5009d0c,S09,math_train_counting_probability_208,counting_probability,False,False,False,False,False,"[""counting""]","[""equation"", ""integer""]",subject
number_theory_a4f64c60a5009d0c,S09,math_train_counting_probability_213,counting_probability,False,False,False,True,False,"[""counting"", ""probability"", ""rational""]","[""equation"", ""integer""]",subject
number_theory_a4f64c60a5009d0c,S09,math_train_counting_probability_218,counting_probability,False,True,False,True,False,"[""divisibility"", ""integer"", ""positive"", ""probability"", ""rational""]","[""equation""]",subject
number_theory_a4f64c60a5009d0c,S09,math_train_counting_probability_261,counting_probability,False,False,False,False,False,[],"[""equation"", ""integer""]",subject
number_theory_a4f64c60a5009d0c,S09,math_train_counting_probability_269,counting_probability,False,False,False,False,False,"[""counting"", ""unit_rate""]","[""equation"", ""integer""]",subject
number_theory_a4f64c60a5009d0c,S09,math_train_counting_probability_278,counting_probability,False,False,False,False,False,[],"[""equation"", ""integer""]",subject
number_theory_a4f64c60a5009d0c,S09,math_train_counting_probability_287,counting_probability,False,False,False,False,False,"[""counting""]","[""equation"", ""integer""]",subject
number_theory_a4f64c60a5009d0c,S09,math_train_counting_probability_31,counting_probability,False,False,False,True,False,"[""probability"", ""rational""]","[""equation"", ""integer""]",subject
number_theory_a4f64c60a5009d0c,S09,math_train_counting_probability_332,counting_probability,False,True,False,False,False,"[""counting"", ""factorization"", ""integer"", ""prime""]","[""equation""]",subject
number_theory_a4f64c60a5009d0c,S09,math_train_counting_probability_34,counting_probability,False,False,False,False,False,[],"[""equation"", ""integer""]",subject
number_theory_a4f64c60a5009d0c,S09,math_train_counting_probability_341,counting_probability,False,False,False,False,False,"[""circle""]","[""equation"", ""integer""]",subject
number_theory_a4f64c60a5009d0c,S09,math_train_counting_probability_345,counting_probability,False,False,False,False,False,"[""counting""]","[""equation"", ""integer""]",subject
number_theory_a4f64c60a5009d0c,S09,math_train_counting_probability_357,counting_probability,False,True,False,True,False,"[""integer"", ""positive"", ""prime"", ""probability"", ""unit_rate""]","[""equation""]",subject
number_theory_a4f64c60a5009d0c,S09,math_train_counting_probability_39,counting_probability,False,False,False,False,False,"[""modular""]","[""equation"", ""integer""]",subject
number_theory_a4f64c60a5009d0c,S09,math_train_counting_probability_396,counting_probability,False,False,False,False,False,"[""divisibility"", ""modular"", ""unit_rate""]","[""equation"", ""integer""]",subject
number_theory_a4f64c60a5009d0c,S09,math_train_counting_probability_401,counting_probability,False,True,False,True,False,"[""integer"", ""positive"", ""prime"", ""probability"", ""rational"", ""unit_rate""]","[""equation""]",subject
number_theory_a4f64c60a5009d0c,S09,math_train_counting_probability_425,counting_probability,False,True,False,False,False,"[""integer""]","[""equation""]",subject
number_theory_a4f64c60a5009d0c,S09,math_train_counting_probability_430,counting_probability,False,True,False,False,False,"[""integer""]","[""equation""]",subject
number_theory_a4f64c60a5009d0c,S09,math_train_counting_probability_452,counting_probability,False,True,False,False,False,"[""counting"", ""divisibility"", ""integer"", ""modular"", ""positive""]","[""equation""]",subject
number_theory_a4f64c60a5009d0c,S09,math_train_counting_probability_461,counting_probability,False,True,False,False,False,"[""integer""]","[""equation""]",subject
number_theory_a4f64c60a5009d0c,S09,math_train_counting_probability_471,counting_probability,False,False,False,False,False,[],"[""equation"", ""integer""]",subject
number_theory_a4f64c60a5009d0c,S09,math_train_counting_probability_482,counting_probability,False,False,False,True,False,"[""probability""]","[""equation"", ""integer""]",subject
number_theory_a4f64c60a5009d0c,S09,math_train_counting_probability_488,counting_probability,False,False,False,True,False,"[""probability"", ""rational""]","[""equation"", ""integer""]",subject
number_theory_a4f64c60a5009d0c,S09,math_train_counting_probability_490,counting_probability,False,False,False,True,False,"[""probability""]","[""equation"", ""integer""]",subject
number_theory_a4f64c60a5009d0c,S09,math_train_counting_probability_5,counting_probability,False,False,False,False,False,"[""unit_rate""]","[""equation"", ""integer""]",subject
number_theory_a4f64c60a5009d0c,S09,math_train_counting_probability_543,counting_probability,False,False,False,False,False,"[""counting""]","[""equation"", ""integer""]",subject
number_theory_a4f64c60a5009d0c,S09,math_train_counting_probability_596,counting_probability,False,False,False,False,False,"[""counting""]","[""equation"", ""integer""]",subject
number_theory_a4f64c60a5009d0c,S09,math_train_counting_probability_629,counting_probability,False,False,False,False,False,"[""counting""]","[""equation"", ""integer""]",subject
number_theory_a4f64c60a5009d0c,S09,math_train_counting_probability_640,counting_probability,False,False,False,False,False,"[""triangle""]","[""equation"", ""integer""]",subject
number_theory_a4f64c60a5009d0c,S09,math_train_counting_probability_658,counting_probability,False,True,False,False,False,"[""integer"", ""positive""]","[""equation""]",subject
number_theory_a4f64c60a5009d0c,S09,math_train_counting_probability_668,counting_probability,False,False,False,False,False,[],"[""equation"", ""integer""]",subject
number_theory_a4f64c60a5009d0c,S09,math_train_counting_probability_675,counting_probability,False,False,False,False,False,"[""counting"", ""unit_rate""]","[""equation"", ""integer""]",subject
number_theory_a4f64c60a5009d0c,S09,math_train_counting_probability_680,counting_probability,False,False,False,False,False,"[""rational""]","[""equation"", ""integer""]",subject
number_theory_a4f64c60a5009d0c,S09,math_train_counting_probability_693,counting_probability,False,False,False,True,False,"[""probability"", ""rational"", ""unit_rate""]","[""equation"", ""integer""]",subject
number_theory_a4f64c60a5009d0c,S09,math_train_counting_probability_700,counting_probability,False,True,False,False,False,"[""integer""]","[""equation""]",subject
number_theory_a4f64c60a5009d0c,S09,math_train_counting_probability_730,counting_probability,False,False,False,False,False,"[""counting""]","[""equation"", ""integer""]",subject
number_theory_a4f64c60a5009d0c,S09,math_train_counting_probability_756,counting_probability,False,False,False,False,False,"[""counting"", ""unit_rate""]","[""equation"", ""integer""]",subject
number_theory_a4f64c60a5009d0c,S09,math_train_counting_probability_85,counting_probability,False,False,False,False,False,[],"[""equation"", ""integer""]",subject
number_theory_a4f64c60a5009d0c,S09,math_train_counting_probability_96,counting_probability,False,False,False,True,False,"[""probability"", ""rational"", ""triangle""]","[""equation"", ""integer""]",subject
number_theory_a4f64c60a5009d0c,S09,math_train_geometry_124,geometry,False,False,False,False,False,"[""circle"", ""rational""]","[""equation"", ""integer""]",subject
number_theory_a4f64c60a5009d0c,S09,math_train_geometry_139,geometry,False,False,False,False,False,"[""area"", ""circle""]","[""equation"", ""integer""]",subject
number_theory_a4f64c60a5009d0c,S09,math_train_geometry_145,geometry,False,False,False,False,False,"[""area"", ""triangle""]","[""equation"", ""integer""]",subject
number_theory_a4f64c60a5009d0c,S09,math_train_geometry_15,geometry,False,False,False,False,False,"[""circle""]","[""equation"", ""integer""]",subject
number_theory_a4f64c60a5009d0c,S09,math_train_geometry_159,geometry,False,False,False,False,False,"[""area"", ""rational"", ""unit_rate""]","[""equation"", ""integer""]",subject
number_theory_a4f64c60a5009d0c,S09,math_train_geometry_168,geometry,False,True,False,False,False,"[""integer"", ""positive"", ""prime""]","[""equation""]",subject
number_theory_a4f64c60a5009d0c,S09,math_train_geometry_169,geometry,False,False,False,False,False,"[""circle"", ""factorization""]","[""equation"", ""integer""]",subject
number_theory_a4f64c60a5009d0c,S09,math_train_geometry_202,geometry,False,False,False,False,False,"[""area"", ""circle""]","[""equation"", ""integer""]",subject
number_theory_a4f64c60a5009d0c,S09,math_train_geometry_203,geometry,False,False,False,False,False,"[""circle"", ""triangle""]","[""equation"", ""integer""]",subject
number_theory_a4f64c60a5009d0c,S09,math_train_geometry_212,geometry,False,False,False,False,False,"[""area"", ""ratio"", ""unit_rate""]","[""equation"", ""integer""]",subject
number_theory_a4f64c60a5009d0c,S09,math_train_geometry_238,geometry,False,False,False,False,False,"[""factorization""]","[""equation"", ""integer""]",subject
number_theory_a4f64c60a5009d0c,S09,math_train_geometry_25,geometry,False,False,False,False,False,[],"[""equation"", ""integer""]",subject
number_theory_a4f64c60a5009d0c,S09,math_train_geometry_279,geometry,False,False,False,False,False,"[""circle""]","[""equation"", ""integer""]",subject
number_theory_a4f64c60a5009d0c,S09,math_train_geometry_289,geometry,False,False,False,False,False,"[""area"", ""rational"", ""triangle""]","[""equation"", ""integer""]",subject
number_theory_a4f64c60a5009d0c,S09,math_train_geometry_294,geometry,False,False,False,False,False,"[""unit_rate""]","[""equation"", ""integer""]",subject
number_theory_a4f64c60a5009d0c,S09,math_train_geometry_30,geometry,False,False,False,False,False,"[""area"", ""triangle""]","[""equation"", ""integer""]",subject
number_theory_a4f64c60a5009d0c,S09,math_train_geometry_308,geometry,False,False,False,False,False,"[""rational""]","[""equation"", ""integer""]",subject
number_theory_a4f64c60a5009d0c,S09,math_train_geometry_316,geometry,False,False,False,False,False,"[""area"", ""modular"", ""unit_rate""]","[""equation"", ""integer""]",subject
number_theory_a4f64c60a5009d0c,S09,math_train_geometry_327,geometry,False,False,False,False,False,"[""circle"", ""unit_rate""]","[""equation"", ""integer""]",subject
number_theory_a4f64c60a5009d0c,S09,math_train_geometry_343,geometry,False,False,False,True,False,"[""trigonometric""]","[""equation"", ""integer""]",subject
number_theory_a4f64c60a5009d0c,S09,math_train_geometry_359,geometry,False,False,False,False,False,"[""divisibility"", ""triangle""]","[""equation"", ""integer""]",subject
number_theory_a4f64c60a5009d0c,S09,math_train_geometry_367,geometry,False,False,False,False,False,"[""area"", ""ratio"", ""triangle""]","[""equation"", ""integer""]",subject
number_theory_a4f64c60a5009d0c,S09,math_train_geometry_374,geometry,False,False,False,False,False,"[""circle"", ""triangle""]","[""equation"", ""integer""]",subject
number_theory_a4f64c60a5009d0c,S09,math_train_geometry_394,geometry,False,False,False,False,False,"[""circle""]","[""equation"", ""integer""]",subject
number_theory_a4f64c60a5009d0c,S09,math_train_geometry_396,geometry,False,False,False,False,False,"[""area""]","[""equation"", ""integer""]",subject
number_theory_a4f64c60a5009d0c,S09,math_train_geometry_400,geometry,False,False,False,False,False,"[""modular"", ""triangle"", ""unit_rate""]","[""equation"", ""integer""]",subject
number_theory_a4f64c60a5009d0c,S09,math_train_geometry_447,geometry,False,False,False,False,False,"[""unit_rate""]","[""equation"", ""integer""]",subject
number_theory_a4f64c60a5009d0c,S09,math_train_geometry_467,geometry,False,False,False,False,False,"[""circle"", ""triangle""]","[""equation"", ""integer""]",subject
number_theory_a4f64c60a5009d0c,S09,math_train_geometry_469,geometry,False,True,False,False,False,"[""circle"", ""divisibility"", ""integer"", ""positive"", ""prime""]","[""equation""]",subject
number_theory_a4f64c60a5009d0c,S09,math_train_geometry_473,geometry,False,True,False,False,False,"[""integer"", ""positive"", ""prime"", ""rational""]","[""equation""]",subject
number_theory_a4f64c60a5009d0c,S09,math_train_geometry_478,geometry,False,False,False,False,False,"[""circle"", ""triangle"", ""unit_rate""]","[""equation"", ""integer""]",subject
number_theory_a4f64c60a5009d0c,S09,math_train_geometry_528,geometry,False,True,False,False,False,"[""divisibility"", ""integer"", ""positive"", ""prime"", ""rational"", ""triangle""]","[""equation""]",subject
number_theory_a4f64c60a5009d0c,S09,math_train_geometry_539,geometry,False,False,False,False,False,"[""circle""]","[""equation"", ""integer""]",subject
number_theory_a4f64c60a5009d0c,S09,math_train_geometry_609,geometry,False,False,False,False,False,"[""rational""]","[""equation"", ""integer""]",subject
number_theory_a4f64c60a5009d0c,S09,math_train_geometry_611,geometry,False,False,False,False,False,"[""area"", ""circle"", ""quadratic"", ""ratio"", ""rational"", ""triangle""]","[""equation"", ""integer""]",subject
number_theory_a4f64c60a5009d0c,S09,math_train_geometry_623,geometry,False,False,False,False,False,"[""triangle""]","[""equation"", ""integer""]",subject
number_theory_a4f64c60a5009d0c,S09,math_train_geometry_673,geometry,False,False,False,False,False,"[""area"", ""circle""]","[""equation"", ""integer""]",subject
number_theory_a4f64c60a5009d0c,S09,math_train_geometry_737,geometry,False,False,False,True,False,"[""trigonometric""]","[""equation"", ""integer""]",subject
number_theory_a4f64c60a5009d0c,S09,math_train_geometry_74,geometry,False,False,False,False,False,[],"[""equation"", ""integer""]",subject
number_theory_a4f64c60a5009d0c,S09,math_train_geometry_760,geometry,False,False,False,False,False,"[""area""]","[""equation"", ""integer""]",subject
number_theory_a4f64c60a5009d0c,S09,math_train_geometry_775,geometry,False,False,False,False,False,"[""area""]","[""equation"", ""integer""]",subject
number_theory_a4f64c60a5009d0c,S09,math_train_geometry_789,geometry,False,False,False,False,False,"[""area"", ""unit_rate""]","[""equation"", ""integer""]",subject
number_theory_a4f64c60a5009d0c,S09,math_train_geometry_813,geometry,False,False,False,False,False,"[""modular"", ""triangle""]","[""equation"", ""integer""]",subject
number_theory_a4f64c60a5009d0c,S09,math_train_geometry_817,geometry,False,False,False,False,False,"[""area"", ""unit_rate""]","[""equation"", ""integer""]",subject
number_theory_a4f64c60a5009d0c,S09,math_train_geometry_820,geometry,False,False,False,False,False,"[""ratio"", ""rational""]","[""equation"", ""integer""]",subject
number_theory_a4f64c60a5009d0c,S09,math_train_geometry_836,geometry,False,False,False,False,False,[],"[""equation"", ""integer""]",subject
number_theory_a4f64c60a5009d0c,S09,math_train_geometry_845,geometry,False,False,False,False,False,[],"[""equation"", ""integer""]",subject
number_theory_a4f64c60a5009d0c,S09,math_train_geometry_849,geometry,False,False,False,False,False,"[""circle"", ""factorization""]","[""equation"", ""integer""]",subject
number_theory_a4f64c60a5009d0c,S09,math_train_geometry_855,geometry,False,False,False,False,False,"[""area""]","[""equation"", ""integer""]",subject
number_theory_a4f64c60a5009d0c,S09,math_train_geometry_863,geometry,False,False,False,False,False,"[""quadratic"", ""triangle""]","[""equation"", ""integer""]",subject
number_theory_a4f64c60a5009d0c,S09,math_train_intermediate_algebra_1034,intermediate_algebra,False,False,False,False,False,"[""positive""]","[""equation"", ""integer""]",subject
number_theory_a4f64c60a5009d0c,S09,math_train_intermediate_algebra_1059,intermediate_algebra,False,False,False,False,False,[],"[""equation"", ""integer""]",subject
number_theory_a4f64c60a5009d0c,S09,math_train_intermediate_algebra_1060,intermediate_algebra,False,False,False,False,False,[],"[""equation"", ""integer""]",subject
number_theory_a4f64c60a5009d0c,S09,math_train_intermediate_algebra_1103,intermediate_algebra,False,False,False,False,False,"[""rational""]","[""equation"", ""integer""]",subject
number_theory_a4f64c60a5009d0c,S09,math_train_intermediate_algebra_1115,intermediate_algebra,False,False,False,False,False,"[""quadratic""]","[""equation"", ""integer""]",subject
number_theory_a4f64c60a5009d0c,S09,math_train_intermediate_algebra_1145,intermediate_algebra,False,False,False,False,False,"[""positive"", ""rational""]","[""equation"", ""integer""]",subject
number_theory_a4f64c60a5009d0c,S09,math_train_intermediate_algebra_1156,intermediate_algebra,False,False,False,False,False,"[""quadratic"", ""rational""]","[""equation"", ""integer""]",subject
number_theory_a4f64c60a5009d0c,S09,math_train_intermediate_algebra_1164,intermediate_algebra,False,False,False,False,False,"[""quadratic""]","[""equation"", ""integer""]",subject
number_theory_a4f64c60a5009d0c,S09,math_train_intermediate_algebra_1183,intermediate_algebra,False,True,False,False,False,"[""integer"", ""positive"", ""quadratic""]","[""equation""]",subject
number_theory_a4f64c60a5009d0c,S09,math_train_intermediate_algebra_1292,intermediate_algebra,False,False,False,False,False,"[""equation"", ""quadratic"", ""ratio"", ""rational""]","[""integer""]",subject
number_theory_a4f64c60a5009d0c,S09,math_train_intermediate_algebra_164,intermediate_algebra,False,False,False,False,False,"[""composition""]","[""equation"", ""integer""]",subject
number_theory_a4f64c60a5009d0c,S09,math_train_intermediate_algebra_178,intermediate_algebra,False,False,False,False,False,"[""equation"", ""quadratic""]","[""integer""]",subject
number_theory_a4f64c60a5009d0c,S09,math_train_intermediate_algebra_181,intermediate_algebra,False,True,False,False,False,"[""integer"", ""positive""]","[""equation""]",subject
number_theory_a4f64c60a5009d0c,S09,math_train_intermediate_algebra_263,intermediate_algebra,False,False,False,False,False,"[""quadratic""]","[""equation"", ""integer""]",subject
number_theory_a4f64c60a5009d0c,S09,math_train_intermediate_algebra_275,intermediate_algebra,False,False,False,False,False,"[""quadratic""]","[""equation"", ""integer""]",subject
number_theory_a4f64c60a5009d0c,S09,math_train_intermediate_algebra_296,intermediate_algebra,False,False,False,False,False,"[""positive"", ""rational""]","[""equation"", ""integer""]",subject
number_theory_a4f64c60a5009d0c,S09,math_train_intermediate_algebra_300,intermediate_algebra,False,False,False,False,False,"[""nonzero"", ""polynomial"", ""ratio"", ""rational""]","[""equation"", ""integer""]",subject
number_theory_a4f64c60a5009d0c,S09,math_train_intermediate_algebra_315,intermediate_algebra,False,False,False,False,False,"[""rational""]","[""equation"", ""integer""]",subject
number_theory_a4f64c60a5009d0c,S09,math_train_intermediate_algebra_340,intermediate_algebra,False,False,False,False,False,[],"[""equation"", ""integer""]",subject
number_theory_a4f64c60a5009d0c,S09,math_train_intermediate_algebra_345,intermediate_algebra,False,False,False,False,False,[],"[""equation"", ""integer""]",subject
number_theory_a4f64c60a5009d0c,S09,math_train_intermediate_algebra_359,intermediate_algebra,False,False,False,False,False,"[""ratio"", ""rational""]","[""equation"", ""integer""]",subject
number_theory_a4f64c60a5009d0c,S09,math_train_intermediate_algebra_363,intermediate_algebra,False,False,False,False,False,"[""positive""]","[""equation"", ""integer""]",subject
number_theory_a4f64c60a5009d0c,S09,math_train_intermediate_algebra_39,intermediate_algebra,False,False,False,False,False,"[""quadratic""]","[""equation"", ""integer""]",subject
number_theory_a4f64c60a5009d0c,S09,math_train_intermediate_algebra_437,intermediate_algebra,False,False,False,False,False,"[""quadratic""]","[""equation"", ""integer""]",subject
number_theory_a4f64c60a5009d0c,S09,math_train_intermediate_algebra_452,intermediate_algebra,False,False,False,False,False,"[""positive"", ""quadratic""]","[""equation"", ""integer""]",subject
number_theory_a4f64c60a5009d0c,S09,math_train_intermediate_algebra_455,intermediate_algebra,False,False,False,False,False,"[""quadratic"", ""rational""]","[""equation"", ""integer""]",subject
number_theory_a4f64c60a5009d0c,S09,math_train_intermediate_algebra_473,intermediate_algebra,False,False,False,False,False,[],"[""equation"", ""integer""]",subject
number_theory_a4f64c60a5009d0c,S09,math_train_intermediate_algebra_503,intermediate_algebra,False,True,False,False,False,"[""integer"", ""unit_rate""]","[""equation""]",subject
number_theory_a4f64c60a5009d0c,S09,math_train_intermediate_algebra_532,intermediate_algebra,False,False,False,False,False,"[""equation"", ""quadratic"", ""ratio"", ""rational""]","[""integer""]",subject
number_theory_a4f64c60a5009d0c,S09,math_train_intermediate_algebra_542,intermediate_algebra,False,False,False,False,False,"[""polynomial"", ""quadratic""]","[""equation"", ""integer""]",subject
number_theory_a4f64c60a5009d0c,S09,math_train_intermediate_algebra_543,intermediate_algebra,False,False,False,False,False,"[""quadratic"", ""rational""]","[""equation"", ""integer""]",subject
number_theory_a4f64c60a5009d0c,S09,math_train_intermediate_algebra_556,intermediate_algebra,False,True,True,False,False,"[""equation"", ""integer"", ""positive"", ""quadratic""]",[],subject
number_theory_a4f64c60a5009d0c,S09,math_train_intermediate_algebra_56,intermediate_algebra,False,False,False,False,False,"[""quadratic"", ""rational"", ""unit_rate""]","[""equation"", ""integer""]",subject
number_theory_a4f64c60a5009d0c,S09,math_train_intermediate_algebra_597,intermediate_algebra,False,False,False,False,False,"[""divisibility"", ""modular""]","[""equation"", ""integer""]",subject
number_theory_a4f64c60a5009d0c,S09,math_train_intermediate_algebra_598,intermediate_algebra,False,False,False,False,False,"[""rational""]","[""equation"", ""integer""]",subject
number_theory_a4f64c60a5009d0c,S09,math_train_intermediate_algebra_624,intermediate_algebra,False,True,False,False,False,"[""integer"", ""positive"", ""quadratic""]","[""equation""]",subject
number_theory_a4f64c60a5009d0c,S09,math_train_intermediate_algebra_653,intermediate_algebra,False,False,False,False,False,"[""divisibility"", ""modular""]","[""equation"", ""integer""]",subject
number_theory_a4f64c60a5009d0c,S09,math_train_intermediate_algebra_675,intermediate_algebra,False,False,False,False,False,[],"[""equation"", ""integer""]",subject
number_theory_a4f64c60a5009d0c,S09,math_train_intermediate_algebra_702,intermediate_algebra,False,False,False,False,False,[],"[""equation"", ""integer""]",subject
number_theory_a4f64c60a5009d0c,S09,math_train_intermediate_algebra_706,intermediate_algebra,False,True,True,False,False,"[""equation"", ""integer"", ""quadratic"", ""rational""]",[],subject
number_theory_a4f64c60a5009d0c,S09,math_train_intermediate_algebra_720,intermediate_algebra,False,False,False,False,False,"[""nonzero"", ""polynomial"", ""quadratic"", ""rational""]","[""equation"", ""integer""]",subject
number_theory_a4f64c60a5009d0c,S09,math_train_intermediate_algebra_760,intermediate_algebra,False,True,False,False,False,"[""integer""]","[""equation""]",subject
number_theory_a4f64c60a5009d0c,S09,math_train_intermediate_algebra_78,intermediate_algebra,False,False,False,False,False,"[""rational""]","[""equation"", ""integer""]",subject
number_theory_a4f64c60a5009d0c,S09,math_train_intermediate_algebra_899,intermediate_algebra,False,True,True,False,False,"[""equation"", ""integer"", ""polynomial"", ""ratio"", ""rational""]",[],subject
number_theory_a4f64c60a5009d0c,S09,math_train_intermediate_algebra_922,intermediate_algebra,False,False,False,False,False,"[""positive"", ""rational""]","[""equation"", ""integer""]",subject
number_theory_a4f64c60a5009d0c,S09,math_train_intermediate_algebra_954,intermediate_algebra,False,False,False,False,False,"[""factorization"", ""quadratic""]","[""equation"", ""integer""]",subject
number_theory_a4f64c60a5009d0c,S09,math_train_intermediate_algebra_967,intermediate_algebra,False,False,False,False,False,"[""divisibility"", ""quadratic""]","[""equation"", ""integer""]",subject
number_theory_a4f64c60a5009d0c,S09,math_train_intermediate_algebra_974,intermediate_algebra,False,False,False,False,False,"[""rational""]","[""equation"", ""integer""]",subject
number_theory_a4f64c60a5009d0c,S09,math_train_intermediate_algebra_993,intermediate_algebra,False,False,False,False,False,"[""divisibility"", ""modular"", ""polynomial""]","[""equation"", ""integer""]",subject
number_theory_a4f64c60a5009d0c,S09,math_train_intermediate_algebra_999,intermediate_algebra,False,False,False,False,False,"[""polynomial"", ""quadratic""]","[""equation"", ""integer""]",subject
number_theory_a4f64c60a5009d0c,S09,math_train_number_theory_101,number_theory,True,False,False,True,False,"[""modular"", ""probability""]","[""equation"", ""integer""]",trigger
number_theory_a4f64c60a5009d0c,S09,math_train_number_theory_113,number_theory,True,False,False,False,False,"[""divisibility""]","[""equation"", ""integer""]",trigger
number_theory_a4f64c60a5009d0c,S09,math_train_number_theory_153,number_theory,True,True,False,False,False,"[""integer"", ""positive""]","[""equation""]",preconditions
number_theory_a4f64c60a5009d0c,S09,math_train_number_theory_175,number_theory,True,False,False,False,False,"[""positive""]","[""equation"", ""integer""]",trigger
number_theory_a4f64c60a5009d0c,S09,math_train_number_theory_181,number_theory,True,False,False,False,False,"[""positive""]","[""equation"", ""integer""]",trigger
number_theory_a4f64c60a5009d0c,S09,math_train_number_theory_187,number_theory,True,False,False,False,False,"[""divisibility""]","[""equation"", ""integer""]",trigger
number_theory_a4f64c60a5009d0c,S09,math_train_number_theory_196,number_theory,True,False,False,False,False,"[""unit_rate""]","[""equation"", ""integer""]",trigger
number_theory_a4f64c60a5009d0c,S09,math_train_number_theory_203,number_theory,True,False,False,False,False,"[""factorization"", ""positive""]","[""equation"", ""integer""]",trigger
number_theory_a4f64c60a5009d0c,S09,math_train_number_theory_221,number_theory,True,False,False,False,False,"[""quadratic""]","[""equation"", ""integer""]",trigger
number_theory_a4f64c60a5009d0c,S09,math_train_number_theory_229,number_theory,True,True,False,False,False,"[""integer""]","[""equation""]",preconditions
number_theory_a4f64c60a5009d0c,S09,math_train_number_theory_237,number_theory,True,False,False,False,False,"[""divisibility"", ""modular""]","[""equation"", ""integer""]",trigger
number_theory_a4f64c60a5009d0c,S09,math_train_number_theory_252,number_theory,True,False,False,False,False,[],"[""equation"", ""integer""]",trigger
number_theory_a4f64c60a5009d0c,S09,math_train_number_theory_257,number_theory,True,True,False,False,False,"[""integer"", ""rational""]","[""equation""]",preconditions
number_theory_a4f64c60a5009d0c,S09,math_train_number_theory_272,number_theory,True,False,False,False,False,"[""factorization""]","[""equation"", ""integer""]",trigger
number_theory_a4f64c60a5009d0c,S09,math_train_number_theory_274,number_theory,True,True,False,False,False,"[""divisibility"", ""integer"", ""positive""]","[""equation""]",preconditions
number_theory_a4f64c60a5009d0c,S09,math_train_number_theory_282,number_theory,True,True,False,False,False,"[""divisibility"", ""integer"", ""modular"", ""positive""]","[""equation""]",preconditions
number_theory_a4f64c60a5009d0c,S09,math_train_number_theory_297,number_theory,True,False,False,False,False,"[""divisibility"", ""modular""]","[""equation"", ""integer""]",trigger
number_theory_a4f64c60a5009d0c,S09,math_train_number_theory_298,number_theory,True,False,False,False,False,[],"[""equation"", ""integer""]",trigger
number_theory_a4f64c60a5009d0c,S09,math_train_number_theory_329,number_theory,True,False,False,False,False,[],"[""equation"", ""integer""]",trigger
number_theory_a4f64c60a5009d0c,S09,math_train_number_theory_339,number_theory,True,True,False,False,False,"[""integer"", ""modular""]","[""equation""]",preconditions
number_theory_a4f64c60a5009d0c,S09,math_train_number_theory_366,number_theory,True,True,False,False,False,"[""integer"", ""modular""]","[""equation""]",preconditions
number_theory_a4f64c60a5009d0c,S09,math_train_number_theory_371,number_theory,True,True,False,False,False,"[""gcd_lcm"", ""integer"", ""positive"", ""quadratic""]","[""equation""]",preconditions
number_theory_a4f64c60a5009d0c,S09,math_train_number_theory_374,number_theory,True,False,False,False,False,"[""counting""]","[""equation"", ""integer""]",trigger
number_theory_a4f64c60a5009d0c,S09,math_train_number_theory_403,number_theory,True,True,False,False,False,"[""gcd_lcm"", ""integer"", ""positive"", ""rational""]","[""equation""]",preconditions
number_theory_a4f64c60a5009d0c,S09,math_train_number_theory_448,number_theory,True,False,False,False,False,"[""divisibility""]","[""equation"", ""integer""]",trigger
number_theory_a4f64c60a5009d0c,S09,math_train_number_theory_490,number_theory,True,False,False,False,False,"[""factorization"", ""gcd_lcm"", ""prime""]","[""equation"", ""integer""]",trigger
number_theory_a4f64c60a5009d0c,S09,math_train_number_theory_51,number_theory,True,False,False,False,False,"[""positive""]","[""equation"", ""integer""]",trigger
number_theory_a4f64c60a5009d0c,S09,math_train_number_theory_510,number_theory,True,False,False,False,False,"[""prime""]","[""equation"", ""integer""]",trigger
number_theory_a4f64c60a5009d0c,S09,math_train_number_theory_528,number_theory,True,True,False,False,False,"[""integer""]","[""equation""]",preconditions
number_theory_a4f64c60a5009d0c,S09,math_train_number_theory_541,number_theory,True,False,False,False,False,"[""divisibility""]","[""equation"", ""integer""]",trigger
number_theory_a4f64c60a5009d0c,S09,math_train_number_theory_555,number_theory,True,True,False,False,False,"[""divisibility"", ""integer"", ""positive""]","[""equation""]",preconditions
number_theory_a4f64c60a5009d0c,S09,math_train_number_theory_576,number_theory,True,True,False,False,False,"[""integer"", ""positive"", ""rational""]","[""equation""]",preconditions
number_theory_a4f64c60a5009d0c,S09,math_train_number_theory_598,number_theory,True,False,False,False,False,[],"[""equation"", ""integer""]",trigger
number_theory_a4f64c60a5009d0c,S09,math_train_number_theory_608,number_theory,True,False,False,False,False,"[""positive""]","[""equation"", ""integer""]",trigger
number_theory_a4f64c60a5009d0c,S09,math_train_number_theory_617,number_theory,True,False,False,False,False,"[""prime""]","[""equation"", ""integer""]",trigger
number_theory_a4f64c60a5009d0c,S09,math_train_number_theory_629,number_theory,True,True,False,False,False,"[""integer""]","[""equation""]",preconditions
number_theory_a4f64c60a5009d0c,S09,math_train_number_theory_653,number_theory,True,True,False,False,False,"[""divisibility"", ""integer"", ""modular""]","[""equation""]",preconditions
number_theory_a4f64c60a5009d0c,S09,math_train_number_theory_691,number_theory,True,False,False,False,False,"[""divisibility""]","[""equation"", ""integer""]",trigger
number_theory_a4f64c60a5009d0c,S09,math_train_number_theory_705,number_theory,True,False,False,False,False,"[""rational""]","[""equation"", ""integer""]",trigger
number_theory_a4f64c60a5009d0c,S09,math_train_number_theory_713,number_theory,True,True,False,False,False,"[""integer"", ""positive"", ""rational""]","[""equation""]",preconditions
number_theory_a4f64c60a5009d0c,S09,math_train_number_theory_717,number_theory,True,True,False,False,False,"[""divisibility"", ""integer"", ""modular""]","[""equation""]",preconditions
number_theory_a4f64c60a5009d0c,S09,math_train_number_theory_733,number_theory,True,False,False,False,False,"[""gcd_lcm""]","[""equation"", ""integer""]",trigger
number_theory_a4f64c60a5009d0c,S09,math_train_number_theory_740,number_theory,True,True,False,False,False,"[""integer""]","[""equation""]",preconditions
number_theory_a4f64c60a5009d0c,S09,math_train_number_theory_741,number_theory,True,False,False,False,False,"[""divisibility"", ""modular""]","[""equation"", ""integer""]",trigger
number_theory_a4f64c60a5009d0c,S09,math_train_number_theory_744,number_theory,True,False,False,False,False,"[""counting"", ""factorization"", ""positive"", ""prime""]","[""equation"", ""integer""]",trigger
number_theory_a4f64c60a5009d0c,S09,math_train_number_theory_78,number_theory,True,True,False,False,False,"[""integer"", ""modular""]","[""equation""]",preconditions
number_theory_a4f64c60a5009d0c,S09,math_train_number_theory_818,number_theory,True,False,False,False,False,[],"[""equation"", ""integer""]",trigger
number_theory_a4f64c60a5009d0c,S09,math_train_number_theory_828,number_theory,True,False,False,False,False,"[""gcd_lcm""]","[""equation"", ""integer""]",trigger
number_theory_a4f64c60a5009d0c,S09,math_train_number_theory_83,number_theory,True,True,False,False,False,"[""integer"", ""modular"", ""positive""]","[""equation""]",preconditions
number_theory_a4f64c60a5009d0c,S09,math_train_number_theory_848,number_theory,True,False,False,False,False,"[""divisibility"", ""modular""]","[""equation"", ""integer""]",trigger
number_theory_a4f64c60a5009d0c,S09,math_train_prealgebra_1012,prealgebra,False,False,False,False,False,"[""unit_rate""]","[""equation"", ""integer""]",subject
number_theory_a4f64c60a5009d0c,S09,math_train_prealgebra_1021,prealgebra,False,False,False,False,False,[],"[""equation"", ""integer""]",subject
number_theory_a4f64c60a5009d0c,S09,math_train_prealgebra_1023,prealgebra,False,False,False,False,False,"[""area""]","[""equation"", ""integer""]",subject
number_theory_a4f64c60a5009d0c,S09,math_train_prealgebra_105,prealgebra,False,False,False,False,False,"[""unit_rate""]","[""equation"", ""integer""]",subject
number_theory_a4f64c60a5009d0c,S09,math_train_prealgebra_1072,prealgebra,False,False,False,False,False,"[""area""]","[""equation"", ""integer""]",subject
number_theory_a4f64c60a5009d0c,S09,math_train_prealgebra_1079,prealgebra,False,False,False,False,False,[],"[""equation"", ""integer""]",subject
number_theory_a4f64c60a5009d0c,S09,math_train_prealgebra_1107,prealgebra,False,False,False,False,False,"[""area"", ""circle""]","[""equation"", ""integer""]",subject
number_theory_a4f64c60a5009d0c,S09,math_train_prealgebra_1140,prealgebra,False,False,False,False,False,[],"[""equation"", ""integer""]",subject
number_theory_a4f64c60a5009d0c,S09,math_train_prealgebra_116,prealgebra,False,False,False,False,False,[],"[""equation"", ""integer""]",subject
number_theory_a4f64c60a5009d0c,S09,math_train_prealgebra_1184,prealgebra,False,False,False,False,False,"[""equation"", ""rational""]","[""integer""]",subject
number_theory_a4f64c60a5009d0c,S09,math_train_prealgebra_125,prealgebra,False,False,False,False,False,"[""counting"", ""unit_rate""]","[""equation"", ""integer""]",subject
number_theory_a4f64c60a5009d0c,S09,math_train_prealgebra_158,prealgebra,False,False,False,False,False,[],"[""equation"", ""integer""]",subject
number_theory_a4f64c60a5009d0c,S09,math_train_prealgebra_167,prealgebra,False,False,False,False,False,"[""rational""]","[""equation"", ""integer""]",subject
number_theory_a4f64c60a5009d0c,S09,math_train_prealgebra_206,prealgebra,False,False,False,False,False,"[""area"", ""circle"", ""ratio"", ""rational""]","[""equation"", ""integer""]",subject
number_theory_a4f64c60a5009d0c,S09,math_train_prealgebra_219,prealgebra,False,False,False,False,False,[],"[""equation"", ""integer""]",subject
number_theory_a4f64c60a5009d0c,S09,math_train_prealgebra_23,prealgebra,False,False,False,False,False,"[""rational""]","[""equation"", ""integer""]",subject
number_theory_a4f64c60a5009d0c,S09,math_train_prealgebra_231,prealgebra,False,False,False,False,False,"[""circle""]","[""equation"", ""integer""]",subject
number_theory_a4f64c60a5009d0c,S09,math_train_prealgebra_235,prealgebra,False,False,False,False,False,"[""counting""]","[""equation"", ""integer""]",subject
number_theory_a4f64c60a5009d0c,S09,math_train_prealgebra_307,prealgebra,False,False,False,False,False,"[""area""]","[""equation"", ""integer""]",subject
number_theory_a4f64c60a5009d0c,S09,math_train_prealgebra_321,prealgebra,False,False,False,False,False,[],"[""equation"", ""integer""]",subject
number_theory_a4f64c60a5009d0c,S09,math_train_prealgebra_35,prealgebra,False,False,False,False,False,[],"[""equation"", ""integer""]",subject
number_theory_a4f64c60a5009d0c,S09,math_train_prealgebra_361,prealgebra,False,False,False,False,False,"[""ratio"", ""unit_rate""]","[""equation"", ""integer""]",subject
number_theory_a4f64c60a5009d0c,S09,math_train_prealgebra_379,prealgebra,False,False,False,False,False,[],"[""equation"", ""integer""]",subject
number_theory_a4f64c60a5009d0c,S09,math_train_prealgebra_412,prealgebra,False,False,False,False,False,[],"[""equation"", ""integer""]",subject
number_theory_a4f64c60a5009d0c,S09,math_train_prealgebra_427,prealgebra,False,False,False,False,False,[],"[""equation"", ""integer""]",subject
number_theory_a4f64c60a5009d0c,S09,math_train_prealgebra_43,prealgebra,False,False,False,False,False,"[""area"", ""triangle""]","[""equation"", ""integer""]",subject
number_theory_a4f64c60a5009d0c,S09,math_train_prealgebra_431,prealgebra,False,False,False,False,False,[],"[""equation"", ""integer""]",subject
number_theory_a4f64c60a5009d0c,S09,math_train_prealgebra_438,prealgebra,False,False,False,False,False,[],"[""equation"", ""integer""]",subject
number_theory_a4f64c60a5009d0c,S09,math_train_prealgebra_443,prealgebra,False,False,False,False,False,[],"[""equation"", ""integer""]",subject
number_theory_a4f64c60a5009d0c,S09,math_train_prealgebra_465,prealgebra,False,True,False,False,False,"[""integer"", ""positive""]","[""equation""]",subject
number_theory_a4f64c60a5009d0c,S09,math_train_prealgebra_514,prealgebra,False,False,False,False,False,[],"[""equation"", ""integer""]",subject
number_theory_a4f64c60a5009d0c,S09,math_train_prealgebra_515,prealgebra,False,False,False,False,False,[],"[""equation"", ""integer""]",subject
number_theory_a4f64c60a5009d0c,S09,math_train_prealgebra_527,prealgebra,False,False,False,False,False,"[""area""]","[""equation"", ""integer""]",subject
number_theory_a4f64c60a5009d0c,S09,math_train_prealgebra_549,prealgebra,False,False,False,False,False,"[""triangle""]","[""equation"", ""integer""]",subject
number_theory_a4f64c60a5009d0c,S09,math_train_prealgebra_557,prealgebra,False,False,False,False,False,[],"[""equation"", ""integer""]",subject
number_theory_a4f64c60a5009d0c,S09,math_train_prealgebra_561,prealgebra,False,False,False,False,False,"[""unit_rate""]","[""equation"", ""integer""]",subject
number_theory_a4f64c60a5009d0c,S09,math_train_prealgebra_594,prealgebra,False,False,False,False,False,[],"[""equation"", ""integer""]",subject
number_theory_a4f64c60a5009d0c,S09,math_train_prealgebra_596,prealgebra,False,False,False,False,False,"[""counting""]","[""equation"", ""integer""]",subject
number_theory_a4f64c60a5009d0c,S09,math_train_prealgebra_621,prealgebra,False,False,False,False,False,"[""rational""]","[""equation"", ""integer""]",subject
number_theory_a4f64c60a5009d0c,S09,math_train_prealgebra_721,prealgebra,False,False,False,False,False,"[""divisibility""]","[""equation"", ""integer""]",subject
number_theory_a4f64c60a5009d0c,S09,math_train_prealgebra_738,prealgebra,False,False,False,False,False,[],"[""equation"", ""integer""]",subject
number_theory_a4f64c60a5009d0c,S09,math_train_prealgebra_750,prealgebra,False,False,False,False,False,"[""rational""]","[""equation"", ""integer""]",subject
number_theory_a4f64c60a5009d0c,S09,math_train_prealgebra_769,prealgebra,False,False,False,False,False,[],"[""equation"", ""integer""]",subject
number_theory_a4f64c60a5009d0c,S09,math_train_prealgebra_86,prealgebra,False,True,False,False,False,"[""area"", ""circle"", ""integer""]","[""equation""]",subject
number_theory_a4f64c60a5009d0c,S09,math_train_prealgebra_895,prealgebra,False,True,False,False,False,"[""integer"", ""positive""]","[""equation""]",subject
number_theory_a4f64c60a5009d0c,S09,math_train_prealgebra_91,prealgebra,False,False,False,False,False,[],"[""equation"", ""integer""]",subject
number_theory_a4f64c60a5009d0c,S09,math_train_prealgebra_913,prealgebra,False,False,False,False,False,[],"[""equation"", ""integer""]",subject
number_theory_a4f64c60a5009d0c,S09,math_train_prealgebra_921,prealgebra,False,False,False,False,False,[],"[""equation"", ""integer""]",subject
number_theory_a4f64c60a5009d0c,S09,math_train_prealgebra_953,prealgebra,False,False,False,False,False,[],"[""equation"", ""integer""]",subject
number_theory_a4f64c60a5009d0c,S09,math_train_prealgebra_972,prealgebra,False,False,False,False,False,"[""area"", ""circle"", ""quadratic""]","[""equation"", ""integer""]",subject
number_theory_a4f64c60a5009d0c,S09,math_train_precalculus_106,precalculus,False,False,False,False,False,"[""area"", ""triangle""]","[""equation"", ""integer""]",subject
number_theory_a4f64c60a5009d0c,S09,math_train_precalculus_108,precalculus,False,False,False,False,False,[],"[""equation"", ""integer""]",subject
number_theory_a4f64c60a5009d0c,S09,math_train_precalculus_114,precalculus,False,False,False,False,False,[],"[""equation"", ""integer""]",subject
number_theory_a4f64c60a5009d0c,S09,math_train_precalculus_118,precalculus,False,False,False,True,False,"[""rational"", ""trigonometric""]","[""equation"", ""integer""]",subject
number_theory_a4f64c60a5009d0c,S09,math_train_precalculus_119,precalculus,False,False,False,True,False,"[""trigonometric""]","[""equation"", ""integer""]",subject
number_theory_a4f64c60a5009d0c,S09,math_train_precalculus_189,precalculus,False,False,False,False,False,"[""quadratic"", ""rational""]","[""equation"", ""integer""]",subject
number_theory_a4f64c60a5009d0c,S09,math_train_precalculus_2,precalculus,False,False,False,False,False,[],"[""equation"", ""integer""]",subject
number_theory_a4f64c60a5009d0c,S09,math_train_precalculus_205,precalculus,False,False,False,False,False,[],"[""equation"", ""integer""]",subject
number_theory_a4f64c60a5009d0c,S09,math_train_precalculus_215,precalculus,False,False,False,False,False,[],"[""equation"", ""integer""]",subject
number_theory_a4f64c60a5009d0c,S09,math_train_precalculus_22,precalculus,False,False,False,False,False,[],"[""equation"", ""integer""]",subject
number_theory_a4f64c60a5009d0c,S09,math_train_precalculus_230,precalculus,False,False,False,False,False,"[""area"", ""triangle""]","[""equation"", ""integer""]",subject
number_theory_a4f64c60a5009d0c,S09,math_train_precalculus_238,precalculus,False,False,False,False,False,[],"[""equation"", ""integer""]",subject
number_theory_a4f64c60a5009d0c,S09,math_train_precalculus_250,precalculus,False,False,False,True,False,"[""circle"", ""equation"", ""rational"", ""trigonometric""]","[""integer""]",subject
number_theory_a4f64c60a5009d0c,S09,math_train_precalculus_259,precalculus,False,False,False,False,False,[],"[""equation"", ""integer""]",subject
number_theory_a4f64c60a5009d0c,S09,math_train_precalculus_27,precalculus,False,False,False,False,False,"[""triangle""]","[""equation"", ""integer""]",subject
number_theory_a4f64c60a5009d0c,S09,math_train_precalculus_293,precalculus,False,False,False,False,False,"[""area"", ""triangle""]","[""equation"", ""integer""]",subject
number_theory_a4f64c60a5009d0c,S09,math_train_precalculus_349,precalculus,False,False,False,False,False,"[""circle"", ""equation""]","[""integer""]",subject
number_theory_a4f64c60a5009d0c,S09,math_train_precalculus_355,precalculus,False,False,False,False,False,"[""circle""]","[""equation"", ""integer""]",subject
number_theory_a4f64c60a5009d0c,S09,math_train_precalculus_415,precalculus,False,False,False,False,False,"[""area"", ""triangle""]","[""equation"", ""integer""]",subject
number_theory_a4f64c60a5009d0c,S09,math_train_precalculus_419,precalculus,False,False,False,False,False,"[""quadratic"", ""triangle""]","[""equation"", ""integer""]",subject
number_theory_a4f64c60a5009d0c,S09,math_train_precalculus_423,precalculus,False,False,False,False,False,[],"[""equation"", ""integer""]",subject
number_theory_a4f64c60a5009d0c,S09,math_train_precalculus_445,precalculus,False,False,False,False,False,"[""triangle"", ""unit_rate""]","[""equation"", ""integer""]",subject
number_theory_a4f64c60a5009d0c,S09,math_train_precalculus_461,precalculus,False,False,False,False,False,[],"[""equation"", ""integer""]",subject
number_theory_a4f64c60a5009d0c,S09,math_train_precalculus_471,precalculus,False,False,False,True,False,"[""trigonometric""]","[""equation"", ""integer""]",subject
number_theory_a4f64c60a5009d0c,S09,math_train_precalculus_479,precalculus,False,True,False,False,False,"[""gcd_lcm"", ""integer"", ""rational""]","[""equation""]",subject
number_theory_a4f64c60a5009d0c,S09,math_train_precalculus_492,precalculus,False,False,False,False,False,"[""rational""]","[""equation"", ""integer""]",subject
number_theory_a4f64c60a5009d0c,S09,math_train_precalculus_505,precalculus,False,True,False,False,False,"[""integer"", ""nonzero"", ""quadratic""]","[""equation""]",subject
number_theory_a4f64c60a5009d0c,S09,math_train_precalculus_512,precalculus,False,False,False,False,False,"[""rational""]","[""equation"", ""integer""]",subject
number_theory_a4f64c60a5009d0c,S09,math_train_precalculus_517,precalculus,False,False,False,False,False,"[""quadratic""]","[""equation"", ""integer""]",subject
number_theory_a4f64c60a5009d0c,S09,math_train_precalculus_52,precalculus,False,False,False,False,False,"[""quadratic""]","[""equation"", ""integer""]",subject
number_theory_a4f64c60a5009d0c,S09,math_train_precalculus_522,precalculus,False,False,False,False,False,[],"[""equation"", ""integer""]",subject
number_theory_a4f64c60a5009d0c,S09,math_train_precalculus_523,precalculus,False,False,False,True,False,"[""quadratic"", ""trigonometric""]","[""equation"", ""integer""]",subject
number_theory_a4f64c60a5009d0c,S09,math_train_precalculus_557,precalculus,False,False,False,False,False,[],"[""equation"", ""integer""]",subject
number_theory_a4f64c60a5009d0c,S09,math_train_precalculus_559,precalculus,False,False,False,True,False,"[""rational"", ""trigonometric""]","[""equation"", ""integer""]",subject
number_theory_a4f64c60a5009d0c,S09,math_train_precalculus_565,precalculus,False,False,False,False,False,[],"[""equation"", ""integer""]",subject
number_theory_a4f64c60a5009d0c,S09,math_train_precalculus_568,precalculus,False,True,False,False,False,"[""integer"", ""positive"", ""rational""]","[""equation""]",subject
number_theory_a4f64c60a5009d0c,S09,math_train_precalculus_574,precalculus,False,False,False,False,False,[],"[""equation"", ""integer""]",subject
number_theory_a4f64c60a5009d0c,S09,math_train_precalculus_622,precalculus,False,True,False,True,False,"[""integer"", ""rational"", ""trigonometric""]","[""equation""]",subject
number_theory_a4f64c60a5009d0c,S09,math_train_precalculus_628,precalculus,False,True,False,False,False,"[""integer"", ""quadratic""]","[""equation""]",subject
number_theory_a4f64c60a5009d0c,S09,math_train_precalculus_646,precalculus,False,False,False,False,False,[],"[""equation"", ""integer""]",subject
number_theory_a4f64c60a5009d0c,S09,math_train_precalculus_650,precalculus,False,False,False,False,False,[],"[""equation"", ""integer""]",subject
number_theory_a4f64c60a5009d0c,S09,math_train_precalculus_656,precalculus,False,False,False,True,False,"[""trigonometric""]","[""equation"", ""integer""]",subject
number_theory_a4f64c60a5009d0c,S09,math_train_precalculus_687,precalculus,False,False,False,False,False,[],"[""equation"", ""integer""]",subject
number_theory_a4f64c60a5009d0c,S09,math_train_precalculus_718,precalculus,False,False,False,False,False,"[""nonzero"", ""quadratic"", ""rational""]","[""equation"", ""integer""]",subject
number_theory_a4f64c60a5009d0c,S09,math_train_precalculus_72,precalculus,False,False,False,False,False,"[""polynomial"", ""unit_rate""]","[""equation"", ""integer""]",subject
number_theory_a4f64c60a5009d0c,S09,math_train_precalculus_723,precalculus,False,False,False,False,False,"[""area"", ""triangle""]","[""equation"", ""integer""]",subject
number_theory_a4f64c60a5009d0c,S09,math_train_precalculus_726,precalculus,False,False,False,False,False,[],"[""equation"", ""integer""]",subject
number_theory_a4f64c60a5009d0c,S09,math_train_precalculus_733,precalculus,False,False,False,True,False,"[""trigonometric""]","[""equation"", ""integer""]",subject
number_theory_a4f64c60a5009d0c,S09,math_train_precalculus_8,precalculus,False,False,False,False,False,[],"[""equation"", ""integer""]",subject
number_theory_a4f64c60a5009d0c,S09,math_train_precalculus_88,precalculus,False,True,False,True,False,"[""integer"", ""trigonometric""]","[""equation""]",subject
number_theory_e7d46565b1c984a9,S10,math_train_algebra_1010,algebra,False,True,False,False,False,"[""equation"", ""rational""]","[""integer"", ""nonzero""]",subject
number_theory_e7d46565b1c984a9,S10,math_train_algebra_1018,algebra,False,True,False,False,False,"[""rational""]","[""integer"", ""nonzero""]",subject
number_theory_e7d46565b1c984a9,S10,math_train_algebra_1026,algebra,False,True,False,False,False,"[""equation"", ""quadratic"", ""rational"", ""unit_rate""]","[""integer"", ""nonzero""]",subject
number_theory_e7d46565b1c984a9,S10,math_train_algebra_1079,algebra,False,False,False,False,False,[],"[""integer"", ""nonzero""]",subject
number_theory_e7d46565b1c984a9,S10,math_train_algebra_1119,algebra,False,False,False,False,False,"[""integer"", ""quadratic""]","[""nonzero""]",subject
number_theory_e7d46565b1c984a9,S10,math_train_algebra_117,algebra,False,False,False,False,False,[],"[""integer"", ""nonzero""]",subject
number_theory_e7d46565b1c984a9,S10,math_train_algebra_1250,algebra,False,True,False,False,False,"[""rational""]","[""integer"", ""nonzero""]",subject
number_theory_e7d46565b1c984a9,S10,math_train_algebra_1327,algebra,False,False,False,False,False,"[""area"", ""integer""]","[""nonzero""]",subject
number_theory_e7d46565b1c984a9,S10,math_train_algebra_1334,algebra,False,False,False,False,False,[],"[""integer"", ""nonzero""]",subject
number_theory_e7d46565b1c984a9,S10,math_train_algebra_136,algebra,False,True,False,False,False,"[""rational"", ""unit_rate""]","[""integer"", ""nonzero""]",subject
number_theory_e7d46565b1c984a9,S10,math_train_algebra_1460,algebra,False,True,False,False,False,"[""positive"", ""rational""]","[""integer"", ""nonzero""]",subject
number_theory_e7d46565b1c984a9,S10,math_train_algebra_1469,algebra,False,False,False,False,False,"[""equation"", ""quadratic""]","[""integer"", ""nonzero""]",subject
number_theory_e7d46565b1c984a9,S10,math_train_algebra_152,algebra,False,False,False,False,False,[],"[""integer"", ""nonzero""]",subject
number_theory_e7d46565b1c984a9,S10,math_train_algebra_1538,algebra,False,False,False,False,False,[],"[""integer"", ""nonzero""]",subject
number_theory_e7d46565b1c984a9,S10,math_train_algebra_1599,algebra,False,False,False,False,False,[],"[""integer"", ""nonzero""]",subject
number_theory_e7d46565b1c984a9,S10,math_train_algebra_1621,algebra,False,False,False,False,False,[],"[""integer"", ""nonzero""]",subject
number_theory_e7d46565b1c984a9,S10,math_train_algebra_1641,algebra,False,False,False,False,False,[],"[""integer"", ""nonzero""]",subject
number_theory_e7d46565b1c984a9,S10,math_train_algebra_1644,algebra,False,False,False,False,False,[],"[""integer"", ""nonzero""]",subject
number_theory_e7d46565b1c984a9,S10,math_train_algebra_1716,algebra,False,False,False,False,False,"[""composition"", ""quadratic""]","[""integer"", ""nonzero""]",subject
number_theory_e7d46565b1c984a9,S10,math_train_algebra_1743,algebra,False,False,False,False,False,"[""integer"", ""positive""]","[""nonzero""]",subject
number_theory_e7d46565b1c984a9,S10,math_train_algebra_203,algebra,False,False,False,False,False,"[""area""]","[""integer"", ""nonzero""]",subject
number_theory_e7d46565b1c984a9,S10,math_train_algebra_204,algebra,False,True,False,False,False,"[""rational""]","[""integer"", ""nonzero""]",subject
number_theory_e7d46565b1c984a9,S10,math_train_algebra_206,algebra,False,False,False,False,False,"[""integer""]","[""nonzero""]",subject
number_theory_e7d46565b1c984a9,S10,math_train_algebra_221,algebra,False,False,False,False,False,"[""quadratic""]","[""integer"", ""nonzero""]",subject
number_theory_e7d46565b1c984a9,S10,math_train_algebra_222,algebra,False,False,False,False,False,[],"[""integer"", ""nonzero""]",subject
number_theory_e7d46565b1c984a9,S10,math_train_algebra_237,algebra,False,False,False,False,False,"[""quadratic""]","[""integer"", ""nonzero""]",subject
number_theory_e7d46565b1c984a9,S10,math_train_algebra_267,algebra,False,False,False,False,False,[],"[""integer"", ""nonzero""]",subject
number_theory_e7d46565b1c984a9,S10,math_train_algebra_334,algebra,False,False,False,False,False,"[""equation"", ""quadratic""]","[""integer"", ""nonzero""]",subject
number_theory_e7d46565b1c984a9,S10,math_train_algebra_336,algebra,False,False,False,False,False,"[""equation""]","[""integer"", ""nonzero""]",subject
number_theory_e7d46565b1c984a9,S10,math_train_algebra_348,algebra,False,True,False,False,False,"[""quadratic"", ""rational""]","[""integer"", ""nonzero""]",subject
number_theory_e7d46565b1c984a9,S10,math_train_algebra_35,algebra,False,False,False,False,False,"[""positive""]","[""integer"", ""nonzero""]",subject
number_theory_e7d46565b1c984a9,S10,math_train_algebra_42,algebra,False,True,False,False,False,"[""integer"", ""quadratic"", ""rational""]","[""nonzero""]",subject
number_theory_e7d46565b1c984a9,S10,math_train_algebra_432,algebra,False,False,False,False,False,[],"[""integer"", ""nonzero""]",subject
number_theory_e7d46565b1c984a9,S10,math_train_algebra_495,algebra,False,False,False,False,False,"[""positive"", ""quadratic""]","[""integer"", ""nonzero""]",subject
number_theory_e7d46565b1c984a9,S10,math_train_algebra_496,algebra,False,True,False,False,False,"[""rational""]","[""integer"", ""nonzero""]",subject
number_theory_e7d46565b1c984a9,S10,math_train_algebra_538,algebra,False,False,False,False,False,"[""quadratic""]","[""integer"", ""nonzero""]",subject
number_theory_e7d46565b1c984a9,S10,math_train_algebra_541,algebra,False,False,False,False,False,"[""quadratic""]","[""integer"", ""nonzero""]",subject
number_theory_e7d46565b1c984a9,S10,math_train_algebra_597,algebra,False,False,False,False,False,"[""integer"", ""positive""]","[""nonzero""]",subject
number_theory_e7d46565b1c984a9,S10,math_train_algebra_604,algebra,False,False,False,False,False,"[""quadratic""]","[""integer"", ""nonzero""]",subject
number_theory_e7d46565b1c984a9,S10,math_train_algebra_628,algebra,False,False,False,False,False,"[""equation"", ""integer"", ""quadratic""]","[""nonzero""]",subject
number_theory_e7d46565b1c984a9,S10,math_train_algebra_631,algebra,False,True,False,False,False,"[""integer"", ""rational""]","[""nonzero""]",subject
number_theory_e7d46565b1c984a9,S10,math_train_algebra_758,algebra,False,False,False,False,False,"[""equation"", ""quadratic"", ""unit_rate""]","[""integer"", ""nonzero""]",subject
number_theory_e7d46565b1c984a9,S10,math_train_algebra_764,algebra,False,False,False,False,False,"[""quadratic""]","[""integer"", ""nonzero""]",subject
number_theory_e7d46565b1c984a9,S10,math_train_algebra_883,algebra,False,False,False,False,False,"[""integer""]","[""nonzero""]",subject
number_theory_e7d46565b1c984a9,S10,math_train_algebra_906,algebra,False,True,False,False,False,"[""equation"", ""rational""]","[""integer"", ""nonzero""]",subject
number_theory_e7d46565b1c984a9,S10,math_train_algebra_928,algebra,False,False,False,False,False,"[""quadratic""]","[""integer"", ""nonzero""]",subject
number_theory_e7d46565b1c984a9,S10,math_train_algebra_941,algebra,False,False,False,False,False,"[""quadratic""]","[""integer"", ""nonzero""]",subject
number_theory_e7d46565b1c984a9,S10,math_train_algebra_949,algebra,False,False,False,False,False,[],"[""integer"", ""nonzero""]",subject
number_theory_e7d46565b1c984a9,S10,math_train_algebra_959,algebra,False,False,False,False,False,"[""equation"", ""quadratic""]","[""integer"", ""nonzero""]",subject
number_theory_e7d46565b1c984a9,S10,math_train_algebra_991,algebra,False,True,False,False,False,"[""nonzero"", ""rational""]","[""integer""]",subject
number_theory_e7d46565b1c984a9,S10,math_train_counting_probability_102,counting_probability,False,True,False,True,False,"[""probability"", ""rational""]","[""integer"", ""nonzero""]",subject
number_theory_e7d46565b1c984a9,S10,math_train_counting_probability_142,counting_probability,False,False,False,False,False,"[""prime""]","[""integer"", ""nonzero""]",subject
number_theory_e7d46565b1c984a9,S10,math_train_counting_probability_144,counting_probability,False,False,False,False,False,[],"[""integer"", ""nonzero""]",subject
number_theory_e7d46565b1c984a9,S10,math_train_counting_probability_15,counting_probability,False,False,False,False,False,"[""counting""]","[""integer"", ""nonzero""]",subject
number_theory_e7d46565b1c984a9,S10,math_train_counting_probability_151,counting_probability,False,False,False,False,False,"[""triangle""]","[""integer"", ""nonzero""]",subject
number_theory_e7d46565b1c984a9,S10,math_train_counting_probability_153,counting_probability,False,False,False,False,False,"[""counting""]","[""integer"", ""nonzero""]",subject
number_theory_e7d46565b1c984a9,S10,math_train_counting_probability_165,counting_probability,False,False,False,True,False,"[""probability"", ""unit_rate""]","[""integer"", ""nonzero""]",subject
number_theory_e7d46565b1c984a9,S10,math_train_counting_probability_174,counting_probability,False,False,False,False,False,"[""counting""]","[""integer"", ""nonzero""]",subject
number_theory_e7d46565b1c984a9,S10,math_train_counting_probability_177,counting_probability,False,False,False,False,False,[],"[""integer"", ""nonzero""]",subject
number_theory_e7d46565b1c984a9,S10,math_train_counting_probability_186,counting_probability,False,False,False,False,False,"[""counting""]","[""integer"", ""nonzero""]",subject
number_theory_e7d46565b1c984a9,S10,math_train_counting_probability_192,counting_probability,False,False,False,True,False,"[""counting"", ""probability""]","[""integer"", ""nonzero""]",subject
number_theory_e7d46565b1c984a9,S10,math_train_counting_probability_208,counting_probability,False,False,False,False,False,"[""counting""]","[""integer"", ""nonzero""]",subject
number_theory_e7d46565b1c984a9,S10,math_train_counting_probability_213,counting_probability,False,True,False,True,False,"[""counting"", ""probability"", ""rational""]","[""integer"", ""nonzero""]",subject
number_theory_e7d46565b1c984a9,S10,math_train_counting_probability_218,counting_probability,False,True,False,True,False,"[""divisibility"", ""integer"", ""positive"", ""probability"", ""rational""]","[""nonzero""]",subject
number_theory_e7d46565b1c984a9,S10,math_train_counting_probability_261,counting_probability,False,False,False,False,False,[],"[""integer"", ""nonzero""]",subject
number_theory_e7d46565b1c984a9,S10,math_train_counting_probability_269,counting_probability,False,False,False,False,False,"[""counting"", ""unit_rate""]","[""integer"", ""nonzero""]",subject
number_theory_e7d46565b1c984a9,S10,math_train_counting_probability_278,counting_probability,False,False,False,False,False,[],"[""integer"", ""nonzero""]",subject
number_theory_e7d46565b1c984a9,S10,math_train_counting_probability_287,counting_probability,False,False,False,False,False,"[""counting""]","[""integer"", ""nonzero""]",subject
number_theory_e7d46565b1c984a9,S10,math_train_counting_probability_31,counting_probability,False,True,False,True,False,"[""probability"", ""rational""]","[""integer"", ""nonzero""]",subject
number_theory_e7d46565b1c984a9,S10,math_train_counting_probability_332,counting_probability,False,False,False,False,False,"[""counting"", ""factorization"", ""integer"", ""prime""]","[""nonzero""]",subject
number_theory_e7d46565b1c984a9,S10,math_train_counting_probability_34,counting_probability,False,False,False,False,False,[],"[""integer"", ""nonzero""]",subject
number_theory_e7d46565b1c984a9,S10,math_train_counting_probability_341,counting_probability,False,False,False,False,False,"[""circle""]","[""integer"", ""nonzero""]",subject
number_theory_e7d46565b1c984a9,S10,math_train_counting_probability_345,counting_probability,False,False,False,False,False,"[""counting""]","[""integer"", ""nonzero""]",subject
number_theory_e7d46565b1c984a9,S10,math_train_counting_probability_357,counting_probability,False,False,False,True,False,"[""integer"", ""positive"", ""prime"", ""probability"", ""unit_rate""]","[""nonzero""]",subject
number_theory_e7d46565b1c984a9,S10,math_train_counting_probability_39,counting_probability,False,False,False,False,False,"[""modular""]","[""integer"", ""nonzero""]",subject
number_theory_e7d46565b1c984a9,S10,math_train_counting_probability_396,counting_probability,False,False,False,False,False,"[""divisibility"", ""modular"", ""unit_rate""]","[""integer"", ""nonzero""]",subject
number_theory_e7d46565b1c984a9,S10,math_train_counting_probability_401,counting_probability,False,True,False,True,False,"[""integer"", ""positive"", ""prime"", ""probability"", ""rational"", ""unit_rate""]","[""nonzero""]",subject
number_theory_e7d46565b1c984a9,S10,math_train_counting_probability_425,counting_probability,False,False,False,False,False,"[""integer""]","[""nonzero""]",subject
number_theory_e7d46565b1c984a9,S10,math_train_counting_probability_430,counting_probability,False,False,False,False,False,"[""integer""]","[""nonzero""]",subject
number_theory_e7d46565b1c984a9,S10,math_train_counting_probability_452,counting_probability,False,False,False,False,False,"[""counting"", ""divisibility"", ""integer"", ""modular"", ""positive""]","[""nonzero""]",subject
number_theory_e7d46565b1c984a9,S10,math_train_counting_probability_461,counting_probability,False,False,False,False,False,"[""integer""]","[""nonzero""]",subject
number_theory_e7d46565b1c984a9,S10,math_train_counting_probability_471,counting_probability,False,False,False,False,False,[],"[""integer"", ""nonzero""]",subject
number_theory_e7d46565b1c984a9,S10,math_train_counting_probability_482,counting_probability,False,False,False,True,False,"[""probability""]","[""integer"", ""nonzero""]",subject
number_theory_e7d46565b1c984a9,S10,math_train_counting_probability_488,counting_probability,False,True,False,True,False,"[""probability"", ""rational""]","[""integer"", ""nonzero""]",subject
number_theory_e7d46565b1c984a9,S10,math_train_counting_probability_490,counting_probability,False,False,False,True,False,"[""probability""]","[""integer"", ""nonzero""]",subject
number_theory_e7d46565b1c984a9,S10,math_train_counting_probability_5,counting_probability,False,False,False,False,False,"[""unit_rate""]","[""integer"", ""nonzero""]",subject
number_theory_e7d46565b1c984a9,S10,math_train_counting_probability_543,counting_probability,False,False,False,False,False,"[""counting""]","[""integer"", ""nonzero""]",subject
number_theory_e7d46565b1c984a9,S10,math_train_counting_probability_596,counting_probability,False,False,False,False,False,"[""counting""]","[""integer"", ""nonzero""]",subject
number_theory_e7d46565b1c984a9,S10,math_train_counting_probability_629,counting_probability,False,False,False,False,False,"[""counting""]","[""integer"", ""nonzero""]",subject
number_theory_e7d46565b1c984a9,S10,math_train_counting_probability_640,counting_probability,False,False,False,False,False,"[""triangle""]","[""integer"", ""nonzero""]",subject
number_theory_e7d46565b1c984a9,S10,math_train_counting_probability_658,counting_probability,False,False,False,False,False,"[""integer"", ""positive""]","[""nonzero""]",subject
number_theory_e7d46565b1c984a9,S10,math_train_counting_probability_668,counting_probability,False,False,False,False,False,[],"[""integer"", ""nonzero""]",subject
number_theory_e7d46565b1c984a9,S10,math_train_counting_probability_675,counting_probability,False,False,False,False,False,"[""counting"", ""unit_rate""]","[""integer"", ""nonzero""]",subject
number_theory_e7d46565b1c984a9,S10,math_train_counting_probability_680,counting_probability,False,True,False,False,False,"[""rational""]","[""integer"", ""nonzero""]",subject
number_theory_e7d46565b1c984a9,S10,math_train_counting_probability_693,counting_probability,False,True,False,True,False,"[""probability"", ""rational"", ""unit_rate""]","[""integer"", ""nonzero""]",subject
number_theory_e7d46565b1c984a9,S10,math_train_counting_probability_700,counting_probability,False,False,False,False,False,"[""integer""]","[""nonzero""]",subject
number_theory_e7d46565b1c984a9,S10,math_train_counting_probability_730,counting_probability,False,False,False,False,False,"[""counting""]","[""integer"", ""nonzero""]",subject
number_theory_e7d46565b1c984a9,S10,math_train_counting_probability_756,counting_probability,False,False,False,False,False,"[""counting"", ""unit_rate""]","[""integer"", ""nonzero""]",subject
number_theory_e7d46565b1c984a9,S10,math_train_counting_probability_85,counting_probability,False,False,False,False,False,[],"[""integer"", ""nonzero""]",subject
number_theory_e7d46565b1c984a9,S10,math_train_counting_probability_96,counting_probability,False,True,False,True,False,"[""probability"", ""rational"", ""triangle""]","[""integer"", ""nonzero""]",subject
number_theory_e7d46565b1c984a9,S10,math_train_geometry_124,geometry,False,True,False,False,False,"[""circle"", ""rational""]","[""integer"", ""nonzero""]",subject
number_theory_e7d46565b1c984a9,S10,math_train_geometry_139,geometry,False,False,False,False,False,"[""area"", ""circle""]","[""integer"", ""nonzero""]",subject
number_theory_e7d46565b1c984a9,S10,math_train_geometry_145,geometry,False,False,False,False,False,"[""area"", ""triangle""]","[""integer"", ""nonzero""]",subject
number_theory_e7d46565b1c984a9,S10,math_train_geometry_15,geometry,False,False,False,False,False,"[""circle""]","[""integer"", ""nonzero""]",subject
number_theory_e7d46565b1c984a9,S10,math_train_geometry_159,geometry,False,True,False,False,False,"[""area"", ""rational"", ""unit_rate""]","[""integer"", ""nonzero""]",subject
number_theory_e7d46565b1c984a9,S10,math_train_geometry_168,geometry,False,False,False,False,False,"[""integer"", ""positive"", ""prime""]","[""nonzero""]",subject
number_theory_e7d46565b1c984a9,S10,math_train_geometry_169,geometry,False,False,False,False,False,"[""circle"", ""factorization""]","[""integer"", ""nonzero""]",subject
number_theory_e7d46565b1c984a9,S10,math_train_geometry_202,geometry,False,False,False,False,False,"[""area"", ""circle""]","[""integer"", ""nonzero""]",subject
number_theory_e7d46565b1c984a9,S10,math_train_geometry_203,geometry,False,False,False,False,False,"[""circle"", ""triangle""]","[""integer"", ""nonzero""]",subject
number_theory_e7d46565b1c984a9,S10,math_train_geometry_212,geometry,False,False,False,False,False,"[""area"", ""ratio"", ""unit_rate""]","[""integer"", ""nonzero""]",subject
number_theory_e7d46565b1c984a9,S10,math_train_geometry_238,geometry,False,False,False,False,False,"[""factorization""]","[""integer"", ""nonzero""]",subject
number_theory_e7d46565b1c984a9,S10,math_train_geometry_25,geometry,False,False,False,False,False,[],"[""integer"", ""nonzero""]",subject
number_theory_e7d46565b1c984a9,S10,math_train_geometry_279,geometry,False,False,False,False,False,"[""circle""]","[""integer"", ""nonzero""]",subject
number_theory_e7d46565b1c984a9,S10,math_train_geometry_289,geometry,False,True,False,False,False,"[""area"", ""rational"", ""triangle""]","[""integer"", ""nonzero""]",subject
number_theory_e7d46565b1c984a9,S10,math_train_geometry_294,geometry,False,False,False,False,False,"[""unit_rate""]","[""integer"", ""nonzero""]",subject
number_theory_e7d46565b1c984a9,S10,math_train_geometry_30,geometry,False,False,False,False,False,"[""area"", ""triangle""]","[""integer"", ""nonzero""]",subject
number_theory_e7d46565b1c984a9,S10,math_train_geometry_308,geometry,False,True,False,False,False,"[""rational""]","[""integer"", ""nonzero""]",subject
number_theory_e7d46565b1c984a9,S10,math_train_geometry_316,geometry,False,False,False,False,False,"[""area"", ""modular"", ""unit_rate""]","[""integer"", ""nonzero""]",subject
number_theory_e7d46565b1c984a9,S10,math_train_geometry_327,geometry,False,False,False,False,False,"[""circle"", ""unit_rate""]","[""integer"", ""nonzero""]",subject
number_theory_e7d46565b1c984a9,S10,math_train_geometry_343,geometry,False,False,False,False,False,"[""trigonometric""]","[""integer"", ""nonzero""]",subject
number_theory_e7d46565b1c984a9,S10,math_train_geometry_359,geometry,False,False,False,False,False,"[""divisibility"", ""triangle""]","[""integer"", ""nonzero""]",subject
number_theory_e7d46565b1c984a9,S10,math_train_geometry_367,geometry,False,False,False,False,False,"[""area"", ""ratio"", ""triangle""]","[""integer"", ""nonzero""]",subject
number_theory_e7d46565b1c984a9,S10,math_train_geometry_374,geometry,False,False,False,False,False,"[""circle"", ""triangle""]","[""integer"", ""nonzero""]",subject
number_theory_e7d46565b1c984a9,S10,math_train_geometry_394,geometry,False,False,False,False,False,"[""circle""]","[""integer"", ""nonzero""]",subject
number_theory_e7d46565b1c984a9,S10,math_train_geometry_396,geometry,False,False,False,False,False,"[""area""]","[""integer"", ""nonzero""]",subject
number_theory_e7d46565b1c984a9,S10,math_train_geometry_400,geometry,False,False,False,False,False,"[""modular"", ""triangle"", ""unit_rate""]","[""integer"", ""nonzero""]",subject
number_theory_e7d46565b1c984a9,S10,math_train_geometry_447,geometry,False,False,False,False,False,"[""unit_rate""]","[""integer"", ""nonzero""]",subject
number_theory_e7d46565b1c984a9,S10,math_train_geometry_467,geometry,False,False,False,False,False,"[""circle"", ""triangle""]","[""integer"", ""nonzero""]",subject
number_theory_e7d46565b1c984a9,S10,math_train_geometry_469,geometry,False,False,False,False,False,"[""circle"", ""divisibility"", ""integer"", ""positive"", ""prime""]","[""nonzero""]",subject
number_theory_e7d46565b1c984a9,S10,math_train_geometry_473,geometry,False,True,False,False,False,"[""integer"", ""positive"", ""prime"", ""rational""]","[""nonzero""]",subject
number_theory_e7d46565b1c984a9,S10,math_train_geometry_478,geometry,False,False,False,False,False,"[""circle"", ""triangle"", ""unit_rate""]","[""integer"", ""nonzero""]",subject
number_theory_e7d46565b1c984a9,S10,math_train_geometry_528,geometry,False,True,False,False,False,"[""divisibility"", ""integer"", ""positive"", ""prime"", ""rational"", ""triangle""]","[""nonzero""]",subject
number_theory_e7d46565b1c984a9,S10,math_train_geometry_539,geometry,False,False,False,False,False,"[""circle""]","[""integer"", ""nonzero""]",subject
number_theory_e7d46565b1c984a9,S10,math_train_geometry_609,geometry,False,True,False,False,False,"[""rational""]","[""integer"", ""nonzero""]",subject
number_theory_e7d46565b1c984a9,S10,math_train_geometry_611,geometry,False,True,False,False,False,"[""area"", ""circle"", ""quadratic"", ""ratio"", ""rational"", ""triangle""]","[""integer"", ""nonzero""]",subject
number_theory_e7d46565b1c984a9,S10,math_train_geometry_623,geometry,False,False,False,False,False,"[""triangle""]","[""integer"", ""nonzero""]",subject
number_theory_e7d46565b1c984a9,S10,math_train_geometry_673,geometry,False,False,False,False,False,"[""area"", ""circle""]","[""integer"", ""nonzero""]",subject
number_theory_e7d46565b1c984a9,S10,math_train_geometry_737,geometry,False,False,False,False,False,"[""trigonometric""]","[""integer"", ""nonzero""]",subject
number_theory_e7d46565b1c984a9,S10,math_train_geometry_74,geometry,False,False,False,False,False,[],"[""integer"", ""nonzero""]",subject
number_theory_e7d46565b1c984a9,S10,math_train_geometry_760,geometry,False,False,False,False,False,"[""area""]","[""integer"", ""nonzero""]",subject
number_theory_e7d46565b1c984a9,S10,math_train_geometry_775,geometry,False,False,False,False,False,"[""area""]","[""integer"", ""nonzero""]",subject
number_theory_e7d46565b1c984a9,S10,math_train_geometry_789,geometry,False,False,False,False,False,"[""area"", ""unit_rate""]","[""integer"", ""nonzero""]",subject
number_theory_e7d46565b1c984a9,S10,math_train_geometry_813,geometry,False,False,False,False,False,"[""modular"", ""triangle""]","[""integer"", ""nonzero""]",subject
number_theory_e7d46565b1c984a9,S10,math_train_geometry_817,geometry,False,False,False,False,False,"[""area"", ""unit_rate""]","[""integer"", ""nonzero""]",subject
number_theory_e7d46565b1c984a9,S10,math_train_geometry_820,geometry,False,True,False,False,False,"[""ratio"", ""rational""]","[""integer"", ""nonzero""]",subject
number_theory_e7d46565b1c984a9,S10,math_train_geometry_836,geometry,False,False,False,False,False,[],"[""integer"", ""nonzero""]",subject
number_theory_e7d46565b1c984a9,S10,math_train_geometry_845,geometry,False,False,False,False,False,[],"[""integer"", ""nonzero""]",subject
number_theory_e7d46565b1c984a9,S10,math_train_geometry_849,geometry,False,False,False,False,False,"[""circle"", ""factorization""]","[""integer"", ""nonzero""]",subject
number_theory_e7d46565b1c984a9,S10,math_train_geometry_855,geometry,False,False,False,False,False,"[""area""]","[""integer"", ""nonzero""]",subject
number_theory_e7d46565b1c984a9,S10,math_train_geometry_863,geometry,False,False,False,False,False,"[""quadratic"", ""triangle""]","[""integer"", ""nonzero""]",subject
number_theory_e7d46565b1c984a9,S10,math_train_intermediate_algebra_1034,intermediate_algebra,False,False,False,False,False,"[""positive""]","[""integer"", ""nonzero""]",subject
number_theory_e7d46565b1c984a9,S10,math_train_intermediate_algebra_1059,intermediate_algebra,False,False,False,False,False,[],"[""integer"", ""nonzero""]",subject
number_theory_e7d46565b1c984a9,S10,math_train_intermediate_algebra_1060,intermediate_algebra,False,False,False,False,False,[],"[""integer"", ""nonzero""]",subject
number_theory_e7d46565b1c984a9,S10,math_train_intermediate_algebra_1103,intermediate_algebra,False,True,False,False,False,"[""rational""]","[""integer"", ""nonzero""]",subject
number_theory_e7d46565b1c984a9,S10,math_train_intermediate_algebra_1115,intermediate_algebra,False,False,False,False,False,"[""quadratic""]","[""integer"", ""nonzero""]",subject
number_theory_e7d46565b1c984a9,S10,math_train_intermediate_algebra_1145,intermediate_algebra,False,True,False,False,False,"[""positive"", ""rational""]","[""integer"", ""nonzero""]",subject
number_theory_e7d46565b1c984a9,S10,math_train_intermediate_algebra_1156,intermediate_algebra,False,True,False,False,False,"[""quadratic"", ""rational""]","[""integer"", ""nonzero""]",subject
number_theory_e7d46565b1c984a9,S10,math_train_intermediate_algebra_1164,intermediate_algebra,False,False,False,False,False,"[""quadratic""]","[""integer"", ""nonzero""]",subject
number_theory_e7d46565b1c984a9,S10,math_train_intermediate_algebra_1183,intermediate_algebra,False,False,False,False,False,"[""integer"", ""positive"", ""quadratic""]","[""nonzero""]",subject
number_theory_e7d46565b1c984a9,S10,math_train_intermediate_algebra_1292,intermediate_algebra,False,True,False,False,False,"[""equation"", ""quadratic"", ""ratio"", ""rational""]","[""integer"", ""nonzero""]",subject
number_theory_e7d46565b1c984a9,S10,math_train_intermediate_algebra_164,intermediate_algebra,False,False,False,False,False,"[""composition""]","[""integer"", ""nonzero""]",subject
number_theory_e7d46565b1c984a9,S10,math_train_intermediate_algebra_178,intermediate_algebra,False,False,False,False,False,"[""equation"", ""quadratic""]","[""integer"", ""nonzero""]",subject
number_theory_e7d46565b1c984a9,S10,math_train_intermediate_algebra_181,intermediate_algebra,False,False,False,False,False,"[""integer"", ""positive""]","[""nonzero""]",subject
number_theory_e7d46565b1c984a9,S10,math_train_intermediate_algebra_263,intermediate_algebra,False,False,False,False,False,"[""quadratic""]","[""integer"", ""nonzero""]",subject
number_theory_e7d46565b1c984a9,S10,math_train_intermediate_algebra_275,intermediate_algebra,False,False,False,False,False,"[""quadratic""]","[""integer"", ""nonzero""]",subject
number_theory_e7d46565b1c984a9,S10,math_train_intermediate_algebra_296,intermediate_algebra,False,True,False,False,False,"[""positive"", ""rational""]","[""integer"", ""nonzero""]",subject
number_theory_e7d46565b1c984a9,S10,math_train_intermediate_algebra_300,intermediate_algebra,False,True,False,False,False,"[""nonzero"", ""polynomial"", ""ratio"", ""rational""]","[""integer""]",subject
number_theory_e7d46565b1c984a9,S10,math_train_intermediate_algebra_315,intermediate_algebra,False,True,False,False,False,"[""rational""]","[""integer"", ""nonzero""]",subject
number_theory_e7d46565b1c984a9,S10,math_train_intermediate_algebra_340,intermediate_algebra,False,False,False,False,False,[],"[""integer"", ""nonzero""]",subject
number_theory_e7d46565b1c984a9,S10,math_train_intermediate_algebra_345,intermediate_algebra,False,False,False,False,False,[],"[""integer"", ""nonzero""]",subject
number_theory_e7d46565b1c984a9,S10,math_train_intermediate_algebra_359,intermediate_algebra,False,True,False,False,False,"[""ratio"", ""rational""]","[""integer"", ""nonzero""]",subject
number_theory_e7d46565b1c984a9,S10,math_train_intermediate_algebra_363,intermediate_algebra,False,False,False,False,False,"[""positive""]","[""integer"", ""nonzero""]",subject
number_theory_e7d46565b1c984a9,S10,math_train_intermediate_algebra_39,intermediate_algebra,False,False,False,False,False,"[""quadratic""]","[""integer"", ""nonzero""]",subject
number_theory_e7d46565b1c984a9,S10,math_train_intermediate_algebra_437,intermediate_algebra,False,False,False,False,False,"[""quadratic""]","[""integer"", ""nonzero""]",subject
number_theory_e7d46565b1c984a9,S10,math_train_intermediate_algebra_452,intermediate_algebra,False,False,False,False,False,"[""positive"", ""quadratic""]","[""integer"", ""nonzero""]",subject
number_theory_e7d46565b1c984a9,S10,math_train_intermediate_algebra_455,intermediate_algebra,False,True,False,False,False,"[""quadratic"", ""rational""]","[""integer"", ""nonzero""]",subject
number_theory_e7d46565b1c984a9,S10,math_train_intermediate_algebra_473,intermediate_algebra,False,False,False,False,False,[],"[""integer"", ""nonzero""]",subject
number_theory_e7d46565b1c984a9,S10,math_train_intermediate_algebra_503,intermediate_algebra,False,False,False,False,False,"[""integer"", ""unit_rate""]","[""nonzero""]",subject
number_theory_e7d46565b1c984a9,S10,math_train_intermediate_algebra_532,intermediate_algebra,False,True,False,False,False,"[""equation"", ""quadratic"", ""ratio"", ""rational""]","[""integer"", ""nonzero""]",subject
number_theory_e7d46565b1c984a9,S10,math_train_intermediate_algebra_542,intermediate_algebra,False,False,False,False,False,"[""polynomial"", ""quadratic""]","[""integer"", ""nonzero""]",subject
number_theory_e7d46565b1c984a9,S10,math_train_intermediate_algebra_543,intermediate_algebra,False,True,False,False,False,"[""quadratic"", ""rational""]","[""integer"", ""nonzero""]",subject
number_theory_e7d46565b1c984a9,S10,math_train_intermediate_algebra_556,intermediate_algebra,False,False,False,False,False,"[""equation"", ""integer"", ""positive"", ""quadratic""]","[""nonzero""]",subject
number_theory_e7d46565b1c984a9,S10,math_train_intermediate_algebra_56,intermediate_algebra,False,True,False,False,False,"[""quadratic"", ""rational"", ""unit_rate""]","[""integer"", ""nonzero""]",subject
number_theory_e7d46565b1c984a9,S10,math_train_intermediate_algebra_597,intermediate_algebra,False,False,False,False,False,"[""divisibility"", ""modular""]","[""integer"", ""nonzero""]",subject
number_theory_e7d46565b1c984a9,S10,math_train_intermediate_algebra_598,intermediate_algebra,False,True,False,False,False,"[""rational""]","[""integer"", ""nonzero""]",subject
number_theory_e7d46565b1c984a9,S10,math_train_intermediate_algebra_624,intermediate_algebra,False,False,False,False,False,"[""integer"", ""positive"", ""quadratic""]","[""nonzero""]",subject
number_theory_e7d46565b1c984a9,S10,math_train_intermediate_algebra_653,intermediate_algebra,False,False,False,False,False,"[""divisibility"", ""modular""]","[""integer"", ""nonzero""]",subject
number_theory_e7d46565b1c984a9,S10,math_train_intermediate_algebra_675,intermediate_algebra,False,False,False,False,False,[],"[""integer"", ""nonzero""]",subject
number_theory_e7d46565b1c984a9,S10,math_train_intermediate_algebra_702,intermediate_algebra,False,False,False,False,False,[],"[""integer"", ""nonzero""]",subject
number_theory_e7d46565b1c984a9,S10,math_train_intermediate_algebra_706,intermediate_algebra,False,True,False,False,False,"[""equation"", ""integer"", ""quadratic"", ""rational""]","[""nonzero""]",subject
number_theory_e7d46565b1c984a9,S10,math_train_intermediate_algebra_720,intermediate_algebra,False,True,False,False,False,"[""nonzero"", ""polynomial"", ""quadratic"", ""rational""]","[""integer""]",subject
number_theory_e7d46565b1c984a9,S10,math_train_intermediate_algebra_760,intermediate_algebra,False,False,False,False,False,"[""integer""]","[""nonzero""]",subject
number_theory_e7d46565b1c984a9,S10,math_train_intermediate_algebra_78,intermediate_algebra,False,True,False,False,False,"[""rational""]","[""integer"", ""nonzero""]",subject
number_theory_e7d46565b1c984a9,S10,math_train_intermediate_algebra_899,intermediate_algebra,False,True,False,False,False,"[""equation"", ""integer"", ""polynomial"", ""ratio"", ""rational""]","[""nonzero""]",subject
number_theory_e7d46565b1c984a9,S10,math_train_intermediate_algebra_922,intermediate_algebra,False,True,False,False,False,"[""positive"", ""rational""]","[""integer"", ""nonzero""]",subject
number_theory_e7d46565b1c984a9,S10,math_train_intermediate_algebra_954,intermediate_algebra,False,False,False,False,False,"[""factorization"", ""quadratic""]","[""integer"", ""nonzero""]",subject
number_theory_e7d46565b1c984a9,S10,math_train_intermediate_algebra_967,intermediate_algebra,False,False,False,False,False,"[""divisibility"", ""quadratic""]","[""integer"", ""nonzero""]",subject
number_theory_e7d46565b1c984a9,S10,math_train_intermediate_algebra_974,intermediate_algebra,False,True,False,False,False,"[""rational""]","[""integer"", ""nonzero""]",subject
number_theory_e7d46565b1c984a9,S10,math_train_intermediate_algebra_993,intermediate_algebra,False,False,False,False,False,"[""divisibility"", ""modular"", ""polynomial""]","[""integer"", ""nonzero""]",subject
number_theory_e7d46565b1c984a9,S10,math_train_intermediate_algebra_999,intermediate_algebra,False,False,False,False,False,"[""polynomial"", ""quadratic""]","[""integer"", ""nonzero""]",subject
number_theory_e7d46565b1c984a9,S10,math_train_number_theory_101,number_theory,True,False,False,True,False,"[""modular"", ""probability""]","[""integer"", ""nonzero""]",trigger
number_theory_e7d46565b1c984a9,S10,math_train_number_theory_113,number_theory,True,False,False,False,False,"[""divisibility""]","[""integer"", ""nonzero""]",trigger
number_theory_e7d46565b1c984a9,S10,math_train_number_theory_153,number_theory,True,False,False,False,False,"[""integer"", ""positive""]","[""nonzero""]",trigger
number_theory_e7d46565b1c984a9,S10,math_train_number_theory_175,number_theory,True,False,False,False,False,"[""positive""]","[""integer"", ""nonzero""]",trigger
number_theory_e7d46565b1c984a9,S10,math_train_number_theory_181,number_theory,True,False,False,False,False,"[""positive""]","[""integer"", ""nonzero""]",trigger
number_theory_e7d46565b1c984a9,S10,math_train_number_theory_187,number_theory,True,False,False,False,False,"[""divisibility""]","[""integer"", ""nonzero""]",trigger
number_theory_e7d46565b1c984a9,S10,math_train_number_theory_196,number_theory,True,False,False,False,False,"[""unit_rate""]","[""integer"", ""nonzero""]",trigger
number_theory_e7d46565b1c984a9,S10,math_train_number_theory_203,number_theory,True,False,False,False,False,"[""factorization"", ""positive""]","[""integer"", ""nonzero""]",trigger
number_theory_e7d46565b1c984a9,S10,math_train_number_theory_221,number_theory,True,False,False,False,False,"[""quadratic""]","[""integer"", ""nonzero""]",trigger
number_theory_e7d46565b1c984a9,S10,math_train_number_theory_229,number_theory,True,False,False,False,False,"[""integer""]","[""nonzero""]",trigger
number_theory_e7d46565b1c984a9,S10,math_train_number_theory_237,number_theory,True,False,False,False,False,"[""divisibility"", ""modular""]","[""integer"", ""nonzero""]",trigger
number_theory_e7d46565b1c984a9,S10,math_train_number_theory_252,number_theory,True,False,False,False,False,[],"[""integer"", ""nonzero""]",trigger
number_theory_e7d46565b1c984a9,S10,math_train_number_theory_257,number_theory,True,True,False,False,False,"[""integer"", ""rational""]","[""nonzero""]",preconditions
number_theory_e7d46565b1c984a9,S10,math_train_number_theory_272,number_theory,True,False,False,False,False,"[""factorization""]","[""integer"", ""nonzero""]",trigger
number_theory_e7d46565b1c984a9,S10,math_train_number_theory_274,number_theory,True,False,False,False,False,"[""divisibility"", ""integer"", ""positive""]","[""nonzero""]",trigger
number_theory_e7d46565b1c984a9,S10,math_train_number_theory_282,number_theory,True,False,False,False,False,"[""divisibility"", ""integer"", ""modular"", ""positive""]","[""nonzero""]",trigger
number_theory_e7d46565b1c984a9,S10,math_train_number_theory_297,number_theory,True,False,False,False,False,"[""divisibility"", ""modular""]","[""integer"", ""nonzero""]",trigger
number_theory_e7d46565b1c984a9,S10,math_train_number_theory_298,number_theory,True,False,False,False,False,[],"[""integer"", ""nonzero""]",trigger
number_theory_e7d46565b1c984a9,S10,math_train_number_theory_329,number_theory,True,False,False,False,False,[],"[""integer"", ""nonzero""]",trigger
number_theory_e7d46565b1c984a9,S10,math_train_number_theory_339,number_theory,True,False,False,False,False,"[""integer"", ""modular""]","[""nonzero""]",trigger
number_theory_e7d46565b1c984a9,S10,math_train_number_theory_366,number_theory,True,False,False,False,False,"[""integer"", ""modular""]","[""nonzero""]",trigger
number_theory_e7d46565b1c984a9,S10,math_train_number_theory_371,number_theory,True,False,False,False,False,"[""gcd_lcm"", ""integer"", ""positive"", ""quadratic""]","[""nonzero""]",trigger
number_theory_e7d46565b1c984a9,S10,math_train_number_theory_374,number_theory,True,False,False,False,False,"[""counting""]","[""integer"", ""nonzero""]",trigger
number_theory_e7d46565b1c984a9,S10,math_train_number_theory_403,number_theory,True,True,False,False,False,"[""gcd_lcm"", ""integer"", ""positive"", ""rational""]","[""nonzero""]",preconditions
number_theory_e7d46565b1c984a9,S10,math_train_number_theory_448,number_theory,True,False,False,False,False,"[""divisibility""]","[""integer"", ""nonzero""]",trigger
number_theory_e7d46565b1c984a9,S10,math_train_number_theory_490,number_theory,True,False,False,False,False,"[""factorization"", ""gcd_lcm"", ""prime""]","[""integer"", ""nonzero""]",trigger
number_theory_e7d46565b1c984a9,S10,math_train_number_theory_51,number_theory,True,False,False,False,False,"[""positive""]","[""integer"", ""nonzero""]",trigger
number_theory_e7d46565b1c984a9,S10,math_train_number_theory_510,number_theory,True,False,False,False,False,"[""prime""]","[""integer"", ""nonzero""]",trigger
number_theory_e7d46565b1c984a9,S10,math_train_number_theory_528,number_theory,True,False,False,False,False,"[""integer""]","[""nonzero""]",trigger
number_theory_e7d46565b1c984a9,S10,math_train_number_theory_541,number_theory,True,False,False,False,False,"[""divisibility""]","[""integer"", ""nonzero""]",trigger
number_theory_e7d46565b1c984a9,S10,math_train_number_theory_555,number_theory,True,False,False,False,False,"[""divisibility"", ""integer"", ""positive""]","[""nonzero""]",trigger
number_theory_e7d46565b1c984a9,S10,math_train_number_theory_576,number_theory,True,True,False,False,False,"[""integer"", ""positive"", ""rational""]","[""nonzero""]",preconditions
number_theory_e7d46565b1c984a9,S10,math_train_number_theory_598,number_theory,True,False,False,False,False,[],"[""integer"", ""nonzero""]",trigger
number_theory_e7d46565b1c984a9,S10,math_train_number_theory_608,number_theory,True,False,False,False,False,"[""positive""]","[""integer"", ""nonzero""]",trigger
number_theory_e7d46565b1c984a9,S10,math_train_number_theory_617,number_theory,True,False,False,False,False,"[""prime""]","[""integer"", ""nonzero""]",trigger
number_theory_e7d46565b1c984a9,S10,math_train_number_theory_629,number_theory,True,False,False,False,False,"[""integer""]","[""nonzero""]",trigger
number_theory_e7d46565b1c984a9,S10,math_train_number_theory_653,number_theory,True,False,False,False,False,"[""divisibility"", ""integer"", ""modular""]","[""nonzero""]",trigger
number_theory_e7d46565b1c984a9,S10,math_train_number_theory_691,number_theory,True,False,False,False,False,"[""divisibility""]","[""integer"", ""nonzero""]",trigger
number_theory_e7d46565b1c984a9,S10,math_train_number_theory_705,number_theory,True,True,False,False,False,"[""rational""]","[""integer"", ""nonzero""]",preconditions
number_theory_e7d46565b1c984a9,S10,math_train_number_theory_713,number_theory,True,True,False,False,False,"[""integer"", ""positive"", ""rational""]","[""nonzero""]",preconditions
number_theory_e7d46565b1c984a9,S10,math_train_number_theory_717,number_theory,True,False,False,False,False,"[""divisibility"", ""integer"", ""modular""]","[""nonzero""]",trigger
number_theory_e7d46565b1c984a9,S10,math_train_number_theory_733,number_theory,True,False,False,False,False,"[""gcd_lcm""]","[""integer"", ""nonzero""]",trigger
number_theory_e7d46565b1c984a9,S10,math_train_number_theory_740,number_theory,True,False,False,False,False,"[""integer""]","[""nonzero""]",trigger
number_theory_e7d46565b1c984a9,S10,math_train_number_theory_741,number_theory,True,False,False,False,False,"[""divisibility"", ""modular""]","[""integer"", ""nonzero""]",trigger
number_theory_e7d46565b1c984a9,S10,math_train_number_theory_744,number_theory,True,False,False,False,False,"[""counting"", ""factorization"", ""positive"", ""prime""]","[""integer"", ""nonzero""]",trigger
number_theory_e7d46565b1c984a9,S10,math_train_number_theory_78,number_theory,True,False,False,False,False,"[""integer"", ""modular""]","[""nonzero""]",trigger
number_theory_e7d46565b1c984a9,S10,math_train_number_theory_818,number_theory,True,False,False,False,False,[],"[""integer"", ""nonzero""]",trigger
number_theory_e7d46565b1c984a9,S10,math_train_number_theory_828,number_theory,True,False,False,False,False,"[""gcd_lcm""]","[""integer"", ""nonzero""]",trigger
number_theory_e7d46565b1c984a9,S10,math_train_number_theory_83,number_theory,True,False,False,False,False,"[""integer"", ""modular"", ""positive""]","[""nonzero""]",trigger
number_theory_e7d46565b1c984a9,S10,math_train_number_theory_848,number_theory,True,False,False,False,False,"[""divisibility"", ""modular""]","[""integer"", ""nonzero""]",trigger
number_theory_e7d46565b1c984a9,S10,math_train_prealgebra_1012,prealgebra,False,False,False,False,False,"[""unit_rate""]","[""integer"", ""nonzero""]",subject
number_theory_e7d46565b1c984a9,S10,math_train_prealgebra_1021,prealgebra,False,False,False,False,False,[],"[""integer"", ""nonzero""]",subject
number_theory_e7d46565b1c984a9,S10,math_train_prealgebra_1023,prealgebra,False,False,False,False,False,"[""area""]","[""integer"", ""nonzero""]",subject
number_theory_e7d46565b1c984a9,S10,math_train_prealgebra_105,prealgebra,False,False,False,False,False,"[""unit_rate""]","[""integer"", ""nonzero""]",subject
number_theory_e7d46565b1c984a9,S10,math_train_prealgebra_1072,prealgebra,False,False,False,False,False,"[""area""]","[""integer"", ""nonzero""]",subject
number_theory_e7d46565b1c984a9,S10,math_train_prealgebra_1079,prealgebra,False,False,False,False,False,[],"[""integer"", ""nonzero""]",subject
number_theory_e7d46565b1c984a9,S10,math_train_prealgebra_1107,prealgebra,False,False,False,False,False,"[""area"", ""circle""]","[""integer"", ""nonzero""]",subject
number_theory_e7d46565b1c984a9,S10,math_train_prealgebra_1140,prealgebra,False,False,False,False,False,[],"[""integer"", ""nonzero""]",subject
number_theory_e7d46565b1c984a9,S10,math_train_prealgebra_116,prealgebra,False,False,False,False,False,[],"[""integer"", ""nonzero""]",subject
number_theory_e7d46565b1c984a9,S10,math_train_prealgebra_1184,prealgebra,False,True,False,False,False,"[""equation"", ""rational""]","[""integer"", ""nonzero""]",subject
number_theory_e7d46565b1c984a9,S10,math_train_prealgebra_125,prealgebra,False,False,False,False,False,"[""counting"", ""unit_rate""]","[""integer"", ""nonzero""]",subject
number_theory_e7d46565b1c984a9,S10,math_train_prealgebra_158,prealgebra,False,False,False,False,False,[],"[""integer"", ""nonzero""]",subject
number_theory_e7d46565b1c984a9,S10,math_train_prealgebra_167,prealgebra,False,True,False,False,False,"[""rational""]","[""integer"", ""nonzero""]",subject
number_theory_e7d46565b1c984a9,S10,math_train_prealgebra_206,prealgebra,False,True,False,False,False,"[""area"", ""circle"", ""ratio"", ""rational""]","[""integer"", ""nonzero""]",subject
number_theory_e7d46565b1c984a9,S10,math_train_prealgebra_219,prealgebra,False,False,False,False,False,[],"[""integer"", ""nonzero""]",subject
number_theory_e7d46565b1c984a9,S10,math_train_prealgebra_23,prealgebra,False,True,False,False,False,"[""rational""]","[""integer"", ""nonzero""]",subject
number_theory_e7d46565b1c984a9,S10,math_train_prealgebra_231,prealgebra,False,False,False,False,False,"[""circle""]","[""integer"", ""nonzero""]",subject
number_theory_e7d46565b1c984a9,S10,math_train_prealgebra_235,prealgebra,False,False,False,False,False,"[""counting""]","[""integer"", ""nonzero""]",subject
number_theory_e7d46565b1c984a9,S10,math_train_prealgebra_307,prealgebra,False,False,False,False,False,"[""area""]","[""integer"", ""nonzero""]",subject
number_theory_e7d46565b1c984a9,S10,math_train_prealgebra_321,prealgebra,False,False,False,False,False,[],"[""integer"", ""nonzero""]",subject
number_theory_e7d46565b1c984a9,S10,math_train_prealgebra_35,prealgebra,False,False,False,False,False,[],"[""integer"", ""nonzero""]",subject
number_theory_e7d46565b1c984a9,S10,math_train_prealgebra_361,prealgebra,False,False,False,False,False,"[""ratio"", ""unit_rate""]","[""integer"", ""nonzero""]",subject
number_theory_e7d46565b1c984a9,S10,math_train_prealgebra_379,prealgebra,False,False,False,False,False,[],"[""integer"", ""nonzero""]",subject
number_theory_e7d46565b1c984a9,S10,math_train_prealgebra_412,prealgebra,False,False,False,False,False,[],"[""integer"", ""nonzero""]",subject
number_theory_e7d46565b1c984a9,S10,math_train_prealgebra_427,prealgebra,False,False,False,False,False,[],"[""integer"", ""nonzero""]",subject
number_theory_e7d46565b1c984a9,S10,math_train_prealgebra_43,prealgebra,False,False,False,False,False,"[""area"", ""triangle""]","[""integer"", ""nonzero""]",subject
number_theory_e7d46565b1c984a9,S10,math_train_prealgebra_431,prealgebra,False,False,False,False,False,[],"[""integer"", ""nonzero""]",subject
number_theory_e7d46565b1c984a9,S10,math_train_prealgebra_438,prealgebra,False,False,False,False,False,[],"[""integer"", ""nonzero""]",subject
number_theory_e7d46565b1c984a9,S10,math_train_prealgebra_443,prealgebra,False,False,False,False,False,[],"[""integer"", ""nonzero""]",subject
number_theory_e7d46565b1c984a9,S10,math_train_prealgebra_465,prealgebra,False,False,False,False,False,"[""integer"", ""positive""]","[""nonzero""]",subject
number_theory_e7d46565b1c984a9,S10,math_train_prealgebra_514,prealgebra,False,False,False,False,False,[],"[""integer"", ""nonzero""]",subject
number_theory_e7d46565b1c984a9,S10,math_train_prealgebra_515,prealgebra,False,False,False,False,False,[],"[""integer"", ""nonzero""]",subject
number_theory_e7d46565b1c984a9,S10,math_train_prealgebra_527,prealgebra,False,False,False,False,False,"[""area""]","[""integer"", ""nonzero""]",subject
number_theory_e7d46565b1c984a9,S10,math_train_prealgebra_549,prealgebra,False,False,False,False,False,"[""triangle""]","[""integer"", ""nonzero""]",subject
number_theory_e7d46565b1c984a9,S10,math_train_prealgebra_557,prealgebra,False,False,False,False,False,[],"[""integer"", ""nonzero""]",subject
number_theory_e7d46565b1c984a9,S10,math_train_prealgebra_561,prealgebra,False,False,False,False,False,"[""unit_rate""]","[""integer"", ""nonzero""]",subject
number_theory_e7d46565b1c984a9,S10,math_train_prealgebra_594,prealgebra,False,False,False,False,False,[],"[""integer"", ""nonzero""]",subject
number_theory_e7d46565b1c984a9,S10,math_train_prealgebra_596,prealgebra,False,False,False,False,False,"[""counting""]","[""integer"", ""nonzero""]",subject
number_theory_e7d46565b1c984a9,S10,math_train_prealgebra_621,prealgebra,False,True,False,False,False,"[""rational""]","[""integer"", ""nonzero""]",subject
number_theory_e7d46565b1c984a9,S10,math_train_prealgebra_721,prealgebra,False,False,False,False,False,"[""divisibility""]","[""integer"", ""nonzero""]",subject
number_theory_e7d46565b1c984a9,S10,math_train_prealgebra_738,prealgebra,False,False,False,False,False,[],"[""integer"", ""nonzero""]",subject
number_theory_e7d46565b1c984a9,S10,math_train_prealgebra_750,prealgebra,False,True,False,False,False,"[""rational""]","[""integer"", ""nonzero""]",subject
number_theory_e7d46565b1c984a9,S10,math_train_prealgebra_769,prealgebra,False,False,False,False,False,[],"[""integer"", ""nonzero""]",subject
number_theory_e7d46565b1c984a9,S10,math_train_prealgebra_86,prealgebra,False,False,False,False,False,"[""area"", ""circle"", ""integer""]","[""nonzero""]",subject
number_theory_e7d46565b1c984a9,S10,math_train_prealgebra_895,prealgebra,False,False,False,False,False,"[""integer"", ""positive""]","[""nonzero""]",subject
number_theory_e7d46565b1c984a9,S10,math_train_prealgebra_91,prealgebra,False,False,False,False,False,[],"[""integer"", ""nonzero""]",subject
number_theory_e7d46565b1c984a9,S10,math_train_prealgebra_913,prealgebra,False,False,False,False,False,[],"[""integer"", ""nonzero""]",subject
number_theory_e7d46565b1c984a9,S10,math_train_prealgebra_921,prealgebra,False,False,False,False,False,[],"[""integer"", ""nonzero""]",subject
number_theory_e7d46565b1c984a9,S10,math_train_prealgebra_953,prealgebra,False,False,False,False,False,[],"[""integer"", ""nonzero""]",subject
number_theory_e7d46565b1c984a9,S10,math_train_prealgebra_972,prealgebra,False,False,False,False,False,"[""area"", ""circle"", ""quadratic""]","[""integer"", ""nonzero""]",subject
number_theory_e7d46565b1c984a9,S10,math_train_precalculus_106,precalculus,False,False,False,False,False,"[""area"", ""triangle""]","[""integer"", ""nonzero""]",subject
number_theory_e7d46565b1c984a9,S10,math_train_precalculus_108,precalculus,False,False,False,False,False,[],"[""integer"", ""nonzero""]",subject
number_theory_e7d46565b1c984a9,S10,math_train_precalculus_114,precalculus,False,False,False,False,False,[],"[""integer"", ""nonzero""]",subject
number_theory_e7d46565b1c984a9,S10,math_train_precalculus_118,precalculus,False,True,False,False,False,"[""rational"", ""trigonometric""]","[""integer"", ""nonzero""]",subject
number_theory_e7d46565b1c984a9,S10,math_train_precalculus_119,precalculus,False,False,False,False,False,"[""trigonometric""]","[""integer"", ""nonzero""]",subject
number_theory_e7d46565b1c984a9,S10,math_train_precalculus_189,precalculus,False,True,False,False,False,"[""quadratic"", ""rational""]","[""integer"", ""nonzero""]",subject
number_theory_e7d46565b1c984a9,S10,math_train_precalculus_2,precalculus,False,False,False,False,False,[],"[""integer"", ""nonzero""]",subject
number_theory_e7d46565b1c984a9,S10,math_train_precalculus_205,precalculus,False,False,False,False,False,[],"[""integer"", ""nonzero""]",subject
number_theory_e7d46565b1c984a9,S10,math_train_precalculus_215,precalculus,False,False,False,False,False,[],"[""integer"", ""nonzero""]",subject
number_theory_e7d46565b1c984a9,S10,math_train_precalculus_22,precalculus,False,False,False,False,False,[],"[""integer"", ""nonzero""]",subject
number_theory_e7d46565b1c984a9,S10,math_train_precalculus_230,precalculus,False,False,False,False,False,"[""area"", ""triangle""]","[""integer"", ""nonzero""]",subject
number_theory_e7d46565b1c984a9,S10,math_train_precalculus_238,precalculus,False,False,False,False,False,[],"[""integer"", ""nonzero""]",subject
number_theory_e7d46565b1c984a9,S10,math_train_precalculus_250,precalculus,False,True,False,False,False,"[""circle"", ""equation"", ""rational"", ""trigonometric""]","[""integer"", ""nonzero""]",subject
number_theory_e7d46565b1c984a9,S10,math_train_precalculus_259,precalculus,False,False,False,False,False,[],"[""integer"", ""nonzero""]",subject
number_theory_e7d46565b1c984a9,S10,math_train_precalculus_27,precalculus,False,False,False,False,False,"[""triangle""]","[""integer"", ""nonzero""]",subject
number_theory_e7d46565b1c984a9,S10,math_train_precalculus_293,precalculus,False,False,False,False,False,"[""area"", ""triangle""]","[""integer"", ""nonzero""]",subject
number_theory_e7d46565b1c984a9,S10,math_train_precalculus_349,precalculus,False,False,False,False,False,"[""circle"", ""equation""]","[""integer"", ""nonzero""]",subject
number_theory_e7d46565b1c984a9,S10,math_train_precalculus_355,precalculus,False,False,False,False,False,"[""circle""]","[""integer"", ""nonzero""]",subject
number_theory_e7d46565b1c984a9,S10,math_train_precalculus_415,precalculus,False,False,False,False,False,"[""area"", ""triangle""]","[""integer"", ""nonzero""]",subject
number_theory_e7d46565b1c984a9,S10,math_train_precalculus_419,precalculus,False,False,False,False,False,"[""quadratic"", ""triangle""]","[""integer"", ""nonzero""]",subject
number_theory_e7d46565b1c984a9,S10,math_train_precalculus_423,precalculus,False,False,False,False,False,[],"[""integer"", ""nonzero""]",subject
number_theory_e7d46565b1c984a9,S10,math_train_precalculus_445,precalculus,False,False,False,False,False,"[""triangle"", ""unit_rate""]","[""integer"", ""nonzero""]",subject
number_theory_e7d46565b1c984a9,S10,math_train_precalculus_461,precalculus,False,False,False,False,False,[],"[""integer"", ""nonzero""]",subject
number_theory_e7d46565b1c984a9,S10,math_train_precalculus_471,precalculus,False,False,False,False,False,"[""trigonometric""]","[""integer"", ""nonzero""]",subject
number_theory_e7d46565b1c984a9,S10,math_train_precalculus_479,precalculus,False,True,False,False,False,"[""gcd_lcm"", ""integer"", ""rational""]","[""nonzero""]",subject
number_theory_e7d46565b1c984a9,S10,math_train_precalculus_492,precalculus,False,True,False,False,False,"[""rational""]","[""integer"", ""nonzero""]",subject
number_theory_e7d46565b1c984a9,S10,math_train_precalculus_505,precalculus,False,False,True,False,False,"[""integer"", ""nonzero"", ""quadratic""]",[],subject
number_theory_e7d46565b1c984a9,S10,math_train_precalculus_512,precalculus,False,True,False,False,False,"[""rational""]","[""integer"", ""nonzero""]",subject
number_theory_e7d46565b1c984a9,S10,math_train_precalculus_517,precalculus,False,False,False,False,False,"[""quadratic""]","[""integer"", ""nonzero""]",subject
number_theory_e7d46565b1c984a9,S10,math_train_precalculus_52,precalculus,False,False,False,False,False,"[""quadratic""]","[""integer"", ""nonzero""]",subject
number_theory_e7d46565b1c984a9,S10,math_train_precalculus_522,precalculus,False,False,False,False,False,[],"[""integer"", ""nonzero""]",subject
number_theory_e7d46565b1c984a9,S10,math_train_precalculus_523,precalculus,False,False,False,False,False,"[""quadratic"", ""trigonometric""]","[""integer"", ""nonzero""]",subject
number_theory_e7d46565b1c984a9,S10,math_train_precalculus_557,precalculus,False,False,False,False,False,[],"[""integer"", ""nonzero""]",subject
number_theory_e7d46565b1c984a9,S10,math_train_precalculus_559,precalculus,False,True,False,False,False,"[""rational"", ""trigonometric""]","[""integer"", ""nonzero""]",subject
number_theory_e7d46565b1c984a9,S10,math_train_precalculus_565,precalculus,False,False,False,False,False,[],"[""integer"", ""nonzero""]",subject
number_theory_e7d46565b1c984a9,S10,math_train_precalculus_568,precalculus,False,True,False,False,False,"[""integer"", ""positive"", ""rational""]","[""nonzero""]",subject
number_theory_e7d46565b1c984a9,S10,math_train_precalculus_574,precalculus,False,False,False,False,False,[],"[""integer"", ""nonzero""]",subject
number_theory_e7d46565b1c984a9,S10,math_train_precalculus_622,precalculus,False,True,False,False,False,"[""integer"", ""rational"", ""trigonometric""]","[""nonzero""]",subject
number_theory_e7d46565b1c984a9,S10,math_train_precalculus_628,precalculus,False,False,False,False,False,"[""integer"", ""quadratic""]","[""nonzero""]",subject
number_theory_e7d46565b1c984a9,S10,math_train_precalculus_646,precalculus,False,False,False,False,False,[],"[""integer"", ""nonzero""]",subject
number_theory_e7d46565b1c984a9,S10,math_train_precalculus_650,precalculus,False,False,False,False,False,[],"[""integer"", ""nonzero""]",subject
number_theory_e7d46565b1c984a9,S10,math_train_precalculus_656,precalculus,False,False,False,False,False,"[""trigonometric""]","[""integer"", ""nonzero""]",subject
number_theory_e7d46565b1c984a9,S10,math_train_precalculus_687,precalculus,False,False,False,False,False,[],"[""integer"", ""nonzero""]",subject
number_theory_e7d46565b1c984a9,S10,math_train_precalculus_718,precalculus,False,True,False,False,False,"[""nonzero"", ""quadratic"", ""rational""]","[""integer""]",subject
number_theory_e7d46565b1c984a9,S10,math_train_precalculus_72,precalculus,False,False,False,False,False,"[""polynomial"", ""unit_rate""]","[""integer"", ""nonzero""]",subject
number_theory_e7d46565b1c984a9,S10,math_train_precalculus_723,precalculus,False,False,False,False,False,"[""area"", ""triangle""]","[""integer"", ""nonzero""]",subject
number_theory_e7d46565b1c984a9,S10,math_train_precalculus_726,precalculus,False,False,False,False,False,[],"[""integer"", ""nonzero""]",subject
number_theory_e7d46565b1c984a9,S10,math_train_precalculus_733,precalculus,False,False,False,False,False,"[""trigonometric""]","[""integer"", ""nonzero""]",subject
number_theory_e7d46565b1c984a9,S10,math_train_precalculus_8,precalculus,False,False,False,False,False,[],"[""integer"", ""nonzero""]",subject
number_theory_e7d46565b1c984a9,S10,math_train_precalculus_88,precalculus,False,False,False,False,False,"[""integer"", ""trigonometric""]","[""nonzero""]",subject
prealgebra_3dabe2e95c1ae39e,S11,math_train_algebra_1010,algebra,False,True,False,False,False,"[""equation"", ""rational""]","[""nonzero""]",subject
prealgebra_3dabe2e95c1ae39e,S11,math_train_algebra_1018,algebra,False,True,False,False,False,"[""rational""]","[""nonzero""]",subject
prealgebra_3dabe2e95c1ae39e,S11,math_train_algebra_1026,algebra,False,True,False,False,False,"[""equation"", ""quadratic"", ""rational"", ""unit_rate""]","[""nonzero""]",subject
prealgebra_3dabe2e95c1ae39e,S11,math_train_algebra_1079,algebra,False,False,False,False,False,[],"[""nonzero"", ""rational""]",subject
prealgebra_3dabe2e95c1ae39e,S11,math_train_algebra_1119,algebra,False,False,False,False,False,"[""integer"", ""quadratic""]","[""nonzero"", ""rational""]",subject
prealgebra_3dabe2e95c1ae39e,S11,math_train_algebra_117,algebra,False,False,False,False,False,[],"[""nonzero"", ""rational""]",subject
prealgebra_3dabe2e95c1ae39e,S11,math_train_algebra_1250,algebra,False,True,False,False,False,"[""rational""]","[""nonzero""]",subject
prealgebra_3dabe2e95c1ae39e,S11,math_train_algebra_1327,algebra,False,False,False,False,False,"[""area"", ""integer""]","[""nonzero"", ""rational""]",subject
prealgebra_3dabe2e95c1ae39e,S11,math_train_algebra_1334,algebra,False,False,False,False,False,[],"[""nonzero"", ""rational""]",subject
prealgebra_3dabe2e95c1ae39e,S11,math_train_algebra_136,algebra,False,True,False,False,False,"[""rational"", ""unit_rate""]","[""nonzero""]",subject
prealgebra_3dabe2e95c1ae39e,S11,math_train_algebra_1460,algebra,False,True,False,False,False,"[""positive"", ""rational""]","[""nonzero""]",subject
prealgebra_3dabe2e95c1ae39e,S11,math_train_algebra_1469,algebra,False,False,False,False,False,"[""equation"", ""quadratic""]","[""nonzero"", ""rational""]",subject
prealgebra_3dabe2e95c1ae39e,S11,math_train_algebra_152,algebra,False,False,False,False,False,[],"[""nonzero"", ""rational""]",subject
prealgebra_3dabe2e95c1ae39e,S11,math_train_algebra_1538,algebra,False,False,False,False,False,[],"[""nonzero"", ""rational""]",subject
prealgebra_3dabe2e95c1ae39e,S11,math_train_algebra_1599,algebra,False,False,False,False,False,[],"[""nonzero"", ""rational""]",subject
prealgebra_3dabe2e95c1ae39e,S11,math_train_algebra_1621,algebra,False,False,False,False,False,[],"[""nonzero"", ""rational""]",subject
prealgebra_3dabe2e95c1ae39e,S11,math_train_algebra_1641,algebra,False,False,False,False,False,[],"[""nonzero"", ""rational""]",subject
prealgebra_3dabe2e95c1ae39e,S11,math_train_algebra_1644,algebra,False,False,False,False,False,[],"[""nonzero"", ""rational""]",subject
prealgebra_3dabe2e95c1ae39e,S11,math_train_algebra_1716,algebra,False,False,False,False,False,"[""composition"", ""quadratic""]","[""nonzero"", ""rational""]",subject
prealgebra_3dabe2e95c1ae39e,S11,math_train_algebra_1743,algebra,False,False,False,False,False,"[""integer"", ""positive""]","[""nonzero"", ""rational""]",subject
prealgebra_3dabe2e95c1ae39e,S11,math_train_algebra_203,algebra,False,False,False,False,False,"[""area""]","[""nonzero"", ""rational""]",subject
prealgebra_3dabe2e95c1ae39e,S11,math_train_algebra_204,algebra,False,True,False,False,False,"[""rational""]","[""nonzero""]",subject
prealgebra_3dabe2e95c1ae39e,S11,math_train_algebra_206,algebra,False,False,False,False,False,"[""integer""]","[""nonzero"", ""rational""]",subject
prealgebra_3dabe2e95c1ae39e,S11,math_train_algebra_221,algebra,False,False,False,False,False,"[""quadratic""]","[""nonzero"", ""rational""]",subject
prealgebra_3dabe2e95c1ae39e,S11,math_train_algebra_222,algebra,False,False,False,False,False,[],"[""nonzero"", ""rational""]",subject
prealgebra_3dabe2e95c1ae39e,S11,math_train_algebra_237,algebra,False,False,False,False,False,"[""quadratic""]","[""nonzero"", ""rational""]",subject
prealgebra_3dabe2e95c1ae39e,S11,math_train_algebra_267,algebra,False,False,False,False,False,[],"[""nonzero"", ""rational""]",subject
prealgebra_3dabe2e95c1ae39e,S11,math_train_algebra_334,algebra,False,False,False,False,False,"[""equation"", ""quadratic""]","[""nonzero"", ""rational""]",subject
prealgebra_3dabe2e95c1ae39e,S11,math_train_algebra_336,algebra,False,False,False,False,False,"[""equation""]","[""nonzero"", ""rational""]",subject
prealgebra_3dabe2e95c1ae39e,S11,math_train_algebra_348,algebra,False,True,False,False,False,"[""quadratic"", ""rational""]","[""nonzero""]",subject
prealgebra_3dabe2e95c1ae39e,S11,math_train_algebra_35,algebra,False,False,False,False,False,"[""positive""]","[""nonzero"", ""rational""]",subject
prealgebra_3dabe2e95c1ae39e,S11,math_train_algebra_42,algebra,False,True,False,False,False,"[""integer"", ""quadratic"", ""rational""]","[""nonzero""]",subject
prealgebra_3dabe2e95c1ae39e,S11,math_train_algebra_432,algebra,False,False,False,False,False,[],"[""nonzero"", ""rational""]",subject
prealgebra_3dabe2e95c1ae39e,S11,math_train_algebra_495,algebra,False,False,False,False,False,"[""positive"", ""quadratic""]","[""nonzero"", ""rational""]",subject
prealgebra_3dabe2e95c1ae39e,S11,math_train_algebra_496,algebra,False,True,False,False,False,"[""rational""]","[""nonzero""]",subject
prealgebra_3dabe2e95c1ae39e,S11,math_train_algebra_538,algebra,False,False,False,False,False,"[""quadratic""]","[""nonzero"", ""rational""]",subject
prealgebra_3dabe2e95c1ae39e,S11,math_train_algebra_541,algebra,False,False,False,False,False,"[""quadratic""]","[""nonzero"", ""rational""]",subject
prealgebra_3dabe2e95c1ae39e,S11,math_train_algebra_597,algebra,False,False,False,False,False,"[""integer"", ""positive""]","[""nonzero"", ""rational""]",subject
prealgebra_3dabe2e95c1ae39e,S11,math_train_algebra_604,algebra,False,False,False,False,False,"[""quadratic""]","[""nonzero"", ""rational""]",subject
prealgebra_3dabe2e95c1ae39e,S11,math_train_algebra_628,algebra,False,False,False,False,False,"[""equation"", ""integer"", ""quadratic""]","[""nonzero"", ""rational""]",subject
prealgebra_3dabe2e95c1ae39e,S11,math_train_algebra_631,algebra,False,True,False,False,False,"[""integer"", ""rational""]","[""nonzero""]",subject
prealgebra_3dabe2e95c1ae39e,S11,math_train_algebra_758,algebra,False,False,False,False,False,"[""equation"", ""quadratic"", ""unit_rate""]","[""nonzero"", ""rational""]",subject
prealgebra_3dabe2e95c1ae39e,S11,math_train_algebra_764,algebra,False,False,False,False,False,"[""quadratic""]","[""nonzero"", ""rational""]",subject
prealgebra_3dabe2e95c1ae39e,S11,math_train_algebra_883,algebra,False,False,False,False,False,"[""integer""]","[""nonzero"", ""rational""]",subject
prealgebra_3dabe2e95c1ae39e,S11,math_train_algebra_906,algebra,False,True,False,False,False,"[""equation"", ""rational""]","[""nonzero""]",subject
prealgebra_3dabe2e95c1ae39e,S11,math_train_algebra_928,algebra,False,False,False,False,False,"[""quadratic""]","[""nonzero"", ""rational""]",subject
prealgebra_3dabe2e95c1ae39e,S11,math_train_algebra_941,algebra,False,False,False,False,False,"[""quadratic""]","[""nonzero"", ""rational""]",subject
prealgebra_3dabe2e95c1ae39e,S11,math_train_algebra_949,algebra,False,False,False,False,False,[],"[""nonzero"", ""rational""]",subject
prealgebra_3dabe2e95c1ae39e,S11,math_train_algebra_959,algebra,False,False,False,False,False,"[""equation"", ""quadratic""]","[""nonzero"", ""rational""]",subject
prealgebra_3dabe2e95c1ae39e,S11,math_train_algebra_991,algebra,False,True,True,False,False,"[""nonzero"", ""rational""]",[],subject
prealgebra_3dabe2e95c1ae39e,S11,math_train_counting_probability_102,counting_probability,False,True,False,False,False,"[""probability"", ""rational""]","[""nonzero""]",subject
prealgebra_3dabe2e95c1ae39e,S11,math_train_counting_probability_142,counting_probability,False,False,False,False,False,"[""prime""]","[""nonzero"", ""rational""]",subject
prealgebra_3dabe2e95c1ae39e,S11,math_train_counting_probability_144,counting_probability,False,False,False,False,False,[],"[""nonzero"", ""rational""]",subject
prealgebra_3dabe2e95c1ae39e,S11,math_train_counting_probability_15,counting_probability,False,False,False,False,False,"[""counting""]","[""nonzero"", ""rational""]",subject
prealgebra_3dabe2e95c1ae39e,S11,math_train_counting_probability_151,counting_probability,False,False,False,False,False,"[""triangle""]","[""nonzero"", ""rational""]",subject
prealgebra_3dabe2e95c1ae39e,S11,math_train_counting_probability_153,counting_probability,False,False,False,False,False,"[""counting""]","[""nonzero"", ""rational""]",subject
prealgebra_3dabe2e95c1ae39e,S11,math_train_counting_probability_165,counting_probability,False,False,False,False,False,"[""probability"", ""unit_rate""]","[""nonzero"", ""rational""]",subject
prealgebra_3dabe2e95c1ae39e,S11,math_train_counting_probability_174,counting_probability,False,False,False,False,False,"[""counting""]","[""nonzero"", ""rational""]",subject
prealgebra_3dabe2e95c1ae39e,S11,math_train_counting_probability_177,counting_probability,False,False,False,False,False,[],"[""nonzero"", ""rational""]",subject
prealgebra_3dabe2e95c1ae39e,S11,math_train_counting_probability_186,counting_probability,False,False,False,False,False,"[""counting""]","[""nonzero"", ""rational""]",subject
prealgebra_3dabe2e95c1ae39e,S11,math_train_counting_probability_192,counting_probability,False,False,False,False,False,"[""counting"", ""probability""]","[""nonzero"", ""rational""]",subject
prealgebra_3dabe2e95c1ae39e,S11,math_train_counting_probability_208,counting_probability,False,False,False,False,False,"[""counting""]","[""nonzero"", ""rational""]",subject
prealgebra_3dabe2e95c1ae39e,S11,math_train_counting_probability_213,counting_probability,False,True,False,False,False,"[""counting"", ""probability"", ""rational""]","[""nonzero""]",subject
prealgebra_3dabe2e95c1ae39e,S11,math_train_counting_probability_218,counting_probability,False,True,False,False,False,"[""divisibility"", ""integer"", ""positive"", ""probability"", ""rational""]","[""nonzero""]",subject
prealgebra_3dabe2e95c1ae39e,S11,math_train_counting_probability_261,counting_probability,False,False,False,False,False,[],"[""nonzero"", ""rational""]",subject
prealgebra_3dabe2e95c1ae39e,S11,math_train_counting_probability_269,counting_probability,False,False,False,False,False,"[""counting"", ""unit_rate""]","[""nonzero"", ""rational""]",subject
prealgebra_3dabe2e95c1ae39e,S11,math_train_counting_probability_278,counting_probability,False,False,False,False,False,[],"[""nonzero"", ""rational""]",subject
prealgebra_3dabe2e95c1ae39e,S11,math_train_counting_probability_287,counting_probability,False,False,False,False,False,"[""counting""]","[""nonzero"", ""rational""]",subject
prealgebra_3dabe2e95c1ae39e,S11,math_train_counting_probability_31,counting_probability,False,True,False,False,False,"[""probability"", ""rational""]","[""nonzero""]",subject
prealgebra_3dabe2e95c1ae39e,S11,math_train_counting_probability_332,counting_probability,False,False,False,False,False,"[""counting"", ""factorization"", ""integer"", ""prime""]","[""nonzero"", ""rational""]",subject
prealgebra_3dabe2e95c1ae39e,S11,math_train_counting_probability_34,counting_probability,False,False,False,False,False,[],"[""nonzero"", ""rational""]",subject
prealgebra_3dabe2e95c1ae39e,S11,math_train_counting_probability_341,counting_probability,False,False,False,False,False,"[""circle""]","[""nonzero"", ""rational""]",subject
prealgebra_3dabe2e95c1ae39e,S11,math_train_counting_probability_345,counting_probability,False,False,False,False,False,"[""counting""]","[""nonzero"", ""rational""]",subject
prealgebra_3dabe2e95c1ae39e,S11,math_train_counting_probability_357,counting_probability,False,False,False,False,False,"[""integer"", ""positive"", ""prime"", ""probability"", ""unit_rate""]","[""nonzero"", ""rational""]",subject
prealgebra_3dabe2e95c1ae39e,S11,math_train_counting_probability_39,counting_probability,False,False,False,False,False,"[""modular""]","[""nonzero"", ""rational""]",subject
prealgebra_3dabe2e95c1ae39e,S11,math_train_counting_probability_396,counting_probability,False,False,False,False,False,"[""divisibility"", ""modular"", ""unit_rate""]","[""nonzero"", ""rational""]",subject
prealgebra_3dabe2e95c1ae39e,S11,math_train_counting_probability_401,counting_probability,False,True,False,False,False,"[""integer"", ""positive"", ""prime"", ""probability"", ""rational"", ""unit_rate""]","[""nonzero""]",subject
prealgebra_3dabe2e95c1ae39e,S11,math_train_counting_probability_425,counting_probability,False,False,False,False,False,"[""integer""]","[""nonzero"", ""rational""]",subject
prealgebra_3dabe2e95c1ae39e,S11,math_train_counting_probability_430,counting_probability,False,False,False,False,False,"[""integer""]","[""nonzero"", ""rational""]",subject
prealgebra_3dabe2e95c1ae39e,S11,math_train_counting_probability_452,counting_probability,False,False,False,False,False,"[""counting"", ""divisibility"", ""integer"", ""modular"", ""positive""]","[""nonzero"", ""rational""]",subject
prealgebra_3dabe2e95c1ae39e,S11,math_train_counting_probability_461,counting_probability,False,False,False,False,False,"[""integer""]","[""nonzero"", ""rational""]",subject
prealgebra_3dabe2e95c1ae39e,S11,math_train_counting_probability_471,counting_probability,False,False,False,False,False,[],"[""nonzero"", ""rational""]",subject
prealgebra_3dabe2e95c1ae39e,S11,math_train_counting_probability_482,counting_probability,False,False,False,False,False,"[""probability""]","[""nonzero"", ""rational""]",subject
prealgebra_3dabe2e95c1ae39e,S11,math_train_counting_probability_488,counting_probability,False,True,False,False,False,"[""probability"", ""rational""]","[""nonzero""]",subject
prealgebra_3dabe2e95c1ae39e,S11,math_train_counting_probability_490,counting_probability,False,False,False,False,False,"[""probability""]","[""nonzero"", ""rational""]",subject
prealgebra_3dabe2e95c1ae39e,S11,math_train_counting_probability_5,counting_probability,False,False,False,False,False,"[""unit_rate""]","[""nonzero"", ""rational""]",subject
prealgebra_3dabe2e95c1ae39e,S11,math_train_counting_probability_543,counting_probability,False,False,False,False,False,"[""counting""]","[""nonzero"", ""rational""]",subject
prealgebra_3dabe2e95c1ae39e,S11,math_train_counting_probability_596,counting_probability,False,False,False,False,False,"[""counting""]","[""nonzero"", ""rational""]",subject
prealgebra_3dabe2e95c1ae39e,S11,math_train_counting_probability_629,counting_probability,False,False,False,False,False,"[""counting""]","[""nonzero"", ""rational""]",subject
prealgebra_3dabe2e95c1ae39e,S11,math_train_counting_probability_640,counting_probability,False,False,False,False,False,"[""triangle""]","[""nonzero"", ""rational""]",subject
prealgebra_3dabe2e95c1ae39e,S11,math_train_counting_probability_658,counting_probability,False,False,False,False,False,"[""integer"", ""positive""]","[""nonzero"", ""rational""]",subject
prealgebra_3dabe2e95c1ae39e,S11,math_train_counting_probability_668,counting_probability,False,False,False,False,False,[],"[""nonzero"", ""rational""]",subject
prealgebra_3dabe2e95c1ae39e,S11,math_train_counting_probability_675,counting_probability,False,False,False,False,False,"[""counting"", ""unit_rate""]","[""nonzero"", ""rational""]",subject
prealgebra_3dabe2e95c1ae39e,S11,math_train_counting_probability_680,counting_probability,False,True,False,False,False,"[""rational""]","[""nonzero""]",subject
prealgebra_3dabe2e95c1ae39e,S11,math_train_counting_probability_693,counting_probability,False,True,False,False,False,"[""probability"", ""rational"", ""unit_rate""]","[""nonzero""]",subject
prealgebra_3dabe2e95c1ae39e,S11,math_train_counting_probability_700,counting_probability,False,False,False,False,False,"[""integer""]","[""nonzero"", ""rational""]",subject
prealgebra_3dabe2e95c1ae39e,S11,math_train_counting_probability_730,counting_probability,False,False,False,False,False,"[""counting""]","[""nonzero"", ""rational""]",subject
prealgebra_3dabe2e95c1ae39e,S11,math_train_counting_probability_756,counting_probability,False,False,False,False,False,"[""counting"", ""unit_rate""]","[""nonzero"", ""rational""]",subject
prealgebra_3dabe2e95c1ae39e,S11,math_train_counting_probability_85,counting_probability,False,False,False,False,False,[],"[""nonzero"", ""rational""]",subject
prealgebra_3dabe2e95c1ae39e,S11,math_train_counting_probability_96,counting_probability,False,True,False,False,False,"[""probability"", ""rational"", ""triangle""]","[""nonzero""]",subject
prealgebra_3dabe2e95c1ae39e,S11,math_train_geometry_124,geometry,False,True,False,False,False,"[""circle"", ""rational""]","[""nonzero""]",subject
prealgebra_3dabe2e95c1ae39e,S11,math_train_geometry_139,geometry,False,False,False,False,False,"[""area"", ""circle""]","[""nonzero"", ""rational""]",subject
prealgebra_3dabe2e95c1ae39e,S11,math_train_geometry_145,geometry,False,False,False,False,False,"[""area"", ""triangle""]","[""nonzero"", ""rational""]",subject
prealgebra_3dabe2e95c1ae39e,S11,math_train_geometry_15,geometry,False,False,False,False,False,"[""circle""]","[""nonzero"", ""rational""]",subject
prealgebra_3dabe2e95c1ae39e,S11,math_train_geometry_159,geometry,False,True,False,False,False,"[""area"", ""rational"", ""unit_rate""]","[""nonzero""]",subject
prealgebra_3dabe2e95c1ae39e,S11,math_train_geometry_168,geometry,False,False,False,False,False,"[""integer"", ""positive"", ""prime""]","[""nonzero"", ""rational""]",subject
prealgebra_3dabe2e95c1ae39e,S11,math_train_geometry_169,geometry,False,False,False,False,False,"[""circle"", ""factorization""]","[""nonzero"", ""rational""]",subject
prealgebra_3dabe2e95c1ae39e,S11,math_train_geometry_202,geometry,False,False,False,False,False,"[""area"", ""circle""]","[""nonzero"", ""rational""]",subject
prealgebra_3dabe2e95c1ae39e,S11,math_train_geometry_203,geometry,False,False,False,False,False,"[""circle"", ""triangle""]","[""nonzero"", ""rational""]",subject
prealgebra_3dabe2e95c1ae39e,S11,math_train_geometry_212,geometry,False,False,False,False,False,"[""area"", ""ratio"", ""unit_rate""]","[""nonzero"", ""rational""]",subject
prealgebra_3dabe2e95c1ae39e,S11,math_train_geometry_238,geometry,False,False,False,False,False,"[""factorization""]","[""nonzero"", ""rational""]",subject
prealgebra_3dabe2e95c1ae39e,S11,math_train_geometry_25,geometry,False,False,False,False,False,[],"[""nonzero"", ""rational""]",subject
prealgebra_3dabe2e95c1ae39e,S11,math_train_geometry_279,geometry,False,False,False,False,False,"[""circle""]","[""nonzero"", ""rational""]",subject
prealgebra_3dabe2e95c1ae39e,S11,math_train_geometry_289,geometry,False,True,False,False,False,"[""area"", ""rational"", ""triangle""]","[""nonzero""]",subject
prealgebra_3dabe2e95c1ae39e,S11,math_train_geometry_294,geometry,False,False,False,False,False,"[""unit_rate""]","[""nonzero"", ""rational""]",subject
prealgebra_3dabe2e95c1ae39e,S11,math_train_geometry_30,geometry,False,False,False,False,False,"[""area"", ""triangle""]","[""nonzero"", ""rational""]",subject
prealgebra_3dabe2e95c1ae39e,S11,math_train_geometry_308,geometry,False,True,False,False,False,"[""rational""]","[""nonzero""]",subject
prealgebra_3dabe2e95c1ae39e,S11,math_train_geometry_316,geometry,False,False,False,False,False,"[""area"", ""modular"", ""unit_rate""]","[""nonzero"", ""rational""]",subject
prealgebra_3dabe2e95c1ae39e,S11,math_train_geometry_327,geometry,False,False,False,False,False,"[""circle"", ""unit_rate""]","[""nonzero"", ""rational""]",subject
prealgebra_3dabe2e95c1ae39e,S11,math_train_geometry_343,geometry,False,False,False,False,False,"[""trigonometric""]","[""nonzero"", ""rational""]",subject
prealgebra_3dabe2e95c1ae39e,S11,math_train_geometry_359,geometry,False,False,False,False,False,"[""divisibility"", ""triangle""]","[""nonzero"", ""rational""]",subject
prealgebra_3dabe2e95c1ae39e,S11,math_train_geometry_367,geometry,False,False,False,False,False,"[""area"", ""ratio"", ""triangle""]","[""nonzero"", ""rational""]",subject
prealgebra_3dabe2e95c1ae39e,S11,math_train_geometry_374,geometry,False,False,False,False,False,"[""circle"", ""triangle""]","[""nonzero"", ""rational""]",subject
prealgebra_3dabe2e95c1ae39e,S11,math_train_geometry_394,geometry,False,False,False,False,False,"[""circle""]","[""nonzero"", ""rational""]",subject
prealgebra_3dabe2e95c1ae39e,S11,math_train_geometry_396,geometry,False,False,False,False,False,"[""area""]","[""nonzero"", ""rational""]",subject
prealgebra_3dabe2e95c1ae39e,S11,math_train_geometry_400,geometry,False,False,False,False,False,"[""modular"", ""triangle"", ""unit_rate""]","[""nonzero"", ""rational""]",subject
prealgebra_3dabe2e95c1ae39e,S11,math_train_geometry_447,geometry,False,False,False,False,False,"[""unit_rate""]","[""nonzero"", ""rational""]",subject
prealgebra_3dabe2e95c1ae39e,S11,math_train_geometry_467,geometry,False,False,False,False,False,"[""circle"", ""triangle""]","[""nonzero"", ""rational""]",subject
prealgebra_3dabe2e95c1ae39e,S11,math_train_geometry_469,geometry,False,False,False,False,False,"[""circle"", ""divisibility"", ""integer"", ""positive"", ""prime""]","[""nonzero"", ""rational""]",subject
prealgebra_3dabe2e95c1ae39e,S11,math_train_geometry_473,geometry,False,True,False,False,False,"[""integer"", ""positive"", ""prime"", ""rational""]","[""nonzero""]",subject
prealgebra_3dabe2e95c1ae39e,S11,math_train_geometry_478,geometry,False,False,False,False,False,"[""circle"", ""triangle"", ""unit_rate""]","[""nonzero"", ""rational""]",subject
prealgebra_3dabe2e95c1ae39e,S11,math_train_geometry_528,geometry,False,True,False,False,False,"[""divisibility"", ""integer"", ""positive"", ""prime"", ""rational"", ""triangle""]","[""nonzero""]",subject
prealgebra_3dabe2e95c1ae39e,S11,math_train_geometry_539,geometry,False,False,False,False,False,"[""circle""]","[""nonzero"", ""rational""]",subject
prealgebra_3dabe2e95c1ae39e,S11,math_train_geometry_609,geometry,False,True,False,False,False,"[""rational""]","[""nonzero""]",subject
prealgebra_3dabe2e95c1ae39e,S11,math_train_geometry_611,geometry,False,True,False,False,False,"[""area"", ""circle"", ""quadratic"", ""ratio"", ""rational"", ""triangle""]","[""nonzero""]",subject
prealgebra_3dabe2e95c1ae39e,S11,math_train_geometry_623,geometry,False,False,False,False,False,"[""triangle""]","[""nonzero"", ""rational""]",subject
prealgebra_3dabe2e95c1ae39e,S11,math_train_geometry_673,geometry,False,False,False,False,False,"[""area"", ""circle""]","[""nonzero"", ""rational""]",subject
prealgebra_3dabe2e95c1ae39e,S11,math_train_geometry_737,geometry,False,False,False,False,False,"[""trigonometric""]","[""nonzero"", ""rational""]",subject
prealgebra_3dabe2e95c1ae39e,S11,math_train_geometry_74,geometry,False,False,False,False,False,[],"[""nonzero"", ""rational""]",subject
prealgebra_3dabe2e95c1ae39e,S11,math_train_geometry_760,geometry,False,False,False,False,False,"[""area""]","[""nonzero"", ""rational""]",subject
prealgebra_3dabe2e95c1ae39e,S11,math_train_geometry_775,geometry,False,False,False,False,False,"[""area""]","[""nonzero"", ""rational""]",subject
prealgebra_3dabe2e95c1ae39e,S11,math_train_geometry_789,geometry,False,False,False,False,False,"[""area"", ""unit_rate""]","[""nonzero"", ""rational""]",subject
prealgebra_3dabe2e95c1ae39e,S11,math_train_geometry_813,geometry,False,False,False,False,False,"[""modular"", ""triangle""]","[""nonzero"", ""rational""]",subject
prealgebra_3dabe2e95c1ae39e,S11,math_train_geometry_817,geometry,False,False,False,False,False,"[""area"", ""unit_rate""]","[""nonzero"", ""rational""]",subject
prealgebra_3dabe2e95c1ae39e,S11,math_train_geometry_820,geometry,False,True,False,False,False,"[""ratio"", ""rational""]","[""nonzero""]",subject
prealgebra_3dabe2e95c1ae39e,S11,math_train_geometry_836,geometry,False,False,False,False,False,[],"[""nonzero"", ""rational""]",subject
prealgebra_3dabe2e95c1ae39e,S11,math_train_geometry_845,geometry,False,False,False,False,False,[],"[""nonzero"", ""rational""]",subject
prealgebra_3dabe2e95c1ae39e,S11,math_train_geometry_849,geometry,False,False,False,False,False,"[""circle"", ""factorization""]","[""nonzero"", ""rational""]",subject
prealgebra_3dabe2e95c1ae39e,S11,math_train_geometry_855,geometry,False,False,False,False,False,"[""area""]","[""nonzero"", ""rational""]",subject
prealgebra_3dabe2e95c1ae39e,S11,math_train_geometry_863,geometry,False,False,False,False,False,"[""quadratic"", ""triangle""]","[""nonzero"", ""rational""]",subject
prealgebra_3dabe2e95c1ae39e,S11,math_train_intermediate_algebra_1034,intermediate_algebra,False,False,False,False,False,"[""positive""]","[""nonzero"", ""rational""]",subject
prealgebra_3dabe2e95c1ae39e,S11,math_train_intermediate_algebra_1059,intermediate_algebra,False,False,False,False,False,[],"[""nonzero"", ""rational""]",subject
prealgebra_3dabe2e95c1ae39e,S11,math_train_intermediate_algebra_1060,intermediate_algebra,False,False,False,False,False,[],"[""nonzero"", ""rational""]",subject
prealgebra_3dabe2e95c1ae39e,S11,math_train_intermediate_algebra_1103,intermediate_algebra,False,True,False,False,False,"[""rational""]","[""nonzero""]",subject
prealgebra_3dabe2e95c1ae39e,S11,math_train_intermediate_algebra_1115,intermediate_algebra,False,False,False,False,False,"[""quadratic""]","[""nonzero"", ""rational""]",subject
prealgebra_3dabe2e95c1ae39e,S11,math_train_intermediate_algebra_1145,intermediate_algebra,False,True,False,False,False,"[""positive"", ""rational""]","[""nonzero""]",subject
prealgebra_3dabe2e95c1ae39e,S11,math_train_intermediate_algebra_1156,intermediate_algebra,False,True,False,False,False,"[""quadratic"", ""rational""]","[""nonzero""]",subject
prealgebra_3dabe2e95c1ae39e,S11,math_train_intermediate_algebra_1164,intermediate_algebra,False,False,False,False,False,"[""quadratic""]","[""nonzero"", ""rational""]",subject
prealgebra_3dabe2e95c1ae39e,S11,math_train_intermediate_algebra_1183,intermediate_algebra,False,False,False,False,False,"[""integer"", ""positive"", ""quadratic""]","[""nonzero"", ""rational""]",subject
prealgebra_3dabe2e95c1ae39e,S11,math_train_intermediate_algebra_1292,intermediate_algebra,False,True,False,False,False,"[""equation"", ""quadratic"", ""ratio"", ""rational""]","[""nonzero""]",subject
prealgebra_3dabe2e95c1ae39e,S11,math_train_intermediate_algebra_164,intermediate_algebra,False,False,False,False,False,"[""composition""]","[""nonzero"", ""rational""]",subject
prealgebra_3dabe2e95c1ae39e,S11,math_train_intermediate_algebra_178,intermediate_algebra,False,False,False,False,False,"[""equation"", ""quadratic""]","[""nonzero"", ""rational""]",subject
prealgebra_3dabe2e95c1ae39e,S11,math_train_intermediate_algebra_181,intermediate_algebra,False,False,False,False,False,"[""integer"", ""positive""]","[""nonzero"", ""rational""]",subject
prealgebra_3dabe2e95c1ae39e,S11,math_train_intermediate_algebra_263,intermediate_algebra,False,False,False,False,False,"[""quadratic""]","[""nonzero"", ""rational""]",subject
prealgebra_3dabe2e95c1ae39e,S11,math_train_intermediate_algebra_275,intermediate_algebra,False,False,False,False,False,"[""quadratic""]","[""nonzero"", ""rational""]",subject
prealgebra_3dabe2e95c1ae39e,S11,math_train_intermediate_algebra_296,intermediate_algebra,False,True,False,False,False,"[""positive"", ""rational""]","[""nonzero""]",subject
prealgebra_3dabe2e95c1ae39e,S11,math_train_intermediate_algebra_300,intermediate_algebra,False,True,True,False,False,"[""nonzero"", ""polynomial"", ""ratio"", ""rational""]",[],subject
prealgebra_3dabe2e95c1ae39e,S11,math_train_intermediate_algebra_315,intermediate_algebra,False,True,False,False,False,"[""rational""]","[""nonzero""]",subject
prealgebra_3dabe2e95c1ae39e,S11,math_train_intermediate_algebra_340,intermediate_algebra,False,False,False,False,False,[],"[""nonzero"", ""rational""]",subject
prealgebra_3dabe2e95c1ae39e,S11,math_train_intermediate_algebra_345,intermediate_algebra,False,False,False,False,False,[],"[""nonzero"", ""rational""]",subject
prealgebra_3dabe2e95c1ae39e,S11,math_train_intermediate_algebra_359,intermediate_algebra,False,True,False,False,False,"[""ratio"", ""rational""]","[""nonzero""]",subject
prealgebra_3dabe2e95c1ae39e,S11,math_train_intermediate_algebra_363,intermediate_algebra,False,False,False,False,False,"[""positive""]","[""nonzero"", ""rational""]",subject
prealgebra_3dabe2e95c1ae39e,S11,math_train_intermediate_algebra_39,intermediate_algebra,False,False,False,False,False,"[""quadratic""]","[""nonzero"", ""rational""]",subject
prealgebra_3dabe2e95c1ae39e,S11,math_train_intermediate_algebra_437,intermediate_algebra,False,False,False,False,False,"[""quadratic""]","[""nonzero"", ""rational""]",subject
prealgebra_3dabe2e95c1ae39e,S11,math_train_intermediate_algebra_452,intermediate_algebra,False,False,False,False,False,"[""positive"", ""quadratic""]","[""nonzero"", ""rational""]",subject
prealgebra_3dabe2e95c1ae39e,S11,math_train_intermediate_algebra_455,intermediate_algebra,False,True,False,False,False,"[""quadratic"", ""rational""]","[""nonzero""]",subject
prealgebra_3dabe2e95c1ae39e,S11,math_train_intermediate_algebra_473,intermediate_algebra,False,False,False,False,False,[],"[""nonzero"", ""rational""]",subject
prealgebra_3dabe2e95c1ae39e,S11,math_train_intermediate_algebra_503,intermediate_algebra,False,False,False,False,False,"[""integer"", ""unit_rate""]","[""nonzero"", ""rational""]",subject
prealgebra_3dabe2e95c1ae39e,S11,math_train_intermediate_algebra_532,intermediate_algebra,False,True,False,False,False,"[""equation"", ""quadratic"", ""ratio"", ""rational""]","[""nonzero""]",subject
prealgebra_3dabe2e95c1ae39e,S11,math_train_intermediate_algebra_542,intermediate_algebra,False,False,False,False,False,"[""polynomial"", ""quadratic""]","[""nonzero"", ""rational""]",subject
prealgebra_3dabe2e95c1ae39e,S11,math_train_intermediate_algebra_543,intermediate_algebra,False,True,False,False,False,"[""quadratic"", ""rational""]","[""nonzero""]",subject
prealgebra_3dabe2e95c1ae39e,S11,math_train_intermediate_algebra_556,intermediate_algebra,False,False,False,False,False,"[""equation"", ""integer"", ""positive"", ""quadratic""]","[""nonzero"", ""rational""]",subject
prealgebra_3dabe2e95c1ae39e,S11,math_train_intermediate_algebra_56,intermediate_algebra,False,True,False,False,False,"[""quadratic"", ""rational"", ""unit_rate""]","[""nonzero""]",subject
prealgebra_3dabe2e95c1ae39e,S11,math_train_intermediate_algebra_597,intermediate_algebra,False,False,False,False,False,"[""divisibility"", ""modular""]","[""nonzero"", ""rational""]",subject
prealgebra_3dabe2e95c1ae39e,S11,math_train_intermediate_algebra_598,intermediate_algebra,False,True,False,False,False,"[""rational""]","[""nonzero""]",subject
prealgebra_3dabe2e95c1ae39e,S11,math_train_intermediate_algebra_624,intermediate_algebra,False,False,False,False,False,"[""integer"", ""positive"", ""quadratic""]","[""nonzero"", ""rational""]",subject
prealgebra_3dabe2e95c1ae39e,S11,math_train_intermediate_algebra_653,intermediate_algebra,False,False,False,False,False,"[""divisibility"", ""modular""]","[""nonzero"", ""rational""]",subject
prealgebra_3dabe2e95c1ae39e,S11,math_train_intermediate_algebra_675,intermediate_algebra,False,False,False,False,False,[],"[""nonzero"", ""rational""]",subject
prealgebra_3dabe2e95c1ae39e,S11,math_train_intermediate_algebra_702,intermediate_algebra,False,False,False,False,False,[],"[""nonzero"", ""rational""]",subject
prealgebra_3dabe2e95c1ae39e,S11,math_train_intermediate_algebra_706,intermediate_algebra,False,True,False,False,False,"[""equation"", ""integer"", ""quadratic"", ""rational""]","[""nonzero""]",subject
prealgebra_3dabe2e95c1ae39e,S11,math_train_intermediate_algebra_720,intermediate_algebra,False,True,True,False,False,"[""nonzero"", ""polynomial"", ""quadratic"", ""rational""]",[],subject
prealgebra_3dabe2e95c1ae39e,S11,math_train_intermediate_algebra_760,intermediate_algebra,False,False,False,False,False,"[""integer""]","[""nonzero"", ""rational""]",subject
prealgebra_3dabe2e95c1ae39e,S11,math_train_intermediate_algebra_78,intermediate_algebra,False,True,False,False,False,"[""rational""]","[""nonzero""]",subject
prealgebra_3dabe2e95c1ae39e,S11,math_train_intermediate_algebra_899,intermediate_algebra,False,True,False,False,False,"[""equation"", ""integer"", ""polynomial"", ""ratio"", ""rational""]","[""nonzero""]",subject
prealgebra_3dabe2e95c1ae39e,S11,math_train_intermediate_algebra_922,intermediate_algebra,False,True,False,False,False,"[""positive"", ""rational""]","[""nonzero""]",subject
prealgebra_3dabe2e95c1ae39e,S11,math_train_intermediate_algebra_954,intermediate_algebra,False,False,False,False,False,"[""factorization"", ""quadratic""]","[""nonzero"", ""rational""]",subject
prealgebra_3dabe2e95c1ae39e,S11,math_train_intermediate_algebra_967,intermediate_algebra,False,False,False,False,False,"[""divisibility"", ""quadratic""]","[""nonzero"", ""rational""]",subject
prealgebra_3dabe2e95c1ae39e,S11,math_train_intermediate_algebra_974,intermediate_algebra,False,True,False,False,False,"[""rational""]","[""nonzero""]",subject
prealgebra_3dabe2e95c1ae39e,S11,math_train_intermediate_algebra_993,intermediate_algebra,False,False,False,False,False,"[""divisibility"", ""modular"", ""polynomial""]","[""nonzero"", ""rational""]",subject
prealgebra_3dabe2e95c1ae39e,S11,math_train_intermediate_algebra_999,intermediate_algebra,False,False,False,False,False,"[""polynomial"", ""quadratic""]","[""nonzero"", ""rational""]",subject
prealgebra_3dabe2e95c1ae39e,S11,math_train_number_theory_101,number_theory,False,False,False,False,False,"[""modular"", ""probability""]","[""nonzero"", ""rational""]",subject
prealgebra_3dabe2e95c1ae39e,S11,math_train_number_theory_113,number_theory,False,False,False,False,False,"[""divisibility""]","[""nonzero"", ""rational""]",subject
prealgebra_3dabe2e95c1ae39e,S11,math_train_number_theory_153,number_theory,False,False,False,False,False,"[""integer"", ""positive""]","[""nonzero"", ""rational""]",subject
prealgebra_3dabe2e95c1ae39e,S11,math_train_number_theory_175,number_theory,False,False,False,False,False,"[""positive""]","[""nonzero"", ""rational""]",subject
prealgebra_3dabe2e95c1ae39e,S11,math_train_number_theory_181,number_theory,False,False,False,False,False,"[""positive""]","[""nonzero"", ""rational""]",subject
prealgebra_3dabe2e95c1ae39e,S11,math_train_number_theory_187,number_theory,False,False,False,False,False,"[""divisibility""]","[""nonzero"", ""rational""]",subject
prealgebra_3dabe2e95c1ae39e,S11,math_train_number_theory_196,number_theory,False,False,False,False,False,"[""unit_rate""]","[""nonzero"", ""rational""]",subject
prealgebra_3dabe2e95c1ae39e,S11,math_train_number_theory_203,number_theory,False,False,False,False,False,"[""factorization"", ""positive""]","[""nonzero"", ""rational""]",subject
prealgebra_3dabe2e95c1ae39e,S11,math_train_number_theory_221,number_theory,False,False,False,False,False,"[""quadratic""]","[""nonzero"", ""rational""]",subject
prealgebra_3dabe2e95c1ae39e,S11,math_train_number_theory_229,number_theory,False,False,False,False,False,"[""integer""]","[""nonzero"", ""rational""]",subject
prealgebra_3dabe2e95c1ae39e,S11,math_train_number_theory_237,number_theory,False,False,False,False,False,"[""divisibility"", ""modular""]","[""nonzero"", ""rational""]",subject
prealgebra_3dabe2e95c1ae39e,S11,math_train_number_theory_252,number_theory,False,False,False,False,False,[],"[""nonzero"", ""rational""]",subject
prealgebra_3dabe2e95c1ae39e,S11,math_train_number_theory_257,number_theory,False,True,False,False,False,"[""integer"", ""rational""]","[""nonzero""]",subject
prealgebra_3dabe2e95c1ae39e,S11,math_train_number_theory_272,number_theory,False,False,False,False,False,"[""factorization""]","[""nonzero"", ""rational""]",subject
prealgebra_3dabe2e95c1ae39e,S11,math_train_number_theory_274,number_theory,False,False,False,False,False,"[""divisibility"", ""integer"", ""positive""]","[""nonzero"", ""rational""]",subject
prealgebra_3dabe2e95c1ae39e,S11,math_train_number_theory_282,number_theory,False,False,False,False,False,"[""divisibility"", ""integer"", ""modular"", ""positive""]","[""nonzero"", ""rational""]",subject
prealgebra_3dabe2e95c1ae39e,S11,math_train_number_theory_297,number_theory,False,False,False,False,False,"[""divisibility"", ""modular""]","[""nonzero"", ""rational""]",subject
prealgebra_3dabe2e95c1ae39e,S11,math_train_number_theory_298,number_theory,False,False,False,False,False,[],"[""nonzero"", ""rational""]",subject
prealgebra_3dabe2e95c1ae39e,S11,math_train_number_theory_329,number_theory,False,False,False,False,False,[],"[""nonzero"", ""rational""]",subject
prealgebra_3dabe2e95c1ae39e,S11,math_train_number_theory_339,number_theory,False,False,False,False,False,"[""integer"", ""modular""]","[""nonzero"", ""rational""]",subject
prealgebra_3dabe2e95c1ae39e,S11,math_train_number_theory_366,number_theory,False,False,False,False,False,"[""integer"", ""modular""]","[""nonzero"", ""rational""]",subject
prealgebra_3dabe2e95c1ae39e,S11,math_train_number_theory_371,number_theory,False,False,False,False,False,"[""gcd_lcm"", ""integer"", ""positive"", ""quadratic""]","[""nonzero"", ""rational""]",subject
prealgebra_3dabe2e95c1ae39e,S11,math_train_number_theory_374,number_theory,False,False,False,False,False,"[""counting""]","[""nonzero"", ""rational""]",subject
prealgebra_3dabe2e95c1ae39e,S11,math_train_number_theory_403,number_theory,False,True,False,False,False,"[""gcd_lcm"", ""integer"", ""positive"", ""rational""]","[""nonzero""]",subject
prealgebra_3dabe2e95c1ae39e,S11,math_train_number_theory_448,number_theory,False,False,False,False,False,"[""divisibility""]","[""nonzero"", ""rational""]",subject
prealgebra_3dabe2e95c1ae39e,S11,math_train_number_theory_490,number_theory,False,False,False,False,False,"[""factorization"", ""gcd_lcm"", ""prime""]","[""nonzero"", ""rational""]",subject
prealgebra_3dabe2e95c1ae39e,S11,math_train_number_theory_51,number_theory,False,False,False,False,False,"[""positive""]","[""nonzero"", ""rational""]",subject
prealgebra_3dabe2e95c1ae39e,S11,math_train_number_theory_510,number_theory,False,False,False,False,False,"[""prime""]","[""nonzero"", ""rational""]",subject
prealgebra_3dabe2e95c1ae39e,S11,math_train_number_theory_528,number_theory,False,False,False,False,False,"[""integer""]","[""nonzero"", ""rational""]",subject
prealgebra_3dabe2e95c1ae39e,S11,math_train_number_theory_541,number_theory,False,False,False,False,False,"[""divisibility""]","[""nonzero"", ""rational""]",subject
prealgebra_3dabe2e95c1ae39e,S11,math_train_number_theory_555,number_theory,False,False,False,False,False,"[""divisibility"", ""integer"", ""positive""]","[""nonzero"", ""rational""]",subject
prealgebra_3dabe2e95c1ae39e,S11,math_train_number_theory_576,number_theory,False,True,False,False,False,"[""integer"", ""positive"", ""rational""]","[""nonzero""]",subject
prealgebra_3dabe2e95c1ae39e,S11,math_train_number_theory_598,number_theory,False,False,False,False,False,[],"[""nonzero"", ""rational""]",subject
prealgebra_3dabe2e95c1ae39e,S11,math_train_number_theory_608,number_theory,False,False,False,False,False,"[""positive""]","[""nonzero"", ""rational""]",subject
prealgebra_3dabe2e95c1ae39e,S11,math_train_number_theory_617,number_theory,False,False,False,False,False,"[""prime""]","[""nonzero"", ""rational""]",subject
prealgebra_3dabe2e95c1ae39e,S11,math_train_number_theory_629,number_theory,False,False,False,False,False,"[""integer""]","[""nonzero"", ""rational""]",subject
prealgebra_3dabe2e95c1ae39e,S11,math_train_number_theory_653,number_theory,False,False,False,False,False,"[""divisibility"", ""integer"", ""modular""]","[""nonzero"", ""rational""]",subject
prealgebra_3dabe2e95c1ae39e,S11,math_train_number_theory_691,number_theory,False,False,False,False,False,"[""divisibility""]","[""nonzero"", ""rational""]",subject
prealgebra_3dabe2e95c1ae39e,S11,math_train_number_theory_705,number_theory,False,True,False,False,False,"[""rational""]","[""nonzero""]",subject
prealgebra_3dabe2e95c1ae39e,S11,math_train_number_theory_713,number_theory,False,True,False,False,False,"[""integer"", ""positive"", ""rational""]","[""nonzero""]",subject
prealgebra_3dabe2e95c1ae39e,S11,math_train_number_theory_717,number_theory,False,False,False,False,False,"[""divisibility"", ""integer"", ""modular""]","[""nonzero"", ""rational""]",subject
prealgebra_3dabe2e95c1ae39e,S11,math_train_number_theory_733,number_theory,False,False,False,False,False,"[""gcd_lcm""]","[""nonzero"", ""rational""]",subject
prealgebra_3dabe2e95c1ae39e,S11,math_train_number_theory_740,number_theory,False,False,False,False,False,"[""integer""]","[""nonzero"", ""rational""]",subject
prealgebra_3dabe2e95c1ae39e,S11,math_train_number_theory_741,number_theory,False,False,False,False,False,"[""divisibility"", ""modular""]","[""nonzero"", ""rational""]",subject
prealgebra_3dabe2e95c1ae39e,S11,math_train_number_theory_744,number_theory,False,False,False,False,False,"[""counting"", ""factorization"", ""positive"", ""prime""]","[""nonzero"", ""rational""]",subject
prealgebra_3dabe2e95c1ae39e,S11,math_train_number_theory_78,number_theory,False,False,False,False,False,"[""integer"", ""modular""]","[""nonzero"", ""rational""]",subject
prealgebra_3dabe2e95c1ae39e,S11,math_train_number_theory_818,number_theory,False,False,False,False,False,[],"[""nonzero"", ""rational""]",subject
prealgebra_3dabe2e95c1ae39e,S11,math_train_number_theory_828,number_theory,False,False,False,False,False,"[""gcd_lcm""]","[""nonzero"", ""rational""]",subject
prealgebra_3dabe2e95c1ae39e,S11,math_train_number_theory_83,number_theory,False,False,False,False,False,"[""integer"", ""modular"", ""positive""]","[""nonzero"", ""rational""]",subject
prealgebra_3dabe2e95c1ae39e,S11,math_train_number_theory_848,number_theory,False,False,False,False,False,"[""divisibility"", ""modular""]","[""nonzero"", ""rational""]",subject
prealgebra_3dabe2e95c1ae39e,S11,math_train_prealgebra_1012,prealgebra,True,False,False,False,False,"[""unit_rate""]","[""nonzero"", ""rational""]",trigger
prealgebra_3dabe2e95c1ae39e,S11,math_train_prealgebra_1021,prealgebra,True,False,False,False,False,[],"[""nonzero"", ""rational""]",trigger
prealgebra_3dabe2e95c1ae39e,S11,math_train_prealgebra_1023,prealgebra,True,False,False,False,False,"[""area""]","[""nonzero"", ""rational""]",trigger
prealgebra_3dabe2e95c1ae39e,S11,math_train_prealgebra_105,prealgebra,True,False,False,False,False,"[""unit_rate""]","[""nonzero"", ""rational""]",trigger
prealgebra_3dabe2e95c1ae39e,S11,math_train_prealgebra_1072,prealgebra,True,False,False,False,False,"[""area""]","[""nonzero"", ""rational""]",trigger
prealgebra_3dabe2e95c1ae39e,S11,math_train_prealgebra_1079,prealgebra,True,False,False,False,False,[],"[""nonzero"", ""rational""]",trigger
prealgebra_3dabe2e95c1ae39e,S11,math_train_prealgebra_1107,prealgebra,True,False,False,False,False,"[""area"", ""circle""]","[""nonzero"", ""rational""]",trigger
prealgebra_3dabe2e95c1ae39e,S11,math_train_prealgebra_1140,prealgebra,True,False,False,False,False,[],"[""nonzero"", ""rational""]",trigger
prealgebra_3dabe2e95c1ae39e,S11,math_train_prealgebra_116,prealgebra,True,False,False,False,False,[],"[""nonzero"", ""rational""]",trigger
prealgebra_3dabe2e95c1ae39e,S11,math_train_prealgebra_1184,prealgebra,True,True,False,False,False,"[""equation"", ""rational""]","[""nonzero""]",preconditions
prealgebra_3dabe2e95c1ae39e,S11,math_train_prealgebra_125,prealgebra,True,False,False,False,False,"[""counting"", ""unit_rate""]","[""nonzero"", ""rational""]",trigger
prealgebra_3dabe2e95c1ae39e,S11,math_train_prealgebra_158,prealgebra,True,False,False,False,False,[],"[""nonzero"", ""rational""]",trigger
prealgebra_3dabe2e95c1ae39e,S11,math_train_prealgebra_167,prealgebra,True,True,False,False,False,"[""rational""]","[""nonzero""]",preconditions
prealgebra_3dabe2e95c1ae39e,S11,math_train_prealgebra_206,prealgebra,True,True,False,False,False,"[""area"", ""circle"", ""ratio"", ""rational""]","[""nonzero""]",preconditions
prealgebra_3dabe2e95c1ae39e,S11,math_train_prealgebra_219,prealgebra,True,False,False,False,False,[],"[""nonzero"", ""rational""]",trigger
prealgebra_3dabe2e95c1ae39e,S11,math_train_prealgebra_23,prealgebra,True,True,False,False,False,"[""rational""]","[""nonzero""]",preconditions
prealgebra_3dabe2e95c1ae39e,S11,math_train_prealgebra_231,prealgebra,True,False,False,False,False,"[""circle""]","[""nonzero"", ""rational""]",trigger
prealgebra_3dabe2e95c1ae39e,S11,math_train_prealgebra_235,prealgebra,True,False,False,False,False,"[""counting""]","[""nonzero"", ""rational""]",trigger
prealgebra_3dabe2e95c1ae39e,S11,math_train_prealgebra_307,prealgebra,True,False,False,False,False,"[""area""]","[""nonzero"", ""rational""]",trigger
prealgebra_3dabe2e95c1ae39e,S11,math_train_prealgebra_321,prealgebra,True,False,False,False,False,[],"[""nonzero"", ""rational""]",trigger
prealgebra_3dabe2e95c1ae39e,S11,math_train_prealgebra_35,prealgebra,True,False,False,False,False,[],"[""nonzero"", ""rational""]",trigger
prealgebra_3dabe2e95c1ae39e,S11,math_train_prealgebra_361,prealgebra,True,False,False,False,False,"[""ratio"", ""unit_rate""]","[""nonzero"", ""rational""]",trigger
prealgebra_3dabe2e95c1ae39e,S11,math_train_prealgebra_379,prealgebra,True,False,False,False,False,[],"[""nonzero"", ""rational""]",trigger
prealgebra_3dabe2e95c1ae39e,S11,math_train_prealgebra_412,prealgebra,True,False,False,False,False,[],"[""nonzero"", ""rational""]",trigger
prealgebra_3dabe2e95c1ae39e,S11,math_train_prealgebra_427,prealgebra,True,False,False,False,False,[],"[""nonzero"", ""rational""]",trigger
prealgebra_3dabe2e95c1ae39e,S11,math_train_prealgebra_43,prealgebra,True,False,False,False,False,"[""area"", ""triangle""]","[""nonzero"", ""rational""]",trigger
prealgebra_3dabe2e95c1ae39e,S11,math_train_prealgebra_431,prealgebra,True,False,False,False,False,[],"[""nonzero"", ""rational""]",trigger
prealgebra_3dabe2e95c1ae39e,S11,math_train_prealgebra_438,prealgebra,True,False,False,False,False,[],"[""nonzero"", ""rational""]",trigger
prealgebra_3dabe2e95c1ae39e,S11,math_train_prealgebra_443,prealgebra,True,False,False,False,False,[],"[""nonzero"", ""rational""]",trigger
prealgebra_3dabe2e95c1ae39e,S11,math_train_prealgebra_465,prealgebra,True,False,False,False,False,"[""integer"", ""positive""]","[""nonzero"", ""rational""]",trigger
prealgebra_3dabe2e95c1ae39e,S11,math_train_prealgebra_514,prealgebra,True,False,False,False,False,[],"[""nonzero"", ""rational""]",trigger
prealgebra_3dabe2e95c1ae39e,S11,math_train_prealgebra_515,prealgebra,True,False,False,False,False,[],"[""nonzero"", ""rational""]",trigger
prealgebra_3dabe2e95c1ae39e,S11,math_train_prealgebra_527,prealgebra,True,False,False,False,False,"[""area""]","[""nonzero"", ""rational""]",trigger
prealgebra_3dabe2e95c1ae39e,S11,math_train_prealgebra_549,prealgebra,True,False,False,False,False,"[""triangle""]","[""nonzero"", ""rational""]",trigger
prealgebra_3dabe2e95c1ae39e,S11,math_train_prealgebra_557,prealgebra,True,False,False,False,False,[],"[""nonzero"", ""rational""]",trigger
prealgebra_3dabe2e95c1ae39e,S11,math_train_prealgebra_561,prealgebra,True,False,False,False,False,"[""unit_rate""]","[""nonzero"", ""rational""]",trigger
prealgebra_3dabe2e95c1ae39e,S11,math_train_prealgebra_594,prealgebra,True,False,False,False,False,[],"[""nonzero"", ""rational""]",trigger
prealgebra_3dabe2e95c1ae39e,S11,math_train_prealgebra_596,prealgebra,True,False,False,False,False,"[""counting""]","[""nonzero"", ""rational""]",trigger
prealgebra_3dabe2e95c1ae39e,S11,math_train_prealgebra_621,prealgebra,True,True,False,False,False,"[""rational""]","[""nonzero""]",preconditions
prealgebra_3dabe2e95c1ae39e,S11,math_train_prealgebra_721,prealgebra,True,False,False,False,False,"[""divisibility""]","[""nonzero"", ""rational""]",trigger
prealgebra_3dabe2e95c1ae39e,S11,math_train_prealgebra_738,prealgebra,True,False,False,False,False,[],"[""nonzero"", ""rational""]",trigger
prealgebra_3dabe2e95c1ae39e,S11,math_train_prealgebra_750,prealgebra,True,True,False,False,False,"[""rational""]","[""nonzero""]",preconditions
prealgebra_3dabe2e95c1ae39e,S11,math_train_prealgebra_769,prealgebra,True,False,False,False,False,[],"[""nonzero"", ""rational""]",trigger
prealgebra_3dabe2e95c1ae39e,S11,math_train_prealgebra_86,prealgebra,True,False,False,False,False,"[""area"", ""circle"", ""integer""]","[""nonzero"", ""rational""]",trigger
prealgebra_3dabe2e95c1ae39e,S11,math_train_prealgebra_895,prealgebra,True,False,False,False,False,"[""integer"", ""positive""]","[""nonzero"", ""rational""]",trigger
prealgebra_3dabe2e95c1ae39e,S11,math_train_prealgebra_91,prealgebra,True,False,False,False,False,[],"[""nonzero"", ""rational""]",trigger
prealgebra_3dabe2e95c1ae39e,S11,math_train_prealgebra_913,prealgebra,True,False,False,False,False,[],"[""nonzero"", ""rational""]",trigger
prealgebra_3dabe2e95c1ae39e,S11,math_train_prealgebra_921,prealgebra,True,False,False,False,False,[],"[""nonzero"", ""rational""]",trigger
prealgebra_3dabe2e95c1ae39e,S11,math_train_prealgebra_953,prealgebra,True,False,False,False,False,[],"[""nonzero"", ""rational""]",trigger
prealgebra_3dabe2e95c1ae39e,S11,math_train_prealgebra_972,prealgebra,True,False,False,False,False,"[""area"", ""circle"", ""quadratic""]","[""nonzero"", ""rational""]",trigger
prealgebra_3dabe2e95c1ae39e,S11,math_train_precalculus_106,precalculus,False,False,False,False,False,"[""area"", ""triangle""]","[""nonzero"", ""rational""]",subject
prealgebra_3dabe2e95c1ae39e,S11,math_train_precalculus_108,precalculus,False,False,False,False,False,[],"[""nonzero"", ""rational""]",subject
prealgebra_3dabe2e95c1ae39e,S11,math_train_precalculus_114,precalculus,False,False,False,False,False,[],"[""nonzero"", ""rational""]",subject
prealgebra_3dabe2e95c1ae39e,S11,math_train_precalculus_118,precalculus,False,True,False,False,False,"[""rational"", ""trigonometric""]","[""nonzero""]",subject
prealgebra_3dabe2e95c1ae39e,S11,math_train_precalculus_119,precalculus,False,False,False,False,False,"[""trigonometric""]","[""nonzero"", ""rational""]",subject
prealgebra_3dabe2e95c1ae39e,S11,math_train_precalculus_189,precalculus,False,True,False,False,False,"[""quadratic"", ""rational""]","[""nonzero""]",subject
prealgebra_3dabe2e95c1ae39e,S11,math_train_precalculus_2,precalculus,False,False,False,False,False,[],"[""nonzero"", ""rational""]",subject
prealgebra_3dabe2e95c1ae39e,S11,math_train_precalculus_205,precalculus,False,False,False,False,False,[],"[""nonzero"", ""rational""]",subject
prealgebra_3dabe2e95c1ae39e,S11,math_train_precalculus_215,precalculus,False,False,False,False,False,[],"[""nonzero"", ""rational""]",subject
prealgebra_3dabe2e95c1ae39e,S11,math_train_precalculus_22,precalculus,False,False,False,False,False,[],"[""nonzero"", ""rational""]",subject
prealgebra_3dabe2e95c1ae39e,S11,math_train_precalculus_230,precalculus,False,False,False,False,False,"[""area"", ""triangle""]","[""nonzero"", ""rational""]",subject
prealgebra_3dabe2e95c1ae39e,S11,math_train_precalculus_238,precalculus,False,False,False,False,False,[],"[""nonzero"", ""rational""]",subject
prealgebra_3dabe2e95c1ae39e,S11,math_train_precalculus_250,precalculus,False,True,False,False,False,"[""circle"", ""equation"", ""rational"", ""trigonometric""]","[""nonzero""]",subject
prealgebra_3dabe2e95c1ae39e,S11,math_train_precalculus_259,precalculus,False,False,False,False,False,[],"[""nonzero"", ""rational""]",subject
prealgebra_3dabe2e95c1ae39e,S11,math_train_precalculus_27,precalculus,False,False,False,False,False,"[""triangle""]","[""nonzero"", ""rational""]",subject
prealgebra_3dabe2e95c1ae39e,S11,math_train_precalculus_293,precalculus,False,False,False,False,False,"[""area"", ""triangle""]","[""nonzero"", ""rational""]",subject
prealgebra_3dabe2e95c1ae39e,S11,math_train_precalculus_349,precalculus,False,False,False,False,False,"[""circle"", ""equation""]","[""nonzero"", ""rational""]",subject
prealgebra_3dabe2e95c1ae39e,S11,math_train_precalculus_355,precalculus,False,False,False,False,False,"[""circle""]","[""nonzero"", ""rational""]",subject
prealgebra_3dabe2e95c1ae39e,S11,math_train_precalculus_415,precalculus,False,False,False,False,False,"[""area"", ""triangle""]","[""nonzero"", ""rational""]",subject
prealgebra_3dabe2e95c1ae39e,S11,math_train_precalculus_419,precalculus,False,False,False,False,False,"[""quadratic"", ""triangle""]","[""nonzero"", ""rational""]",subject
prealgebra_3dabe2e95c1ae39e,S11,math_train_precalculus_423,precalculus,False,False,False,False,False,[],"[""nonzero"", ""rational""]",subject
prealgebra_3dabe2e95c1ae39e,S11,math_train_precalculus_445,precalculus,False,False,False,False,False,"[""triangle"", ""unit_rate""]","[""nonzero"", ""rational""]",subject
prealgebra_3dabe2e95c1ae39e,S11,math_train_precalculus_461,precalculus,False,False,False,False,False,[],"[""nonzero"", ""rational""]",subject
prealgebra_3dabe2e95c1ae39e,S11,math_train_precalculus_471,precalculus,False,False,False,False,False,"[""trigonometric""]","[""nonzero"", ""rational""]",subject
prealgebra_3dabe2e95c1ae39e,S11,math_train_precalculus_479,precalculus,False,True,False,False,False,"[""gcd_lcm"", ""integer"", ""rational""]","[""nonzero""]",subject
prealgebra_3dabe2e95c1ae39e,S11,math_train_precalculus_492,precalculus,False,True,False,False,False,"[""rational""]","[""nonzero""]",subject
prealgebra_3dabe2e95c1ae39e,S11,math_train_precalculus_505,precalculus,False,False,False,False,False,"[""integer"", ""nonzero"", ""quadratic""]","[""rational""]",subject
prealgebra_3dabe2e95c1ae39e,S11,math_train_precalculus_512,precalculus,False,True,False,False,False,"[""rational""]","[""nonzero""]",subject
prealgebra_3dabe2e95c1ae39e,S11,math_train_precalculus_517,precalculus,False,False,False,False,False,"[""quadratic""]","[""nonzero"", ""rational""]",subject
prealgebra_3dabe2e95c1ae39e,S11,math_train_precalculus_52,precalculus,False,False,False,False,False,"[""quadratic""]","[""nonzero"", ""rational""]",subject
prealgebra_3dabe2e95c1ae39e,S11,math_train_precalculus_522,precalculus,False,False,False,False,False,[],"[""nonzero"", ""rational""]",subject
prealgebra_3dabe2e95c1ae39e,S11,math_train_precalculus_523,precalculus,False,False,False,False,False,"[""quadratic"", ""trigonometric""]","[""nonzero"", ""rational""]",subject
prealgebra_3dabe2e95c1ae39e,S11,math_train_precalculus_557,precalculus,False,False,False,False,False,[],"[""nonzero"", ""rational""]",subject
prealgebra_3dabe2e95c1ae39e,S11,math_train_precalculus_559,precalculus,False,True,False,False,False,"[""rational"", ""trigonometric""]","[""nonzero""]",subject
prealgebra_3dabe2e95c1ae39e,S11,math_train_precalculus_565,precalculus,False,False,False,False,False,[],"[""nonzero"", ""rational""]",subject
prealgebra_3dabe2e95c1ae39e,S11,math_train_precalculus_568,precalculus,False,True,False,False,False,"[""integer"", ""positive"", ""rational""]","[""nonzero""]",subject
prealgebra_3dabe2e95c1ae39e,S11,math_train_precalculus_574,precalculus,False,False,False,False,False,[],"[""nonzero"", ""rational""]",subject
prealgebra_3dabe2e95c1ae39e,S11,math_train_precalculus_622,precalculus,False,True,False,False,False,"[""integer"", ""rational"", ""trigonometric""]","[""nonzero""]",subject
prealgebra_3dabe2e95c1ae39e,S11,math_train_precalculus_628,precalculus,False,False,False,False,False,"[""integer"", ""quadratic""]","[""nonzero"", ""rational""]",subject
prealgebra_3dabe2e95c1ae39e,S11,math_train_precalculus_646,precalculus,False,False,False,False,False,[],"[""nonzero"", ""rational""]",subject
prealgebra_3dabe2e95c1ae39e,S11,math_train_precalculus_650,precalculus,False,False,False,False,False,[],"[""nonzero"", ""rational""]",subject
prealgebra_3dabe2e95c1ae39e,S11,math_train_precalculus_656,precalculus,False,False,False,False,False,"[""trigonometric""]","[""nonzero"", ""rational""]",subject
prealgebra_3dabe2e95c1ae39e,S11,math_train_precalculus_687,precalculus,False,False,False,False,False,[],"[""nonzero"", ""rational""]",subject
prealgebra_3dabe2e95c1ae39e,S11,math_train_precalculus_718,precalculus,False,True,True,False,False,"[""nonzero"", ""quadratic"", ""rational""]",[],subject
prealgebra_3dabe2e95c1ae39e,S11,math_train_precalculus_72,precalculus,False,False,False,False,False,"[""polynomial"", ""unit_rate""]","[""nonzero"", ""rational""]",subject
prealgebra_3dabe2e95c1ae39e,S11,math_train_precalculus_723,precalculus,False,False,False,False,False,"[""area"", ""triangle""]","[""nonzero"", ""rational""]",subject
prealgebra_3dabe2e95c1ae39e,S11,math_train_precalculus_726,precalculus,False,False,False,False,False,[],"[""nonzero"", ""rational""]",subject
prealgebra_3dabe2e95c1ae39e,S11,math_train_precalculus_733,precalculus,False,False,False,False,False,"[""trigonometric""]","[""nonzero"", ""rational""]",subject
prealgebra_3dabe2e95c1ae39e,S11,math_train_precalculus_8,precalculus,False,False,False,False,False,[],"[""nonzero"", ""rational""]",subject
prealgebra_3dabe2e95c1ae39e,S11,math_train_precalculus_88,precalculus,False,False,False,False,False,"[""integer"", ""trigonometric""]","[""nonzero"", ""rational""]",subject
precalculus_5193e2e6c7ae508d,S12,math_train_algebra_1010,algebra,False,False,False,False,False,"[""equation"", ""rational""]","[""trigonometric""]",subject
precalculus_5193e2e6c7ae508d,S12,math_train_algebra_1018,algebra,False,False,False,False,False,"[""rational""]","[""trigonometric""]",subject
precalculus_5193e2e6c7ae508d,S12,math_train_algebra_1026,algebra,False,False,False,False,False,"[""equation"", ""quadratic"", ""rational"", ""unit_rate""]","[""trigonometric""]",subject
precalculus_5193e2e6c7ae508d,S12,math_train_algebra_1079,algebra,False,False,False,False,False,[],"[""trigonometric""]",subject
precalculus_5193e2e6c7ae508d,S12,math_train_algebra_1119,algebra,False,False,False,False,False,"[""integer"", ""quadratic""]","[""trigonometric""]",subject
precalculus_5193e2e6c7ae508d,S12,math_train_algebra_117,algebra,False,False,False,False,False,[],"[""trigonometric""]",subject
precalculus_5193e2e6c7ae508d,S12,math_train_algebra_1250,algebra,False,False,False,False,False,"[""rational""]","[""trigonometric""]",subject
precalculus_5193e2e6c7ae508d,S12,math_train_algebra_1327,algebra,False,False,False,False,False,"[""area"", ""integer""]","[""trigonometric""]",subject
precalculus_5193e2e6c7ae508d,S12,math_train_algebra_1334,algebra,False,False,False,False,False,[],"[""trigonometric""]",subject
precalculus_5193e2e6c7ae508d,S12,math_train_algebra_136,algebra,False,False,False,False,False,"[""rational"", ""unit_rate""]","[""trigonometric""]",subject
precalculus_5193e2e6c7ae508d,S12,math_train_algebra_1460,algebra,False,False,False,False,False,"[""positive"", ""rational""]","[""trigonometric""]",subject
precalculus_5193e2e6c7ae508d,S12,math_train_algebra_1469,algebra,False,False,False,False,False,"[""equation"", ""quadratic""]","[""trigonometric""]",subject
precalculus_5193e2e6c7ae508d,S12,math_train_algebra_152,algebra,False,False,False,False,False,[],"[""trigonometric""]",subject
precalculus_5193e2e6c7ae508d,S12,math_train_algebra_1538,algebra,False,False,False,False,False,[],"[""trigonometric""]",subject
precalculus_5193e2e6c7ae508d,S12,math_train_algebra_1599,algebra,False,False,False,False,False,[],"[""trigonometric""]",subject
precalculus_5193e2e6c7ae508d,S12,math_train_algebra_1621,algebra,False,False,False,False,False,[],"[""trigonometric""]",subject
precalculus_5193e2e6c7ae508d,S12,math_train_algebra_1641,algebra,False,False,False,False,False,[],"[""trigonometric""]",subject
precalculus_5193e2e6c7ae508d,S12,math_train_algebra_1644,algebra,False,False,False,False,False,[],"[""trigonometric""]",subject
precalculus_5193e2e6c7ae508d,S12,math_train_algebra_1716,algebra,False,False,False,False,False,"[""composition"", ""quadratic""]","[""trigonometric""]",subject
precalculus_5193e2e6c7ae508d,S12,math_train_algebra_1743,algebra,False,False,False,False,False,"[""integer"", ""positive""]","[""trigonometric""]",subject
precalculus_5193e2e6c7ae508d,S12,math_train_algebra_203,algebra,False,False,False,False,False,"[""area""]","[""trigonometric""]",subject
precalculus_5193e2e6c7ae508d,S12,math_train_algebra_204,algebra,False,False,False,False,False,"[""rational""]","[""trigonometric""]",subject
precalculus_5193e2e6c7ae508d,S12,math_train_algebra_206,algebra,False,False,False,False,False,"[""integer""]","[""trigonometric""]",subject
precalculus_5193e2e6c7ae508d,S12,math_train_algebra_221,algebra,False,False,False,False,False,"[""quadratic""]","[""trigonometric""]",subject
precalculus_5193e2e6c7ae508d,S12,math_train_algebra_222,algebra,False,False,False,False,False,[],"[""trigonometric""]",subject
precalculus_5193e2e6c7ae508d,S12,math_train_algebra_237,algebra,False,False,False,False,False,"[""quadratic""]","[""trigonometric""]",subject
precalculus_5193e2e6c7ae508d,S12,math_train_algebra_267,algebra,False,False,False,False,False,[],"[""trigonometric""]",subject
precalculus_5193e2e6c7ae508d,S12,math_train_algebra_334,algebra,False,False,False,False,False,"[""equation"", ""quadratic""]","[""trigonometric""]",subject
precalculus_5193e2e6c7ae508d,S12,math_train_algebra_336,algebra,False,False,False,False,False,"[""equation""]","[""trigonometric""]",subject
precalculus_5193e2e6c7ae508d,S12,math_train_algebra_348,algebra,False,False,False,False,False,"[""quadratic"", ""rational""]","[""trigonometric""]",subject
precalculus_5193e2e6c7ae508d,S12,math_train_algebra_35,algebra,False,False,False,False,False,"[""positive""]","[""trigonometric""]",subject
precalculus_5193e2e6c7ae508d,S12,math_train_algebra_42,algebra,False,False,False,False,False,"[""integer"", ""quadratic"", ""rational""]","[""trigonometric""]",subject
precalculus_5193e2e6c7ae508d,S12,math_train_algebra_432,algebra,False,False,False,False,False,[],"[""trigonometric""]",subject
precalculus_5193e2e6c7ae508d,S12,math_train_algebra_495,algebra,False,False,False,False,False,"[""positive"", ""quadratic""]","[""trigonometric""]",subject
precalculus_5193e2e6c7ae508d,S12,math_train_algebra_496,algebra,False,False,False,False,False,"[""rational""]","[""trigonometric""]",subject
precalculus_5193e2e6c7ae508d,S12,math_train_algebra_538,algebra,False,False,False,False,False,"[""quadratic""]","[""trigonometric""]",subject
precalculus_5193e2e6c7ae508d,S12,math_train_algebra_541,algebra,False,False,False,False,False,"[""quadratic""]","[""trigonometric""]",subject
precalculus_5193e2e6c7ae508d,S12,math_train_algebra_597,algebra,False,False,False,False,False,"[""integer"", ""positive""]","[""trigonometric""]",subject
precalculus_5193e2e6c7ae508d,S12,math_train_algebra_604,algebra,False,False,False,False,False,"[""quadratic""]","[""trigonometric""]",subject
precalculus_5193e2e6c7ae508d,S12,math_train_algebra_628,algebra,False,False,False,False,False,"[""equation"", ""integer"", ""quadratic""]","[""trigonometric""]",subject
precalculus_5193e2e6c7ae508d,S12,math_train_algebra_631,algebra,False,False,False,False,False,"[""integer"", ""rational""]","[""trigonometric""]",subject
precalculus_5193e2e6c7ae508d,S12,math_train_algebra_758,algebra,False,False,False,False,False,"[""equation"", ""quadratic"", ""unit_rate""]","[""trigonometric""]",subject
precalculus_5193e2e6c7ae508d,S12,math_train_algebra_764,algebra,False,False,False,False,False,"[""quadratic""]","[""trigonometric""]",subject
precalculus_5193e2e6c7ae508d,S12,math_train_algebra_883,algebra,False,False,False,False,False,"[""integer""]","[""trigonometric""]",subject
precalculus_5193e2e6c7ae508d,S12,math_train_algebra_906,algebra,False,False,False,False,False,"[""equation"", ""rational""]","[""trigonometric""]",subject
precalculus_5193e2e6c7ae508d,S12,math_train_algebra_928,algebra,False,False,False,False,False,"[""quadratic""]","[""trigonometric""]",subject
precalculus_5193e2e6c7ae508d,S12,math_train_algebra_941,algebra,False,False,False,False,False,"[""quadratic""]","[""trigonometric""]",subject
precalculus_5193e2e6c7ae508d,S12,math_train_algebra_949,algebra,False,False,False,False,False,[],"[""trigonometric""]",subject
precalculus_5193e2e6c7ae508d,S12,math_train_algebra_959,algebra,False,False,False,False,False,"[""equation"", ""quadratic""]","[""trigonometric""]",subject
precalculus_5193e2e6c7ae508d,S12,math_train_algebra_991,algebra,False,False,False,False,False,"[""nonzero"", ""rational""]","[""trigonometric""]",subject
precalculus_5193e2e6c7ae508d,S12,math_train_counting_probability_102,counting_probability,False,False,False,False,False,"[""probability"", ""rational""]","[""trigonometric""]",subject
precalculus_5193e2e6c7ae508d,S12,math_train_counting_probability_142,counting_probability,False,False,False,False,False,"[""prime""]","[""trigonometric""]",subject
precalculus_5193e2e6c7ae508d,S12,math_train_counting_probability_144,counting_probability,False,False,False,False,False,[],"[""trigonometric""]",subject
precalculus_5193e2e6c7ae508d,S12,math_train_counting_probability_15,counting_probability,False,False,False,False,False,"[""counting""]","[""trigonometric""]",subject
precalculus_5193e2e6c7ae508d,S12,math_train_counting_probability_151,counting_probability,False,False,False,False,False,"[""triangle""]","[""trigonometric""]",subject
precalculus_5193e2e6c7ae508d,S12,math_train_counting_probability_153,counting_probability,False,False,False,False,False,"[""counting""]","[""trigonometric""]",subject
precalculus_5193e2e6c7ae508d,S12,math_train_counting_probability_165,counting_probability,False,False,False,False,False,"[""probability"", ""unit_rate""]","[""trigonometric""]",subject
precalculus_5193e2e6c7ae508d,S12,math_train_counting_probability_174,counting_probability,False,False,False,False,False,"[""counting""]","[""trigonometric""]",subject
precalculus_5193e2e6c7ae508d,S12,math_train_counting_probability_177,counting_probability,False,False,False,False,False,[],"[""trigonometric""]",subject
precalculus_5193e2e6c7ae508d,S12,math_train_counting_probability_186,counting_probability,False,False,False,False,False,"[""counting""]","[""trigonometric""]",subject
precalculus_5193e2e6c7ae508d,S12,math_train_counting_probability_192,counting_probability,False,False,False,False,False,"[""counting"", ""probability""]","[""trigonometric""]",subject
precalculus_5193e2e6c7ae508d,S12,math_train_counting_probability_208,counting_probability,False,False,False,False,False,"[""counting""]","[""trigonometric""]",subject
precalculus_5193e2e6c7ae508d,S12,math_train_counting_probability_213,counting_probability,False,False,False,False,False,"[""counting"", ""probability"", ""rational""]","[""trigonometric""]",subject
precalculus_5193e2e6c7ae508d,S12,math_train_counting_probability_218,counting_probability,False,False,False,False,False,"[""divisibility"", ""integer"", ""positive"", ""probability"", ""rational""]","[""trigonometric""]",subject
precalculus_5193e2e6c7ae508d,S12,math_train_counting_probability_261,counting_probability,False,False,False,False,False,[],"[""trigonometric""]",subject
precalculus_5193e2e6c7ae508d,S12,math_train_counting_probability_269,counting_probability,False,False,False,False,False,"[""counting"", ""unit_rate""]","[""trigonometric""]",subject
precalculus_5193e2e6c7ae508d,S12,math_train_counting_probability_278,counting_probability,False,False,False,False,False,[],"[""trigonometric""]",subject
precalculus_5193e2e6c7ae508d,S12,math_train_counting_probability_287,counting_probability,False,False,False,False,False,"[""counting""]","[""trigonometric""]",subject
precalculus_5193e2e6c7ae508d,S12,math_train_counting_probability_31,counting_probability,False,False,False,False,False,"[""probability"", ""rational""]","[""trigonometric""]",subject
precalculus_5193e2e6c7ae508d,S12,math_train_counting_probability_332,counting_probability,False,False,False,False,False,"[""counting"", ""factorization"", ""integer"", ""prime""]","[""trigonometric""]",subject
precalculus_5193e2e6c7ae508d,S12,math_train_counting_probability_34,counting_probability,False,False,False,False,False,[],"[""trigonometric""]",subject
precalculus_5193e2e6c7ae508d,S12,math_train_counting_probability_341,counting_probability,False,False,False,False,False,"[""circle""]","[""trigonometric""]",subject
precalculus_5193e2e6c7ae508d,S12,math_train_counting_probability_345,counting_probability,False,False,False,False,False,"[""counting""]","[""trigonometric""]",subject
precalculus_5193e2e6c7ae508d,S12,math_train_counting_probability_357,counting_probability,False,False,False,False,False,"[""integer"", ""positive"", ""prime"", ""probability"", ""unit_rate""]","[""trigonometric""]",subject
precalculus_5193e2e6c7ae508d,S12,math_train_counting_probability_39,counting_probability,False,False,False,False,False,"[""modular""]","[""trigonometric""]",subject
precalculus_5193e2e6c7ae508d,S12,math_train_counting_probability_396,counting_probability,False,False,False,False,False,"[""divisibility"", ""modular"", ""unit_rate""]","[""trigonometric""]",subject
precalculus_5193e2e6c7ae508d,S12,math_train_counting_probability_401,counting_probability,False,False,False,False,False,"[""integer"", ""positive"", ""prime"", ""probability"", ""rational"", ""unit_rate""]","[""trigonometric""]",subject
precalculus_5193e2e6c7ae508d,S12,math_train_counting_probability_425,counting_probability,False,False,False,False,False,"[""integer""]","[""trigonometric""]",subject
precalculus_5193e2e6c7ae508d,S12,math_train_counting_probability_430,counting_probability,False,False,False,False,False,"[""integer""]","[""trigonometric""]",subject
precalculus_5193e2e6c7ae508d,S12,math_train_counting_probability_452,counting_probability,False,False,False,False,False,"[""counting"", ""divisibility"", ""integer"", ""modular"", ""positive""]","[""trigonometric""]",subject
precalculus_5193e2e6c7ae508d,S12,math_train_counting_probability_461,counting_probability,False,False,False,False,False,"[""integer""]","[""trigonometric""]",subject
precalculus_5193e2e6c7ae508d,S12,math_train_counting_probability_471,counting_probability,False,False,False,False,False,[],"[""trigonometric""]",subject
precalculus_5193e2e6c7ae508d,S12,math_train_counting_probability_482,counting_probability,False,False,False,False,False,"[""probability""]","[""trigonometric""]",subject
precalculus_5193e2e6c7ae508d,S12,math_train_counting_probability_488,counting_probability,False,False,False,False,False,"[""probability"", ""rational""]","[""trigonometric""]",subject
precalculus_5193e2e6c7ae508d,S12,math_train_counting_probability_490,counting_probability,False,False,False,False,False,"[""probability""]","[""trigonometric""]",subject
precalculus_5193e2e6c7ae508d,S12,math_train_counting_probability_5,counting_probability,False,False,False,False,False,"[""unit_rate""]","[""trigonometric""]",subject
precalculus_5193e2e6c7ae508d,S12,math_train_counting_probability_543,counting_probability,False,False,False,False,False,"[""counting""]","[""trigonometric""]",subject
precalculus_5193e2e6c7ae508d,S12,math_train_counting_probability_596,counting_probability,False,False,False,False,False,"[""counting""]","[""trigonometric""]",subject
precalculus_5193e2e6c7ae508d,S12,math_train_counting_probability_629,counting_probability,False,False,False,False,False,"[""counting""]","[""trigonometric""]",subject
precalculus_5193e2e6c7ae508d,S12,math_train_counting_probability_640,counting_probability,False,False,False,False,False,"[""triangle""]","[""trigonometric""]",subject
precalculus_5193e2e6c7ae508d,S12,math_train_counting_probability_658,counting_probability,False,False,False,False,False,"[""integer"", ""positive""]","[""trigonometric""]",subject
precalculus_5193e2e6c7ae508d,S12,math_train_counting_probability_668,counting_probability,False,False,False,False,False,[],"[""trigonometric""]",subject
precalculus_5193e2e6c7ae508d,S12,math_train_counting_probability_675,counting_probability,False,False,False,False,False,"[""counting"", ""unit_rate""]","[""trigonometric""]",subject
precalculus_5193e2e6c7ae508d,S12,math_train_counting_probability_680,counting_probability,False,False,False,False,False,"[""rational""]","[""trigonometric""]",subject
precalculus_5193e2e6c7ae508d,S12,math_train_counting_probability_693,counting_probability,False,False,False,False,False,"[""probability"", ""rational"", ""unit_rate""]","[""trigonometric""]",subject
precalculus_5193e2e6c7ae508d,S12,math_train_counting_probability_700,counting_probability,False,False,False,False,False,"[""integer""]","[""trigonometric""]",subject
precalculus_5193e2e6c7ae508d,S12,math_train_counting_probability_730,counting_probability,False,False,False,False,False,"[""counting""]","[""trigonometric""]",subject
precalculus_5193e2e6c7ae508d,S12,math_train_counting_probability_756,counting_probability,False,False,False,False,False,"[""counting"", ""unit_rate""]","[""trigonometric""]",subject
precalculus_5193e2e6c7ae508d,S12,math_train_counting_probability_85,counting_probability,False,False,False,False,False,[],"[""trigonometric""]",subject
precalculus_5193e2e6c7ae508d,S12,math_train_counting_probability_96,counting_probability,False,False,False,False,False,"[""probability"", ""rational"", ""triangle""]","[""trigonometric""]",subject
precalculus_5193e2e6c7ae508d,S12,math_train_geometry_124,geometry,False,False,False,False,False,"[""circle"", ""rational""]","[""trigonometric""]",subject
precalculus_5193e2e6c7ae508d,S12,math_train_geometry_139,geometry,False,False,False,False,False,"[""area"", ""circle""]","[""trigonometric""]",subject
precalculus_5193e2e6c7ae508d,S12,math_train_geometry_145,geometry,False,False,False,False,False,"[""area"", ""triangle""]","[""trigonometric""]",subject
precalculus_5193e2e6c7ae508d,S12,math_train_geometry_15,geometry,False,False,False,False,False,"[""circle""]","[""trigonometric""]",subject
precalculus_5193e2e6c7ae508d,S12,math_train_geometry_159,geometry,False,False,False,False,False,"[""area"", ""rational"", ""unit_rate""]","[""trigonometric""]",subject
precalculus_5193e2e6c7ae508d,S12,math_train_geometry_168,geometry,False,False,False,False,False,"[""integer"", ""positive"", ""prime""]","[""trigonometric""]",subject
precalculus_5193e2e6c7ae508d,S12,math_train_geometry_169,geometry,False,False,False,False,False,"[""circle"", ""factorization""]","[""trigonometric""]",subject
precalculus_5193e2e6c7ae508d,S12,math_train_geometry_202,geometry,False,False,False,False,False,"[""area"", ""circle""]","[""trigonometric""]",subject
precalculus_5193e2e6c7ae508d,S12,math_train_geometry_203,geometry,False,False,False,False,False,"[""circle"", ""triangle""]","[""trigonometric""]",subject
precalculus_5193e2e6c7ae508d,S12,math_train_geometry_212,geometry,False,False,False,False,False,"[""area"", ""ratio"", ""unit_rate""]","[""trigonometric""]",subject
precalculus_5193e2e6c7ae508d,S12,math_train_geometry_238,geometry,False,False,False,False,False,"[""factorization""]","[""trigonometric""]",subject
precalculus_5193e2e6c7ae508d,S12,math_train_geometry_25,geometry,False,False,False,False,False,[],"[""trigonometric""]",subject
precalculus_5193e2e6c7ae508d,S12,math_train_geometry_279,geometry,False,False,False,False,False,"[""circle""]","[""trigonometric""]",subject
precalculus_5193e2e6c7ae508d,S12,math_train_geometry_289,geometry,False,False,False,False,False,"[""area"", ""rational"", ""triangle""]","[""trigonometric""]",subject
precalculus_5193e2e6c7ae508d,S12,math_train_geometry_294,geometry,False,False,False,False,False,"[""unit_rate""]","[""trigonometric""]",subject
precalculus_5193e2e6c7ae508d,S12,math_train_geometry_30,geometry,False,False,False,False,False,"[""area"", ""triangle""]","[""trigonometric""]",subject
precalculus_5193e2e6c7ae508d,S12,math_train_geometry_308,geometry,False,False,False,False,False,"[""rational""]","[""trigonometric""]",subject
precalculus_5193e2e6c7ae508d,S12,math_train_geometry_316,geometry,False,False,False,False,False,"[""area"", ""modular"", ""unit_rate""]","[""trigonometric""]",subject
precalculus_5193e2e6c7ae508d,S12,math_train_geometry_327,geometry,False,False,False,False,False,"[""circle"", ""unit_rate""]","[""trigonometric""]",subject
precalculus_5193e2e6c7ae508d,S12,math_train_geometry_343,geometry,False,True,True,False,False,"[""trigonometric""]",[],subject
precalculus_5193e2e6c7ae508d,S12,math_train_geometry_359,geometry,False,False,False,False,False,"[""divisibility"", ""triangle""]","[""trigonometric""]",subject
precalculus_5193e2e6c7ae508d,S12,math_train_geometry_367,geometry,False,False,False,False,False,"[""area"", ""ratio"", ""triangle""]","[""trigonometric""]",subject
precalculus_5193e2e6c7ae508d,S12,math_train_geometry_374,geometry,False,False,False,False,False,"[""circle"", ""triangle""]","[""trigonometric""]",subject
precalculus_5193e2e6c7ae508d,S12,math_train_geometry_394,geometry,False,False,False,False,False,"[""circle""]","[""trigonometric""]",subject
precalculus_5193e2e6c7ae508d,S12,math_train_geometry_396,geometry,False,False,False,False,False,"[""area""]","[""trigonometric""]",subject
precalculus_5193e2e6c7ae508d,S12,math_train_geometry_400,geometry,False,False,False,False,False,"[""modular"", ""triangle"", ""unit_rate""]","[""trigonometric""]",subject
precalculus_5193e2e6c7ae508d,S12,math_train_geometry_447,geometry,False,False,False,False,False,"[""unit_rate""]","[""trigonometric""]",subject
precalculus_5193e2e6c7ae508d,S12,math_train_geometry_467,geometry,False,False,False,False,False,"[""circle"", ""triangle""]","[""trigonometric""]",subject
precalculus_5193e2e6c7ae508d,S12,math_train_geometry_469,geometry,False,False,False,False,False,"[""circle"", ""divisibility"", ""integer"", ""positive"", ""prime""]","[""trigonometric""]",subject
precalculus_5193e2e6c7ae508d,S12,math_train_geometry_473,geometry,False,False,False,False,False,"[""integer"", ""positive"", ""prime"", ""rational""]","[""trigonometric""]",subject
precalculus_5193e2e6c7ae508d,S12,math_train_geometry_478,geometry,False,False,False,False,False,"[""circle"", ""triangle"", ""unit_rate""]","[""trigonometric""]",subject
precalculus_5193e2e6c7ae508d,S12,math_train_geometry_528,geometry,False,False,False,False,False,"[""divisibility"", ""integer"", ""positive"", ""prime"", ""rational"", ""triangle""]","[""trigonometric""]",subject
precalculus_5193e2e6c7ae508d,S12,math_train_geometry_539,geometry,False,False,False,False,False,"[""circle""]","[""trigonometric""]",subject
precalculus_5193e2e6c7ae508d,S12,math_train_geometry_609,geometry,False,False,False,False,False,"[""rational""]","[""trigonometric""]",subject
precalculus_5193e2e6c7ae508d,S12,math_train_geometry_611,geometry,False,False,False,False,False,"[""area"", ""circle"", ""quadratic"", ""ratio"", ""rational"", ""triangle""]","[""trigonometric""]",subject
precalculus_5193e2e6c7ae508d,S12,math_train_geometry_623,geometry,False,False,False,False,False,"[""triangle""]","[""trigonometric""]",subject
precalculus_5193e2e6c7ae508d,S12,math_train_geometry_673,geometry,False,False,False,False,False,"[""area"", ""circle""]","[""trigonometric""]",subject
precalculus_5193e2e6c7ae508d,S12,math_train_geometry_737,geometry,False,True,True,False,False,"[""trigonometric""]",[],subject
precalculus_5193e2e6c7ae508d,S12,math_train_geometry_74,geometry,False,False,False,False,False,[],"[""trigonometric""]",subject
precalculus_5193e2e6c7ae508d,S12,math_train_geometry_760,geometry,False,False,False,False,False,"[""area""]","[""trigonometric""]",subject
precalculus_5193e2e6c7ae508d,S12,math_train_geometry_775,geometry,False,False,False,False,False,"[""area""]","[""trigonometric""]",subject
precalculus_5193e2e6c7ae508d,S12,math_train_geometry_789,geometry,False,False,False,False,False,"[""area"", ""unit_rate""]","[""trigonometric""]",subject
precalculus_5193e2e6c7ae508d,S12,math_train_geometry_813,geometry,False,False,False,False,False,"[""modular"", ""triangle""]","[""trigonometric""]",subject
precalculus_5193e2e6c7ae508d,S12,math_train_geometry_817,geometry,False,False,False,False,False,"[""area"", ""unit_rate""]","[""trigonometric""]",subject
precalculus_5193e2e6c7ae508d,S12,math_train_geometry_820,geometry,False,False,False,False,False,"[""ratio"", ""rational""]","[""trigonometric""]",subject
precalculus_5193e2e6c7ae508d,S12,math_train_geometry_836,geometry,False,False,False,False,False,[],"[""trigonometric""]",subject
precalculus_5193e2e6c7ae508d,S12,math_train_geometry_845,geometry,False,False,False,False,False,[],"[""trigonometric""]",subject
precalculus_5193e2e6c7ae508d,S12,math_train_geometry_849,geometry,False,False,False,False,False,"[""circle"", ""factorization""]","[""trigonometric""]",subject
precalculus_5193e2e6c7ae508d,S12,math_train_geometry_855,geometry,False,False,False,False,False,"[""area""]","[""trigonometric""]",subject
precalculus_5193e2e6c7ae508d,S12,math_train_geometry_863,geometry,False,False,False,False,False,"[""quadratic"", ""triangle""]","[""trigonometric""]",subject
precalculus_5193e2e6c7ae508d,S12,math_train_intermediate_algebra_1034,intermediate_algebra,False,False,False,False,False,"[""positive""]","[""trigonometric""]",subject
precalculus_5193e2e6c7ae508d,S12,math_train_intermediate_algebra_1059,intermediate_algebra,False,False,False,False,False,[],"[""trigonometric""]",subject
precalculus_5193e2e6c7ae508d,S12,math_train_intermediate_algebra_1060,intermediate_algebra,False,False,False,False,False,[],"[""trigonometric""]",subject
precalculus_5193e2e6c7ae508d,S12,math_train_intermediate_algebra_1103,intermediate_algebra,False,False,False,False,False,"[""rational""]","[""trigonometric""]",subject
precalculus_5193e2e6c7ae508d,S12,math_train_intermediate_algebra_1115,intermediate_algebra,False,False,False,False,False,"[""quadratic""]","[""trigonometric""]",subject
precalculus_5193e2e6c7ae508d,S12,math_train_intermediate_algebra_1145,intermediate_algebra,False,False,False,False,False,"[""positive"", ""rational""]","[""trigonometric""]",subject
precalculus_5193e2e6c7ae508d,S12,math_train_intermediate_algebra_1156,intermediate_algebra,False,False,False,False,False,"[""quadratic"", ""rational""]","[""trigonometric""]",subject
precalculus_5193e2e6c7ae508d,S12,math_train_intermediate_algebra_1164,intermediate_algebra,False,False,False,False,False,"[""quadratic""]","[""trigonometric""]",subject
precalculus_5193e2e6c7ae508d,S12,math_train_intermediate_algebra_1183,intermediate_algebra,False,False,False,False,False,"[""integer"", ""positive"", ""quadratic""]","[""trigonometric""]",subject
precalculus_5193e2e6c7ae508d,S12,math_train_intermediate_algebra_1292,intermediate_algebra,False,False,False,False,False,"[""equation"", ""quadratic"", ""ratio"", ""rational""]","[""trigonometric""]",subject
precalculus_5193e2e6c7ae508d,S12,math_train_intermediate_algebra_164,intermediate_algebra,False,False,False,False,False,"[""composition""]","[""trigonometric""]",subject
precalculus_5193e2e6c7ae508d,S12,math_train_intermediate_algebra_178,intermediate_algebra,False,False,False,False,False,"[""equation"", ""quadratic""]","[""trigonometric""]",subject
precalculus_5193e2e6c7ae508d,S12,math_train_intermediate_algebra_181,intermediate_algebra,False,False,False,False,False,"[""integer"", ""positive""]","[""trigonometric""]",subject
precalculus_5193e2e6c7ae508d,S12,math_train_intermediate_algebra_263,intermediate_algebra,False,False,False,False,False,"[""quadratic""]","[""trigonometric""]",subject
precalculus_5193e2e6c7ae508d,S12,math_train_intermediate_algebra_275,intermediate_algebra,False,False,False,False,False,"[""quadratic""]","[""trigonometric""]",subject
precalculus_5193e2e6c7ae508d,S12,math_train_intermediate_algebra_296,intermediate_algebra,False,False,False,False,False,"[""positive"", ""rational""]","[""trigonometric""]",subject
precalculus_5193e2e6c7ae508d,S12,math_train_intermediate_algebra_300,intermediate_algebra,False,False,False,True,False,"[""nonzero"", ""polynomial"", ""ratio"", ""rational""]","[""trigonometric""]",subject
precalculus_5193e2e6c7ae508d,S12,math_train_intermediate_algebra_315,intermediate_algebra,False,False,False,False,False,"[""rational""]","[""trigonometric""]",subject
precalculus_5193e2e6c7ae508d,S12,math_train_intermediate_algebra_340,intermediate_algebra,False,False,False,False,False,[],"[""trigonometric""]",subject
precalculus_5193e2e6c7ae508d,S12,math_train_intermediate_algebra_345,intermediate_algebra,False,False,False,False,False,[],"[""trigonometric""]",subject
precalculus_5193e2e6c7ae508d,S12,math_train_intermediate_algebra_359,intermediate_algebra,False,False,False,False,False,"[""ratio"", ""rational""]","[""trigonometric""]",subject
precalculus_5193e2e6c7ae508d,S12,math_train_intermediate_algebra_363,intermediate_algebra,False,False,False,False,False,"[""positive""]","[""trigonometric""]",subject
precalculus_5193e2e6c7ae508d,S12,math_train_intermediate_algebra_39,intermediate_algebra,False,False,False,False,False,"[""quadratic""]","[""trigonometric""]",subject
precalculus_5193e2e6c7ae508d,S12,math_train_intermediate_algebra_437,intermediate_algebra,False,False,False,False,False,"[""quadratic""]","[""trigonometric""]",subject
precalculus_5193e2e6c7ae508d,S12,math_train_intermediate_algebra_452,intermediate_algebra,False,False,False,False,False,"[""positive"", ""quadratic""]","[""trigonometric""]",subject
precalculus_5193e2e6c7ae508d,S12,math_train_intermediate_algebra_455,intermediate_algebra,False,False,False,False,False,"[""quadratic"", ""rational""]","[""trigonometric""]",subject
precalculus_5193e2e6c7ae508d,S12,math_train_intermediate_algebra_473,intermediate_algebra,False,False,False,False,False,[],"[""trigonometric""]",subject
precalculus_5193e2e6c7ae508d,S12,math_train_intermediate_algebra_503,intermediate_algebra,False,False,False,False,False,"[""integer"", ""unit_rate""]","[""trigonometric""]",subject
precalculus_5193e2e6c7ae508d,S12,math_train_intermediate_algebra_532,intermediate_algebra,False,False,False,False,False,"[""equation"", ""quadratic"", ""ratio"", ""rational""]","[""trigonometric""]",subject
precalculus_5193e2e6c7ae508d,S12,math_train_intermediate_algebra_542,intermediate_algebra,False,False,False,True,False,"[""polynomial"", ""quadratic""]","[""trigonometric""]",subject
precalculus_5193e2e6c7ae508d,S12,math_train_intermediate_algebra_543,intermediate_algebra,False,False,False,False,False,"[""quadratic"", ""rational""]","[""trigonometric""]",subject
precalculus_5193e2e6c7ae508d,S12,math_train_intermediate_algebra_556,intermediate_algebra,False,False,False,False,False,"[""equation"", ""integer"", ""positive"", ""quadratic""]","[""trigonometric""]",subject
precalculus_5193e2e6c7ae508d,S12,math_train_intermediate_algebra_56,intermediate_algebra,False,False,False,False,False,"[""quadratic"", ""rational"", ""unit_rate""]","[""trigonometric""]",subject
precalculus_5193e2e6c7ae508d,S12,math_train_intermediate_algebra_597,intermediate_algebra,False,False,False,False,False,"[""divisibility"", ""modular""]","[""trigonometric""]",subject
precalculus_5193e2e6c7ae508d,S12,math_train_intermediate_algebra_598,intermediate_algebra,False,False,False,False,False,"[""rational""]","[""trigonometric""]",subject
precalculus_5193e2e6c7ae508d,S12,math_train_intermediate_algebra_624,intermediate_algebra,False,False,False,False,False,"[""integer"", ""positive"", ""quadratic""]","[""trigonometric""]",subject
precalculus_5193e2e6c7ae508d,S12,math_train_intermediate_algebra_653,intermediate_algebra,False,False,False,False,False,"[""divisibility"", ""modular""]","[""trigonometric""]",subject
precalculus_5193e2e6c7ae508d,S12,math_train_intermediate_algebra_675,intermediate_algebra,False,False,False,False,False,[],"[""trigonometric""]",subject
precalculus_5193e2e6c7ae508d,S12,math_train_intermediate_algebra_702,intermediate_algebra,False,False,False,False,False,[],"[""trigonometric""]",subject
precalculus_5193e2e6c7ae508d,S12,math_train_intermediate_algebra_706,intermediate_algebra,False,False,False,False,False,"[""equation"", ""integer"", ""quadratic"", ""rational""]","[""trigonometric""]",subject
precalculus_5193e2e6c7ae508d,S12,math_train_intermediate_algebra_720,intermediate_algebra,False,False,False,True,False,"[""nonzero"", ""polynomial"", ""quadratic"", ""rational""]","[""trigonometric""]",subject
precalculus_5193e2e6c7ae508d,S12,math_train_intermediate_algebra_760,intermediate_algebra,False,False,False,False,False,"[""integer""]","[""trigonometric""]",subject
precalculus_5193e2e6c7ae508d,S12,math_train_intermediate_algebra_78,intermediate_algebra,False,False,False,False,False,"[""rational""]","[""trigonometric""]",subject
precalculus_5193e2e6c7ae508d,S12,math_train_intermediate_algebra_899,intermediate_algebra,False,False,False,True,False,"[""equation"", ""integer"", ""polynomial"", ""ratio"", ""rational""]","[""trigonometric""]",subject
precalculus_5193e2e6c7ae508d,S12,math_train_intermediate_algebra_922,intermediate_algebra,False,False,False,False,False,"[""positive"", ""rational""]","[""trigonometric""]",subject
precalculus_5193e2e6c7ae508d,S12,math_train_intermediate_algebra_954,intermediate_algebra,False,False,False,False,False,"[""factorization"", ""quadratic""]","[""trigonometric""]",subject
precalculus_5193e2e6c7ae508d,S12,math_train_intermediate_algebra_967,intermediate_algebra,False,False,False,False,False,"[""divisibility"", ""quadratic""]","[""trigonometric""]",subject
precalculus_5193e2e6c7ae508d,S12,math_train_intermediate_algebra_974,intermediate_algebra,False,False,False,False,False,"[""rational""]","[""trigonometric""]",subject
precalculus_5193e2e6c7ae508d,S12,math_train_intermediate_algebra_993,intermediate_algebra,False,False,False,True,False,"[""divisibility"", ""modular"", ""polynomial""]","[""trigonometric""]",subject
precalculus_5193e2e6c7ae508d,S12,math_train_intermediate_algebra_999,intermediate_algebra,False,False,False,True,False,"[""polynomial"", ""quadratic""]","[""trigonometric""]",subject
precalculus_5193e2e6c7ae508d,S12,math_train_number_theory_101,number_theory,False,False,False,False,False,"[""modular"", ""probability""]","[""trigonometric""]",subject
precalculus_5193e2e6c7ae508d,S12,math_train_number_theory_113,number_theory,False,False,False,False,False,"[""divisibility""]","[""trigonometric""]",subject
precalculus_5193e2e6c7ae508d,S12,math_train_number_theory_153,number_theory,False,False,False,False,False,"[""integer"", ""positive""]","[""trigonometric""]",subject
precalculus_5193e2e6c7ae508d,S12,math_train_number_theory_175,number_theory,False,False,False,False,False,"[""positive""]","[""trigonometric""]",subject
precalculus_5193e2e6c7ae508d,S12,math_train_number_theory_181,number_theory,False,False,False,False,False,"[""positive""]","[""trigonometric""]",subject
precalculus_5193e2e6c7ae508d,S12,math_train_number_theory_187,number_theory,False,False,False,False,False,"[""divisibility""]","[""trigonometric""]",subject
precalculus_5193e2e6c7ae508d,S12,math_train_number_theory_196,number_theory,False,False,False,False,False,"[""unit_rate""]","[""trigonometric""]",subject
precalculus_5193e2e6c7ae508d,S12,math_train_number_theory_203,number_theory,False,False,False,False,False,"[""factorization"", ""positive""]","[""trigonometric""]",subject
precalculus_5193e2e6c7ae508d,S12,math_train_number_theory_221,number_theory,False,False,False,False,False,"[""quadratic""]","[""trigonometric""]",subject
precalculus_5193e2e6c7ae508d,S12,math_train_number_theory_229,number_theory,False,False,False,False,False,"[""integer""]","[""trigonometric""]",subject
precalculus_5193e2e6c7ae508d,S12,math_train_number_theory_237,number_theory,False,False,False,False,False,"[""divisibility"", ""modular""]","[""trigonometric""]",subject
precalculus_5193e2e6c7ae508d,S12,math_train_number_theory_252,number_theory,False,False,False,False,False,[],"[""trigonometric""]",subject
precalculus_5193e2e6c7ae508d,S12,math_train_number_theory_257,number_theory,False,False,False,False,False,"[""integer"", ""rational""]","[""trigonometric""]",subject
precalculus_5193e2e6c7ae508d,S12,math_train_number_theory_272,number_theory,False,False,False,False,False,"[""factorization""]","[""trigonometric""]",subject
precalculus_5193e2e6c7ae508d,S12,math_train_number_theory_274,number_theory,False,False,False,False,False,"[""divisibility"", ""integer"", ""positive""]","[""trigonometric""]",subject
precalculus_5193e2e6c7ae508d,S12,math_train_number_theory_282,number_theory,False,False,False,False,False,"[""divisibility"", ""integer"", ""modular"", ""positive""]","[""trigonometric""]",subject
precalculus_5193e2e6c7ae508d,S12,math_train_number_theory_297,number_theory,False,False,False,False,False,"[""divisibility"", ""modular""]","[""trigonometric""]",subject
precalculus_5193e2e6c7ae508d,S12,math_train_number_theory_298,number_theory,False,False,False,False,False,[],"[""trigonometric""]",subject
precalculus_5193e2e6c7ae508d,S12,math_train_number_theory_329,number_theory,False,False,False,False,False,[],"[""trigonometric""]",subject
precalculus_5193e2e6c7ae508d,S12,math_train_number_theory_339,number_theory,False,False,False,False,False,"[""integer"", ""modular""]","[""trigonometric""]",subject
precalculus_5193e2e6c7ae508d,S12,math_train_number_theory_366,number_theory,False,False,False,False,False,"[""integer"", ""modular""]","[""trigonometric""]",subject
precalculus_5193e2e6c7ae508d,S12,math_train_number_theory_371,number_theory,False,False,False,False,False,"[""gcd_lcm"", ""integer"", ""positive"", ""quadratic""]","[""trigonometric""]",subject
precalculus_5193e2e6c7ae508d,S12,math_train_number_theory_374,number_theory,False,False,False,False,False,"[""counting""]","[""trigonometric""]",subject
precalculus_5193e2e6c7ae508d,S12,math_train_number_theory_403,number_theory,False,False,False,False,False,"[""gcd_lcm"", ""integer"", ""positive"", ""rational""]","[""trigonometric""]",subject
precalculus_5193e2e6c7ae508d,S12,math_train_number_theory_448,number_theory,False,False,False,False,False,"[""divisibility""]","[""trigonometric""]",subject
precalculus_5193e2e6c7ae508d,S12,math_train_number_theory_490,number_theory,False,False,False,False,False,"[""factorization"", ""gcd_lcm"", ""prime""]","[""trigonometric""]",subject
precalculus_5193e2e6c7ae508d,S12,math_train_number_theory_51,number_theory,False,False,False,False,False,"[""positive""]","[""trigonometric""]",subject
precalculus_5193e2e6c7ae508d,S12,math_train_number_theory_510,number_theory,False,False,False,False,False,"[""prime""]","[""trigonometric""]",subject
precalculus_5193e2e6c7ae508d,S12,math_train_number_theory_528,number_theory,False,False,False,False,False,"[""integer""]","[""trigonometric""]",subject
precalculus_5193e2e6c7ae508d,S12,math_train_number_theory_541,number_theory,False,False,False,False,False,"[""divisibility""]","[""trigonometric""]",subject
precalculus_5193e2e6c7ae508d,S12,math_train_number_theory_555,number_theory,False,False,False,False,False,"[""divisibility"", ""integer"", ""positive""]","[""trigonometric""]",subject
precalculus_5193e2e6c7ae508d,S12,math_train_number_theory_576,number_theory,False,False,False,False,False,"[""integer"", ""positive"", ""rational""]","[""trigonometric""]",subject
precalculus_5193e2e6c7ae508d,S12,math_train_number_theory_598,number_theory,False,False,False,False,False,[],"[""trigonometric""]",subject
precalculus_5193e2e6c7ae508d,S12,math_train_number_theory_608,number_theory,False,False,False,False,False,"[""positive""]","[""trigonometric""]",subject
precalculus_5193e2e6c7ae508d,S12,math_train_number_theory_617,number_theory,False,False,False,False,False,"[""prime""]","[""trigonometric""]",subject
precalculus_5193e2e6c7ae508d,S12,math_train_number_theory_629,number_theory,False,False,False,False,False,"[""integer""]","[""trigonometric""]",subject
precalculus_5193e2e6c7ae508d,S12,math_train_number_theory_653,number_theory,False,False,False,False,False,"[""divisibility"", ""integer"", ""modular""]","[""trigonometric""]",subject
precalculus_5193e2e6c7ae508d,S12,math_train_number_theory_691,number_theory,False,False,False,False,False,"[""divisibility""]","[""trigonometric""]",subject
precalculus_5193e2e6c7ae508d,S12,math_train_number_theory_705,number_theory,False,False,False,False,False,"[""rational""]","[""trigonometric""]",subject
precalculus_5193e2e6c7ae508d,S12,math_train_number_theory_713,number_theory,False,False,False,False,False,"[""integer"", ""positive"", ""rational""]","[""trigonometric""]",subject
precalculus_5193e2e6c7ae508d,S12,math_train_number_theory_717,number_theory,False,False,False,False,False,"[""divisibility"", ""integer"", ""modular""]","[""trigonometric""]",subject
precalculus_5193e2e6c7ae508d,S12,math_train_number_theory_733,number_theory,False,False,False,False,False,"[""gcd_lcm""]","[""trigonometric""]",subject
precalculus_5193e2e6c7ae508d,S12,math_train_number_theory_740,number_theory,False,False,False,False,False,"[""integer""]","[""trigonometric""]",subject
precalculus_5193e2e6c7ae508d,S12,math_train_number_theory_741,number_theory,False,False,False,False,False,"[""divisibility"", ""modular""]","[""trigonometric""]",subject
precalculus_5193e2e6c7ae508d,S12,math_train_number_theory_744,number_theory,False,False,False,False,False,"[""counting"", ""factorization"", ""positive"", ""prime""]","[""trigonometric""]",subject
precalculus_5193e2e6c7ae508d,S12,math_train_number_theory_78,number_theory,False,False,False,False,False,"[""integer"", ""modular""]","[""trigonometric""]",subject
precalculus_5193e2e6c7ae508d,S12,math_train_number_theory_818,number_theory,False,False,False,False,False,[],"[""trigonometric""]",subject
precalculus_5193e2e6c7ae508d,S12,math_train_number_theory_828,number_theory,False,False,False,False,False,"[""gcd_lcm""]","[""trigonometric""]",subject
precalculus_5193e2e6c7ae508d,S12,math_train_number_theory_83,number_theory,False,False,False,False,False,"[""integer"", ""modular"", ""positive""]","[""trigonometric""]",subject
precalculus_5193e2e6c7ae508d,S12,math_train_number_theory_848,number_theory,False,False,False,False,False,"[""divisibility"", ""modular""]","[""trigonometric""]",subject
precalculus_5193e2e6c7ae508d,S12,math_train_prealgebra_1012,prealgebra,False,False,False,False,False,"[""unit_rate""]","[""trigonometric""]",subject
precalculus_5193e2e6c7ae508d,S12,math_train_prealgebra_1021,prealgebra,False,False,False,False,False,[],"[""trigonometric""]",subject
precalculus_5193e2e6c7ae508d,S12,math_train_prealgebra_1023,prealgebra,False,False,False,False,False,"[""area""]","[""trigonometric""]",subject
precalculus_5193e2e6c7ae508d,S12,math_train_prealgebra_105,prealgebra,False,False,False,False,False,"[""unit_rate""]","[""trigonometric""]",subject
precalculus_5193e2e6c7ae508d,S12,math_train_prealgebra_1072,prealgebra,False,False,False,False,False,"[""area""]","[""trigonometric""]",subject
precalculus_5193e2e6c7ae508d,S12,math_train_prealgebra_1079,prealgebra,False,False,False,False,False,[],"[""trigonometric""]",subject
precalculus_5193e2e6c7ae508d,S12,math_train_prealgebra_1107,prealgebra,False,False,False,False,False,"[""area"", ""circle""]","[""trigonometric""]",subject
precalculus_5193e2e6c7ae508d,S12,math_train_prealgebra_1140,prealgebra,False,False,False,False,False,[],"[""trigonometric""]",subject
precalculus_5193e2e6c7ae508d,S12,math_train_prealgebra_116,prealgebra,False,False,False,False,False,[],"[""trigonometric""]",subject
precalculus_5193e2e6c7ae508d,S12,math_train_prealgebra_1184,prealgebra,False,False,False,False,False,"[""equation"", ""rational""]","[""trigonometric""]",subject
precalculus_5193e2e6c7ae508d,S12,math_train_prealgebra_125,prealgebra,False,False,False,False,False,"[""counting"", ""unit_rate""]","[""trigonometric""]",subject
precalculus_5193e2e6c7ae508d,S12,math_train_prealgebra_158,prealgebra,False,False,False,False,False,[],"[""trigonometric""]",subject
precalculus_5193e2e6c7ae508d,S12,math_train_prealgebra_167,prealgebra,False,False,False,False,False,"[""rational""]","[""trigonometric""]",subject
precalculus_5193e2e6c7ae508d,S12,math_train_prealgebra_206,prealgebra,False,False,False,False,False,"[""area"", ""circle"", ""ratio"", ""rational""]","[""trigonometric""]",subject
precalculus_5193e2e6c7ae508d,S12,math_train_prealgebra_219,prealgebra,False,False,False,False,False,[],"[""trigonometric""]",subject
precalculus_5193e2e6c7ae508d,S12,math_train_prealgebra_23,prealgebra,False,False,False,False,False,"[""rational""]","[""trigonometric""]",subject
precalculus_5193e2e6c7ae508d,S12,math_train_prealgebra_231,prealgebra,False,False,False,False,False,"[""circle""]","[""trigonometric""]",subject
precalculus_5193e2e6c7ae508d,S12,math_train_prealgebra_235,prealgebra,False,False,False,False,False,"[""counting""]","[""trigonometric""]",subject
precalculus_5193e2e6c7ae508d,S12,math_train_prealgebra_307,prealgebra,False,False,False,False,False,"[""area""]","[""trigonometric""]",subject
precalculus_5193e2e6c7ae508d,S12,math_train_prealgebra_321,prealgebra,False,False,False,False,False,[],"[""trigonometric""]",subject
precalculus_5193e2e6c7ae508d,S12,math_train_prealgebra_35,prealgebra,False,False,False,False,False,[],"[""trigonometric""]",subject
precalculus_5193e2e6c7ae508d,S12,math_train_prealgebra_361,prealgebra,False,False,False,False,False,"[""ratio"", ""unit_rate""]","[""trigonometric""]",subject
precalculus_5193e2e6c7ae508d,S12,math_train_prealgebra_379,prealgebra,False,False,False,False,False,[],"[""trigonometric""]",subject
precalculus_5193e2e6c7ae508d,S12,math_train_prealgebra_412,prealgebra,False,False,False,False,False,[],"[""trigonometric""]",subject
precalculus_5193e2e6c7ae508d,S12,math_train_prealgebra_427,prealgebra,False,False,False,False,False,[],"[""trigonometric""]",subject
precalculus_5193e2e6c7ae508d,S12,math_train_prealgebra_43,prealgebra,False,False,False,False,False,"[""area"", ""triangle""]","[""trigonometric""]",subject
precalculus_5193e2e6c7ae508d,S12,math_train_prealgebra_431,prealgebra,False,False,False,False,False,[],"[""trigonometric""]",subject
precalculus_5193e2e6c7ae508d,S12,math_train_prealgebra_438,prealgebra,False,False,False,False,False,[],"[""trigonometric""]",subject
precalculus_5193e2e6c7ae508d,S12,math_train_prealgebra_443,prealgebra,False,False,False,False,False,[],"[""trigonometric""]",subject
precalculus_5193e2e6c7ae508d,S12,math_train_prealgebra_465,prealgebra,False,False,False,False,False,"[""integer"", ""positive""]","[""trigonometric""]",subject
precalculus_5193e2e6c7ae508d,S12,math_train_prealgebra_514,prealgebra,False,False,False,False,False,[],"[""trigonometric""]",subject
precalculus_5193e2e6c7ae508d,S12,math_train_prealgebra_515,prealgebra,False,False,False,False,False,[],"[""trigonometric""]",subject
precalculus_5193e2e6c7ae508d,S12,math_train_prealgebra_527,prealgebra,False,False,False,False,False,"[""area""]","[""trigonometric""]",subject
precalculus_5193e2e6c7ae508d,S12,math_train_prealgebra_549,prealgebra,False,False,False,False,False,"[""triangle""]","[""trigonometric""]",subject
precalculus_5193e2e6c7ae508d,S12,math_train_prealgebra_557,prealgebra,False,False,False,False,False,[],"[""trigonometric""]",subject
precalculus_5193e2e6c7ae508d,S12,math_train_prealgebra_561,prealgebra,False,False,False,False,False,"[""unit_rate""]","[""trigonometric""]",subject
precalculus_5193e2e6c7ae508d,S12,math_train_prealgebra_594,prealgebra,False,False,False,False,False,[],"[""trigonometric""]",subject
precalculus_5193e2e6c7ae508d,S12,math_train_prealgebra_596,prealgebra,False,False,False,False,False,"[""counting""]","[""trigonometric""]",subject
precalculus_5193e2e6c7ae508d,S12,math_train_prealgebra_621,prealgebra,False,False,False,False,False,"[""rational""]","[""trigonometric""]",subject
precalculus_5193e2e6c7ae508d,S12,math_train_prealgebra_721,prealgebra,False,False,False,False,False,"[""divisibility""]","[""trigonometric""]",subject
precalculus_5193e2e6c7ae508d,S12,math_train_prealgebra_738,prealgebra,False,False,False,False,False,[],"[""trigonometric""]",subject
precalculus_5193e2e6c7ae508d,S12,math_train_prealgebra_750,prealgebra,False,False,False,False,False,"[""rational""]","[""trigonometric""]",subject
precalculus_5193e2e6c7ae508d,S12,math_train_prealgebra_769,prealgebra,False,False,False,False,False,[],"[""trigonometric""]",subject
precalculus_5193e2e6c7ae508d,S12,math_train_prealgebra_86,prealgebra,False,False,False,False,False,"[""area"", ""circle"", ""integer""]","[""trigonometric""]",subject
precalculus_5193e2e6c7ae508d,S12,math_train_prealgebra_895,prealgebra,False,False,False,False,False,"[""integer"", ""positive""]","[""trigonometric""]",subject
precalculus_5193e2e6c7ae508d,S12,math_train_prealgebra_91,prealgebra,False,False,False,False,False,[],"[""trigonometric""]",subject
precalculus_5193e2e6c7ae508d,S12,math_train_prealgebra_913,prealgebra,False,False,False,False,False,[],"[""trigonometric""]",subject
precalculus_5193e2e6c7ae508d,S12,math_train_prealgebra_921,prealgebra,False,False,False,False,False,[],"[""trigonometric""]",subject
precalculus_5193e2e6c7ae508d,S12,math_train_prealgebra_953,prealgebra,False,False,False,False,False,[],"[""trigonometric""]",subject
precalculus_5193e2e6c7ae508d,S12,math_train_prealgebra_972,prealgebra,False,False,False,False,False,"[""area"", ""circle"", ""quadratic""]","[""trigonometric""]",subject
precalculus_5193e2e6c7ae508d,S12,math_train_precalculus_106,precalculus,True,False,False,False,False,"[""area"", ""triangle""]","[""trigonometric""]",trigger
precalculus_5193e2e6c7ae508d,S12,math_train_precalculus_108,precalculus,True,False,False,False,False,[],"[""trigonometric""]",trigger
precalculus_5193e2e6c7ae508d,S12,math_train_precalculus_114,precalculus,True,False,False,False,False,[],"[""trigonometric""]",trigger
precalculus_5193e2e6c7ae508d,S12,math_train_precalculus_118,precalculus,True,True,True,False,True,"[""rational"", ""trigonometric""]",[],eligible
precalculus_5193e2e6c7ae508d,S12,math_train_precalculus_119,precalculus,True,True,True,False,True,"[""trigonometric""]",[],eligible
precalculus_5193e2e6c7ae508d,S12,math_train_precalculus_189,precalculus,True,False,False,False,False,"[""quadratic"", ""rational""]","[""trigonometric""]",trigger
precalculus_5193e2e6c7ae508d,S12,math_train_precalculus_2,precalculus,True,False,False,False,False,[],"[""trigonometric""]",trigger
precalculus_5193e2e6c7ae508d,S12,math_train_precalculus_205,precalculus,True,False,False,False,False,[],"[""trigonometric""]",trigger
precalculus_5193e2e6c7ae508d,S12,math_train_precalculus_215,precalculus,True,False,False,False,False,[],"[""trigonometric""]",trigger
precalculus_5193e2e6c7ae508d,S12,math_train_precalculus_22,precalculus,True,False,False,False,False,[],"[""trigonometric""]",trigger
precalculus_5193e2e6c7ae508d,S12,math_train_precalculus_230,precalculus,True,False,False,False,False,"[""area"", ""triangle""]","[""trigonometric""]",trigger
precalculus_5193e2e6c7ae508d,S12,math_train_precalculus_238,precalculus,True,False,False,False,False,[],"[""trigonometric""]",trigger
precalculus_5193e2e6c7ae508d,S12,math_train_precalculus_250,precalculus,True,True,True,False,True,"[""circle"", ""equation"", ""rational"", ""trigonometric""]",[],eligible
precalculus_5193e2e6c7ae508d,S12,math_train_precalculus_259,precalculus,True,False,False,False,False,[],"[""trigonometric""]",trigger
precalculus_5193e2e6c7ae508d,S12,math_train_precalculus_27,precalculus,True,False,False,False,False,"[""triangle""]","[""trigonometric""]",trigger
precalculus_5193e2e6c7ae508d,S12,math_train_precalculus_293,precalculus,True,False,False,False,False,"[""area"", ""triangle""]","[""trigonometric""]",trigger
precalculus_5193e2e6c7ae508d,S12,math_train_precalculus_349,precalculus,True,False,False,False,False,"[""circle"", ""equation""]","[""trigonometric""]",trigger
precalculus_5193e2e6c7ae508d,S12,math_train_precalculus_355,precalculus,True,False,False,False,False,"[""circle""]","[""trigonometric""]",trigger
precalculus_5193e2e6c7ae508d,S12,math_train_precalculus_415,precalculus,True,False,False,False,False,"[""area"", ""triangle""]","[""trigonometric""]",trigger
precalculus_5193e2e6c7ae508d,S12,math_train_precalculus_419,precalculus,True,False,False,False,False,"[""quadratic"", ""triangle""]","[""trigonometric""]",trigger
precalculus_5193e2e6c7ae508d,S12,math_train_precalculus_423,precalculus,True,False,False,False,False,[],"[""trigonometric""]",trigger
precalculus_5193e2e6c7ae508d,S12,math_train_precalculus_445,precalculus,True,False,False,False,False,"[""triangle"", ""unit_rate""]","[""trigonometric""]",trigger
precalculus_5193e2e6c7ae508d,S12,math_train_precalculus_461,precalculus,True,False,False,False,False,[],"[""trigonometric""]",trigger
precalculus_5193e2e6c7ae508d,S12,math_train_precalculus_471,precalculus,True,True,True,False,True,"[""trigonometric""]",[],eligible
precalculus_5193e2e6c7ae508d,S12,math_train_precalculus_479,precalculus,True,False,False,False,False,"[""gcd_lcm"", ""integer"", ""rational""]","[""trigonometric""]",trigger
precalculus_5193e2e6c7ae508d,S12,math_train_precalculus_492,precalculus,True,False,False,False,False,"[""rational""]","[""trigonometric""]",trigger
precalculus_5193e2e6c7ae508d,S12,math_train_precalculus_505,precalculus,True,False,False,False,False,"[""integer"", ""nonzero"", ""quadratic""]","[""trigonometric""]",trigger
precalculus_5193e2e6c7ae508d,S12,math_train_precalculus_512,precalculus,True,False,False,False,False,"[""rational""]","[""trigonometric""]",trigger
precalculus_5193e2e6c7ae508d,S12,math_train_precalculus_517,precalculus,True,False,False,False,False,"[""quadratic""]","[""trigonometric""]",trigger
precalculus_5193e2e6c7ae508d,S12,math_train_precalculus_52,precalculus,True,False,False,False,False,"[""quadratic""]","[""trigonometric""]",trigger
precalculus_5193e2e6c7ae508d,S12,math_train_precalculus_522,precalculus,True,False,False,False,False,[],"[""trigonometric""]",trigger
precalculus_5193e2e6c7ae508d,S12,math_train_precalculus_523,precalculus,True,True,True,False,True,"[""quadratic"", ""trigonometric""]",[],eligible
precalculus_5193e2e6c7ae508d,S12,math_train_precalculus_557,precalculus,True,False,False,False,False,[],"[""trigonometric""]",trigger
precalculus_5193e2e6c7ae508d,S12,math_train_precalculus_559,precalculus,True,True,True,False,True,"[""rational"", ""trigonometric""]",[],eligible
precalculus_5193e2e6c7ae508d,S12,math_train_precalculus_565,precalculus,True,False,False,False,False,[],"[""trigonometric""]",trigger
precalculus_5193e2e6c7ae508d,S12,math_train_precalculus_568,precalculus,True,False,False,False,False,"[""integer"", ""positive"", ""rational""]","[""trigonometric""]",trigger
precalculus_5193e2e6c7ae508d,S12,math_train_precalculus_574,precalculus,True,False,False,False,False,[],"[""trigonometric""]",trigger
precalculus_5193e2e6c7ae508d,S12,math_train_precalculus_622,precalculus,True,True,True,False,True,"[""integer"", ""rational"", ""trigonometric""]",[],eligible
precalculus_5193e2e6c7ae508d,S12,math_train_precalculus_628,precalculus,True,False,False,False,False,"[""integer"", ""quadratic""]","[""trigonometric""]",trigger
precalculus_5193e2e6c7ae508d,S12,math_train_precalculus_646,precalculus,True,False,False,False,False,[],"[""trigonometric""]",trigger
precalculus_5193e2e6c7ae508d,S12,math_train_precalculus_650,precalculus,True,False,False,False,False,[],"[""trigonometric""]",trigger
precalculus_5193e2e6c7ae508d,S12,math_train_precalculus_656,precalculus,True,True,True,False,True,"[""trigonometric""]",[],eligible
precalculus_5193e2e6c7ae508d,S12,math_train_precalculus_687,precalculus,True,False,False,False,False,[],"[""trigonometric""]",trigger
precalculus_5193e2e6c7ae508d,S12,math_train_precalculus_718,precalculus,True,False,False,False,False,"[""nonzero"", ""quadratic"", ""rational""]","[""trigonometric""]",trigger
precalculus_5193e2e6c7ae508d,S12,math_train_precalculus_72,precalculus,True,False,False,True,False,"[""polynomial"", ""unit_rate""]","[""trigonometric""]",trigger
precalculus_5193e2e6c7ae508d,S12,math_train_precalculus_723,precalculus,True,False,False,False,False,"[""area"", ""triangle""]","[""trigonometric""]",trigger
precalculus_5193e2e6c7ae508d,S12,math_train_precalculus_726,precalculus,True,False,False,False,False,[],"[""trigonometric""]",trigger
precalculus_5193e2e6c7ae508d,S12,math_train_precalculus_733,precalculus,True,True,True,False,True,"[""trigonometric""]",[],eligible
precalculus_5193e2e6c7ae508d,S12,math_train_precalculus_8,precalculus,True,False,False,False,False,[],"[""trigonometric""]",trigger
precalculus_5193e2e6c7ae508d,S12,math_train_precalculus_88,precalculus,True,True,True,False,True,"[""integer"", ""trigonometric""]",[],eligible
