record_id,task_id,reasoning_available,candidate_count,typed_candidates,repeat_proxy,goal_mismatch_proxy,truncated,final_answer_present,offline_reference_used_online
batch1_base:487f7a96-a232-4edd-8007-9331d1b3ce3c,math_test_algebra_1008,False,0,0,False,False,False,True,False
batch1_base:f90d0880-2b60-444c-bb38-a11f2e9727c1,math_test_algebra_1012,False,0,0,False,False,False,True,False
batch1_base:0cff93df-0a78-4d9f-9862-5457e5910dc8,math_test_algebra_1031,False,0,0,False,False,False,True,False
batch1_base:7c25337b-c0f0-4ef3-a032-695545760369,math_test_algebra_1033,False,0,0,False,False,False,True,False
batch1_base:a01d5ad4-d90c-4704-824e-a16ba73ec53d,math_test_algebra_1041,False,0,0,False,False,False,True,False
batch1_base:aa2225f7-c556-4efa-a310-c7e44775dd22,math_test_algebra_1046,False,0,0,False,False,False,True,False
batch1_base:5ae155c0-30ec-46d3-8166-a07061923e2f,math_test_algebra_1047,False,0,0,False,False,False,True,False
batch1_base:36ead574-9d0c-4c20-91db-930a1c5e01d9,math_test_algebra_1050,False,0,0,False,False,False,True,False
batch1_base:a056ba3f-3673-449f-9e57-00dee956a76f,math_test_algebra_1074,False,0,0,False,False,False,True,False
batch1_base:4040503f-0696-487e-9187-7ae3fd04c909,math_test_algebra_1077,False,0,0,False,False,False,True,False
batch1_base:9918f408-0d93-450a-b731-e404bbd7b1f0,math_test_algebra_1079,False,0,0,False,False,False,True,False
batch1_base:5bdbb725-e231-4a91-bcc0-97a7ea3480ef,math_test_algebra_1081,False,0,0,False,False,False,True,False
batch1_base:716a1c68-c538-4def-abc3-d4991a63942f,math_test_algebra_1088,False,0,0,False,False,False,True,False
batch1_base:97df0111-4ee7-489f-beb7-07a0a1ca4492,math_test_algebra_1097,False,0,0,False,False,False,True,False
batch1_base:1ae33707-6e7c-4981-ada7-8f0119f57a0a,math_test_algebra_1102,False,0,0,False,False,False,True,False
batch1_base:b2094d75-db65-4748-b254-fd03c4f392b0,math_test_algebra_1107,False,0,0,False,False,False,True,False
batch1_base:aeb6a35d-c3d8-4648-9bb0-be6421987ed8,math_test_algebra_1128,False,0,0,False,False,False,True,False
batch1_base:60e5e71c-3bdd-44bf-a838-202b5738a12b,math_test_algebra_1131,False,0,0,False,False,False,True,False
batch1_base:26d64391-1ccc-466a-87cb-efd1706fe429,math_test_algebra_1145,False,0,0,False,False,False,True,False
batch1_base:c2e880cf-387d-41fd-b2cf-b1d19914e2a6,math_test_algebra_1151,False,0,0,False,False,False,True,False
batch1_base:e6489ac1-8c57-480c-83e4-07a710e43104,math_test_algebra_1159,False,0,0,False,False,False,True,False
batch1_base:a0f8e0b4-c780-4ae6-b692-31c9370aa2e0,math_test_algebra_1163,False,0,0,False,False,False,True,False
batch1_base:260389aa-9326-4011-9ed3-98b7257443b2,math_test_algebra_1166,False,0,0,False,False,False,True,False
batch1_base:6ca1301e-b828-49cb-8482-d1ec8b46438c,math_test_algebra_1178,False,0,0,False,False,False,True,False
batch1_base:33a534ee-53b7-4f2f-a086-4f80cdfe8e1d,math_test_algebra_521,False,0,0,False,False,False,True,False
batch1_base:ade874f3-60be-4eee-9ad9-0a2904ce6ac8,math_test_algebra_543,False,0,0,False,False,False,True,False
batch1_base:1666bac9-7029-4384-9965-98048602bbcf,math_test_algebra_553,False,0,0,False,False,False,True,False
batch1_base:4561941f-73fa-4f8a-a5c2-f25471a178dd,math_test_algebra_555,False,0,0,False,False,False,True,False
batch1_base:2f80a412-dd37-4e60-b11c-e0863fdb71e2,math_test_algebra_569,False,0,0,False,False,False,True,False
batch1_base:f4e2f2e2-3cac-48ba-9483-63c2b4211e46,math_test_algebra_587,False,0,0,False,False,False,True,False
batch1_base:885c9806-9217-4846-8a74-a5f03306b215,math_test_algebra_595,False,0,0,False,False,False,True,False
batch1_base:199f5812-0b72-44f0-a204-e4337613538d,math_test_algebra_600,False,0,0,False,False,False,True,False
batch1_base:3ebea0e6-fc61-4b91-acb9-8876371205d9,math_test_algebra_602,False,0,0,False,False,False,True,False
batch1_base:54ce2c92-d960-4648-91bf-1f0b7c2ccf77,math_test_algebra_605,False,0,0,False,False,False,True,False
batch1_base:5f1293d4-181f-4dc8-a532-3bd1912282b1,math_test_algebra_631,False,0,0,False,False,False,True,False
batch1_base:1df31b5e-6e7f-4411-856e-c688851dcfcd,math_test_algebra_662,False,0,0,False,False,False,True,False
batch1_base:36200dc2-88d4-49b4-8eef-8e0fd5d7525c,math_test_algebra_672,False,0,0,False,False,False,True,False
batch1_base:05a267d7-088b-4ce2-93cb-3dfa0ede5b47,math_test_algebra_673,False,0,0,False,False,False,True,False
batch1_base:ad6d2810-b660-4b2a-806a-ad8ff3fc73d5,math_test_algebra_679,False,0,0,False,False,False,True,False
batch1_base:5562249c-487f-48ef-838d-b1b4c3294223,math_test_algebra_698,False,0,0,False,False,False,True,False
batch1_base:a89da7e9-8868-4e1e-b4e0-4a14c9fa4c09,math_test_algebra_701,False,0,0,False,False,False,True,False
batch1_base:75ada80c-58a4-447e-9e2d-35aefffe2f0d,math_test_algebra_707,False,0,0,False,False,False,True,False
batch1_base:8ffea1f7-0fa4-4464-8b86-f73d14b3e541,math_test_algebra_708,False,0,0,False,False,False,True,False
batch1_base:628930bd-c058-4b1a-a23d-e0291fa8cf82,math_test_algebra_714,False,0,0,False,False,False,True,False
batch1_base:e903113d-141a-4f39-9875-9c5c81a59ae8,math_test_algebra_721,False,0,0,False,False,False,True,False
batch1_base:97818d1c-3fd7-429d-8a39-e9006bf1d289,math_test_algebra_738,False,0,0,False,False,False,True,False
batch1_base:4b47862e-90b2-4d3a-80e8-20c704be8e04,math_test_algebra_739,False,0,0,False,False,False,True,False
batch1_base:b680639c-b3b7-453d-8d03-61cadeb00e6c,math_test_algebra_740,False,0,0,False,False,False,True,False
batch1_base:4af08089-c26c-4fc9-8492-4b06d7226f5f,math_test_algebra_741,False,0,0,False,False,False,True,False
batch1_base:5e244eb1-1ea5-4de9-989b-cb0931616c97,math_test_algebra_757,False,0,0,False,False,False,True,False
batch1_base:c19f27bc-e669-45c5-a0e0-8433abd7fced,math_test_algebra_766,False,0,0,False,False,False,True,False
batch1_base:1e2edf9b-3de5-4c19-a579-a1e0d214dd30,math_test_algebra_768,False,0,0,False,False,False,True,False
batch1_base:d8edafe8-b7fd-4f1c-a6e3-77d2d4ed90e0,math_test_algebra_770,False,0,0,False,False,False,True,False
batch1_base:87d520de-7501-425f-9e9a-53c609fe7e0b,math_test_algebra_779,False,0,0,False,False,False,True,False
batch1_base:b76a3a44-7eb3-44c6-af59-995d45061ed9,math_test_algebra_781,False,0,0,False,False,False,True,False
batch1_base:36599da1-a534-493e-954c-84eb847439b7,math_test_algebra_793,False,0,0,False,False,False,True,False
batch1_base:6bb3e840-d813-4abc-b4c2-186c1e12c9ce,math_test_algebra_799,False,0,0,False,False,False,True,False
batch1_base:c604d14a-a2c2-4dc5-816b-1f934b8bbefd,math_test_algebra_836,False,0,0,False,False,False,True,False
batch1_base:8a45c2b7-149d-4cb1-9d5f-b62560df45de,math_test_algebra_838,False,0,0,False,False,False,True,False
batch1_base:e6492b51-7b85-4b46-95f0-072448e6db09,math_test_algebra_847,False,0,0,False,False,False,True,False
batch1_base:2d9d821c-9510-40bf-a5b7-7bce3b8f125b,math_test_algebra_853,False,0,0,False,False,False,True,False
batch1_base:49f2a284-b798-4156-81d6-c444ebc884a9,math_test_algebra_879,False,0,0,False,False,False,True,False
batch1_base:22b2d6aa-d6ba-4edb-ab31-b027dcf2e71a,math_test_algebra_882,False,0,0,False,False,False,True,False
batch1_base:debc43a7-6f5e-4da8-941a-1d4120b3906e,math_test_algebra_884,False,0,0,False,False,False,True,False
batch1_base:2bda3145-dcef-435b-9e9e-81015d1be93b,math_test_algebra_888,False,0,0,False,False,False,True,False
batch1_base:2386c5ab-218a-4a21-97d2-e6736472bf77,math_test_algebra_894,False,0,0,False,False,False,True,False
batch1_base:560928a8-9e13-4973-ba57-fcd4138b6cd3,math_test_algebra_910,False,0,0,False,False,False,True,False
batch1_base:bdae6c38-6bb8-4541-9648-3cf1ce74f237,math_test_algebra_925,False,0,0,False,False,False,True,False
batch1_base:d1d8f070-97ea-465a-b83d-4bcef0bfba59,math_test_algebra_932,False,0,0,False,False,False,True,False
batch1_base:11d41b09-a4e2-45f9-ae82-9225cd271d3b,math_test_algebra_933,False,0,0,False,False,False,True,False
batch1_base:3d702be1-93db-4bb7-a69b-d98b5fbf6f7f,math_test_algebra_957,False,0,0,False,False,False,True,False
batch1_base:8046b990-67cd-4eaf-936e-9e2b7c1bf7c8,math_test_algebra_960,False,0,0,False,False,False,True,False
batch1_base:3e9d84e5-90fe-423a-8313-184fd40621ab,math_test_algebra_963,False,0,0,False,False,False,True,False
batch1_base:b9bb6679-53ce-4ea4-b39e-f6fcb2845661,math_test_algebra_970,False,0,0,False,False,False,True,False
batch1_base:6df463ed-d480-456b-8fc0-aa656924c2d3,math_test_algebra_982,False,0,0,False,False,False,True,False
batch1_base:fe3ed552-0a31-4a58-bb91-54598a4a837e,math_test_algebra_988,False,0,0,False,False,False,True,False
batch1_base:74610906-d953-4082-b3ff-9702525a2f50,math_test_algebra_991,False,0,0,False,False,False,True,False
batch1_base:570e14ac-e72d-44ad-bb6b-6a2e4725a2f2,math_test_algebra_994,False,0,0,False,False,False,True,False
batch1_base:9e0e7da2-79f4-499e-b2d1-fc9385b5592b,math_test_counting_probability_100,False,0,0,False,False,False,True,False
batch1_base:d1e404d3-dce9-4271-bc57-3c7179a964d2,math_test_counting_probability_101,False,0,0,False,False,True,False,False
batch1_base:e16a306a-0759-4385-a609-165c3f46c65b,math_test_counting_probability_103,False,0,0,False,False,False,True,False
batch1_base:21daed55-88c5-4a02-9737-27212036a2e2,math_test_counting_probability_114,False,0,0,False,False,False,True,False
batch1_base:d2607fe0-031b-4b5a-9d16-5085e1544001,math_test_counting_probability_130,False,0,0,False,False,False,True,False
batch1_base:9b32beca-a08d-462c-979a-60604e75bcf7,math_test_counting_probability_136,False,0,0,False,False,False,True,False
batch1_base:a5a8211c-2d96-44c1-ba9d-af447f6a076d,math_test_counting_probability_154,False,0,0,False,False,False,True,False
batch1_base:ce0a888d-682e-4f35-898e-e9ba14832805,math_test_counting_probability_16,False,0,0,False,False,False,True,False
batch1_base:d8b2f8d8-f7df-4a84-b2bb-89d71aac2f90,math_test_counting_probability_186,False,0,0,False,False,False,True,False
batch1_base:0421086b-ce47-445f-80f4-85a2684a4f24,math_test_counting_probability_193,False,0,0,False,False,False,True,False
batch1_base:a284c642-7677-4ceb-8335-a7d262c116b5,math_test_counting_probability_196,False,0,0,False,False,False,True,False
batch1_base:46a7059c-c629-4328-8ee3-e8a600a658b4,math_test_counting_probability_198,False,0,0,False,False,False,True,False
batch1_base:1d5d4e93-cc81-4e59-891e-693c97024506,math_test_counting_probability_199,False,0,0,False,False,False,True,False
batch1_base:3a6a839b-53f3-414d-b766-c0001be9febf,math_test_counting_probability_201,False,0,0,False,False,False,True,False
batch1_base:f17942ec-8e5d-4e84-9430-be9f3c4a1f27,math_test_counting_probability_215,False,0,0,False,False,False,True,False
batch1_base:f798efa6-1464-4763-bca4-a59675f16fe7,math_test_counting_probability_230,False,0,0,False,False,False,True,False
batch1_base:a4f7156c-0147-4933-8a42-cc6e6e624318,math_test_counting_probability_236,False,0,0,False,False,False,True,False
batch1_base:c826ef5d-17c2-4f02-8e2d-bdd0c5a69fa2,math_test_counting_probability_252,False,0,0,False,False,False,True,False
batch1_base:f18dd420-a07e-433e-84be-50f859f5b56f,math_test_counting_probability_257,False,0,0,False,False,False,True,False
batch1_base:ca9494c2-62fb-4de2-9e8d-496b770a7998,math_test_counting_probability_270,False,0,0,False,False,False,True,False
batch1_base:404be3da-f3f6-4c35-8362-83d2a37e6130,math_test_counting_probability_282,False,0,0,False,False,False,True,False
batch1_base:e8023ae5-f5a1-4552-abad-caf83a83ecb8,math_test_counting_probability_288,False,0,0,False,False,False,True,False
batch1_base:3d90ed17-7df2-4970-b291-1d3da3ecd291,math_test_counting_probability_29,False,0,0,False,False,False,True,False
batch1_base:5134d3d8-7787-4ffa-bbc6-e0401094442b,math_test_counting_probability_298,False,0,0,False,False,False,True,False
batch1_base:a5198c58-b77b-4ef3-af3d-a2bd5f36563e,math_test_counting_probability_305,False,0,0,False,False,False,True,False
batch1_base:68aa9491-3ee5-4ce0-94a0-82023b3d97b1,math_test_counting_probability_312,False,0,0,False,False,False,True,False
batch1_base:3f32988b-cdaf-415f-aea9-23280b376749,math_test_counting_probability_341,False,0,0,False,False,False,True,False
batch1_base:9f7d92d3-d6b3-4e70-a68c-17cd5ae83437,math_test_counting_probability_35,False,0,0,False,False,False,True,False
batch1_base:495f5c70-fee3-47cc-a5d2-c0d614d6773e,math_test_counting_probability_350,False,0,0,False,False,False,True,False
batch1_base:fdba18d0-f8f6-4f8d-abbb-88c81c04df6e,math_test_counting_probability_359,False,0,0,False,False,False,True,False
batch1_base:6b977985-4600-4c73-b05d-371e9f6a508a,math_test_counting_probability_361,False,0,0,False,False,False,True,False
batch1_base:e7940a15-dee6-4502-86dd-4f84a204da00,math_test_counting_probability_367,False,0,0,False,False,False,True,False
batch1_base:676e8c7f-3ef3-4d6a-bd88-f1d7a615f42a,math_test_counting_probability_37,False,0,0,False,False,False,True,False
batch1_base:b6daf7d0-c48a-463a-9de9-d4221bfeeccc,math_test_counting_probability_381,False,0,0,False,False,False,True,False
batch1_base:acddb81b-66ec-4ae6-927b-f0a1ba559f55,math_test_counting_probability_40,False,0,0,False,False,True,False,False
batch1_base:46f208d7-854d-4918-ad09-71d7786f78b9,math_test_counting_probability_402,False,0,0,False,False,False,True,False
batch1_base:1cebfb6e-1793-43b3-b8b2-40d534c9eca3,math_test_counting_probability_410,False,0,0,False,False,False,True,False
batch1_base:509aa6a1-d5cd-444c-9bda-fea796d6fc40,math_test_counting_probability_411,False,0,0,False,False,False,True,False
batch1_base:38a2c3fa-f360-4de1-ab74-9df814ba37fa,math_test_counting_probability_418,False,0,0,False,False,False,True,False
batch1_base:6a0e4a2f-a5b4-4117-afeb-02fdb30213f3,math_test_counting_probability_419,False,0,0,False,False,False,True,False
batch1_base:70c6c2c9-d4cc-4627-9e20-2406bd614a87,math_test_counting_probability_433,False,0,0,False,False,False,True,False
batch1_base:07235a1d-7a33-4ee0-b22e-d943fa78d42c,math_test_counting_probability_458,False,0,0,False,False,False,True,False
batch1_base:dda7eea2-ab36-429d-aba9-f1cdaf847235,math_test_counting_probability_459,False,0,0,False,False,False,True,False
batch1_base:565dffd0-d2e9-4200-a07b-e517e53799b2,math_test_counting_probability_46,False,0,0,False,False,False,True,False
batch1_base:d21ffb34-a9dc-4efd-9e13-878aaf302047,math_test_counting_probability_465,False,0,0,False,False,False,True,False
batch1_base:8a652a25-7d56-4efa-91da-5232e1b13267,math_test_counting_probability_52,False,0,0,False,False,False,True,False
batch1_base:df245afd-4870-422a-addb-0f8c2b6e82a1,math_test_counting_probability_56,False,0,0,False,False,False,True,False
batch1_base:12130956-56ae-4aae-947e-e06fe0b7683c,math_test_counting_probability_68,False,0,0,False,False,False,True,False
batch1_base:4c8f4bd6-8055-47c9-a127-d41be2af35ce,math_test_counting_probability_86,False,0,0,False,False,False,True,False
batch1_base:eb14ee30-0aa7-4d8d-9219-70df75d5b874,math_test_counting_probability_91,False,0,0,False,False,False,True,False
batch1_base:3b791e29-12ef-4e6f-96ae-5429b2008c5e,math_test_counting_probability_95,False,0,0,False,False,False,True,False
batch1_base:6aed195d-0bbf-4185-b406-082ac1c0865b,math_test_counting_probability_98,False,0,0,False,False,False,True,False
batch1_base:664c99f8-36a5-451d-9205-f2baee8f3294,math_test_geometry_10,False,0,0,False,False,False,True,False
batch1_base:9f0e0851-ec05-471c-a8a2-10910751fe8f,math_test_geometry_105,False,0,0,False,False,False,True,False
batch1_base:9d1d741c-54e6-4484-9b74-39a9613790b0,math_test_geometry_107,False,0,0,False,False,False,True,False
batch1_base:8961bc72-7e4d-4fd4-87e8-ffc427abae6f,math_test_geometry_127,False,0,0,False,False,False,True,False
batch1_base:de24727e-376d-4c78-aefc-b6daa0df3748,math_test_geometry_129,False,0,0,False,False,False,True,False
batch1_base:1ca1bee0-88f2-480d-96bc-acc1d004269c,math_test_geometry_147,False,0,0,False,False,False,True,False
batch1_base:8a5a46e6-1e9e-44c3-86d6-f38565ed45eb,math_test_geometry_148,False,0,0,False,False,False,True,False
batch1_base:300c37f1-eedf-4ab5-a7ea-14bcb06ec73f,math_test_geometry_152,False,0,0,False,False,False,True,False
batch1_base:f03c088b-87c3-4981-9cd3-a543b24341ea,math_test_geometry_154,False,0,0,False,False,False,True,False
batch1_base:e3bca313-2b57-4bf2-8329-167aa8a79300,math_test_geometry_161,False,0,0,False,False,False,True,False
batch1_base:31044d83-9d8c-4cfb-a035-126c5beecec8,math_test_geometry_165,False,0,0,False,False,False,True,False
batch1_base:33cfa749-7890-4e41-881b-1b3c50bbafb0,math_test_geometry_172,False,0,0,False,False,False,True,False
batch1_base:f9375c56-5b23-45d5-8397-47edd3857320,math_test_geometry_18,False,0,0,False,False,False,True,False
batch1_base:d3be1ef3-009a-4c2c-b325-c6f79a9c2cdf,math_test_geometry_181,False,0,0,False,False,False,True,False
batch1_base:298dd5c6-f383-4c82-a25a-bd53e635c18d,math_test_geometry_183,False,0,0,False,False,False,True,False
batch1_base:ad346230-b4c7-4d80-809d-c85e6f2aefe6,math_test_geometry_199,False,0,0,False,False,False,True,False
batch1_base:6593a013-0372-4fe6-a189-5c6e920ccc42,math_test_geometry_213,False,0,0,False,False,False,True,False
batch1_base:c539333e-c0b0-43fb-8597-c6f3606f2ffe,math_test_geometry_214,False,0,0,False,False,True,False,False
batch1_base:8055342c-2c7b-4afe-8656-2a1854115e3f,math_test_geometry_223,False,0,0,False,False,False,True,False
batch1_base:bdbcf51b-5e83-4238-b3bf-8451c189bbff,math_test_geometry_227,False,0,0,False,False,False,True,False
batch1_base:a31f7a46-d192-487d-856a-c3536c3999d0,math_test_geometry_239,False,0,0,False,False,False,True,False
batch1_base:5011c571-9505-40de-88a8-776ef7dd863d,math_test_geometry_240,False,0,0,False,False,False,True,False
batch1_base:78dd7f6e-693d-4e55-bc77-8582c5410174,math_test_geometry_243,False,0,0,False,False,True,False,False
batch1_base:e3baa2b7-cb4e-4386-af85-9420fa03d485,math_test_geometry_245,False,0,0,False,False,False,True,False
batch1_base:c4f1f70b-fe46-4068-9320-c5dd84b50dec,math_test_geometry_251,False,0,0,False,False,False,True,False
batch1_base:27774665-bcfe-469f-8528-7f42babef200,math_test_geometry_253,False,0,0,False,False,False,True,False
batch1_base:67ccc391-5842-4e66-bf59-bfcef56e4380,math_test_geometry_258,False,0,0,False,False,False,True,False
batch1_base:ebf12d1e-8ce0-4f27-86b9-901060e29395,math_test_geometry_268,False,0,0,False,False,False,True,False
batch1_base:100fa67c-4d0b-498f-9fc1-bb17bf428df1,math_test_geometry_278,False,0,0,False,False,False,True,False
batch1_base:82e8267a-1f06-471d-a2fe-1d03f1a5c6c3,math_test_geometry_285,False,0,0,False,False,False,True,False
batch1_base:2bbed026-ef84-41a3-90b7-5aa885fc02e5,math_test_geometry_31,False,0,0,False,False,False,True,False
batch1_base:956c4847-9327-4aca-9c8f-dff743bd53dc,math_test_geometry_33,False,0,0,False,False,False,True,False
batch1_base:4ea433b7-8133-4062-bca3-4c44611bd761,math_test_geometry_340,False,0,0,False,True,False,True,False
batch1_base:74038274-4e82-4364-a2d6-ec4494adb43a,math_test_geometry_35,False,0,0,False,False,False,True,False
batch1_base:d73bc2e6-f6d3-4d4e-bd29-4f734394068c,math_test_geometry_350,False,0,0,False,False,False,True,False
batch1_base:827e1b17-df1b-496f-b7ce-53dd3b2edf7a,math_test_geometry_351,False,0,0,False,False,False,True,False
batch1_base:062079b5-3c2a-4e35-85ba-2b54a894e65b,math_test_geometry_367,False,0,0,False,False,False,True,False
batch1_base:20e1f6b0-0f17-4d3f-9d53-120e7803e6c4,math_test_geometry_381,False,0,0,False,False,False,True,False
batch1_base:cc374180-8ef9-4289-a6db-7ce017d1d3e3,math_test_geometry_397,False,0,0,False,False,False,True,False
batch1_base:b775b9ed-66d1-400b-9385-6c1aa83e9a8d,math_test_geometry_399,False,0,0,False,False,False,True,False
batch1_base:e30b2be2-96e9-42a5-a639-1552adc5af05,math_test_geometry_43,False,0,0,False,False,False,True,False
batch1_base:796743a1-3fa4-4d7d-8dd2-c994ef20db5b,math_test_geometry_430,False,0,0,False,False,False,True,False
batch1_base:73f370e1-8b3b-48dc-bf56-cb99bb453f66,math_test_geometry_434,False,0,0,False,False,False,True,False
batch1_base:d18a7f32-8f3c-461c-ab57-ac3d8f18bd49,math_test_geometry_453,False,0,0,False,False,True,False,False
batch1_base:9b133db1-4ce8-43a5-a1da-a003de64a557,math_test_geometry_463,False,0,0,False,False,False,True,False
batch1_base:1d535b41-0e7d-47a9-af13-ee220a6ba470,math_test_geometry_48,False,0,0,False,False,False,True,False
batch1_base:f2dec04d-1bb7-4415-acad-6e7c9108e777,math_test_geometry_61,False,0,0,False,False,False,True,False
batch1_base:39512901-b017-42d2-a144-c84cdb885420,math_test_geometry_66,False,0,0,False,False,True,False,False
batch1_base:75f41b21-b14a-4d46-b193-4d34e8a1226e,math_test_geometry_73,False,0,0,False,False,False,True,False
batch1_base:595fa6e4-4bec-45f6-a29f-46906765c824,math_test_geometry_8,False,0,0,False,False,False,True,False
batch1_base:b108ddb8-f56b-4806-8b53-c9e9915c392e,math_test_geometry_80,False,0,0,False,False,False,True,False
batch1_base:ad312050-dda6-40b7-84db-e2bf3140fec3,math_test_geometry_83,False,0,0,False,False,False,True,False
batch1_base:78171424-595f-40b5-b2cd-b620bc427328,math_test_geometry_98,False,0,0,False,False,True,False,False
batch1_base:f2786967-36b0-46bb-910b-6b4c3d02774a,math_test_intermediate_algebra_105,False,0,0,False,False,False,True,False
batch1_base:368aadbb-662d-4d58-ac99-d2c639fbd142,math_test_intermediate_algebra_106,False,0,0,False,False,False,True,False
batch1_base:88916ade-72d7-4106-9e21-676baf12960c,math_test_intermediate_algebra_107,False,0,0,False,False,False,True,False
batch1_base:17e2f011-5387-4791-9df3-ce3c06689347,math_test_intermediate_algebra_110,False,0,0,False,False,False,True,False
batch1_base:3038420a-fd2b-496e-97ab-875a6dc545d5,math_test_intermediate_algebra_125,False,0,0,False,False,False,True,False
batch1_base:d860560f-d508-4ef2-9674-37926e2931d7,math_test_intermediate_algebra_130,False,0,0,False,False,False,True,False
batch1_base:7fc11548-3c20-4013-a510-d003355ebd35,math_test_intermediate_algebra_162,False,0,0,False,False,False,True,False
batch1_base:5216bcbd-9866-418d-b8dd-994313bd0d42,math_test_intermediate_algebra_165,False,0,0,False,False,True,False,False
batch1_base:61f9c354-1da3-47b2-a6d3-6fcd2309b03e,math_test_intermediate_algebra_178,False,0,0,False,False,False,True,False
batch1_base:be9808e5-a656-4403-8d54-a0aa7f441a49,math_test_intermediate_algebra_179,False,0,0,False,False,False,True,False
batch1_base:4fdaa92c-c42e-4cf6-a887-7bcdff0d5599,math_test_intermediate_algebra_189,False,0,0,False,False,False,True,False
batch1_base:e5a1f509-a49e-4e21-86c8-0129b1546596,math_test_intermediate_algebra_192,False,0,0,False,False,False,True,False
batch1_base:ec8eb5c1-ba8c-420f-9830-d9e7392e7a10,math_test_intermediate_algebra_201,False,0,0,False,False,False,True,False
batch1_base:6da8c6d9-72a7-4e92-a7d0-ce08b55f9398,math_test_intermediate_algebra_202,False,0,0,False,False,False,True,False
batch1_base:9ef23ad4-fd20-4480-b959-3f6d6e0cd24c,math_test_intermediate_algebra_215,False,0,0,False,False,False,True,False
batch1_base:1a2679f0-f6e0-4f6c-8b51-57206cba6f5f,math_test_intermediate_algebra_231,False,0,0,False,False,False,True,False
batch1_base:23e8995c-d911-4a04-a339-27c75b9d0a67,math_test_intermediate_algebra_237,False,0,0,False,False,True,False,False
batch1_base:d2aeffe2-c52d-4694-a52a-739159d31eab,math_test_intermediate_algebra_242,False,0,0,False,False,False,True,False
batch1_base:3d02ab33-fd33-4bc4-93f7-d66ae57bbd2f,math_test_intermediate_algebra_249,False,0,0,False,False,False,True,False
batch1_base:f1e301ee-ce4f-4320-819a-9ea2eac74a11,math_test_intermediate_algebra_253,False,0,0,False,False,True,False,False
batch1_base:4d6528c1-f24f-4a27-b44c-ac306577abad,math_test_intermediate_algebra_257,False,0,0,False,False,True,False,False
batch1_base:da7d4993-6431-42f0-bc54-22b12a38881b,math_test_intermediate_algebra_268,False,0,0,False,False,False,True,False
batch1_base:e8a6732a-02d8-445e-8e9b-4e98897a4280,math_test_intermediate_algebra_275,False,0,0,False,False,False,True,False
batch1_base:39f36cac-3494-4b74-91bd-1218bc5adb1c,math_test_intermediate_algebra_282,False,0,0,False,False,False,True,False
batch1_base:e88a4ecc-b270-4969-9426-05e1ef99ffed,math_test_intermediate_algebra_290,False,0,0,False,False,False,True,False
batch1_base:8e52d3d4-792d-4b99-8515-4a0679161e31,math_test_intermediate_algebra_294,False,0,0,False,False,True,False,False
batch1_base:794e8d00-7645-43e5-b111-dd671a7b3c09,math_test_intermediate_algebra_300,False,0,0,False,False,False,True,False
batch1_base:f6171c01-2d18-4b45-b990-5d5a19e08a55,math_test_intermediate_algebra_303,False,0,0,False,False,False,True,False
batch1_base:cb3f22bc-a194-4b70-bc90-dd4cc90eb350,math_test_intermediate_algebra_309,False,0,0,False,False,False,True,False
batch1_base:9f7768ff-11bc-4c1f-883e-2273ae55c32c,math_test_intermediate_algebra_316,False,0,0,False,False,False,True,False
batch1_base:46a76d79-a1ff-4d17-9225-ce188c95e5bd,math_test_intermediate_algebra_320,False,0,0,False,False,False,True,False
batch1_base:ba05e271-1ab9-408b-9f0d-8678ad73720b,math_test_intermediate_algebra_322,False,0,0,False,False,False,True,False
batch1_base:0319f916-ee9a-478b-a0d0-0acc2681730e,math_test_intermediate_algebra_336,False,0,0,False,False,False,True,False
batch1_base:ba21261c-326f-485f-b5ab-693d3099107d,math_test_intermediate_algebra_337,False,0,0,False,False,False,True,False
batch1_base:08c28566-d0c3-409c-98bd-bf5338f6655b,math_test_intermediate_algebra_345,False,0,0,False,False,False,True,False
batch1_base:512beb6f-ee34-43ba-bf9c-fcce4b29ba8f,math_test_intermediate_algebra_363,False,0,0,False,False,False,True,False
batch1_base:0cf72262-7f26-4a53-98b0-9b8e73af1184,math_test_intermediate_algebra_364,False,0,0,False,False,True,False,False
batch1_base:ad596fd9-c25b-44c3-95c3-98d28b90a1db,math_test_intermediate_algebra_370,False,0,0,False,False,False,True,False
batch1_base:bb428423-55e2-465c-966a-15a03121250e,math_test_intermediate_algebra_374,False,0,0,False,False,False,True,False
batch1_base:d5efd553-0920-45a1-9849-3b2a5702562e,math_test_intermediate_algebra_392,False,0,0,False,False,True,False,False
batch1_base:76d7b0d3-0b2a-4a33-8cfe-eac94dd0474d,math_test_intermediate_algebra_403,False,0,0,False,False,False,True,False
batch1_base:bda592c3-cea0-4e46-bc44-8e6e176eb995,math_test_intermediate_algebra_406,False,0,0,False,False,False,True,False
batch1_base:2ee61c87-59f4-46c5-8b6a-f237e4f84a0e,math_test_intermediate_algebra_408,False,0,0,False,False,True,False,False
batch1_base:36a4aa33-4099-497b-97fc-31df0301702e,math_test_intermediate_algebra_41,False,0,0,False,False,False,True,False
batch1_base:f8220740-8c82-4472-b34a-d0330fd99dde,math_test_intermediate_algebra_42,False,0,0,False,False,False,True,False
batch1_base:3697970d-7be5-47dd-b197-dbd3c21fd777,math_test_intermediate_algebra_429,False,0,0,False,False,False,True,False
batch1_base:69a6b5c9-953e-4d2c-8d95-da438de33915,math_test_intermediate_algebra_442,False,0,0,False,False,False,True,False
batch1_base:0529ec55-0d2d-4759-a39a-7b2ad3cdaa66,math_test_intermediate_algebra_464,False,0,0,False,False,False,True,False
batch1_base:b1beef4d-ec8f-4495-82c2-2ce47ca14846,math_test_intermediate_algebra_474,False,0,0,False,False,False,True,False
batch1_base:035d7ae5-e08c-42f6-ab7d-b194bd6f33e8,math_test_intermediate_algebra_476,False,0,0,False,False,False,True,False
batch1_base:106cb0e0-44a9-47ba-9741-a1878db841fa,math_test_intermediate_algebra_509,False,0,0,False,False,False,True,False
batch1_base:82ab8189-da36-44b8-9323-3e4d79e25923,math_test_intermediate_algebra_51,False,0,0,False,False,False,True,False
batch1_base:32f68834-7f9d-42ed-aeb9-564d9a5b9092,math_test_intermediate_algebra_514,False,0,0,False,False,False,True,False
batch1_base:e3dcb0b3-0223-4a17-b92a-c9e2076fbfc4,math_test_intermediate_algebra_521,False,0,0,False,False,False,True,False
batch1_base:018be5f5-effe-42fc-9907-3bbd38e5781f,math_test_intermediate_algebra_529,False,0,0,False,False,False,True,False
batch1_base:aa99d4fe-dc85-4b86-92fe-33b6aa59eb18,math_test_intermediate_algebra_53,False,0,0,False,False,False,True,False
batch1_base:6695c406-f5c7-437d-b869-db360655f800,math_test_intermediate_algebra_540,False,0,0,False,False,False,True,False
batch1_base:61f9ee70-91fb-47c6-9c86-a33846cd235f,math_test_intermediate_algebra_544,False,0,0,False,False,False,True,False
batch1_base:88169240-f423-4a50-89f2-d4afaebaa198,math_test_intermediate_algebra_557,False,0,0,False,False,True,False,False
batch1_base:888a2e53-38ac-471e-bb07-d5f11c97ec9b,math_test_intermediate_algebra_559,False,0,0,False,False,False,True,False
batch1_base:377a8602-b759-448e-84bc-30ea00ebe021,math_test_intermediate_algebra_568,False,0,0,False,False,False,True,False
batch1_base:6fc65f91-4a5d-4b19-9085-1ce78542e2a7,math_test_intermediate_algebra_579,False,0,0,False,False,False,True,False
batch1_base:e27fa4ab-4aad-4747-bdbf-5ac135d4694e,math_test_intermediate_algebra_593,False,0,0,False,False,True,False,False
batch1_base:41c50a24-6435-4aad-974e-9c238353bff4,math_test_intermediate_algebra_6,False,0,0,False,False,True,False,False
batch1_base:0f91616c-a46b-4d07-b1a8-449b6096c47b,math_test_intermediate_algebra_604,False,0,0,False,False,False,True,False
batch1_base:398c7e0c-8f7d-4a48-a7e5-81704f9711e3,math_test_intermediate_algebra_607,False,0,0,False,False,False,True,False
batch1_base:e94040e1-83fa-4abb-90b1-74c44415f88c,math_test_intermediate_algebra_623,False,0,0,False,False,False,True,False
batch1_base:5bd3100f-619b-4c71-8f6b-8f396850c102,math_test_intermediate_algebra_628,False,0,0,False,False,False,True,False
batch1_base:f0fec8a2-5ac4-4fb5-8a18-7a940bbfff5b,math_test_intermediate_algebra_636,False,0,0,False,False,False,True,False
batch1_base:9c21fa4d-3938-4965-93c3-ecb3c19c6283,math_test_intermediate_algebra_642,False,0,0,False,False,False,True,False
batch1_base:02b4a863-3982-4dd7-8d14-38940de1b713,math_test_intermediate_algebra_647,False,0,0,False,False,False,True,False
batch1_base:b8718065-d3e7-42d9-836c-a0141e7c322f,math_test_intermediate_algebra_656,False,0,0,False,False,False,True,False
batch1_base:728e4ed1-79da-4730-8697-95a080cae4e9,math_test_intermediate_algebra_669,False,0,0,False,False,False,True,False
batch1_base:2b96ec16-abf8-4a35-8bc1-7539c165d18b,math_test_intermediate_algebra_672,False,0,0,False,False,False,True,False
batch1_base:0fc3f27e-71c5-4892-b22e-2668e9a8deaa,math_test_intermediate_algebra_681,False,0,0,False,False,False,True,False
batch1_base:51bfe08f-788e-495c-9f0c-43c3aba847ba,math_test_intermediate_algebra_69,False,0,0,False,False,False,True,False
batch1_base:8dcbad5d-c82d-4abc-a921-0b9b87df6161,math_test_intermediate_algebra_691,False,0,0,False,False,False,True,False
batch1_base:9b093adf-d7b5-47e4-8575-5b94e80ba648,math_test_intermediate_algebra_705,False,0,0,False,False,False,True,False
batch1_base:3ce1ff8e-7f34-415e-998c-ad87509a0180,math_test_intermediate_algebra_725,False,0,0,False,False,False,True,False
batch1_base:1450c74a-932f-43e5-a654-320b76a8216a,math_test_intermediate_algebra_747,False,0,0,False,False,False,True,False
batch1_base:fddf2a52-4b68-413a-9212-94a0e482e7c4,math_test_intermediate_algebra_748,False,0,0,False,False,False,True,False
batch1_base:a4bda926-95a4-443c-a832-48fc10b3078c,math_test_intermediate_algebra_757,False,0,0,False,False,False,True,False
batch1_base:959fee5f-64b7-4bed-bd10-be8febdb01ea,math_test_intermediate_algebra_759,False,0,0,False,False,False,True,False
batch1_base:ceb33fb7-910f-41fb-8f3d-8ff726de99f9,math_test_intermediate_algebra_763,False,0,0,False,False,True,False,False
batch1_base:d6f29897-0e3c-442a-bf38-08c5b352743f,math_test_intermediate_algebra_764,False,0,0,False,False,False,True,False
batch1_base:9c48abeb-e613-4937-8c65-ed01ded92a38,math_test_intermediate_algebra_765,False,0,0,False,False,False,True,False
batch1_base:16d96081-a34b-4919-9dc1-529f2325e365,math_test_intermediate_algebra_790,False,0,0,False,False,False,True,False
batch1_base:83ee0019-23d2-4514-8486-909cf9e367bb,math_test_intermediate_algebra_791,False,0,0,False,False,False,True,False
batch1_base:bfba28f4-5864-4249-b962-b81d0ecf62a0,math_test_intermediate_algebra_794,False,0,0,False,False,False,True,False
batch1_base:0cd889a9-c807-4095-a245-45476eb24390,math_test_intermediate_algebra_796,False,0,0,False,False,False,True,False
batch1_base:20f66610-8982-4293-8f09-3b0c60c1f3f3,math_test_intermediate_algebra_799,False,0,0,False,False,False,True,False
batch1_base:292de6e4-0db6-420c-a3d2-40171035b572,math_test_intermediate_algebra_809,False,0,0,False,False,False,True,False
batch1_base:f32f6570-75e3-4bff-8651-f44f213f1c7b,math_test_intermediate_algebra_810,False,0,0,False,False,False,True,False
batch1_base:1a91619a-76b5-4650-9553-01657d8ac9d1,math_test_intermediate_algebra_82,False,0,0,False,False,False,True,False
batch1_base:0015cbdc-cda0-463e-8965-0267d5e29cc6,math_test_intermediate_algebra_827,False,0,0,False,False,False,True,False
batch1_base:cf8ed3be-a180-451d-bd93-e6726a227d3b,math_test_intermediate_algebra_829,False,0,0,False,False,False,True,False
batch1_base:4215cff4-5723-46ae-9a7a-7714345a1655,math_test_intermediate_algebra_847,False,0,0,False,False,False,True,False
batch1_base:d61353be-2aa0-47b7-b64d-4781626812de,math_test_intermediate_algebra_854,False,0,0,False,False,False,True,False
batch1_base:d9278f7a-59f0-4135-942f-36d5f1800f03,math_test_intermediate_algebra_866,False,0,0,False,False,False,True,False
batch1_base:89429954-c110-41bd-a777-cf210c7e7ffa,math_test_intermediate_algebra_873,False,0,0,False,False,False,True,False
batch1_base:f1cae446-c9ed-41ae-9de2-b22f47f7c313,math_test_intermediate_algebra_877,False,0,0,False,False,False,True,False
batch1_base:7e8ff9a8-d9a3-437e-bbb5-acc8bc5e0266,math_test_intermediate_algebra_884,False,0,0,False,False,False,True,False
batch1_base:4da5e96d-98fd-4c0e-844d-a59c166fa135,math_test_intermediate_algebra_885,False,0,0,False,False,False,True,False
batch1_base:8a28a550-38a6-45a8-8c55-0078ed35d48a,math_test_number_theory_112,False,0,0,False,False,False,True,False
batch1_base:93031c1c-eda0-436c-9dcf-d072a5b52746,math_test_number_theory_116,False,0,0,False,False,False,True,False
batch1_base:5c59bc1d-e440-4a17-9cae-5517851ec36a,math_test_number_theory_117,False,0,0,False,False,False,True,False
batch1_base:7d5fc28b-69ec-4d83-a343-1f519c2a43cb,math_test_number_theory_122,False,0,0,False,False,False,True,False
batch1_base:35617107-3276-4f27-bdc2-e2ec3b31be21,math_test_number_theory_132,False,0,0,False,False,False,True,False
batch1_base:66e389ca-72aa-4e08-88a7-f6895bc9237f,math_test_number_theory_140,False,0,0,False,False,False,True,False
batch1_base:68a7ce22-e9e0-4431-a2dd-b442c0e675dc,math_test_number_theory_147,False,0,0,False,False,False,True,False
batch1_base:36107be9-d483-47ca-9942-b7951a909de4,math_test_number_theory_151,False,0,0,False,False,False,True,False
batch1_base:a5daa035-76e2-469e-a157-37b024b1a9cd,math_test_number_theory_164,False,0,0,False,False,False,True,False
batch1_base:8da7cc48-db30-4513-b7f7-57796e69f0da,math_test_number_theory_167,False,0,0,False,False,False,True,False
batch1_base:d13b7c04-6630-4273-b1ac-c31e0798ddef,math_test_number_theory_179,False,0,0,False,False,False,True,False
batch1_base:072c3545-744f-40ef-8be5-9c4d89f98d83,math_test_number_theory_18,False,0,0,False,False,False,True,False
batch1_base:2b7d9a91-c26f-4878-aaf1-c63731fb0e7a,math_test_number_theory_19,False,0,0,False,False,False,True,False
batch1_base:fc3aa686-c1fa-40f0-b8e5-c30e073bd4b7,math_test_number_theory_192,False,0,0,False,False,False,True,False
batch1_base:7179e161-7cc5-4540-88e8-6a4e1ea1bd33,math_test_number_theory_2,False,0,0,False,False,False,True,False
batch1_base:9e224c3e-8d8a-4f39-8649-cfa38566a844,math_test_number_theory_223,False,0,0,False,False,False,True,False
batch1_base:56be84d5-a2f9-4aef-b447-31228925b878,math_test_number_theory_227,False,0,0,False,False,False,True,False
batch1_base:5e6b8ad9-47e0-406d-b02a-64d1fb69e168,math_test_number_theory_234,False,0,0,False,False,False,True,False
batch1_base:42f8d72d-5f89-432b-bd10-ee38bf908b0c,math_test_number_theory_237,False,0,0,False,False,False,True,False
batch1_base:cc777619-a1a3-4235-8ccb-0fba5d8ff633,math_test_number_theory_25,False,0,0,False,False,False,True,False
batch1_base:2f788854-3680-457e-a76d-1907fd65f5af,math_test_number_theory_251,False,0,0,False,False,False,True,False
batch1_base:e1739a5e-7455-4e2f-8028-d603d4730da0,math_test_number_theory_263,False,0,0,False,False,False,True,False
batch1_base:216b436f-5519-4971-a7a2-95e2378c8f91,math_test_number_theory_268,False,0,0,False,False,False,True,False
batch1_base:522d45ac-5349-4d83-a949-913d9ec4f8f3,math_test_number_theory_273,False,0,0,False,False,True,False,False
batch1_base:8f973021-6608-468b-955f-a889d2d37964,math_test_number_theory_275,False,0,0,False,False,False,True,False
batch1_base:cb89c8a8-dfe9-4538-b3f1-9dca5e0b1fb0,math_test_number_theory_314,False,0,0,False,False,False,True,False
batch1_base:dfef7a53-80ad-46d4-b5ed-6503d7da1c12,math_test_number_theory_32,False,0,0,False,False,False,True,False
batch1_base:15874902-0c4b-49f3-9ec7-b75500193cc5,math_test_number_theory_324,False,0,0,False,False,False,True,False
batch1_base:53be7ea6-1d6a-4b64-b0b1-7e9d9e481322,math_test_number_theory_332,False,0,0,False,False,False,True,False
batch1_base:52e51990-7710-429a-bd90-bb2b1f8930ee,math_test_number_theory_339,False,0,0,False,False,False,True,False
batch1_base:f7c4d568-4d5f-4789-98ad-218f385f30f5,math_test_number_theory_340,False,0,0,False,False,False,True,False
batch1_base:a3e8ac97-483f-44a9-aef1-f0ee24c67abc,math_test_number_theory_348,False,0,0,False,False,False,True,False
batch1_base:803cb3fa-adc8-4f75-91ba-d289defe3e35,math_test_number_theory_354,False,0,0,False,False,False,True,False
batch1_base:5e78e6b0-bbd2-4bf2-8818-2d4cecfb4aa2,math_test_number_theory_378,False,0,0,False,False,False,True,False
batch1_base:0c36fbcf-f197-42eb-9b77-e3f0a5ec2ce1,math_test_number_theory_391,False,0,0,False,False,False,True,False
batch1_base:84f783e3-9208-4b32-aa5a-186cf6ba2d50,math_test_number_theory_396,False,0,0,False,False,False,True,False
batch1_base:0ddeb8e8-fe8a-4b3b-9774-f571a872b2f8,math_test_number_theory_399,False,0,0,False,False,False,True,False
batch1_base:3029d193-db18-42d4-97de-e3f1d2c10eb6,math_test_number_theory_400,False,0,0,False,False,False,True,False
batch1_base:bc03dcfd-b618-4e5f-bb23-128189d42cb0,math_test_number_theory_429,False,0,0,False,False,False,True,False
batch1_base:059e38f7-46f1-44bb-a06c-711cc48d9679,math_test_number_theory_444,False,0,0,False,False,False,True,False
batch1_base:b42325de-8cf7-4ec2-a13f-3cb8233beb6e,math_test_number_theory_446,False,0,0,False,False,False,True,False
batch1_base:5bfc0cac-233e-4818-9b63-aa17f74e34ef,math_test_number_theory_46,False,0,0,False,False,False,True,False
batch1_base:8ea84377-5976-4053-9e67-94098a1db4a5,math_test_number_theory_463,False,0,0,False,False,False,True,False
batch1_base:11e073b3-98c3-457f-8a6c-4d5f4c72a266,math_test_number_theory_464,False,0,0,False,False,False,True,False
batch1_base:945c3f0f-66d4-4506-bcc4-eb0e49532401,math_test_number_theory_474,False,0,0,False,False,False,True,False
batch1_base:fa5aae82-ee95-44e0-9d9f-15285969c7a2,math_test_number_theory_480,False,0,0,False,False,False,True,False
batch1_base:6f46c93f-1e94-4bc5-9658-607e8be4b997,math_test_number_theory_506,False,0,0,False,False,False,True,False
batch1_base:0f48dba9-df16-44c6-b905-a0042049a88b,math_test_number_theory_512,False,0,0,False,False,False,True,False
batch1_base:91f1efe2-e5ca-4e30-b804-e444e89e1906,math_test_number_theory_519,False,0,0,False,False,False,True,False
batch1_base:cf94b8f8-1e3d-41b2-902d-97b2e670b862,math_test_number_theory_533,False,0,0,False,False,False,True,False
batch1_base:030ee1ae-843d-4af8-92a4-1dfa2560a6d7,math_test_number_theory_535,False,0,0,False,False,False,True,False
batch1_base:a2702621-4fb6-47fe-86c0-e45834738761,math_test_number_theory_536,False,0,0,False,False,False,True,False
batch1_base:2042fa1e-1724-4b98-8b8c-28cc85fab26c,math_test_number_theory_538,False,0,0,False,False,False,True,False
batch1_base:c34933fc-5639-44e9-8d2d-82397640c0b8,math_test_number_theory_57,False,0,0,False,False,False,True,False
batch1_base:de827e71-d1c0-4bec-8e57-758b7aa9916d,math_test_number_theory_61,False,0,0,False,False,False,True,False
batch1_base:8a548e58-9286-44f6-9a2c-890d0316a7ad,math_test_number_theory_74,False,0,0,False,False,False,True,False
batch1_base:aa5a3596-ba47-4d91-a92d-07b5d219a628,math_test_number_theory_8,False,0,0,False,False,False,True,False
batch1_base:8abee1e4-e23c-4a2f-be93-e5a623e1a550,math_test_number_theory_82,False,0,0,False,False,False,True,False
batch1_base:f109da5c-1284-4709-8ed3-1f001b5616c8,math_test_number_theory_84,False,0,0,False,False,False,True,False
batch1_base:5f48caf3-b996-4d1b-8038-c82331ddaf5a,math_test_prealgebra_100,False,0,0,False,False,True,False,False
batch1_base:625d0ae9-524f-4194-ae4f-2b0cf959fea2,math_test_prealgebra_106,False,0,0,False,False,False,True,False
batch1_base:87cbff7d-f4e0-40c2-ada0-78e137a91054,math_test_prealgebra_111,False,0,0,False,False,False,True,False
batch1_base:0381db2d-b14d-4748-abff-1c84180823dc,math_test_prealgebra_112,False,0,0,False,False,False,True,False
batch1_base:ea2716e0-f8b4-40d8-88c3-98bde68a6cee,math_test_prealgebra_115,False,0,0,False,False,False,True,False
batch1_base:c83a0b74-46d1-4112-a00f-8e603e24f35f,math_test_prealgebra_131,False,0,0,False,False,True,False,False
batch1_base:51fb2074-bf61-405e-953a-99422c5261b6,math_test_prealgebra_152,False,0,0,False,False,False,True,False
batch1_base:1e07c19e-a97e-41e2-a661-c0b6b3e2d99b,math_test_prealgebra_176,False,0,0,False,False,False,True,False
batch1_base:cf018112-b5cb-4936-85a0-d5b60f692d33,math_test_prealgebra_197,False,0,0,False,False,False,True,False
batch1_base:14636a37-f069-4bd5-aaed-933618de633e,math_test_prealgebra_199,False,0,0,False,False,False,True,False
batch1_base:75f35774-b188-4ff2-bfbc-f2ba462c6b3e,math_test_prealgebra_200,False,0,0,False,False,False,True,False
batch1_base:0c8bfaf1-f7f1-47b9-896d-52220d62d4b6,math_test_prealgebra_232,False,0,0,False,False,False,True,False
batch1_base:00a524d0-bcd7-416d-927b-e7e363f238cb,math_test_prealgebra_242,False,0,0,False,False,False,True,False
batch1_base:93adb937-f1d4-4f2b-b3e3-0a0dbc905491,math_test_prealgebra_244,False,0,0,False,False,False,True,False
batch1_base:595f9c2f-7d80-4e84-bcff-0a715bf7714c,math_test_prealgebra_249,False,0,0,False,False,False,True,False
batch1_base:6437fa9f-d6e1-4356-aea2-aaeaa8c749b5,math_test_prealgebra_251,False,0,0,False,False,False,True,False
batch1_base:a872f952-f762-4b85-be8d-4b1981d2db0e,math_test_prealgebra_267,False,0,0,False,False,False,True,False
batch1_base:6582003e-3afb-4ec4-bc48-6ba2e41cb480,math_test_prealgebra_277,False,0,0,False,False,False,True,False
batch1_base:6a948dea-b388-4510-8520-105e67af7851,math_test_prealgebra_279,False,0,0,False,False,False,True,False
batch1_base:61b06d01-29ec-4474-8623-7af1c9fb1279,math_test_prealgebra_29,False,0,0,False,False,False,True,False
batch1_base:de927de5-5851-4603-8416-128b213a3716,math_test_prealgebra_299,False,0,0,False,False,False,True,False
batch1_base:d6eaf2ba-1911-4a16-9b3d-b2b3bac83c8c,math_test_prealgebra_321,False,0,0,False,False,False,True,False
batch1_base:4997ab7d-9618-442b-aeb6-3f9463609aa7,math_test_prealgebra_334,False,0,0,False,False,False,True,False
batch1_base:8cdb232b-de94-4a10-8401-43ffc6c0a305,math_test_prealgebra_339,False,0,0,False,False,False,True,False
batch1_base:3f2a6f14-477b-407c-bafe-3203718fe746,math_test_prealgebra_358,False,0,0,False,False,False,True,False
batch1_base:f60a8ab3-086e-4cad-bd49-71ac6baeb3de,math_test_prealgebra_359,False,0,0,False,False,False,True,False
batch1_base:9144f902-231c-4d50-bdb7-426e5e3ce646,math_test_prealgebra_36,False,0,0,False,False,False,True,False
batch1_base:618ed57c-aaab-4a64-9c53-828f3cbe0f0b,math_test_prealgebra_364,False,0,0,False,False,False,True,False
batch1_base:5dd6052c-7ccb-4c72-bca7-cd9d4694e4f4,math_test_prealgebra_386,False,0,0,False,False,False,True,False
batch1_base:019d0394-83bc-4410-aa08-357e026741d2,math_test_prealgebra_414,False,0,0,False,False,False,True,False
batch1_base:2efd6e8f-9f6c-408e-851f-1dcadb584fe4,math_test_prealgebra_425,False,0,0,False,False,False,True,False
batch1_base:f18cb657-809a-4998-bd0c-791136944288,math_test_prealgebra_434,False,0,0,False,False,False,True,False
batch1_base:d5038053-141f-42aa-ac00-219776c63741,math_test_prealgebra_435,False,0,0,False,False,False,True,False
batch1_base:bd159b3b-bbf6-4443-815a-0d09b93df2b2,math_test_prealgebra_440,False,0,0,False,False,False,True,False
batch1_base:69e38310-c7e1-45e4-9a61-7fb96c0d7e67,math_test_prealgebra_446,False,0,0,False,False,False,True,False
batch1_base:6952d84b-a56c-4dc0-a400-e4cd9a4fd09d,math_test_prealgebra_457,False,0,0,False,False,False,True,False
batch1_base:9f520853-4fea-4306-a378-8ff217540d7f,math_test_prealgebra_468,False,0,0,False,False,False,True,False
batch1_base:20fb26de-c1ec-4937-93c2-1bfa99a87f80,math_test_prealgebra_471,False,0,0,False,False,False,True,False
batch1_base:fd24a967-7eb8-455f-9b3b-2d5dde345ab9,math_test_prealgebra_480,False,0,0,False,False,False,True,False
batch1_base:9dfc01ef-32a0-4eab-b26f-7119dbe16a17,math_test_prealgebra_481,False,0,0,False,False,False,True,False
batch1_base:96080692-467d-43c8-80ec-ecb468313ea2,math_test_prealgebra_482,False,0,0,False,False,False,True,False
batch1_base:b2b3c28f-24fc-475a-ad89-dd3eff07c8de,math_test_prealgebra_496,False,0,0,False,False,False,True,False
batch1_base:157f9839-0f3d-45b8-8cc2-99c57622b0ca,math_test_prealgebra_497,False,0,0,False,False,False,True,False
batch1_base:62dee59a-c49a-4bfc-a26c-6dabe08cc17a,math_test_prealgebra_498,False,0,0,False,False,False,True,False
batch1_base:c59f7c26-396b-4df0-a48d-552e50540472,math_test_prealgebra_508,False,0,0,False,False,False,True,False
batch1_base:79c92d74-5c7c-4553-8e90-e8658425dcd1,math_test_prealgebra_52,False,0,0,False,False,False,True,False
batch1_base:253c172e-68e8-4436-abbb-eeeb5259d1e9,math_test_prealgebra_522,False,0,0,False,False,False,True,False
batch1_base:d8cbb6c8-0a73-46b0-8a6a-eb2c5f8fb5f6,math_test_prealgebra_523,False,0,0,False,False,False,True,False
batch1_base:884f11b2-8cc1-4674-9fa7-076f2e6a25c5,math_test_prealgebra_524,False,0,0,False,False,False,True,False
batch1_base:d568a2c5-d60c-4c7d-9831-9323747b8488,math_test_prealgebra_526,False,0,0,False,False,False,True,False
batch1_base:a167fc85-7f0f-421e-8100-3b4428fb34ea,math_test_prealgebra_527,False,0,0,False,False,False,True,False
batch1_base:64c8e376-8dfa-42db-a6d5-aa12fe81d703,math_test_prealgebra_53,False,0,0,False,False,False,True,False
batch1_base:ce9ba63c-6fff-44c5-939d-079574dcede8,math_test_prealgebra_534,False,0,0,False,False,False,True,False
batch1_base:f3cbb958-dfe2-400b-b724-53653ea714a3,math_test_prealgebra_543,False,0,0,False,False,False,True,False
batch1_base:6627bc07-07ad-4245-92a3-89a5bb2b4c7e,math_test_prealgebra_546,False,0,0,False,False,False,True,False
batch1_base:ac6ea9cc-d09e-478c-a250-622c24422690,math_test_prealgebra_547,False,0,0,False,False,False,True,False
batch1_base:dad622be-fe76-47ad-bf37-5c04eacfcf2c,math_test_prealgebra_556,False,0,0,False,False,False,True,False
batch1_base:fe449476-f427-4f4d-80d9-681e86dca8fd,math_test_prealgebra_558,False,0,0,False,False,False,True,False
batch1_base:9f1237fb-973e-4e64-b846-a57c0b3e8b91,math_test_prealgebra_567,False,0,0,False,False,False,True,False
batch1_base:295dcb5a-c530-4374-ad2a-4b0fb09a915d,math_test_prealgebra_573,False,0,0,False,False,True,False,False
batch1_base:35a1d0c1-7f50-40b3-b18c-1269a9326a21,math_test_prealgebra_578,False,0,0,False,False,False,True,False
batch1_base:50dcb8cb-996b-499c-92c2-4d1388e660c9,math_test_prealgebra_583,False,0,0,False,False,True,False,False
batch1_base:57409b22-cf26-4605-9f55-64237d1a9a8c,math_test_prealgebra_595,False,0,0,False,False,False,True,False
batch1_base:1839eb7e-f39d-4409-a108-3768b10394b5,math_test_prealgebra_600,False,0,0,False,False,False,True,False
batch1_base:a2d547c2-6757-486c-abdb-d7043fb94ddc,math_test_prealgebra_607,False,0,0,False,False,False,True,False
batch1_base:c5424aa7-59a2-4880-8780-a848797e8e88,math_test_prealgebra_620,False,0,0,False,False,False,True,False
batch1_base:216c946d-ed82-4f8b-bb7e-51c1374f0f3c,math_test_prealgebra_634,False,0,0,False,False,False,True,False
batch1_base:70b30332-f505-4ede-9ba3-ef6c267b8c07,math_test_prealgebra_638,False,0,0,False,False,False,True,False
batch1_base:c598cedf-474b-4973-8a0f-ee7ac3b0b181,math_test_prealgebra_645,False,0,0,False,False,False,True,False
batch1_base:3be1cb3a-50d2-4939-909f-b82619846c71,math_test_prealgebra_654,False,0,0,False,False,False,True,False
batch1_base:08ffc0c3-3089-4d66-9725-9862845e6ee2,math_test_prealgebra_669,False,0,0,False,False,False,True,False
batch1_base:c3aee47d-74ae-43c7-b32e-6460e6c71191,math_test_prealgebra_674,False,0,0,False,False,False,True,False
batch1_base:45be3d41-49ca-4c92-a6bb-773fa35dbc07,math_test_prealgebra_679,False,0,0,False,False,False,True,False
batch1_base:d50ff24e-1ad8-4e19-bd33-49e53ecd13ea,math_test_prealgebra_681,False,0,0,False,False,False,True,False
batch1_base:77e1f219-b762-452d-ae47-73f93e4d7c31,math_test_prealgebra_7,False,0,0,False,False,False,True,False
batch1_base:6365b352-41a0-4ac3-a7fd-f41a5322593d,math_test_prealgebra_737,False,0,0,False,False,False,True,False
batch1_base:bb234449-848d-4974-a9a4-23ec1c81a4b9,math_test_prealgebra_743,False,0,0,False,False,True,False,False
batch1_base:93f58655-ea0e-4aad-8f21-b6272322abcb,math_test_prealgebra_744,False,0,0,False,False,False,True,False
batch1_base:7682ed8b-2978-4cb4-9466-f98fcccd7fbf,math_test_prealgebra_750,False,0,0,False,False,False,True,False
batch1_base:04868081-fd75-400d-a3ee-bcc9da7bee6e,math_test_prealgebra_779,False,0,0,False,False,False,True,False
batch1_base:39d1c85f-e5e9-4b09-a3f2-ebe450c79d51,math_test_prealgebra_78,False,0,0,False,False,False,True,False
batch1_base:aa54241e-3f72-4e68-bcd3-3b0d1bc873c8,math_test_prealgebra_781,False,0,0,False,False,False,True,False
batch1_base:dc3cd3c8-e7f1-4e40-8879-02a34c46363f,math_test_prealgebra_789,False,0,0,False,False,False,True,False
batch1_base:4113ec80-93e3-44c9-b50c-12133070e44b,math_test_prealgebra_790,False,0,0,False,False,False,True,False
batch1_base:a8a91e10-1f26-4ad1-b6e0-26b9289692a2,math_test_prealgebra_796,False,0,0,False,False,True,False,False
batch1_base:df6fce5e-b945-42da-bc35-2d1c7f6d6284,math_test_prealgebra_803,False,0,0,False,False,False,True,False
batch1_base:2848d8c9-949f-4536-a4ca-e5d6c72a8723,math_test_prealgebra_816,False,0,0,False,False,False,True,False
batch1_base:eb26cd5c-1b88-45cb-85e6-07f9d5c78959,math_test_prealgebra_825,False,0,0,False,False,False,True,False
batch1_base:0cdbb922-5ec2-4393-b321-416e90941fee,math_test_prealgebra_827,False,0,0,False,False,False,True,False
batch1_base:4855f067-c530-45dc-8889-185bef307e1b,math_test_prealgebra_830,False,0,0,False,False,False,True,False
batch1_base:ce40b2bd-8e0a-4e88-a51f-025e3dac79ee,math_test_prealgebra_832,False,0,0,False,False,False,True,False
batch1_base:ef259ca2-6e65-4805-aaa0-546b975d113b,math_test_prealgebra_836,False,0,0,False,False,False,True,False
batch1_base:43e918c2-4a84-4eb1-8b9b-d387b26c2d78,math_test_prealgebra_837,False,0,0,False,False,False,True,False
batch1_base:f9c39e2d-ee94-476e-a257-d2436d189a31,math_test_prealgebra_842,False,0,0,False,False,False,True,False
batch1_base:0cfacd0b-2e80-46a4-9157-2c41012441d1,math_test_prealgebra_844,False,0,0,False,False,False,True,False
batch1_base:c6ffbe7e-c46f-4163-b3f7-de9173338318,math_test_prealgebra_846,False,0,0,False,False,False,True,False
batch1_base:f5b9a52a-4498-4581-bdc4-94d02f213fbc,math_test_prealgebra_866,False,0,0,False,False,False,True,False
batch1_base:c57019d9-8ddb-4df9-812d-2d4e85ff2066,math_test_prealgebra_96,False,0,0,False,False,False,True,False
batch1_base:02a7dd3d-1b1b-443a-a56e-761f2c204218,math_test_precalculus_101,False,0,0,False,False,False,True,False
batch1_base:b55ad68f-f0a5-452d-9819-bf4eed15a9ed,math_test_precalculus_104,False,0,0,False,False,False,True,False
batch1_base:0c1ca5ba-a88f-4792-a1bb-46697f483788,math_test_precalculus_119,False,0,0,False,False,False,True,False
batch1_base:b546ca91-aecc-43af-bbcd-9534f9dd0595,math_test_precalculus_127,False,0,0,False,False,False,True,False
batch1_base:e6857ca7-4c4e-434b-b452-17bbc54f748c,math_test_precalculus_152,False,0,0,False,False,False,True,False
batch1_base:ae9c0556-c1fc-46a1-b96e-e295390bcdb3,math_test_precalculus_162,False,0,0,False,False,False,True,False
batch1_base:0f6c36c5-d585-46fe-ba35-89c3deb765b1,math_test_precalculus_173,False,0,0,False,False,False,True,False
batch1_base:50d94909-9e2f-4d38-88ed-fc90963b77b6,math_test_precalculus_207,False,0,0,False,False,False,True,False
batch1_base:5c7b49a2-a4c9-4ae1-8d1d-ae997855321f,math_test_precalculus_219,False,0,0,False,False,True,False,False
batch1_base:cd8d489b-6d6a-49e7-8cef-cf849aaba6fa,math_test_precalculus_237,False,0,0,False,False,False,True,False
batch1_base:a17b6ffc-fa62-4024-bb78-53153db0351d,math_test_precalculus_241,False,0,0,False,False,False,True,False
batch1_base:53fdd3c6-76bd-4324-a9ba-737962a20804,math_test_precalculus_244,False,0,0,False,False,False,True,False
batch1_base:c523338e-ec4a-43a9-b1b8-b2138385bb7d,math_test_precalculus_248,False,0,0,False,False,False,True,False
batch1_base:20bf26da-1b40-4b28-8814-498cab5a6fdd,math_test_precalculus_252,False,0,0,False,False,False,True,False
batch1_base:a4f543a5-b381-4ec5-b0c6-fdac9322d67b,math_test_precalculus_259,False,0,0,False,False,False,True,False
batch1_base:b142d98c-9ddd-424c-8429-647fe63cbc1f,math_test_precalculus_264,False,0,0,False,False,False,True,False
batch1_base:12784c67-d57a-4ff5-aa07-7c9e78749f53,math_test_precalculus_269,False,0,0,False,False,False,True,False
batch1_base:93dd4e92-2474-4358-b4e6-3e1a45b812fd,math_test_precalculus_282,False,0,0,False,False,False,True,False
batch1_base:afb7374b-6ce2-409e-9ad0-59e7566bde1a,math_test_precalculus_285,False,0,0,False,False,False,True,False
batch1_base:59ee09ef-3103-4353-b568-44a43d6d43dc,math_test_precalculus_29,False,0,0,False,False,False,True,False
batch1_base:cb6fc221-c9cc-4fff-a846-c8d9b3781f89,math_test_precalculus_291,False,0,0,False,False,False,True,False
batch1_base:fc1f08f5-cb56-4874-a7c0-29f9361376de,math_test_precalculus_292,False,0,0,False,False,False,True,False
batch1_base:24551796-7a30-4a24-a704-ec038ee86fa9,math_test_precalculus_296,False,0,0,False,False,False,True,False
batch1_base:544eef56-6b8c-4a75-a2d9-bf0e45b02a84,math_test_precalculus_309,False,0,0,False,False,False,True,False
batch1_base:e6e4a4a8-dc85-4247-be8a-5da893c06beb,math_test_precalculus_323,False,0,0,False,False,False,True,False
batch1_base:ad3066ee-ab86-4b8a-ba1d-61dc99cc2f45,math_test_precalculus_328,False,0,0,False,False,False,True,False
batch1_base:ceb020e4-cb92-4565-b622-bacda41ae251,math_test_precalculus_329,False,0,0,False,False,False,True,False
batch1_base:3ad047dd-732f-48e1-a2c3-67a6ec8bb64c,math_test_precalculus_331,False,0,0,False,False,False,True,False
batch1_base:157f333c-9661-4436-ad1f-da12e21c10d6,math_test_precalculus_333,False,0,0,False,False,False,True,False
batch1_base:ff719a1d-18d0-4627-963d-a862a289c178,math_test_precalculus_335,False,0,0,False,False,False,True,False
batch1_base:bd2c4976-0867-47e6-9805-55c19c1bd625,math_test_precalculus_340,False,0,0,False,False,False,True,False
batch1_base:99825b01-0f34-431d-b031-ba869686319c,math_test_precalculus_349,False,0,0,False,False,False,True,False
batch1_base:47ee32a7-de38-4040-a5ef-3ae156614311,math_test_precalculus_374,False,0,0,False,False,False,True,False
batch1_base:d4b61f71-4e2f-4ef6-9e1e-e0bb2ecf88d6,math_test_precalculus_382,False,0,0,False,False,False,True,False
batch1_base:8c97b770-cb38-4289-a7dd-a194b8f09827,math_test_precalculus_386,False,0,0,False,False,False,True,False
batch1_base:679fb9ea-aa78-4f02-a367-6b6aaa6236b5,math_test_precalculus_394,False,0,0,False,False,False,True,False
batch1_base:18769048-89ea-4116-802a-1a02c864a4c5,math_test_precalculus_404,False,0,0,False,False,False,True,False
batch1_base:b2d46b95-cb48-4f53-85f6-90a04eedf1cc,math_test_precalculus_41,False,0,0,False,False,False,True,False
batch1_base:9738a149-cd86-42ee-bd73-636d35e29cce,math_test_precalculus_418,False,0,0,False,False,False,True,False
batch1_base:5d024a1f-43f6-470c-af92-8de959c52014,math_test_precalculus_439,False,0,0,False,False,False,True,False
batch1_base:d40fbb83-b784-4c3b-85d2-e2e6ea7e02eb,math_test_precalculus_440,False,0,0,False,False,False,True,False
batch1_base:3c27ecc9-0aa0-46cd-819e-cc6e26ca5723,math_test_precalculus_452,False,0,0,False,False,False,True,False
batch1_base:863b44f4-0566-4999-9abc-564710dc880b,math_test_precalculus_453,False,0,0,False,False,False,True,False
batch1_base:b57c4a8d-518f-4280-a2d5-5b093c781de7,math_test_precalculus_479,False,0,0,False,False,False,True,False
batch1_base:8a9dd207-0267-4ca1-bb2e-1c8e04f59238,math_test_precalculus_48,False,0,0,False,False,False,True,False
batch1_base:c1c7370d-79e8-4d24-842b-0e168a3dd1d7,math_test_precalculus_497,False,0,0,False,False,False,True,False
batch1_base:28f5f095-5769-44ec-b82a-7c2bfd877e69,math_test_precalculus_499,False,0,0,False,False,False,True,False
batch1_base:01135ef1-1e6b-4bfe-913e-4f1e394bdf4c,math_test_precalculus_512,False,0,0,False,False,False,True,False
batch1_base:7f42f60b-1783-43e3-9422-f9945e9ce2a9,math_test_precalculus_514,False,0,0,False,False,False,True,False
batch1_base:708552c1-411d-46b8-9ff6-8d343a603924,math_test_precalculus_524,False,0,0,False,False,False,True,False
batch1_base:ec749a68-e87a-46e5-9733-ab839aa21dec,math_test_precalculus_534,False,0,0,False,False,False,True,False
batch1_base:468760f6-91d5-41e0-a159-4bb526f37d29,math_test_precalculus_62,False,0,0,False,False,False,True,False
batch1_base:dc75a958-65e6-47fe-b2ec-cc8435739df1,math_test_precalculus_64,False,0,0,False,False,False,True,False
batch1_base:5ea2c7d3-5cc2-49e8-b68b-b2d475ddc8f5,math_test_precalculus_69,False,0,0,False,False,False,True,False
batch1_base:87b811bd-e849-4436-8f76-a2049179739d,math_test_precalculus_78,False,0,0,False,False,False,True,False
batch1_base:203ac9dc-ae90-4b7c-a8ca-b786a9782f2d,math_test_precalculus_85,False,0,0,False,False,False,True,False
batch1_base:da21c9e1-4b60-4ec7-b3f9-d406a743f3c9,math_test_precalculus_87,False,0,0,False,False,False,True,False
batch2:math_test_algebra_1020__base4096,math_test_algebra_1020,True,0,0,False,False,False,True,False
batch2:math_test_algebra_1022__base4096,math_test_algebra_1022,True,0,0,False,False,False,True,False
batch2:math_test_algebra_1034__base4096,math_test_algebra_1034,True,0,0,False,False,False,True,False
batch2:math_test_algebra_1042__base4096,math_test_algebra_1042,True,1,0,False,False,False,True,False
batch2:math_test_algebra_1052__base4096,math_test_algebra_1052,True,0,0,False,False,False,True,False
batch2:math_test_algebra_1071__base4096,math_test_algebra_1071,True,0,0,False,False,False,True,False
batch2:math_test_algebra_1075__base4096,math_test_algebra_1075,True,0,0,False,False,False,True,False
batch2:math_test_algebra_1083__base4096,math_test_algebra_1083,True,0,0,False,False,False,True,False
batch2:math_test_algebra_1090__base4096,math_test_algebra_1090,True,0,0,False,False,False,True,False
batch2:math_test_algebra_1091__base4096,math_test_algebra_1091,True,1,0,False,False,False,True,False
batch2:math_test_algebra_1099__base4096,math_test_algebra_1099,True,0,0,False,False,False,True,False
batch2:math_test_algebra_1115__base4096,math_test_algebra_1115,True,0,0,False,False,False,True,False
batch2:math_test_algebra_1120__base4096,math_test_algebra_1120,True,0,0,False,False,False,True,False
batch2:math_test_algebra_1126__base4096,math_test_algebra_1126,True,0,0,False,False,False,True,False
batch2:math_test_algebra_1133__base4096,math_test_algebra_1133,True,0,0,False,False,False,True,False
batch2:math_test_algebra_1147__base4096,math_test_algebra_1147,True,0,0,False,False,False,True,False
batch2:math_test_algebra_1160__base4096,math_test_algebra_1160,True,0,0,False,False,False,True,False
batch2:math_test_algebra_1161__base4096,math_test_algebra_1161,True,0,0,False,False,True,False,False
batch2:math_test_algebra_1167__base4096,math_test_algebra_1167,True,0,0,False,False,False,True,False
batch2:math_test_algebra_1173__base4096,math_test_algebra_1173,True,0,0,False,False,False,True,False
batch2:math_test_algebra_1177__base4096,math_test_algebra_1177,True,1,0,False,False,False,True,False
batch2:math_test_algebra_511__base4096,math_test_algebra_511,True,1,0,False,False,False,True,False
batch2:math_test_algebra_522__base4096,math_test_algebra_522,True,0,0,False,False,False,True,False
batch2:math_test_algebra_528__base4096,math_test_algebra_528,True,0,0,False,False,False,True,False
batch2:math_test_algebra_530__base4096,math_test_algebra_530,True,0,0,False,False,False,True,False
batch2:math_test_algebra_542__base4096,math_test_algebra_542,True,1,0,False,False,False,True,False
batch2:math_test_algebra_545__base4096,math_test_algebra_545,True,0,0,False,False,False,True,False
batch2:math_test_algebra_564__base4096,math_test_algebra_564,True,0,0,False,False,False,True,False
batch2:math_test_algebra_568__base4096,math_test_algebra_568,True,1,0,False,False,False,True,False
batch2:math_test_algebra_580__base4096,math_test_algebra_580,True,0,0,False,False,False,True,False
batch2:math_test_algebra_620__base4096,math_test_algebra_620,True,1,1,False,False,False,True,False
batch2:math_test_algebra_621__base4096,math_test_algebra_621,True,0,0,False,False,False,True,False
batch2:math_test_algebra_628__base4096,math_test_algebra_628,True,1,0,False,False,False,True,False
batch2:math_test_algebra_642__base4096,math_test_algebra_642,True,1,1,False,False,False,True,False
batch2:math_test_algebra_652__base4096,math_test_algebra_652,True,1,0,False,False,False,True,False
batch2:math_test_algebra_663__base4096,math_test_algebra_663,True,0,0,False,False,False,True,False
batch2:math_test_algebra_695__base4096,math_test_algebra_695,True,0,0,False,False,False,True,False
batch2:math_test_algebra_697__base4096,math_test_algebra_697,True,1,0,False,False,False,True,False
batch2:math_test_algebra_704__base4096,math_test_algebra_704,True,0,0,False,False,False,True,False
batch2:math_test_algebra_718__base4096,math_test_algebra_718,True,0,0,False,False,False,True,False
batch2:math_test_algebra_722__base4096,math_test_algebra_722,True,1,1,False,False,False,True,False
batch2:math_test_algebra_737__base4096,math_test_algebra_737,True,0,0,False,False,False,True,False
batch2:math_test_algebra_747__base4096,math_test_algebra_747,True,1,0,False,False,False,True,False
batch2:math_test_algebra_751__base4096,math_test_algebra_751,True,1,0,False,False,True,False,False
batch2:math_test_algebra_754__base4096,math_test_algebra_754,True,0,0,False,False,False,True,False
batch2:math_test_algebra_760__base4096,math_test_algebra_760,True,0,0,False,False,False,True,False
batch2:math_test_algebra_764__base4096,math_test_algebra_764,True,1,0,False,False,False,True,False
batch2:math_test_algebra_767__base4096,math_test_algebra_767,True,1,0,False,False,False,True,False
batch2:math_test_algebra_774__base4096,math_test_algebra_774,True,0,0,False,False,False,True,False
batch2:math_test_algebra_789__base4096,math_test_algebra_789,True,1,0,False,False,True,False,False
batch2:math_test_algebra_800__base4096,math_test_algebra_800,True,0,0,False,False,False,True,False
batch2:math_test_algebra_801__base4096,math_test_algebra_801,True,0,0,False,False,False,True,False
batch2:math_test_algebra_816__base4096,math_test_algebra_816,True,0,0,False,False,False,True,False
batch2:math_test_algebra_823__base4096,math_test_algebra_823,True,0,0,False,False,False,True,False
batch2:math_test_algebra_829__base4096,math_test_algebra_829,True,0,0,False,False,False,True,False
batch2:math_test_algebra_843__base4096,math_test_algebra_843,True,0,0,False,False,False,True,False
batch2:math_test_algebra_844__base4096,math_test_algebra_844,True,1,0,False,False,False,True,False
batch2:math_test_algebra_851__base4096,math_test_algebra_851,True,1,0,False,False,False,True,False
batch2:math_test_algebra_869__base4096,math_test_algebra_869,True,0,0,False,False,False,True,False
batch2:math_test_algebra_871__base4096,math_test_algebra_871,True,1,0,False,False,False,True,False
batch2:math_test_algebra_875__base4096,math_test_algebra_875,True,0,0,False,False,False,True,False
batch2:math_test_algebra_890__base4096,math_test_algebra_890,True,1,0,False,False,False,True,False
batch2:math_test_algebra_892__base4096,math_test_algebra_892,True,1,0,False,False,False,True,False
batch2:math_test_algebra_893__base4096,math_test_algebra_893,True,0,0,False,False,False,True,False
batch2:math_test_algebra_897__base4096,math_test_algebra_897,True,0,0,False,False,False,True,False
batch2:math_test_algebra_922__base4096,math_test_algebra_922,True,1,0,False,False,False,True,False
batch2:math_test_algebra_926__base4096,math_test_algebra_926,True,0,0,False,False,False,True,False
batch2:math_test_algebra_930__base4096,math_test_algebra_930,True,0,0,False,False,False,True,False
batch2:math_test_algebra_937__base4096,math_test_algebra_937,True,0,0,False,False,False,True,False
batch2:math_test_algebra_943__base4096,math_test_algebra_943,True,0,0,False,False,False,True,False
batch2:math_test_algebra_944__base4096,math_test_algebra_944,True,0,0,False,False,False,True,False
batch2:math_test_algebra_954__base4096,math_test_algebra_954,True,0,0,False,False,False,True,False
batch2:math_test_algebra_964__base4096,math_test_algebra_964,True,0,0,False,False,False,True,False
batch2:math_test_algebra_965__base4096,math_test_algebra_965,True,1,1,False,False,False,True,False
batch2:math_test_algebra_968__base4096,math_test_algebra_968,True,0,0,False,False,False,True,False
batch2:math_test_algebra_972__base4096,math_test_algebra_972,True,1,0,False,False,False,True,False
batch2:math_test_algebra_979__base4096,math_test_algebra_979,True,1,1,False,False,False,True,False
batch2:math_test_algebra_999__base4096,math_test_algebra_999,True,1,0,False,False,False,True,False
batch2:math_test_counting_probability_123__base4096,math_test_counting_probability_123,True,0,0,False,False,False,True,False
batch2:math_test_counting_probability_124__base4096,math_test_counting_probability_124,True,1,0,False,False,False,True,False
batch2:math_test_counting_probability_129__base4096,math_test_counting_probability_129,True,1,1,False,False,False,True,False
batch2:math_test_counting_probability_143__base4096,math_test_counting_probability_143,True,0,0,False,False,False,True,False
batch2:math_test_counting_probability_147__base4096,math_test_counting_probability_147,True,0,0,False,False,False,True,False
batch2:math_test_counting_probability_148__base4096,math_test_counting_probability_148,True,1,0,False,False,False,True,False
batch2:math_test_counting_probability_160__base4096,math_test_counting_probability_160,True,0,0,False,False,False,True,False
batch2:math_test_counting_probability_169__base4096,math_test_counting_probability_169,True,2,0,False,False,False,True,False
batch2:math_test_counting_probability_172__base4096,math_test_counting_probability_172,True,1,0,False,False,False,True,False
batch2:math_test_counting_probability_173__base4096,math_test_counting_probability_173,True,0,0,False,False,False,True,False
batch2:math_test_counting_probability_180__base4096,math_test_counting_probability_180,True,0,0,False,False,False,True,False
batch2:math_test_counting_probability_184__base4096,math_test_counting_probability_184,True,1,0,False,False,False,True,False
batch2:math_test_counting_probability_192__base4096,math_test_counting_probability_192,True,3,0,False,False,False,True,False
batch2:math_test_counting_probability_2__base4096,math_test_counting_probability_2,True,0,0,False,False,False,True,False
batch2:math_test_counting_probability_200__base4096,math_test_counting_probability_200,True,1,0,False,False,False,True,False
batch2:math_test_counting_probability_206__base4096,math_test_counting_probability_206,True,1,0,False,False,False,True,False
batch2:math_test_counting_probability_220__base4096,math_test_counting_probability_220,True,0,0,False,False,False,True,False
batch2:math_test_counting_probability_225__base4096,math_test_counting_probability_225,True,0,0,False,False,False,True,False
batch2:math_test_counting_probability_233__base4096,math_test_counting_probability_233,True,1,0,False,False,False,True,False
batch2:math_test_counting_probability_240__base4096,math_test_counting_probability_240,True,0,0,False,False,False,True,False
batch2:math_test_counting_probability_254__base4096,math_test_counting_probability_254,True,0,0,False,False,False,True,False
batch2:math_test_counting_probability_260__base4096,math_test_counting_probability_260,True,1,0,False,False,False,True,False
batch2:math_test_counting_probability_271__base4096,math_test_counting_probability_271,True,2,0,False,False,False,True,False
batch2:math_test_counting_probability_277__base4096,math_test_counting_probability_277,True,1,0,False,False,False,True,False
batch2:math_test_counting_probability_280__base4096,math_test_counting_probability_280,True,0,0,False,False,False,True,False
batch2:math_test_counting_probability_289__base4096,math_test_counting_probability_289,True,1,0,False,False,False,True,False
batch2:math_test_counting_probability_316__base4096,math_test_counting_probability_316,True,0,0,False,False,False,True,False
batch2:math_test_counting_probability_343__base4096,math_test_counting_probability_343,True,1,0,False,False,False,True,False
batch2:math_test_counting_probability_347__base4096,math_test_counting_probability_347,True,0,0,False,False,False,True,False
batch2:math_test_counting_probability_382__base4096,math_test_counting_probability_382,True,1,0,False,False,False,True,False
batch2:math_test_counting_probability_398__base4096,math_test_counting_probability_398,True,0,0,False,False,False,True,False
batch2:math_test_counting_probability_399__base4096,math_test_counting_probability_399,True,1,0,False,False,False,True,False
batch2:math_test_counting_probability_4__base4096,math_test_counting_probability_4,True,1,0,False,False,False,True,False
batch2:math_test_counting_probability_408__base4096,math_test_counting_probability_408,True,0,0,False,False,False,True,False
batch2:math_test_counting_probability_414__base4096,math_test_counting_probability_414,True,0,0,False,False,False,True,False
batch2:math_test_counting_probability_42__base4096,math_test_counting_probability_42,True,1,1,False,False,True,False,False
batch2:math_test_counting_probability_421__base4096,math_test_counting_probability_421,True,1,1,False,False,False,True,False
batch2:math_test_counting_probability_426__base4096,math_test_counting_probability_426,True,1,1,False,False,False,True,False
batch2:math_test_counting_probability_431__base4096,math_test_counting_probability_431,True,0,0,False,False,False,True,False
batch2:math_test_counting_probability_437__base4096,math_test_counting_probability_437,True,0,0,False,False,False,True,False
batch2:math_test_counting_probability_447__base4096,math_test_counting_probability_447,True,1,1,False,False,False,True,False
batch2:math_test_counting_probability_448__base4096,math_test_counting_probability_448,True,1,0,False,False,False,True,False
batch2:math_test_counting_probability_456__base4096,math_test_counting_probability_456,True,1,0,False,False,False,True,False
batch2:math_test_counting_probability_464__base4096,math_test_counting_probability_464,True,1,0,False,False,False,True,False
batch2:math_test_counting_probability_60__base4096,math_test_counting_probability_60,True,0,0,False,False,False,True,False
batch2:math_test_counting_probability_61__base4096,math_test_counting_probability_61,True,1,0,False,False,False,True,False
batch2:math_test_counting_probability_62__base4096,math_test_counting_probability_62,True,0,0,False,False,False,True,False
batch2:math_test_counting_probability_65__base4096,math_test_counting_probability_65,True,2,2,False,False,False,True,False
batch2:math_test_counting_probability_67__base4096,math_test_counting_probability_67,True,0,0,False,False,False,True,False
batch2:math_test_counting_probability_73__base4096,math_test_counting_probability_73,True,0,0,False,False,False,True,False
batch2:math_test_counting_probability_77__base4096,math_test_counting_probability_77,True,0,0,False,False,False,True,False
batch2:math_test_counting_probability_83__base4096,math_test_counting_probability_83,True,0,0,False,False,False,True,False
batch2:math_test_geometry_100__base4096,math_test_geometry_100,True,0,0,False,False,False,True,False
batch2:math_test_geometry_103__base4096,math_test_geometry_103,True,2,1,False,False,False,True,False
batch2:math_test_geometry_119__base4096,math_test_geometry_119,True,1,0,False,False,False,True,False
batch2:math_test_geometry_130__base4096,math_test_geometry_130,True,2,0,False,False,False,True,False
batch2:math_test_geometry_133__base4096,math_test_geometry_133,True,0,0,False,False,False,True,False
batch2:math_test_geometry_136__base4096,math_test_geometry_136,True,4,0,False,False,False,True,False
batch2:math_test_geometry_150__base4096,math_test_geometry_150,True,0,0,False,False,False,True,False
batch2:math_test_geometry_164__base4096,math_test_geometry_164,True,1,0,False,False,False,True,False
batch2:math_test_geometry_166__base4096,math_test_geometry_166,True,0,0,False,False,False,True,False
batch2:math_test_geometry_170__base4096,math_test_geometry_170,True,2,0,False,False,False,True,False
batch2:math_test_geometry_173__base4096,math_test_geometry_173,True,1,0,False,False,False,True,False
batch2:math_test_geometry_178__base4096,math_test_geometry_178,True,0,0,False,False,False,True,False
batch2:math_test_geometry_186__base4096,math_test_geometry_186,True,1,1,False,False,False,True,False
batch2:math_test_geometry_191__base4096,math_test_geometry_191,True,1,1,False,False,False,True,False
batch2:math_test_geometry_196__base4096,math_test_geometry_196,True,2,1,False,False,False,True,False
batch2:math_test_geometry_198__base4096,math_test_geometry_198,True,0,0,False,False,False,True,False
batch2:math_test_geometry_20__base4096,math_test_geometry_20,True,2,0,False,False,True,False,False
batch2:math_test_geometry_200__base4096,math_test_geometry_200,True,1,1,False,False,True,False,False
batch2:math_test_geometry_208__base4096,math_test_geometry_208,True,1,0,False,False,False,True,False
batch2:math_test_geometry_212__base4096,math_test_geometry_212,True,2,0,False,False,False,True,False
batch2:math_test_geometry_222__base4096,math_test_geometry_222,True,2,1,False,False,False,True,False
batch2:math_test_geometry_228__base4096,math_test_geometry_228,True,0,0,False,False,False,True,False
batch2:math_test_geometry_231__base4096,math_test_geometry_231,True,1,0,False,False,False,True,False
batch2:math_test_geometry_234__base4096,math_test_geometry_234,True,0,0,False,False,False,True,False
batch2:math_test_geometry_238__base4096,math_test_geometry_238,True,0,0,False,False,True,False,False
batch2:math_test_geometry_254__base4096,math_test_geometry_254,True,1,0,False,False,False,True,False
batch2:math_test_geometry_259__base4096,math_test_geometry_259,True,1,0,False,False,False,True,False
batch2:math_test_geometry_26__base4096,math_test_geometry_26,True,2,2,False,False,False,True,False
batch2:math_test_geometry_3__base4096,math_test_geometry_3,True,2,0,False,False,False,True,False
batch2:math_test_geometry_312__base4096,math_test_geometry_312,True,1,1,False,False,False,True,False
batch2:math_test_geometry_328__base4096,math_test_geometry_328,True,1,0,False,False,False,True,False
batch2:math_test_geometry_332__base4096,math_test_geometry_332,True,1,1,False,False,False,True,False
batch2:math_test_geometry_345__base4096,math_test_geometry_345,True,1,0,False,False,True,False,False
batch2:math_test_geometry_347__base4096,math_test_geometry_347,True,1,0,False,False,False,True,False
batch2:math_test_geometry_352__base4096,math_test_geometry_352,True,0,0,False,False,False,True,False
batch2:math_test_geometry_357__base4096,math_test_geometry_357,True,1,1,False,False,False,True,False
batch2:math_test_geometry_373__base4096,math_test_geometry_373,True,2,0,False,False,False,True,False
batch2:math_test_geometry_39__base4096,math_test_geometry_39,True,0,0,False,False,False,True,False
batch2:math_test_geometry_403__base4096,math_test_geometry_403,True,0,0,False,False,False,True,False
batch2:math_test_geometry_410__base4096,math_test_geometry_410,True,0,0,False,False,True,False,False
batch2:math_test_geometry_436__base4096,math_test_geometry_436,True,1,0,False,False,False,True,False
batch2:math_test_geometry_437__base4096,math_test_geometry_437,True,0,0,False,False,False,True,False
batch2:math_test_geometry_447__base4096,math_test_geometry_447,True,0,0,False,False,False,True,False
batch2:math_test_geometry_451__base4096,math_test_geometry_451,True,2,1,False,False,False,True,False
batch2:math_test_geometry_454__base4096,math_test_geometry_454,True,1,1,False,False,False,True,False
batch2:math_test_geometry_459__base4096,math_test_geometry_459,True,0,0,False,False,False,True,False
batch2:math_test_geometry_472__base4096,math_test_geometry_472,True,4,1,False,False,False,True,False
batch2:math_test_geometry_56__base4096,math_test_geometry_56,True,0,0,False,False,True,False,False
batch2:math_test_geometry_62__base4096,math_test_geometry_62,True,0,0,False,False,False,True,False
batch2:math_test_geometry_64__base4096,math_test_geometry_64,True,2,1,False,False,False,True,False
batch2:math_test_geometry_85__base4096,math_test_geometry_85,True,1,0,False,False,True,False,False
batch2:math_test_geometry_90__base4096,math_test_geometry_90,True,0,0,False,False,False,True,False
batch2:math_test_geometry_99__base4096,math_test_geometry_99,True,0,0,False,False,False,True,False
batch2:math_test_intermediate_algebra_103__base4096,math_test_intermediate_algebra_103,True,0,0,False,False,True,False,False
batch2:math_test_intermediate_algebra_108__base4096,math_test_intermediate_algebra_108,True,3,0,False,False,False,True,False
batch2:math_test_intermediate_algebra_115__base4096,math_test_intermediate_algebra_115,True,1,0,False,False,False,True,False
batch2:math_test_intermediate_algebra_116__base4096,math_test_intermediate_algebra_116,True,3,2,False,False,False,True,False
batch2:math_test_intermediate_algebra_122__base4096,math_test_intermediate_algebra_122,True,1,1,False,False,True,False,False
batch2:math_test_intermediate_algebra_139__base4096,math_test_intermediate_algebra_139,True,1,1,False,False,False,True,False
batch2:math_test_intermediate_algebra_147__base4096,math_test_intermediate_algebra_147,True,1,0,False,False,False,True,False
batch2:math_test_intermediate_algebra_155__base4096,math_test_intermediate_algebra_155,True,1,0,False,False,False,True,False
batch2:math_test_intermediate_algebra_161__base4096,math_test_intermediate_algebra_161,True,1,0,False,False,False,True,False
batch2:math_test_intermediate_algebra_163__base4096,math_test_intermediate_algebra_163,True,1,0,False,False,False,True,False
batch2:math_test_intermediate_algebra_184__base4096,math_test_intermediate_algebra_184,True,1,0,False,False,False,True,False
batch2:math_test_intermediate_algebra_187__base4096,math_test_intermediate_algebra_187,True,0,0,False,False,False,True,False
batch2:math_test_intermediate_algebra_197__base4096,math_test_intermediate_algebra_197,True,1,0,False,False,False,True,False
batch2:math_test_intermediate_algebra_212__base4096,math_test_intermediate_algebra_212,True,2,1,False,False,False,True,False
batch2:math_test_intermediate_algebra_213__base4096,math_test_intermediate_algebra_213,True,1,0,False,False,False,True,False
batch2:math_test_intermediate_algebra_220__base4096,math_test_intermediate_algebra_220,True,2,1,False,False,False,True,False
batch2:math_test_intermediate_algebra_238__base4096,math_test_intermediate_algebra_238,True,1,0,False,False,True,False,False
batch2:math_test_intermediate_algebra_241__base4096,math_test_intermediate_algebra_241,True,0,0,False,False,True,False,False
batch2:math_test_intermediate_algebra_243__base4096,math_test_intermediate_algebra_243,True,1,0,False,False,False,True,False
batch2:math_test_intermediate_algebra_263__base4096,math_test_intermediate_algebra_263,True,1,1,False,False,False,True,False
batch2:math_test_intermediate_algebra_266__base4096,math_test_intermediate_algebra_266,True,1,0,False,False,False,True,False
batch2:math_test_intermediate_algebra_276__base4096,math_test_intermediate_algebra_276,True,1,0,False,False,False,True,False
batch2:math_test_intermediate_algebra_277__base4096,math_test_intermediate_algebra_277,True,1,0,False,False,False,True,False
batch2:math_test_intermediate_algebra_289__base4096,math_test_intermediate_algebra_289,True,1,0,False,False,False,True,False
batch2:math_test_intermediate_algebra_29__base4096,math_test_intermediate_algebra_29,True,2,1,False,False,False,True,False
batch2:math_test_intermediate_algebra_3__base4096,math_test_intermediate_algebra_3,True,0,0,False,False,False,True,False
batch2:math_test_intermediate_algebra_301__base4096,math_test_intermediate_algebra_301,True,0,0,False,False,False,True,False
batch2:math_test_intermediate_algebra_306__base4096,math_test_intermediate_algebra_306,True,2,0,False,False,False,True,False
batch2:math_test_intermediate_algebra_31__base4096,math_test_intermediate_algebra_31,True,0,0,False,False,True,False,False
batch2:math_test_intermediate_algebra_314__base4096,math_test_intermediate_algebra_314,True,2,0,False,False,True,False,False
batch2:math_test_intermediate_algebra_353__base4096,math_test_intermediate_algebra_353,True,1,0,False,False,False,True,False
batch2:math_test_intermediate_algebra_377__base4096,math_test_intermediate_algebra_377,True,1,0,False,False,False,True,False
batch2:math_test_intermediate_algebra_380__base4096,math_test_intermediate_algebra_380,True,1,0,False,False,False,True,False
batch2:math_test_intermediate_algebra_4__base4096,math_test_intermediate_algebra_4,True,0,0,False,False,False,True,False
batch2:math_test_intermediate_algebra_400__base4096,math_test_intermediate_algebra_400,True,0,0,False,False,True,False,False
batch2:math_test_intermediate_algebra_409__base4096,math_test_intermediate_algebra_409,True,0,0,False,False,False,True,False
batch2:math_test_intermediate_algebra_414__base4096,math_test_intermediate_algebra_414,True,1,0,False,False,False,True,False
batch2:math_test_intermediate_algebra_416__base4096,math_test_intermediate_algebra_416,True,0,0,False,False,False,True,False
batch2:math_test_intermediate_algebra_423__base4096,math_test_intermediate_algebra_423,True,1,1,False,False,False,True,False
batch2:math_test_intermediate_algebra_424__base4096,math_test_intermediate_algebra_424,True,1,0,False,False,False,True,False
batch2:math_test_intermediate_algebra_43__base4096,math_test_intermediate_algebra_43,True,1,0,False,False,False,True,False
batch2:math_test_intermediate_algebra_430__base4096,math_test_intermediate_algebra_430,True,2,0,False,False,False,True,False
batch2:math_test_intermediate_algebra_435__base4096,math_test_intermediate_algebra_435,True,1,0,False,False,False,True,False
batch2:math_test_intermediate_algebra_438__base4096,math_test_intermediate_algebra_438,True,1,0,False,False,False,True,False
batch2:math_test_intermediate_algebra_448__base4096,math_test_intermediate_algebra_448,True,2,2,False,False,False,True,False
batch2:math_test_intermediate_algebra_462__base4096,math_test_intermediate_algebra_462,True,0,0,False,False,False,True,False
batch2:math_test_intermediate_algebra_478__base4096,math_test_intermediate_algebra_478,True,1,0,False,False,False,True,False
batch2:math_test_intermediate_algebra_479__base4096,math_test_intermediate_algebra_479,True,1,0,False,False,False,True,False
batch2:math_test_intermediate_algebra_482__base4096,math_test_intermediate_algebra_482,True,3,1,False,False,False,True,False
batch2:math_test_intermediate_algebra_494__base4096,math_test_intermediate_algebra_494,True,0,0,False,False,True,False,False
batch2:math_test_intermediate_algebra_515__base4096,math_test_intermediate_algebra_515,True,1,0,False,False,False,True,False
batch2:math_test_intermediate_algebra_516__base4096,math_test_intermediate_algebra_516,True,0,0,False,False,False,True,False
batch2:math_test_intermediate_algebra_542__base4096,math_test_intermediate_algebra_542,True,0,0,False,False,False,True,False
batch2:math_test_intermediate_algebra_553__base4096,math_test_intermediate_algebra_553,True,2,1,False,False,False,True,False
batch2:math_test_intermediate_algebra_563__base4096,math_test_intermediate_algebra_563,True,1,0,False,False,False,True,False
batch2:math_test_intermediate_algebra_565__base4096,math_test_intermediate_algebra_565,True,0,0,False,False,False,True,False
batch2:math_test_intermediate_algebra_57__base4096,math_test_intermediate_algebra_57,True,0,0,False,False,True,False,False
batch2:math_test_intermediate_algebra_570__base4096,math_test_intermediate_algebra_570,True,2,1,False,False,False,True,False
batch2:math_test_intermediate_algebra_573__base4096,math_test_intermediate_algebra_573,True,1,1,False,False,False,True,False
batch2:math_test_intermediate_algebra_586__base4096,math_test_intermediate_algebra_586,True,0,0,False,False,False,True,False
batch2:math_test_intermediate_algebra_605__base4096,math_test_intermediate_algebra_605,True,0,0,False,False,False,True,False
batch2:math_test_intermediate_algebra_615__base4096,math_test_intermediate_algebra_615,True,4,4,False,False,False,True,False
batch2:math_test_intermediate_algebra_618__base4096,math_test_intermediate_algebra_618,True,1,0,False,False,True,False,False
batch2:math_test_intermediate_algebra_627__base4096,math_test_intermediate_algebra_627,True,1,0,False,False,False,True,False
batch2:math_test_intermediate_algebra_653__base4096,math_test_intermediate_algebra_653,True,0,0,False,False,False,True,False
batch2:math_test_intermediate_algebra_66__base4096,math_test_intermediate_algebra_66,True,1,0,False,False,False,True,False
batch2:math_test_intermediate_algebra_685__base4096,math_test_intermediate_algebra_685,True,2,1,False,False,False,True,False
batch2:math_test_intermediate_algebra_689__base4096,math_test_intermediate_algebra_689,True,0,0,False,False,False,True,False
batch2:math_test_intermediate_algebra_693__base4096,math_test_intermediate_algebra_693,True,1,1,False,False,False,True,False
batch2:math_test_intermediate_algebra_695__base4096,math_test_intermediate_algebra_695,True,0,0,False,False,False,True,False
batch2:math_test_intermediate_algebra_700__base4096,math_test_intermediate_algebra_700,True,2,0,False,False,False,True,False
batch2:math_test_intermediate_algebra_718__base4096,math_test_intermediate_algebra_718,True,1,0,False,False,False,True,False
batch2:math_test_intermediate_algebra_724__base4096,math_test_intermediate_algebra_724,True,1,1,False,False,False,True,False
batch2:math_test_intermediate_algebra_733__base4096,math_test_intermediate_algebra_733,True,1,0,False,False,False,True,False
batch2:math_test_intermediate_algebra_734__base4096,math_test_intermediate_algebra_734,True,1,0,False,False,False,True,False
batch2:math_test_intermediate_algebra_741__base4096,math_test_intermediate_algebra_741,True,0,0,False,False,True,False,False
batch2:math_test_intermediate_algebra_746__base4096,math_test_intermediate_algebra_746,True,1,1,False,False,False,True,False
batch2:math_test_intermediate_algebra_749__base4096,math_test_intermediate_algebra_749,True,1,0,False,False,False,True,False
batch2:math_test_intermediate_algebra_756__base4096,math_test_intermediate_algebra_756,True,2,0,False,False,False,True,False
batch2:math_test_intermediate_algebra_767__base4096,math_test_intermediate_algebra_767,True,0,0,False,False,False,True,False
batch2:math_test_intermediate_algebra_778__base4096,math_test_intermediate_algebra_778,True,2,2,False,False,False,True,False
batch2:math_test_intermediate_algebra_780__base4096,math_test_intermediate_algebra_780,True,2,2,False,False,False,True,False
batch2:math_test_intermediate_algebra_80__base4096,math_test_intermediate_algebra_80,True,0,0,False,False,False,True,False
batch2:math_test_intermediate_algebra_801__base4096,math_test_intermediate_algebra_801,True,0,0,False,False,False,True,False
batch2:math_test_intermediate_algebra_804__base4096,math_test_intermediate_algebra_804,True,2,1,False,False,False,True,False
batch2:math_test_intermediate_algebra_813__base4096,math_test_intermediate_algebra_813,True,0,0,False,False,False,True,False
batch2:math_test_intermediate_algebra_814__base4096,math_test_intermediate_algebra_814,True,1,0,False,False,False,True,False
batch2:math_test_intermediate_algebra_818__base4096,math_test_intermediate_algebra_818,True,1,0,False,False,False,True,False
batch2:math_test_intermediate_algebra_821__base4096,math_test_intermediate_algebra_821,True,1,0,False,False,False,True,False
batch2:math_test_intermediate_algebra_834__base4096,math_test_intermediate_algebra_834,True,1,0,False,False,False,True,False
batch2:math_test_intermediate_algebra_835__base4096,math_test_intermediate_algebra_835,True,0,0,False,False,False,True,False
batch2:math_test_intermediate_algebra_839__base4096,math_test_intermediate_algebra_839,True,0,0,False,False,False,True,False
batch2:math_test_intermediate_algebra_853__base4096,math_test_intermediate_algebra_853,True,0,0,False,False,False,True,False
batch2:math_test_intermediate_algebra_858__base4096,math_test_intermediate_algebra_858,True,0,0,False,False,False,True,False
batch2:math_test_intermediate_algebra_859__base4096,math_test_intermediate_algebra_859,True,1,0,False,False,False,True,False
batch2:math_test_intermediate_algebra_876__base4096,math_test_intermediate_algebra_876,True,1,0,False,False,False,True,False
batch2:math_test_intermediate_algebra_892__base4096,math_test_intermediate_algebra_892,True,1,1,False,False,False,True,False
batch2:math_test_intermediate_algebra_895__base4096,math_test_intermediate_algebra_895,True,1,0,False,False,False,True,False
batch2:math_test_intermediate_algebra_899__base4096,math_test_intermediate_algebra_899,True,0,0,False,False,False,True,False
batch2:math_test_intermediate_algebra_9__base4096,math_test_intermediate_algebra_9,True,1,0,False,False,False,True,False
batch2:math_test_intermediate_algebra_90__base4096,math_test_intermediate_algebra_90,True,1,1,False,False,False,True,False
batch2:math_test_intermediate_algebra_93__base4096,math_test_intermediate_algebra_93,True,2,1,False,False,False,True,False
batch2:math_test_intermediate_algebra_97__base4096,math_test_intermediate_algebra_97,True,1,1,False,False,False,True,False
batch2:math_test_number_theory_0__base4096,math_test_number_theory_0,True,0,0,False,False,False,True,False
batch2:math_test_number_theory_100__base4096,math_test_number_theory_100,True,0,0,False,False,False,True,False
batch2:math_test_number_theory_124__base4096,math_test_number_theory_124,True,1,1,False,False,False,True,False
batch2:math_test_number_theory_130__base4096,math_test_number_theory_130,True,1,0,False,False,False,True,False
batch2:math_test_number_theory_155__base4096,math_test_number_theory_155,True,1,1,False,False,False,True,False
batch2:math_test_number_theory_158__base4096,math_test_number_theory_158,True,1,0,False,False,False,True,False
batch2:math_test_number_theory_16__base4096,math_test_number_theory_16,True,1,0,False,False,False,True,False
batch2:math_test_number_theory_160__base4096,math_test_number_theory_160,True,3,0,False,False,False,True,False
batch2:math_test_number_theory_170__base4096,math_test_number_theory_170,True,1,0,False,False,False,True,False
batch2:math_test_number_theory_177__base4096,math_test_number_theory_177,True,1,1,False,False,False,True,False
batch2:math_test_number_theory_188__base4096,math_test_number_theory_188,True,1,0,False,False,False,True,False
batch2:math_test_number_theory_190__base4096,math_test_number_theory_190,True,0,0,False,False,False,True,False
batch2:math_test_number_theory_207__base4096,math_test_number_theory_207,True,0,0,False,False,False,True,False
batch2:math_test_number_theory_209__base4096,math_test_number_theory_209,True,2,0,False,False,False,True,False
batch2:math_test_number_theory_218__base4096,math_test_number_theory_218,True,0,0,False,False,False,True,False
batch2:math_test_number_theory_220__base4096,math_test_number_theory_220,True,0,0,False,False,False,True,False
batch2:math_test_number_theory_228__base4096,math_test_number_theory_228,True,0,0,False,False,False,True,False
batch2:math_test_number_theory_233__base4096,math_test_number_theory_233,True,0,0,False,False,False,True,False
batch2:math_test_number_theory_243__base4096,math_test_number_theory_243,True,1,0,False,False,False,True,False
batch2:math_test_number_theory_248__base4096,math_test_number_theory_248,True,2,1,False,False,False,True,False
batch2:math_test_number_theory_257__base4096,math_test_number_theory_257,True,1,0,False,False,False,True,False
batch2:math_test_number_theory_282__base4096,math_test_number_theory_282,True,1,0,False,False,False,True,False
batch2:math_test_number_theory_284__base4096,math_test_number_theory_284,True,2,2,False,False,False,True,False
batch2:math_test_number_theory_295__base4096,math_test_number_theory_295,True,1,0,False,False,False,True,False
batch2:math_test_number_theory_296__base4096,math_test_number_theory_296,True,1,1,False,False,False,True,False
batch2:math_test_number_theory_297__base4096,math_test_number_theory_297,True,0,0,False,False,False,True,False
batch2:math_test_number_theory_299__base4096,math_test_number_theory_299,True,0,0,False,False,False,True,False
batch2:math_test_number_theory_321__base4096,math_test_number_theory_321,True,1,1,False,False,False,True,False
batch2:math_test_number_theory_33__base4096,math_test_number_theory_33,True,1,1,False,False,False,True,False
batch2:math_test_number_theory_334__base4096,math_test_number_theory_334,True,0,0,False,False,False,True,False
batch2:math_test_number_theory_337__base4096,math_test_number_theory_337,True,1,0,False,False,False,True,False
batch2:math_test_number_theory_34__base4096,math_test_number_theory_34,True,1,0,False,False,False,True,False
batch2:math_test_number_theory_342__base4096,math_test_number_theory_342,True,1,0,False,False,False,True,False
batch2:math_test_number_theory_373__base4096,math_test_number_theory_373,True,1,0,False,False,False,True,False
batch2:math_test_number_theory_375__base4096,math_test_number_theory_375,True,1,0,False,False,False,True,False
batch2:math_test_number_theory_376__base4096,math_test_number_theory_376,True,1,0,False,False,False,True,False
batch2:math_test_number_theory_38__base4096,math_test_number_theory_38,True,0,0,False,False,False,True,False
batch2:math_test_number_theory_383__base4096,math_test_number_theory_383,True,0,0,False,False,False,True,False
batch2:math_test_number_theory_390__base4096,math_test_number_theory_390,True,0,0,False,False,False,True,False
batch2:math_test_number_theory_415__base4096,math_test_number_theory_415,True,0,0,False,False,False,True,False
batch2:math_test_number_theory_421__base4096,math_test_number_theory_421,True,1,1,False,False,False,True,False
batch2:math_test_number_theory_434__base4096,math_test_number_theory_434,True,0,0,False,False,False,True,False
batch2:math_test_number_theory_436__base4096,math_test_number_theory_436,True,1,1,False,False,False,True,False
batch2:math_test_number_theory_445__base4096,math_test_number_theory_445,True,3,2,False,False,False,True,False
batch2:math_test_number_theory_454__base4096,math_test_number_theory_454,True,0,0,False,False,False,True,False
batch2:math_test_number_theory_47__base4096,math_test_number_theory_47,True,1,1,False,False,False,True,False
batch2:math_test_number_theory_471__base4096,math_test_number_theory_471,True,0,0,False,False,False,True,False
batch2:math_test_number_theory_481__base4096,math_test_number_theory_481,True,1,1,False,False,False,True,False
batch2:math_test_number_theory_491__base4096,math_test_number_theory_491,True,2,0,False,False,True,False,False
batch2:math_test_number_theory_503__base4096,math_test_number_theory_503,True,1,0,False,False,False,True,False
batch2:math_test_number_theory_521__base4096,math_test_number_theory_521,True,8,1,False,False,False,True,False
batch2:math_test_number_theory_522__base4096,math_test_number_theory_522,True,1,0,False,False,False,True,False
batch2:math_test_number_theory_59__base4096,math_test_number_theory_59,True,1,0,False,False,False,True,False
batch2:math_test_number_theory_62__base4096,math_test_number_theory_62,True,0,0,False,False,False,True,False
batch2:math_test_number_theory_64__base4096,math_test_number_theory_64,True,1,0,False,False,False,True,False
batch2:math_test_number_theory_69__base4096,math_test_number_theory_69,True,1,0,False,False,False,True,False
batch2:math_test_number_theory_77__base4096,math_test_number_theory_77,True,0,0,False,False,False,True,False
batch2:math_test_number_theory_89__base4096,math_test_number_theory_89,True,1,0,False,False,False,True,False
batch2:math_test_number_theory_90__base4096,math_test_number_theory_90,True,0,0,False,False,False,True,False
batch2:math_test_prealgebra_0__base4096,math_test_prealgebra_0,True,2,0,False,False,False,True,False
batch2:math_test_prealgebra_124__base4096,math_test_prealgebra_124,True,0,0,False,False,True,False,False
batch2:math_test_prealgebra_126__base4096,math_test_prealgebra_126,True,0,0,False,False,False,True,False
batch2:math_test_prealgebra_128__base4096,math_test_prealgebra_128,True,0,0,False,False,False,True,False
batch2:math_test_prealgebra_146__base4096,math_test_prealgebra_146,True,0,0,False,False,False,True,False
batch2:math_test_prealgebra_148__base4096,math_test_prealgebra_148,True,0,0,False,False,False,True,False
batch2:math_test_prealgebra_155__base4096,math_test_prealgebra_155,True,1,0,False,False,False,True,False
batch2:math_test_prealgebra_157__base4096,math_test_prealgebra_157,True,1,0,False,False,False,True,False
batch2:math_test_prealgebra_16__base4096,math_test_prealgebra_16,True,0,0,False,False,False,True,False
batch2:math_test_prealgebra_17__base4096,math_test_prealgebra_17,True,0,0,False,False,False,True,False
batch2:math_test_prealgebra_171__base4096,math_test_prealgebra_171,True,0,0,False,False,False,True,False
batch2:math_test_prealgebra_174__base4096,math_test_prealgebra_174,True,0,0,False,False,False,True,False
batch2:math_test_prealgebra_189__base4096,math_test_prealgebra_189,True,0,0,False,False,False,True,False
batch2:math_test_prealgebra_19__base4096,math_test_prealgebra_19,True,1,1,False,False,False,True,False
batch2:math_test_prealgebra_191__base4096,math_test_prealgebra_191,True,1,0,False,False,False,True,False
batch2:math_test_prealgebra_194__base4096,math_test_prealgebra_194,True,0,0,False,False,False,True,False
batch2:math_test_prealgebra_2__base4096,math_test_prealgebra_2,True,1,0,False,False,False,True,False
batch2:math_test_prealgebra_226__base4096,math_test_prealgebra_226,True,0,0,False,False,False,True,False
batch2:math_test_prealgebra_245__base4096,math_test_prealgebra_245,True,0,0,False,False,False,True,False
batch2:math_test_prealgebra_256__base4096,math_test_prealgebra_256,True,0,0,False,False,False,True,False
batch2:math_test_prealgebra_265__base4096,math_test_prealgebra_265,True,0,0,False,False,False,True,False
batch2:math_test_prealgebra_293__base4096,math_test_prealgebra_293,True,0,0,False,False,False,True,False
batch2:math_test_prealgebra_294__base4096,math_test_prealgebra_294,True,1,0,False,False,True,False,False
batch2:math_test_prealgebra_301__base4096,math_test_prealgebra_301,True,0,0,False,False,False,True,False
batch2:math_test_prealgebra_319__base4096,math_test_prealgebra_319,True,1,0,False,False,False,True,False
batch2:math_test_prealgebra_322__base4096,math_test_prealgebra_322,True,0,0,False,False,False,True,False
batch2:math_test_prealgebra_331__base4096,math_test_prealgebra_331,True,0,0,False,False,False,True,False
batch2:math_test_prealgebra_335__base4096,math_test_prealgebra_335,True,0,0,False,False,False,True,False
batch2:math_test_prealgebra_354__base4096,math_test_prealgebra_354,True,0,0,False,False,False,True,False
batch2:math_test_prealgebra_355__base4096,math_test_prealgebra_355,True,0,0,False,False,False,True,False
batch2:math_test_prealgebra_357__base4096,math_test_prealgebra_357,True,0,0,False,False,False,True,False
batch2:math_test_prealgebra_372__base4096,math_test_prealgebra_372,True,1,0,False,False,False,True,False
batch2:math_test_prealgebra_38__base4096,math_test_prealgebra_38,True,0,0,False,False,False,True,False
batch2:math_test_prealgebra_385__base4096,math_test_prealgebra_385,True,2,0,False,False,False,True,False
batch2:math_test_prealgebra_388__base4096,math_test_prealgebra_388,True,0,0,False,False,False,True,False
batch2:math_test_prealgebra_399__base4096,math_test_prealgebra_399,True,0,0,False,False,False,True,False
batch2:math_test_prealgebra_413__base4096,math_test_prealgebra_413,True,0,0,False,False,False,True,False
batch2:math_test_prealgebra_423__base4096,math_test_prealgebra_423,True,0,0,False,False,False,True,False
batch2:math_test_prealgebra_428__base4096,math_test_prealgebra_428,True,1,0,False,False,False,True,False
batch2:math_test_prealgebra_444__base4096,math_test_prealgebra_444,True,1,1,False,False,False,True,False
batch2:math_test_prealgebra_449__base4096,math_test_prealgebra_449,True,1,0,False,False,False,True,False
batch2:math_test_prealgebra_454__base4096,math_test_prealgebra_454,True,0,0,False,False,False,True,False
batch2:math_test_prealgebra_456__base4096,math_test_prealgebra_456,True,0,0,False,False,False,True,False
batch2:math_test_prealgebra_466__base4096,math_test_prealgebra_466,True,1,0,False,False,False,True,False
batch2:math_test_prealgebra_473__base4096,math_test_prealgebra_473,True,0,0,False,False,False,True,False
batch2:math_test_prealgebra_475__base4096,math_test_prealgebra_475,True,0,0,False,False,False,True,False
batch2:math_test_prealgebra_479__base4096,math_test_prealgebra_479,True,0,0,False,False,False,True,False
batch2:math_test_prealgebra_493__base4096,math_test_prealgebra_493,True,0,0,False,False,False,True,False
batch2:math_test_prealgebra_525__base4096,math_test_prealgebra_525,True,1,0,False,False,False,True,False
batch2:math_test_prealgebra_529__base4096,math_test_prealgebra_529,True,1,0,False,False,False,True,False
batch2:math_test_prealgebra_55__base4096,math_test_prealgebra_55,True,0,0,False,False,False,True,False
batch2:math_test_prealgebra_551__base4096,math_test_prealgebra_551,True,2,0,False,False,True,False,False
batch2:math_test_prealgebra_557__base4096,math_test_prealgebra_557,True,0,0,False,False,False,True,False
batch2:math_test_prealgebra_562__base4096,math_test_prealgebra_562,True,0,0,False,False,False,True,False
batch2:math_test_prealgebra_566__base4096,math_test_prealgebra_566,True,0,0,False,False,False,True,False
batch2:math_test_prealgebra_569__base4096,math_test_prealgebra_569,True,0,0,False,False,False,True,False
batch2:math_test_prealgebra_570__base4096,math_test_prealgebra_570,True,1,0,False,False,False,True,False
batch2:math_test_prealgebra_587__base4096,math_test_prealgebra_587,True,0,0,False,False,False,True,False
batch2:math_test_prealgebra_590__base4096,math_test_prealgebra_590,True,0,0,False,False,True,False,False
batch2:math_test_prealgebra_592__base4096,math_test_prealgebra_592,True,0,0,False,False,False,True,False
batch2:math_test_prealgebra_596__base4096,math_test_prealgebra_596,True,1,0,False,False,False,True,False
batch2:math_test_prealgebra_598__base4096,math_test_prealgebra_598,True,0,0,False,False,False,True,False
batch2:math_test_prealgebra_602__base4096,math_test_prealgebra_602,True,1,0,False,False,False,True,False
batch2:math_test_prealgebra_603__base4096,math_test_prealgebra_603,True,0,0,False,False,False,True,False
batch2:math_test_prealgebra_606__base4096,math_test_prealgebra_606,True,1,0,False,False,False,True,False
batch2:math_test_prealgebra_61__base4096,math_test_prealgebra_61,True,1,0,False,False,False,True,False
batch2:math_test_prealgebra_617__base4096,math_test_prealgebra_617,True,1,0,False,False,False,True,False
batch2:math_test_prealgebra_625__base4096,math_test_prealgebra_625,True,1,0,False,False,False,True,False
batch2:math_test_prealgebra_626__base4096,math_test_prealgebra_626,True,1,0,False,False,False,True,False
batch2:math_test_prealgebra_63__base4096,math_test_prealgebra_63,True,1,0,False,False,False,True,False
batch2:math_test_prealgebra_630__base4096,math_test_prealgebra_630,True,1,0,False,False,False,True,False
batch2:math_test_prealgebra_652__base4096,math_test_prealgebra_652,True,0,0,False,False,False,True,False
batch2:math_test_prealgebra_660__base4096,math_test_prealgebra_660,True,1,0,False,False,False,True,False
batch2:math_test_prealgebra_666__base4096,math_test_prealgebra_666,True,1,0,False,False,False,True,False
batch2:math_test_prealgebra_668__base4096,math_test_prealgebra_668,True,0,0,False,False,False,True,False
batch2:math_test_prealgebra_693__base4096,math_test_prealgebra_693,True,0,0,False,False,False,True,False
batch2:math_test_prealgebra_699__base4096,math_test_prealgebra_699,True,0,0,False,False,False,True,False
batch2:math_test_prealgebra_70__base4096,math_test_prealgebra_70,True,0,0,False,False,False,True,False
batch2:math_test_prealgebra_701__base4096,math_test_prealgebra_701,True,1,0,False,False,False,True,False
batch2:math_test_prealgebra_707__base4096,math_test_prealgebra_707,True,0,0,False,False,False,True,False
batch2:math_test_prealgebra_720__base4096,math_test_prealgebra_720,True,0,0,False,False,False,True,False
batch2:math_test_prealgebra_729__base4096,math_test_prealgebra_729,True,1,1,False,False,False,True,False
batch2:math_test_prealgebra_730__base4096,math_test_prealgebra_730,True,1,1,False,False,False,True,False
batch2:math_test_prealgebra_738__base4096,math_test_prealgebra_738,True,0,0,False,False,False,True,False
batch2:math_test_prealgebra_739__base4096,math_test_prealgebra_739,True,0,0,False,False,False,True,False
batch2:math_test_prealgebra_751__base4096,math_test_prealgebra_751,True,1,0,False,False,False,True,False
batch2:math_test_prealgebra_76__base4096,math_test_prealgebra_76,True,0,0,False,False,False,True,False
batch2:math_test_prealgebra_764__base4096,math_test_prealgebra_764,True,0,0,False,False,False,True,False
batch2:math_test_prealgebra_775__base4096,math_test_prealgebra_775,True,0,0,False,False,False,True,False
batch2:math_test_prealgebra_784__base4096,math_test_prealgebra_784,True,1,0,False,False,False,True,False
batch2:math_test_prealgebra_791__base4096,math_test_prealgebra_791,True,1,1,False,False,False,True,False
batch2:math_test_prealgebra_821__base4096,math_test_prealgebra_821,True,1,0,False,False,False,True,False
batch2:math_test_prealgebra_840__base4096,math_test_prealgebra_840,True,1,0,False,False,False,True,False
batch2:math_test_prealgebra_841__base4096,math_test_prealgebra_841,True,0,0,False,False,False,True,False
batch2:math_test_prealgebra_853__base4096,math_test_prealgebra_853,True,0,0,False,False,False,True,False
batch2:math_test_prealgebra_94__base4096,math_test_prealgebra_94,True,2,0,False,False,False,True,False
batch2:math_test_prealgebra_95__base4096,math_test_prealgebra_95,True,0,0,False,False,False,True,False
batch2:math_test_prealgebra_97__base4096,math_test_prealgebra_97,True,0,0,False,False,False,True,False
batch2:math_test_precalculus_0__base4096,math_test_precalculus_0,True,3,1,False,False,False,True,False
batch2:math_test_precalculus_109__base4096,math_test_precalculus_109,True,2,1,False,False,False,True,False
batch2:math_test_precalculus_113__base4096,math_test_precalculus_113,True,1,0,False,False,False,True,False
batch2:math_test_precalculus_120__base4096,math_test_precalculus_120,True,1,0,False,False,False,True,False
batch2:math_test_precalculus_144__base4096,math_test_precalculus_144,True,1,0,False,False,False,True,False
batch2:math_test_precalculus_163__base4096,math_test_precalculus_163,True,0,0,False,False,False,True,False
batch2:math_test_precalculus_176__base4096,math_test_precalculus_176,True,0,0,False,False,False,True,False
batch2:math_test_precalculus_185__base4096,math_test_precalculus_185,True,2,1,False,False,False,True,False
batch2:math_test_precalculus_187__base4096,math_test_precalculus_187,True,4,0,False,False,False,True,False
batch2:math_test_precalculus_217__base4096,math_test_precalculus_217,True,1,0,False,False,False,True,False
batch2:math_test_precalculus_220__base4096,math_test_precalculus_220,True,0,0,False,False,False,True,False
batch2:math_test_precalculus_232__base4096,math_test_precalculus_232,True,1,0,False,False,False,True,False
batch2:math_test_precalculus_236__base4096,math_test_precalculus_236,True,0,0,False,False,False,True,False
batch2:math_test_precalculus_243__base4096,math_test_precalculus_243,True,1,0,False,False,False,True,False
batch2:math_test_precalculus_261__base4096,math_test_precalculus_261,True,2,1,False,False,False,True,False
batch2:math_test_precalculus_268__base4096,math_test_precalculus_268,True,1,1,False,False,False,True,False
batch2:math_test_precalculus_272__base4096,math_test_precalculus_272,True,2,1,False,False,False,True,False
batch2:math_test_precalculus_289__base4096,math_test_precalculus_289,True,0,0,False,False,False,True,False
batch2:math_test_precalculus_290__base4096,math_test_precalculus_290,True,0,0,False,False,False,True,False
batch2:math_test_precalculus_293__base4096,math_test_precalculus_293,True,1,1,False,False,False,True,False
batch2:math_test_precalculus_295__base4096,math_test_precalculus_295,True,0,0,False,False,False,True,False
batch2:math_test_precalculus_315__base4096,math_test_precalculus_315,True,1,1,False,False,False,True,False
batch2:math_test_precalculus_338__base4096,math_test_precalculus_338,True,4,2,False,False,False,True,False
batch2:math_test_precalculus_347__base4096,math_test_precalculus_347,True,1,0,False,False,False,True,False
batch2:math_test_precalculus_352__base4096,math_test_precalculus_352,True,0,0,False,False,False,True,False
batch2:math_test_precalculus_36__base4096,math_test_precalculus_36,True,1,0,False,False,False,True,False
batch2:math_test_precalculus_368__base4096,math_test_precalculus_368,True,0,0,False,False,False,True,False
batch2:math_test_precalculus_372__base4096,math_test_precalculus_372,True,0,0,False,False,False,True,False
batch2:math_test_precalculus_380__base4096,math_test_precalculus_380,True,0,0,False,False,False,True,False
batch2:math_test_precalculus_387__base4096,math_test_precalculus_387,True,2,0,False,False,False,True,False
batch2:math_test_precalculus_391__base4096,math_test_precalculus_391,True,1,0,False,False,True,False,False
batch2:math_test_precalculus_392__base4096,math_test_precalculus_392,True,0,0,False,False,True,False,False
batch2:math_test_precalculus_399__base4096,math_test_precalculus_399,True,1,0,False,False,False,True,False
batch2:math_test_precalculus_4__base4096,math_test_precalculus_4,True,1,0,False,False,False,True,False
batch2:math_test_precalculus_403__base4096,math_test_precalculus_403,True,1,0,False,False,False,True,False
batch2:math_test_precalculus_415__base4096,math_test_precalculus_415,True,1,0,False,False,False,True,False
batch2:math_test_precalculus_422__base4096,math_test_precalculus_422,True,0,0,False,False,False,True,False
batch2:math_test_precalculus_423__base4096,math_test_precalculus_423,True,0,0,False,False,True,False,False
batch2:math_test_precalculus_471__base4096,math_test_precalculus_471,True,3,0,False,False,False,True,False
batch2:math_test_precalculus_49__base4096,math_test_precalculus_49,True,1,1,False,False,False,True,False
batch2:math_test_precalculus_500__base4096,math_test_precalculus_500,True,0,0,False,False,False,True,False
batch2:math_test_precalculus_506__base4096,math_test_precalculus_506,True,1,1,False,False,False,True,False
batch2:math_test_precalculus_527__base4096,math_test_precalculus_527,True,1,0,False,False,False,True,False
batch2:math_test_precalculus_529__base4096,math_test_precalculus_529,True,0,0,False,False,False,True,False
batch2:math_test_precalculus_530__base4096,math_test_precalculus_530,True,1,0,False,False,False,True,False
batch2:math_test_precalculus_532__base4096,math_test_precalculus_532,True,0,0,False,False,False,True,False
batch2:math_test_precalculus_539__base4096,math_test_precalculus_539,True,1,0,False,False,False,True,False
batch2:math_test_precalculus_541__base4096,math_test_precalculus_541,True,1,1,False,False,False,True,False
batch2:math_test_precalculus_55__base4096,math_test_precalculus_55,True,4,1,False,False,False,True,False
batch2:math_test_precalculus_58__base4096,math_test_precalculus_58,True,1,1,False,False,False,True,False
batch2:math_test_precalculus_65__base4096,math_test_precalculus_65,True,1,1,False,False,False,True,False
batch2:math_test_precalculus_7__base4096,math_test_precalculus_7,True,1,0,False,False,True,False,False
batch2:math_test_precalculus_75__base4096,math_test_precalculus_75,True,0,0,False,False,True,False,False
batch2:math_test_precalculus_80__base4096,math_test_precalculus_80,True,1,1,False,False,False,True,False
batch2:math_test_precalculus_82__base4096,math_test_precalculus_82,True,1,0,False,False,False,True,False
batch2:math_test_precalculus_88__base4096,math_test_precalculus_88,True,0,0,False,False,False,True,False
batch2:math_test_precalculus_99__base4096,math_test_precalculus_99,True,0,0,False,False,True,False,False
batch2:math_test_intermediate_algebra_400__control4096,math_test_intermediate_algebra_400,True,1,0,False,False,False,True,False
batch2:math_test_intermediate_algebra_31__control4096,math_test_intermediate_algebra_31,True,0,0,False,False,True,False,False
batch2:math_test_intermediate_algebra_122__control4096,math_test_intermediate_algebra_122,True,0,0,False,False,True,False,False
batch2:math_test_prealgebra_124__control4096,math_test_prealgebra_124,True,0,0,False,False,True,False,False
batch2:math_test_prealgebra_124__upgrade8192,math_test_prealgebra_124,True,0,0,False,False,True,False,False
batch2:math_test_intermediate_algebra_238__control4096,math_test_intermediate_algebra_238,True,2,0,False,False,True,False,False
batch2:math_test_prealgebra_294__control4096,math_test_prealgebra_294,True,1,1,False,False,False,True,False
batch2:math_test_intermediate_algebra_400__upgrade8192,math_test_intermediate_algebra_400,True,2,0,False,False,False,True,False
batch2:math_test_prealgebra_590__upgrade8192,math_test_prealgebra_590,True,0,0,False,False,True,False,False
batch2:math_test_precalculus_7__control4096,math_test_precalculus_7,True,2,1,False,False,False,True,False
batch2:math_test_precalculus_99__control4096,math_test_precalculus_99,True,1,0,False,False,True,False,False
batch2:math_test_intermediate_algebra_241__upgrade8192,math_test_intermediate_algebra_241,True,1,0,False,False,False,True,False
batch2:math_test_geometry_56__control4096,math_test_geometry_56,True,0,0,False,False,True,False,False
batch2:math_test_algebra_789__upgrade8192,math_test_algebra_789,True,1,0,False,False,False,True,False
batch2:math_test_geometry_85__upgrade8192,math_test_geometry_85,True,2,0,False,False,False,True,False
batch2:math_test_precalculus_391__control4096,math_test_precalculus_391,True,1,1,False,False,True,False,False
batch2:math_test_geometry_200__upgrade8192,math_test_geometry_200,True,1,1,False,False,False,True,False
batch2:math_test_intermediate_algebra_618__upgrade8192,math_test_intermediate_algebra_618,True,0,0,False,False,True,False,False
batch2:math_test_precalculus_392__upgrade8192,math_test_precalculus_392,True,3,0,False,False,True,False,False
batch2:math_test_intermediate_algebra_618__control4096,math_test_intermediate_algebra_618,True,0,0,False,False,True,False,False
batch2:math_test_algebra_789__control4096,math_test_algebra_789,True,2,1,False,False,False,True,False
batch2:math_test_precalculus_7__upgrade8192,math_test_precalculus_7,True,1,0,False,False,False,True,False
batch2:math_test_intermediate_algebra_314__upgrade8192,math_test_intermediate_algebra_314,True,2,0,False,False,False,True,False
batch2:math_test_intermediate_algebra_494__upgrade8192,math_test_intermediate_algebra_494,True,0,0,False,False,True,False,False
batch2:math_test_counting_probability_42__control4096,math_test_counting_probability_42,True,3,3,True,False,True,False,False
batch2:math_test_intermediate_algebra_57__control4096,math_test_intermediate_algebra_57,True,1,0,False,False,True,False,False
batch2:math_test_counting_probability_42__upgrade8192,math_test_counting_probability_42,True,3,0,False,False,False,True,False
batch2:math_test_intermediate_algebra_494__control4096,math_test_intermediate_algebra_494,True,0,0,False,False,True,False,False
batch2:math_test_intermediate_algebra_122__upgrade8192,math_test_intermediate_algebra_122,True,1,0,False,False,False,True,False
batch2:math_test_geometry_200__control4096,math_test_geometry_200,True,2,1,False,False,False,True,False
batch2:math_test_prealgebra_551__upgrade8192,math_test_prealgebra_551,True,3,2,False,False,False,True,False
batch2:math_test_intermediate_algebra_238__upgrade8192,math_test_intermediate_algebra_238,True,3,1,False,False,False,True,False
batch2:math_test_geometry_410__upgrade8192,math_test_geometry_410,True,4,1,False,False,False,True,False
batch2:math_test_prealgebra_590__control4096,math_test_prealgebra_590,True,0,0,False,False,True,False,False
batch2:math_test_intermediate_algebra_741__control4096,math_test_intermediate_algebra_741,True,0,0,False,False,True,False,False
batch2:math_test_geometry_56__upgrade8192,math_test_geometry_56,True,0,0,False,False,True,False,False
batch2:math_test_intermediate_algebra_241__control4096,math_test_intermediate_algebra_241,True,2,0,False,False,False,True,False
batch2:math_test_intermediate_algebra_103__control4096,math_test_intermediate_algebra_103,True,1,0,False,False,False,True,False
batch2:math_test_geometry_238__upgrade8192,math_test_geometry_238,True,2,1,False,False,False,True,False
batch2:math_test_geometry_20__control4096,math_test_geometry_20,True,0,0,False,False,True,False,False
batch2:math_test_geometry_345__control4096,math_test_geometry_345,True,1,0,False,False,True,False,False
batch2:math_test_geometry_345__upgrade8192,math_test_geometry_345,True,3,2,False,False,False,True,False
batch2:math_test_precalculus_391__upgrade8192,math_test_precalculus_391,True,2,0,False,False,False,True,False
batch2:math_test_algebra_1161__control4096,math_test_algebra_1161,True,1,1,False,False,True,False,False
batch2:math_test_precalculus_392__control4096,math_test_precalculus_392,True,0,0,False,False,True,False,False
batch2:math_test_geometry_20__upgrade8192,math_test_geometry_20,True,0,0,False,False,True,False,False
batch2:math_test_intermediate_algebra_314__control4096,math_test_intermediate_algebra_314,True,1,0,False,False,False,True,False
batch2:math_test_intermediate_algebra_57__upgrade8192,math_test_intermediate_algebra_57,True,1,0,False,False,False,True,False
batch2:math_test_prealgebra_551__control4096,math_test_prealgebra_551,True,1,0,False,False,False,True,False
batch2:math_test_geometry_238__control4096,math_test_geometry_238,True,1,1,False,False,True,False,False
batch2:math_test_precalculus_423__upgrade8192,math_test_precalculus_423,True,1,1,False,False,False,True,False
batch2:math_test_intermediate_algebra_741__upgrade8192,math_test_intermediate_algebra_741,True,0,0,False,False,True,False,False
batch2:math_test_prealgebra_294__upgrade8192,math_test_prealgebra_294,True,1,0,False,False,False,True,False
batch2:math_test_number_theory_491__control4096,math_test_number_theory_491,True,1,0,False,False,True,False,False
batch2:math_test_algebra_1161__upgrade8192,math_test_algebra_1161,True,5,1,False,False,True,False,False
batch2:math_test_precalculus_99__upgrade8192,math_test_precalculus_99,True,0,0,False,False,True,False,False
batch2:math_test_precalculus_423__control4096,math_test_precalculus_423,True,0,0,False,False,True,False,False
batch2:math_test_intermediate_algebra_31__upgrade8192,math_test_intermediate_algebra_31,True,1,0,False,False,True,False,False
batch2:math_test_intermediate_algebra_103__upgrade8192,math_test_intermediate_algebra_103,True,1,1,False,False,False,True,False
batch2:math_test_algebra_751__upgrade8192,math_test_algebra_751,True,2,1,False,False,False,True,False
batch2:math_test_algebra_751__control4096,math_test_algebra_751,True,1,0,False,False,False,True,False
batch2:math_test_geometry_410__control4096,math_test_geometry_410,True,4,2,False,False,True,False,False
batch2:math_test_geometry_85__control4096,math_test_geometry_85,True,0,0,False,False,True,False,False
batch2:math_test_precalculus_75__control4096,math_test_precalculus_75,True,2,0,False,False,True,False,False
batch2:math_test_number_theory_491__upgrade8192,math_test_number_theory_491,True,9,2,False,True,False,True,False
batch2:math_test_precalculus_75__upgrade8192,math_test_precalculus_75,True,0,0,False,False,False,True,False
batch2:math_test_algebra_1161__upgrade16384,math_test_algebra_1161,True,15,10,True,False,True,False,False
batch2:math_test_geometry_20__upgrade16384,math_test_geometry_20,True,1,0,False,False,False,True,False
batch2:math_test_geometry_56__upgrade16384,math_test_geometry_56,True,2,1,False,False,True,False,False
batch2:math_test_intermediate_algebra_31__upgrade16384,math_test_intermediate_algebra_31,True,3,1,False,False,False,True,False
batch2:math_test_intermediate_algebra_494__upgrade16384,math_test_intermediate_algebra_494,True,6,0,False,False,True,False,False
batch2:math_test_intermediate_algebra_618__upgrade16384,math_test_intermediate_algebra_618,True,2,0,False,False,False,True,False
batch2:math_test_intermediate_algebra_741__upgrade16384,math_test_intermediate_algebra_741,True,2,0,False,False,False,True,False
batch2:math_test_prealgebra_124__upgrade16384,math_test_prealgebra_124,True,5,2,False,False,False,True,False
batch2:math_test_prealgebra_590__upgrade16384,math_test_prealgebra_590,True,2,0,False,False,False,True,False
batch2:math_test_precalculus_392__upgrade16384,math_test_precalculus_392,True,1,1,False,False,False,True,False
batch2:math_test_precalculus_99__upgrade16384,math_test_precalculus_99,True,1,0,False,False,False,True,False
batch1_retries:8192,math_test_counting_probability_101,True,2,0,False,False,False,True,False
batch1_retries:8192,math_test_counting_probability_40,True,4,0,False,False,False,True,False
batch1_retries:8192,math_test_geometry_214,True,5,0,False,False,True,False,False
batch1_retries:8192,math_test_geometry_243,True,2,1,False,False,False,True,False
batch1_retries:8192,math_test_geometry_453,True,1,0,False,False,False,True,False
batch1_retries:8192,math_test_geometry_66,True,0,0,False,False,True,False,False
batch1_retries:8192,math_test_geometry_98,True,2,2,False,False,False,True,False
batch1_retries:8192,math_test_intermediate_algebra_165,True,1,1,False,False,True,False,False
batch1_retries:8192,math_test_intermediate_algebra_237,True,1,0,False,False,True,False,False
batch1_retries:8192,math_test_intermediate_algebra_253,True,4,2,False,False,True,False,False
batch1_retries:8192,math_test_intermediate_algebra_257,True,4,1,False,False,False,True,False
batch1_retries:8192,math_test_intermediate_algebra_294,True,2,0,False,False,False,True,False
batch1_retries:8192,math_test_intermediate_algebra_364,True,4,3,True,False,True,False,False
batch1_retries:8192,math_test_intermediate_algebra_392,True,3,1,False,False,False,True,False
batch1_retries:8192,math_test_intermediate_algebra_408,True,4,0,False,False,False,True,False
batch1_retries:8192,math_test_intermediate_algebra_557,True,1,0,False,False,True,False,False
batch1_retries:8192,math_test_intermediate_algebra_593,True,1,0,False,False,False,True,False
batch1_retries:8192,math_test_intermediate_algebra_6,True,2,0,False,False,False,True,False
batch1_retries:8192,math_test_intermediate_algebra_763,True,2,1,False,False,False,True,False
batch1_retries:8192,math_test_number_theory_273,True,2,0,False,False,True,False,False
batch1_retries:8192,math_test_prealgebra_100,True,3,2,False,False,False,True,False
batch1_retries:8192,math_test_prealgebra_131,True,1,0,False,False,True,False,False
batch1_retries:8192,math_test_prealgebra_573,True,2,0,False,True,False,True,False
batch1_retries:8192,math_test_prealgebra_583,True,0,0,False,False,True,False,False
batch1_retries:8192,math_test_prealgebra_743,True,2,1,False,False,False,True,False
batch1_retries:8192,math_test_prealgebra_796,True,2,0,False,False,False,True,False
batch1_retries:8192,math_test_precalculus_219,True,2,0,False,False,False,True,False
batch1_retries:16384,math_test_geometry_214,True,5,4,True,False,False,True,False
batch1_retries:16384,math_test_geometry_66,True,6,5,True,False,True,False,False
batch1_retries:16384,math_test_intermediate_algebra_165,True,1,1,False,False,False,True,False
batch1_retries:16384,math_test_intermediate_algebra_237,True,6,3,False,False,False,True,False
batch1_retries:16384,math_test_intermediate_algebra_253,True,8,0,False,False,True,False,False
batch1_retries:16384,math_test_intermediate_algebra_364,True,1,0,False,False,False,True,False
batch1_retries:16384,math_test_intermediate_algebra_557,True,2,0,False,False,False,True,False
batch1_retries:16384,math_test_number_theory_273,True,3,0,False,False,False,True,False
batch1_retries:16384,math_test_prealgebra_131,True,3,0,False,False,False,True,False
batch1_retries:16384,math_test_prealgebra_583,True,4,1,False,False,False,True,False
earlier_recovery:confirmation_recovery:math_train_intermediate_algebra_501:continue,math_train_intermediate_algebra_501,True,1,0,False,False,False,True,False
earlier_recovery:train_cf:math_train_prealgebra_76:retry,math_train_prealgebra_76,True,3,0,False,False,True,False,False
earlier_recovery:confirmation_recovery:math_train_intermediate_algebra_210:retry,math_train_intermediate_algebra_210,True,2,1,False,False,False,True,False
earlier_recovery:confirmation_initial:math_train_geometry_575,math_train_geometry_575,True,0,0,False,False,True,False,False
earlier_recovery:confirmation_recovery:math_train_prealgebra_678:retry,math_train_prealgebra_678,True,1,0,False,False,False,True,False
earlier_recovery:train_cf:math_train_precalculus_444:retry,math_train_precalculus_444,True,1,0,False,False,True,False,False
earlier_recovery:confirmation_recovery:math_train_prealgebra_267:retry,math_train_prealgebra_267,True,1,0,False,False,False,True,False
earlier_recovery:train_cf:math_train_prealgebra_76:replan,math_train_prealgebra_76,True,4,0,False,False,True,False,False
earlier_recovery:train_cf:math_train_geometry_281:replan,math_train_geometry_281,True,2,0,False,False,False,True,False
earlier_recovery:confirmation_recovery:math_train_algebra_5:retry,math_train_algebra_5,True,0,0,False,False,False,True,False
earlier_recovery:confirmation_initial:math_train_number_theory_593,math_train_number_theory_593,True,1,0,False,False,False,True,False
earlier_recovery:confirmation_initial:math_train_algebra_1359,math_train_algebra_1359,True,0,0,False,False,False,True,False
earlier_recovery:confirmation_initial:math_train_number_theory_589,math_train_number_theory_589,True,1,0,False,False,False,True,False
earlier_recovery:confirmation_initial:math_train_intermediate_algebra_210,math_train_intermediate_algebra_210,True,1,0,False,False,False,True,False
earlier_recovery:train_cf:math_train_number_theory_791:repair,math_train_number_theory_791,True,0,0,False,False,True,False,False
earlier_recovery:train_cf:math_train_geometry_281:retry,math_train_geometry_281,True,1,0,False,False,False,True,False
earlier_recovery:train_cf:math_train_counting_probability_424:repair,math_train_counting_probability_424,True,0,0,False,False,True,False,False
earlier_recovery:confirmation_recovery:math_train_geometry_387:retry,math_train_geometry_387,True,1,0,False,False,False,True,False
earlier_recovery:train_cf:math_train_precalculus_444:repair,math_train_precalculus_444,True,2,0,False,False,True,False,False
earlier_recovery:train_cf:math_train_intermediate_algebra_337:retry,math_train_intermediate_algebra_337,True,2,0,False,False,True,False,False
earlier_recovery:train_cf:math_train_intermediate_algebra_337:continue,math_train_intermediate_algebra_337,True,1,0,False,False,False,True,False
earlier_recovery:confirmation_recovery:math_train_precalculus_22:retry,math_train_precalculus_22,True,1,0,False,False,False,True,False
earlier_recovery:confirmation_recovery:math_train_number_theory_404:retry,math_train_number_theory_404,True,0,0,False,False,False,True,False
earlier_recovery:confirmation_initial:math_train_algebra_5,math_train_algebra_5,True,1,0,False,False,False,True,False
earlier_recovery:confirmation_recovery:math_train_geometry_575:retry,math_train_geometry_575,True,0,0,False,False,True,False,False
earlier_recovery:confirmation_initial:math_train_number_theory_198,math_train_number_theory_198,True,2,0,False,False,False,True,False
earlier_recovery:train_cf:math_train_number_theory_791:retry,math_train_number_theory_791,True,0,0,False,False,True,False,False
earlier_recovery:confirmation_initial:math_train_intermediate_algebra_1037,math_train_intermediate_algebra_1037,True,0,0,False,False,False,True,False
earlier_recovery:confirmation_recovery:math_train_algebra_443:retry,math_train_algebra_443,True,0,0,False,False,False,True,False
earlier_recovery:train_cf:math_train_intermediate_algebra_337:replan,math_train_intermediate_algebra_337,True,1,0,False,False,False,True,False
earlier_recovery:confirmation_recovery:math_train_prealgebra_615:continue,math_train_prealgebra_615,True,0,0,False,False,True,False,False
earlier_recovery:confirmation_initial:math_train_counting_probability_703,math_train_counting_probability_703,True,0,0,False,False,False,True,False
earlier_recovery:confirmation_initial:math_train_prealgebra_678,math_train_prealgebra_678,True,0,0,False,False,False,True,False
earlier_recovery:confirmation_recovery:math_train_intermediate_algebra_501:retry,math_train_intermediate_algebra_501,True,4,2,False,False,False,True,False
earlier_recovery:confirmation_recovery:math_train_geometry_575:continue,math_train_geometry_575,True,0,0,False,False,True,False,False
earlier_recovery:train_cf:math_train_prealgebra_76:continue,math_train_prealgebra_76,True,2,0,False,False,False,True,False
earlier_recovery:confirmation_recovery:math_train_algebra_1359:retry,math_train_algebra_1359,True,1,0,False,False,False,True,False
earlier_recovery:train_cf:math_train_prealgebra_830:replan,math_train_prealgebra_830,True,0,0,False,False,True,False,False
earlier_recovery:confirmation_initial:math_train_precalculus_64,math_train_precalculus_64,True,1,0,False,False,False,True,False
earlier_recovery:confirmation_initial:math_train_counting_probability_473,math_train_counting_probability_473,True,1,0,False,False,False,True,False
earlier_recovery:confirmation_recovery:math_train_algebra_1116:retry,math_train_algebra_1116,True,0,0,False,False,False,True,False
earlier_recovery:confirmation_initial:math_train_geometry_387,math_train_geometry_387,True,1,1,False,False,False,True,False
earlier_recovery:train_cf:math_train_prealgebra_830:retry,math_train_prealgebra_830,True,2,0,False,False,False,True,False
earlier_recovery:confirmation_initial:math_train_precalculus_261,math_train_precalculus_261,True,1,0,False,False,False,True,False
earlier_recovery:confirmation_initial:math_train_algebra_443,math_train_algebra_443,True,2,1,False,False,False,True,False
earlier_recovery:confirmation_recovery:math_train_number_theory_589:retry,math_train_number_theory_589,True,1,0,False,False,True,False,False
earlier_recovery:train_cf:math_train_counting_probability_424:retry,math_train_counting_probability_424,True,0,0,False,False,True,False,False
earlier_recovery:train_cf:math_train_counting_probability_424:continue,math_train_counting_probability_424,True,0,0,False,False,True,False,False
earlier_recovery:train_cf:math_train_geometry_281:continue,math_train_geometry_281,True,4,2,False,False,False,True,False
earlier_recovery:confirmation_recovery:math_train_precalculus_261:retry,math_train_precalculus_261,True,1,0,False,False,False,True,False
earlier_recovery:confirmation_recovery:math_train_intermediate_algebra_475:continue,math_train_intermediate_algebra_475,True,0,0,False,False,True,False,False
earlier_recovery:confirmation_recovery:math_train_geometry_775:continue,math_train_geometry_775,True,1,0,False,False,True,False,False
earlier_recovery:confirmation_recovery:math_train_intermediate_algebra_475:retry,math_train_intermediate_algebra_475,True,1,0,False,False,True,False,False
earlier_recovery:confirmation_initial:math_train_algebra_1116,math_train_algebra_1116,True,1,1,False,False,False,True,False
earlier_recovery:confirmation_recovery:math_train_counting_probability_473:retry,math_train_counting_probability_473,True,1,0,False,False,False,True,False
earlier_recovery:confirmation_recovery:math_train_number_theory_593:retry,math_train_number_theory_593,True,1,0,False,False,False,True,False
earlier_recovery:confirmation_initial:math_train_intermediate_algebra_501,math_train_intermediate_algebra_501,True,1,0,False,False,True,False,False
earlier_recovery:train_cf:math_train_counting_probability_424:replan,math_train_counting_probability_424,True,0,0,False,False,True,False,False
earlier_recovery:train_cf:math_train_precalculus_444:replan,math_train_precalculus_444,True,0,0,False,False,True,False,False
earlier_recovery:confirmation_recovery:math_train_counting_probability_703:retry,math_train_counting_probability_703,True,1,0,False,False,False,True,False
earlier_recovery:train_cf:math_train_prealgebra_830:repair,math_train_prealgebra_830,True,0,0,False,False,True,False,False
earlier_recovery:train_cf:math_train_geometry_281:repair,math_train_geometry_281,True,2,1,False,False,False,True,False
earlier_recovery:train_cf:math_train_prealgebra_76:repair,math_train_prealgebra_76,True,3,1,False,False,False,True,False
earlier_recovery:confirmation_recovery:math_train_prealgebra_615:retry,math_train_prealgebra_615,True,0,0,False,False,True,False,False
earlier_recovery:confirmation_initial:math_train_number_theory_404,math_train_number_theory_404,True,1,1,False,False,False,True,False
earlier_recovery:confirmation_initial:math_train_geometry_775,math_train_geometry_775,True,0,0,False,False,True,False,False
earlier_recovery:confirmation_initial:math_train_prealgebra_267,math_train_prealgebra_267,True,1,0,False,False,False,True,False
earlier_recovery:train_cf:math_train_precalculus_444:continue,math_train_precalculus_444,True,0,0,False,False,True,False,False
earlier_recovery:confirmation_recovery:math_train_precalculus_64:retry,math_train_precalculus_64,True,0,0,False,False,False,True,False
earlier_recovery:confirmation_recovery:math_train_number_theory_198:retry,math_train_number_theory_198,True,1,0,False,False,False,True,False
earlier_recovery:confirmation_initial:math_train_prealgebra_615,math_train_prealgebra_615,True,0,0,False,False,True,False,False
earlier_recovery:confirmation_recovery:math_train_counting_probability_618:retry,math_train_counting_probability_618,True,0,0,False,False,False,True,False
earlier_recovery:confirmation_initial:math_train_intermediate_algebra_475,math_train_intermediate_algebra_475,True,0,0,False,False,True,False,False
earlier_recovery:train_cf:math_train_intermediate_algebra_337:repair,math_train_intermediate_algebra_337,True,1,0,False,False,True,False,False
earlier_recovery:confirmation_recovery:math_train_intermediate_algebra_1037:retry,math_train_intermediate_algebra_1037,True,0,0,False,False,False,True,False
earlier_recovery:confirmation_recovery:math_train_geometry_775:retry,math_train_geometry_775,True,0,0,False,False,True,False,False
earlier_recovery:confirmation_initial:math_train_counting_probability_618,math_train_counting_probability_618,True,1,0,False,False,False,True,False
earlier_recovery:confirmation_initial:math_train_precalculus_22,math_train_precalculus_22,True,1,0,False,False,False,True,False
earlier_recovery:train_cf:math_train_number_theory_791:replan,math_train_number_theory_791,True,0,0,False,False,True,False,False
earlier_recovery:train_cf:math_train_prealgebra_830:continue,math_train_prealgebra_830,True,2,0,False,False,False,True,False
earlier_recovery:train_cf:math_train_number_theory_791:continue,math_train_number_theory_791,True,0,0,False,False,True,False,False
