task_id,subject,level,base_answer,adaptive_answer,base_legacy_correct,base_fixed_correct,adaptive_legacy_correct,adaptive_fixed_correct,base_complete,adaptive_complete,first_pass_truncated,retry_8192_used,retry_16384_used,base_input_tokens,base_output_tokens,base_total_tokens,adaptive_input_tokens,adaptive_output_tokens,adaptive_total_tokens,adaptive_calls,scoring_fix_effect,adaptive_budget_effect,base_fixed_status,adaptive_fixed_status,base_source,adaptive_source,selected_budget,base_cost_usd_estimate,adaptive_cost_usd_estimate,fixed_evaluator_sha256,reference_commit
math_test_algebra_1020,algebra,Level 3,-4,-4,True,True,True,True,True,True,False,False,False,77,209,286,77,209,286,1,0,0,symbolic,symbolic,raw/math_test_algebra_1020__base4096.json,raw/math_test_algebra_1020__base4096.json,4096,0.00013695,0.00013695,f6a583a12f4224ef3a07a9a76f7ba1895d268f7aa8ca31b1c1caac595cd0a4e8,c2586290a0086b0b9da3705e9799c2d04e060b32
math_test_algebra_1022,algebra,Level 5,\(\frac{3}{2}\),\(\frac{3}{2}\),True,True,True,True,True,True,False,False,False,100,366,466,100,366,466,1,0,0,symbolic,symbolic,raw/math_test_algebra_1022__base4096.json,raw/math_test_algebra_1022__base4096.json,4096,0.00023459999999999998,0.00023459999999999998,f6a583a12f4224ef3a07a9a76f7ba1895d268f7aa8ca31b1c1caac595cd0a4e8,c2586290a0086b0b9da3705e9799c2d04e060b32
math_test_algebra_1034,algebra,Level 1,10 seconds,10 seconds,True,True,True,True,True,True,False,False,False,110,207,317,110,207,317,1,0,0,symbolic,symbolic,raw/math_test_algebra_1034__base4096.json,raw/math_test_algebra_1034__base4096.json,4096,0.00014069999999999998,0.00014069999999999998,f6a583a12f4224ef3a07a9a76f7ba1895d268f7aa8ca31b1c1caac595cd0a4e8,c2586290a0086b0b9da3705e9799c2d04e060b32
math_test_algebra_1042,algebra,Level 4,3,3,True,True,True,True,True,True,False,False,False,184,322,506,184,322,506,1,0,0,symbolic,symbolic,raw/math_test_algebra_1042__base4096.json,raw/math_test_algebra_1042__base4096.json,4096,0.00022079999999999997,0.00022079999999999997,f6a583a12f4224ef3a07a9a76f7ba1895d268f7aa8ca31b1c1caac595cd0a4e8,c2586290a0086b0b9da3705e9799c2d04e060b32
math_test_algebra_1052,algebra,Level 5,"\([-10,4]\)","\([-10,4]\)",True,True,True,True,True,True,False,False,False,121,173,294,121,173,294,1,0,0,structured,structured,raw/math_test_algebra_1052__base4096.json,raw/math_test_algebra_1052__base4096.json,4096,0.00012194999999999998,0.00012194999999999998,f6a583a12f4224ef3a07a9a76f7ba1895d268f7aa8ca31b1c1caac595cd0a4e8,c2586290a0086b0b9da3705e9799c2d04e060b32
math_test_algebra_1071,algebra,Level 5,p+q-r,p+q-r,True,True,True,True,True,True,False,False,False,111,473,584,111,473,584,1,0,0,symbolic,symbolic,raw/math_test_algebra_1071__base4096.json,raw/math_test_algebra_1071__base4096.json,4096,0.00030045,0.00030045,f6a583a12f4224ef3a07a9a76f7ba1895d268f7aa8ca31b1c1caac595cd0a4e8,c2586290a0086b0b9da3705e9799c2d04e060b32
math_test_algebra_1075,algebra,Level 3,19,19,True,True,True,True,True,True,False,False,False,100,263,363,100,263,363,1,0,0,symbolic,symbolic,raw/math_test_algebra_1075__base4096.json,raw/math_test_algebra_1075__base4096.json,4096,0.00017279999999999997,0.00017279999999999997,f6a583a12f4224ef3a07a9a76f7ba1895d268f7aa8ca31b1c1caac595cd0a4e8,c2586290a0086b0b9da3705e9799c2d04e060b32
math_test_algebra_1083,algebra,Level 2,1,1,True,True,True,True,True,True,False,False,False,130,371,501,130,371,501,1,0,0,symbolic,symbolic,raw/math_test_algebra_1083__base4096.json,raw/math_test_algebra_1083__base4096.json,4096,0.0002421,0.0002421,f6a583a12f4224ef3a07a9a76f7ba1895d268f7aa8ca31b1c1caac595cd0a4e8,c2586290a0086b0b9da3705e9799c2d04e060b32
math_test_algebra_1090,algebra,Level 4,5,5,True,True,True,True,True,True,False,False,False,100,433,533,100,433,533,1,0,0,symbolic,symbolic,raw/math_test_algebra_1090__base4096.json,raw/math_test_algebra_1090__base4096.json,4096,0.0002748,0.0002748,f6a583a12f4224ef3a07a9a76f7ba1895d268f7aa8ca31b1c1caac595cd0a4e8,c2586290a0086b0b9da3705e9799c2d04e060b32
math_test_algebra_1091,algebra,Level 4,3,3,True,True,True,True,True,True,False,False,False,89,1778,1867,89,1778,1867,1,0,0,symbolic,symbolic,raw/math_test_algebra_1091__base4096.json,raw/math_test_algebra_1091__base4096.json,4096,0.0010801499999999998,0.0010801499999999998,f6a583a12f4224ef3a07a9a76f7ba1895d268f7aa8ca31b1c1caac595cd0a4e8,c2586290a0086b0b9da3705e9799c2d04e060b32
math_test_algebra_1099,algebra,Level 3,\(1\),\(1\),True,True,True,True,True,True,False,False,False,82,429,511,82,429,511,1,0,0,symbolic,symbolic,raw/math_test_algebra_1099__base4096.json,raw/math_test_algebra_1099__base4096.json,4096,0.0002697,0.0002697,f6a583a12f4224ef3a07a9a76f7ba1895d268f7aa8ca31b1c1caac595cd0a4e8,c2586290a0086b0b9da3705e9799c2d04e060b32
math_test_algebra_1115,algebra,Level 4,36,36,True,True,True,True,True,True,False,False,False,77,515,592,77,515,592,1,0,0,symbolic,symbolic,raw/math_test_algebra_1115__base4096.json,raw/math_test_algebra_1115__base4096.json,4096,0.00032055,0.00032055,f6a583a12f4224ef3a07a9a76f7ba1895d268f7aa8ca31b1c1caac595cd0a4e8,c2586290a0086b0b9da3705e9799c2d04e060b32
math_test_algebra_1120,algebra,Level 2,\frac14,\frac14,True,True,True,True,True,True,False,False,False,91,221,312,91,221,312,1,0,0,symbolic,symbolic,raw/math_test_algebra_1120__base4096.json,raw/math_test_algebra_1120__base4096.json,4096,0.00014625,0.00014625,f6a583a12f4224ef3a07a9a76f7ba1895d268f7aa8ca31b1c1caac595cd0a4e8,c2586290a0086b0b9da3705e9799c2d04e060b32
math_test_algebra_1126,algebra,Level 1,10,10,True,True,True,True,True,True,False,False,False,87,158,245,87,158,245,1,0,0,symbolic,symbolic,raw/math_test_algebra_1126__base4096.json,raw/math_test_algebra_1126__base4096.json,4096,0.00010784999999999999,0.00010784999999999999,f6a583a12f4224ef3a07a9a76f7ba1895d268f7aa8ca31b1c1caac595cd0a4e8,c2586290a0086b0b9da3705e9799c2d04e060b32
math_test_algebra_1133,algebra,Level 2,27,27,True,True,True,True,True,True,False,False,False,92,256,348,92,256,348,1,0,0,symbolic,symbolic,raw/math_test_algebra_1133__base4096.json,raw/math_test_algebra_1133__base4096.json,4096,0.0001674,0.0001674,f6a583a12f4224ef3a07a9a76f7ba1895d268f7aa8ca31b1c1caac595cd0a4e8,c2586290a0086b0b9da3705e9799c2d04e060b32
math_test_algebra_1147,algebra,Level 1,1,1,True,True,True,True,True,True,False,False,False,85,170,255,85,170,255,1,0,0,symbolic,symbolic,raw/math_test_algebra_1147__base4096.json,raw/math_test_algebra_1147__base4096.json,4096,0.00011475,0.00011475,f6a583a12f4224ef3a07a9a76f7ba1895d268f7aa8ca31b1c1caac595cd0a4e8,c2586290a0086b0b9da3705e9799c2d04e060b32
math_test_algebra_1160,algebra,Level 2,2,2,True,True,True,True,True,True,False,False,False,86,288,374,86,288,374,1,0,0,symbolic,symbolic,raw/math_test_algebra_1160__base4096.json,raw/math_test_algebra_1160__base4096.json,4096,0.0001857,0.0001857,f6a583a12f4224ef3a07a9a76f7ba1895d268f7aa8ca31b1c1caac595cd0a4e8,c2586290a0086b0b9da3705e9799c2d04e060b32
math_test_algebra_1161,algebra,Level 5,,,False,False,False,False,False,False,True,True,True,428,4096,4524,1284,28672,29956,3,0,0,truncated,truncated,raw/math_test_algebra_1161__base4096.json,raw/math_test_algebra_1161__upgrade16384.json,16384,0.0025218,0.017320535999999997,f6a583a12f4224ef3a07a9a76f7ba1895d268f7aa8ca31b1c1caac595cd0a4e8,c2586290a0086b0b9da3705e9799c2d04e060b32
math_test_algebra_1167,algebra,Level 4,\(-8\),\(-8\),True,True,True,True,True,True,False,False,False,131,244,375,131,244,375,1,0,0,symbolic,symbolic,raw/math_test_algebra_1167__base4096.json,raw/math_test_algebra_1167__base4096.json,4096,0.00016605000000000002,0.00016605000000000002,f6a583a12f4224ef3a07a9a76f7ba1895d268f7aa8ca31b1c1caac595cd0a4e8,c2586290a0086b0b9da3705e9799c2d04e060b32
math_test_algebra_1173,algebra,Level 5,\(-4\),\(-4\),True,True,True,True,True,True,False,False,False,98,362,460,98,362,460,1,0,0,symbolic,symbolic,raw/math_test_algebra_1173__base4096.json,raw/math_test_algebra_1173__base4096.json,4096,0.00023189999999999997,0.00023189999999999997,f6a583a12f4224ef3a07a9a76f7ba1895d268f7aa8ca31b1c1caac595cd0a4e8,c2586290a0086b0b9da3705e9799c2d04e060b32
math_test_algebra_1177,algebra,Level 5,228.3,228.3,True,True,True,True,True,True,False,False,False,131,1492,1623,131,1492,1623,1,0,0,symbolic,symbolic,raw/math_test_algebra_1177__base4096.json,raw/math_test_algebra_1177__base4096.json,4096,0.0009148499999999999,0.0009148499999999999,f6a583a12f4224ef3a07a9a76f7ba1895d268f7aa8ca31b1c1caac595cd0a4e8,c2586290a0086b0b9da3705e9799c2d04e060b32
math_test_algebra_511,algebra,Level 4,13,13,True,True,True,True,True,True,False,False,False,123,730,853,123,730,853,1,0,0,symbolic,symbolic,raw/math_test_algebra_511__base4096.json,raw/math_test_algebra_511__base4096.json,4096,0.00045645,0.00045645,f6a583a12f4224ef3a07a9a76f7ba1895d268f7aa8ca31b1c1caac595cd0a4e8,c2586290a0086b0b9da3705e9799c2d04e060b32
math_test_algebra_522,algebra,Level 4,28,28,True,True,True,True,True,True,False,False,False,144,478,622,144,478,622,1,0,0,symbolic,symbolic,raw/math_test_algebra_522__base4096.json,raw/math_test_algebra_522__base4096.json,4096,0.0003084,0.0003084,f6a583a12f4224ef3a07a9a76f7ba1895d268f7aa8ca31b1c1caac595cd0a4e8,c2586290a0086b0b9da3705e9799c2d04e060b32
math_test_algebra_528,algebra,Level 2,11,11,True,True,True,True,True,True,False,False,False,102,195,297,102,195,297,1,0,0,symbolic,symbolic,raw/math_test_algebra_528__base4096.json,raw/math_test_algebra_528__base4096.json,4096,0.00013230000000000002,0.00013230000000000002,f6a583a12f4224ef3a07a9a76f7ba1895d268f7aa8ca31b1c1caac595cd0a4e8,c2586290a0086b0b9da3705e9799c2d04e060b32
math_test_algebra_530,algebra,Level 4,\frac14,\frac14,True,True,True,True,True,True,False,False,False,102,462,564,102,462,564,1,0,0,symbolic,symbolic,raw/math_test_algebra_530__base4096.json,raw/math_test_algebra_530__base4096.json,4096,0.0002925,0.0002925,f6a583a12f4224ef3a07a9a76f7ba1895d268f7aa8ca31b1c1caac595cd0a4e8,c2586290a0086b0b9da3705e9799c2d04e060b32
math_test_algebra_542,algebra,Level 5,6,6,True,True,True,True,True,True,False,False,False,131,1090,1221,131,1090,1221,1,0,0,symbolic,symbolic,raw/math_test_algebra_542__base4096.json,raw/math_test_algebra_542__base4096.json,4096,0.00067365,0.00067365,f6a583a12f4224ef3a07a9a76f7ba1895d268f7aa8ca31b1c1caac595cd0a4e8,c2586290a0086b0b9da3705e9799c2d04e060b32
math_test_algebra_545,algebra,Level 5,7,7,True,True,True,True,True,True,False,False,False,87,140,227,87,140,227,1,0,0,symbolic,symbolic,raw/math_test_algebra_545__base4096.json,raw/math_test_algebra_545__base4096.json,4096,9.705e-05,9.705e-05,f6a583a12f4224ef3a07a9a76f7ba1895d268f7aa8ca31b1c1caac595cd0a4e8,c2586290a0086b0b9da3705e9799c2d04e060b32
math_test_algebra_564,algebra,Level 3,11,11,True,True,True,True,True,True,False,False,False,90,379,469,90,379,469,1,0,0,symbolic,symbolic,raw/math_test_algebra_564__base4096.json,raw/math_test_algebra_564__base4096.json,4096,0.0002409,0.0002409,f6a583a12f4224ef3a07a9a76f7ba1895d268f7aa8ca31b1c1caac595cd0a4e8,c2586290a0086b0b9da3705e9799c2d04e060b32
math_test_algebra_568,algebra,Level 5,\(\frac{21}{43}\),\(\frac{21}{43}\),True,True,True,True,True,True,False,False,False,103,602,705,103,602,705,1,0,0,symbolic,symbolic,raw/math_test_algebra_568__base4096.json,raw/math_test_algebra_568__base4096.json,4096,0.00037664999999999997,0.00037664999999999997,f6a583a12f4224ef3a07a9a76f7ba1895d268f7aa8ca31b1c1caac595cd0a4e8,c2586290a0086b0b9da3705e9799c2d04e060b32
math_test_algebra_580,algebra,Level 2,2,2,True,True,True,True,True,True,False,False,False,67,156,223,67,156,223,1,0,0,symbolic,symbolic,raw/math_test_algebra_580__base4096.json,raw/math_test_algebra_580__base4096.json,4096,0.00010364999999999999,0.00010364999999999999,f6a583a12f4224ef3a07a9a76f7ba1895d268f7aa8ca31b1c1caac595cd0a4e8,c2586290a0086b0b9da3705e9799c2d04e060b32
math_test_algebra_620,algebra,Level 5,10,10,True,True,True,True,True,True,False,False,False,101,2084,2185,101,2084,2185,1,0,0,symbolic,symbolic,raw/math_test_algebra_620__base4096.json,raw/math_test_algebra_620__base4096.json,4096,0.00126555,0.00126555,f6a583a12f4224ef3a07a9a76f7ba1895d268f7aa8ca31b1c1caac595cd0a4e8,c2586290a0086b0b9da3705e9799c2d04e060b32
math_test_algebra_621,algebra,Level 4,324,324,True,True,True,True,True,True,False,False,False,76,206,282,76,206,282,1,0,0,symbolic,symbolic,raw/math_test_algebra_621__base4096.json,raw/math_test_algebra_621__base4096.json,4096,0.000135,0.000135,f6a583a12f4224ef3a07a9a76f7ba1895d268f7aa8ca31b1c1caac595cd0a4e8,c2586290a0086b0b9da3705e9799c2d04e060b32
math_test_algebra_628,algebra,Level 5,\(\frac43\),\(\frac43\),True,True,True,True,True,True,False,False,False,123,628,751,123,628,751,1,0,0,symbolic,symbolic,raw/math_test_algebra_628__base4096.json,raw/math_test_algebra_628__base4096.json,4096,0.00039525,0.00039525,f6a583a12f4224ef3a07a9a76f7ba1895d268f7aa8ca31b1c1caac595cd0a4e8,c2586290a0086b0b9da3705e9799c2d04e060b32
math_test_algebra_642,algebra,Level 5,81,81,True,True,True,True,True,True,False,False,False,93,625,718,93,625,718,1,0,0,symbolic,symbolic,raw/math_test_algebra_642__base4096.json,raw/math_test_algebra_642__base4096.json,4096,0.00038895,0.00038895,f6a583a12f4224ef3a07a9a76f7ba1895d268f7aa8ca31b1c1caac595cd0a4e8,c2586290a0086b0b9da3705e9799c2d04e060b32
math_test_algebra_652,algebra,Level 5,2k,2k,True,True,True,True,True,True,False,False,False,121,501,622,121,501,622,1,0,0,symbolic,symbolic,raw/math_test_algebra_652__base4096.json,raw/math_test_algebra_652__base4096.json,4096,0.00031874999999999997,0.00031874999999999997,f6a583a12f4224ef3a07a9a76f7ba1895d268f7aa8ca31b1c1caac595cd0a4e8,c2586290a0086b0b9da3705e9799c2d04e060b32
math_test_algebra_663,algebra,Level 3,1,1,True,True,True,True,True,True,False,False,False,80,185,265,80,185,265,1,0,0,symbolic,symbolic,raw/math_test_algebra_663__base4096.json,raw/math_test_algebra_663__base4096.json,4096,0.000123,0.000123,f6a583a12f4224ef3a07a9a76f7ba1895d268f7aa8ca31b1c1caac595cd0a4e8,c2586290a0086b0b9da3705e9799c2d04e060b32
math_test_algebra_695,algebra,Level 4,8,8,True,True,True,True,True,True,False,False,False,91,346,437,91,346,437,1,0,0,symbolic,symbolic,raw/math_test_algebra_695__base4096.json,raw/math_test_algebra_695__base4096.json,4096,0.00022125,0.00022125,f6a583a12f4224ef3a07a9a76f7ba1895d268f7aa8ca31b1c1caac595cd0a4e8,c2586290a0086b0b9da3705e9799c2d04e060b32
math_test_algebra_697,algebra,Level 4,6,6,True,True,True,True,True,True,False,False,False,108,934,1042,108,934,1042,1,0,0,symbolic,symbolic,raw/math_test_algebra_697__base4096.json,raw/math_test_algebra_697__base4096.json,4096,0.0005766,0.0005766,f6a583a12f4224ef3a07a9a76f7ba1895d268f7aa8ca31b1c1caac595cd0a4e8,c2586290a0086b0b9da3705e9799c2d04e060b32
math_test_algebra_704,algebra,Level 5,\(\frac{128}{3}\),\(\frac{128}{3}\),True,True,True,True,True,True,False,False,False,125,526,651,125,526,651,1,0,0,symbolic,symbolic,raw/math_test_algebra_704__base4096.json,raw/math_test_algebra_704__base4096.json,4096,0.00033434999999999997,0.00033434999999999997,f6a583a12f4224ef3a07a9a76f7ba1895d268f7aa8ca31b1c1caac595cd0a4e8,c2586290a0086b0b9da3705e9799c2d04e060b32
math_test_algebra_718,algebra,Level 2,2,2,True,True,True,True,True,True,False,False,False,76,191,267,76,191,267,1,0,0,symbolic,symbolic,raw/math_test_algebra_718__base4096.json,raw/math_test_algebra_718__base4096.json,4096,0.000126,0.000126,f6a583a12f4224ef3a07a9a76f7ba1895d268f7aa8ca31b1c1caac595cd0a4e8,c2586290a0086b0b9da3705e9799c2d04e060b32
math_test_algebra_722,algebra,Level 5,-\frac{35}{9},-\frac{35}{9},True,True,True,True,True,True,False,False,False,118,630,748,118,630,748,1,0,0,symbolic,symbolic,raw/math_test_algebra_722__base4096.json,raw/math_test_algebra_722__base4096.json,4096,0.00039569999999999997,0.00039569999999999997,f6a583a12f4224ef3a07a9a76f7ba1895d268f7aa8ca31b1c1caac595cd0a4e8,c2586290a0086b0b9da3705e9799c2d04e060b32
math_test_algebra_737,algebra,Level 2,3,3,True,True,True,True,True,True,False,False,False,81,164,245,81,164,245,1,0,0,symbolic,symbolic,raw/math_test_algebra_737__base4096.json,raw/math_test_algebra_737__base4096.json,4096,0.00011055,0.00011055,f6a583a12f4224ef3a07a9a76f7ba1895d268f7aa8ca31b1c1caac595cd0a4e8,c2586290a0086b0b9da3705e9799c2d04e060b32
math_test_algebra_747,algebra,Level 1,9,9,True,True,True,True,True,True,False,False,False,96,190,286,96,190,286,1,0,0,symbolic,symbolic,raw/math_test_algebra_747__base4096.json,raw/math_test_algebra_747__base4096.json,4096,0.0001284,0.0001284,f6a583a12f4224ef3a07a9a76f7ba1895d268f7aa8ca31b1c1caac595cd0a4e8,c2586290a0086b0b9da3705e9799c2d04e060b32
math_test_algebra_751,algebra,Level 2,,11,False,False,True,True,False,True,True,True,False,181,4096,4277,362,6585,6947,2,0,1,truncated,symbolic,raw/math_test_algebra_751__base4096.json,raw/math_test_algebra_751__upgrade8192.json,8192,0.00248475,0.0040053,f6a583a12f4224ef3a07a9a76f7ba1895d268f7aa8ca31b1c1caac595cd0a4e8,c2586290a0086b0b9da3705e9799c2d04e060b32
math_test_algebra_754,algebra,Level 3,11,11,True,True,True,True,True,True,False,False,False,108,378,486,108,378,486,1,0,0,symbolic,symbolic,raw/math_test_algebra_754__base4096.json,raw/math_test_algebra_754__base4096.json,4096,0.00024299999999999997,0.00024299999999999997,f6a583a12f4224ef3a07a9a76f7ba1895d268f7aa8ca31b1c1caac595cd0a4e8,c2586290a0086b0b9da3705e9799c2d04e060b32
math_test_algebra_760,algebra,Level 3,210,210,True,True,True,True,True,True,False,False,False,93,213,306,93,213,306,1,0,0,symbolic,symbolic,raw/math_test_algebra_760__base4096.json,raw/math_test_algebra_760__base4096.json,4096,0.00014175,0.00014175,f6a583a12f4224ef3a07a9a76f7ba1895d268f7aa8ca31b1c1caac595cd0a4e8,c2586290a0086b0b9da3705e9799c2d04e060b32
math_test_algebra_764,algebra,Level 4,78,78,True,True,True,True,True,True,False,False,False,86,263,349,86,263,349,1,0,0,symbolic,symbolic,raw/math_test_algebra_764__base4096.json,raw/math_test_algebra_764__base4096.json,4096,0.0001707,0.0001707,f6a583a12f4224ef3a07a9a76f7ba1895d268f7aa8ca31b1c1caac595cd0a4e8,c2586290a0086b0b9da3705e9799c2d04e060b32
math_test_algebra_767,algebra,Level 1,6,6,True,True,True,True,True,True,False,False,False,80,512,592,80,512,592,1,0,0,symbolic,symbolic,raw/math_test_algebra_767__base4096.json,raw/math_test_algebra_767__base4096.json,4096,0.0003192,0.0003192,f6a583a12f4224ef3a07a9a76f7ba1895d268f7aa8ca31b1c1caac595cd0a4e8,c2586290a0086b0b9da3705e9799c2d04e060b32
math_test_algebra_774,algebra,Level 2,4x-7,4x-7,True,True,True,True,True,True,False,False,False,116,327,443,116,327,443,1,0,0,symbolic,symbolic,raw/math_test_algebra_774__base4096.json,raw/math_test_algebra_774__base4096.json,4096,0.0002136,0.0002136,f6a583a12f4224ef3a07a9a76f7ba1895d268f7aa8ca31b1c1caac595cd0a4e8,c2586290a0086b0b9da3705e9799c2d04e060b32
math_test_algebra_789,algebra,Level 2,,48,False,False,True,True,False,True,True,True,False,580,4096,4676,1160,7917,9077,2,0,1,truncated,symbolic,raw/math_test_algebra_789__base4096.json,raw/math_test_algebra_789__upgrade8192.json,8192,0.0025445999999999997,0.0048677519999999995,f6a583a12f4224ef3a07a9a76f7ba1895d268f7aa8ca31b1c1caac595cd0a4e8,c2586290a0086b0b9da3705e9799c2d04e060b32
math_test_algebra_800,algebra,Level 3,13.5,13.5,True,True,True,True,True,True,False,False,False,105,263,368,105,263,368,1,0,0,symbolic,symbolic,raw/math_test_algebra_800__base4096.json,raw/math_test_algebra_800__base4096.json,4096,0.00017355,0.00017355,f6a583a12f4224ef3a07a9a76f7ba1895d268f7aa8ca31b1c1caac595cd0a4e8,c2586290a0086b0b9da3705e9799c2d04e060b32
math_test_algebra_801,algebra,Level 3,13,13,True,True,True,True,True,True,False,False,False,83,286,369,83,286,369,1,0,0,symbolic,symbolic,raw/math_test_algebra_801__base4096.json,raw/math_test_algebra_801__base4096.json,4096,0.00018404999999999997,0.00018404999999999997,f6a583a12f4224ef3a07a9a76f7ba1895d268f7aa8ca31b1c1caac595cd0a4e8,c2586290a0086b0b9da3705e9799c2d04e060b32
math_test_algebra_816,algebra,Level 4,\(\frac{3}{7}\),\(\frac{3}{7}\),True,True,True,True,True,True,False,False,False,82,182,264,82,182,264,1,0,0,symbolic,symbolic,raw/math_test_algebra_816__base4096.json,raw/math_test_algebra_816__base4096.json,4096,0.0001215,0.0001215,f6a583a12f4224ef3a07a9a76f7ba1895d268f7aa8ca31b1c1caac595cd0a4e8,c2586290a0086b0b9da3705e9799c2d04e060b32
math_test_algebra_823,algebra,Level 3,17,17,True,True,True,True,True,True,False,False,False,81,218,299,81,218,299,1,0,0,symbolic,symbolic,raw/math_test_algebra_823__base4096.json,raw/math_test_algebra_823__base4096.json,4096,0.00014294999999999998,0.00014294999999999998,f6a583a12f4224ef3a07a9a76f7ba1895d268f7aa8ca31b1c1caac595cd0a4e8,c2586290a0086b0b9da3705e9799c2d04e060b32
math_test_algebra_829,algebra,Level 5,\(\frac{255}{64}\),\(\frac{255}{64}\),True,True,True,True,True,True,False,False,False,99,348,447,99,348,447,1,0,0,symbolic,symbolic,raw/math_test_algebra_829__base4096.json,raw/math_test_algebra_829__base4096.json,4096,0.00022365,0.00022365,f6a583a12f4224ef3a07a9a76f7ba1895d268f7aa8ca31b1c1caac595cd0a4e8,c2586290a0086b0b9da3705e9799c2d04e060b32
math_test_algebra_843,algebra,Level 5,-1,-1,True,True,True,True,True,True,False,False,False,75,289,364,75,289,364,1,0,0,symbolic,symbolic,raw/math_test_algebra_843__base4096.json,raw/math_test_algebra_843__base4096.json,4096,0.00018465000000000002,0.00018465000000000002,f6a583a12f4224ef3a07a9a76f7ba1895d268f7aa8ca31b1c1caac595cd0a4e8,c2586290a0086b0b9da3705e9799c2d04e060b32
math_test_algebra_844,algebra,Level 5,\frac{121}{25},\frac{121}{25},True,True,True,True,True,True,False,False,False,107,409,516,107,409,516,1,0,0,symbolic,symbolic,raw/math_test_algebra_844__base4096.json,raw/math_test_algebra_844__base4096.json,4096,0.00026145,0.00026145,f6a583a12f4224ef3a07a9a76f7ba1895d268f7aa8ca31b1c1caac595cd0a4e8,c2586290a0086b0b9da3705e9799c2d04e060b32
math_test_algebra_851,algebra,Level 4,31,31,True,True,True,True,True,True,False,False,False,100,1203,1303,100,1203,1303,1,0,0,symbolic,symbolic,raw/math_test_algebra_851__base4096.json,raw/math_test_algebra_851__base4096.json,4096,0.0007367999999999999,0.0007367999999999999,f6a583a12f4224ef3a07a9a76f7ba1895d268f7aa8ca31b1c1caac595cd0a4e8,c2586290a0086b0b9da3705e9799c2d04e060b32
math_test_algebra_869,algebra,Level 1,6,6,True,True,True,True,True,True,False,False,False,77,127,204,77,127,204,1,0,0,symbolic,symbolic,raw/math_test_algebra_869__base4096.json,raw/math_test_algebra_869__base4096.json,4096,8.775e-05,8.775e-05,f6a583a12f4224ef3a07a9a76f7ba1895d268f7aa8ca31b1c1caac595cd0a4e8,c2586290a0086b0b9da3705e9799c2d04e060b32
math_test_algebra_871,algebra,Level 5,0.015,0.015,True,True,True,True,True,True,False,False,False,93,689,782,93,689,782,1,0,0,symbolic,symbolic,raw/math_test_algebra_871__base4096.json,raw/math_test_algebra_871__base4096.json,4096,0.00042734999999999995,0.00042734999999999995,f6a583a12f4224ef3a07a9a76f7ba1895d268f7aa8ca31b1c1caac595cd0a4e8,c2586290a0086b0b9da3705e9799c2d04e060b32
math_test_algebra_875,algebra,Level 3,15,15,True,True,True,True,True,True,False,False,False,101,209,310,101,209,310,1,0,0,symbolic,symbolic,raw/math_test_algebra_875__base4096.json,raw/math_test_algebra_875__base4096.json,4096,0.00014054999999999997,0.00014054999999999997,f6a583a12f4224ef3a07a9a76f7ba1895d268f7aa8ca31b1c1caac595cd0a4e8,c2586290a0086b0b9da3705e9799c2d04e060b32
math_test_algebra_890,algebra,Level 4,72,72,True,True,True,True,True,True,False,False,False,82,176,258,82,176,258,1,0,0,symbolic,symbolic,raw/math_test_algebra_890__base4096.json,raw/math_test_algebra_890__base4096.json,4096,0.00011789999999999999,0.00011789999999999999,f6a583a12f4224ef3a07a9a76f7ba1895d268f7aa8ca31b1c1caac595cd0a4e8,c2586290a0086b0b9da3705e9799c2d04e060b32
math_test_algebra_892,algebra,Level 5,\(\frac{1}{5}+\frac{3}{5}i\),\(\frac{1}{5}+\frac{3}{5}i\),True,True,True,True,True,True,False,False,False,121,332,453,121,332,453,1,0,0,symbolic,symbolic,raw/math_test_algebra_892__base4096.json,raw/math_test_algebra_892__base4096.json,4096,0.00021735,0.00021735,f6a583a12f4224ef3a07a9a76f7ba1895d268f7aa8ca31b1c1caac595cd0a4e8,c2586290a0086b0b9da3705e9799c2d04e060b32
math_test_algebra_893,algebra,Level 2,\(\frac{1}{4}\),\(\frac{1}{4}\),True,True,True,True,True,True,False,False,False,89,222,311,89,222,311,1,0,0,symbolic,symbolic,raw/math_test_algebra_893__base4096.json,raw/math_test_algebra_893__base4096.json,4096,0.00014654999999999998,0.00014654999999999998,f6a583a12f4224ef3a07a9a76f7ba1895d268f7aa8ca31b1c1caac595cd0a4e8,c2586290a0086b0b9da3705e9799c2d04e060b32
math_test_algebra_897,algebra,Level 3,3,3,True,True,True,True,True,True,False,False,False,82,336,418,82,336,418,1,0,0,symbolic,symbolic,raw/math_test_algebra_897__base4096.json,raw/math_test_algebra_897__base4096.json,4096,0.0002139,0.0002139,f6a583a12f4224ef3a07a9a76f7ba1895d268f7aa8ca31b1c1caac595cd0a4e8,c2586290a0086b0b9da3705e9799c2d04e060b32
math_test_algebra_922,algebra,Level 1,50,50,True,True,True,True,True,True,False,False,False,77,184,261,77,184,261,1,0,0,symbolic,symbolic,raw/math_test_algebra_922__base4096.json,raw/math_test_algebra_922__base4096.json,4096,0.00012194999999999998,0.00012194999999999998,f6a583a12f4224ef3a07a9a76f7ba1895d268f7aa8ca31b1c1caac595cd0a4e8,c2586290a0086b0b9da3705e9799c2d04e060b32
math_test_algebra_926,algebra,Level 3,1,1,True,True,True,True,True,True,False,False,False,75,132,207,75,132,207,1,0,0,symbolic,symbolic,raw/math_test_algebra_926__base4096.json,raw/math_test_algebra_926__base4096.json,4096,9.045e-05,9.045e-05,f6a583a12f4224ef3a07a9a76f7ba1895d268f7aa8ca31b1c1caac595cd0a4e8,c2586290a0086b0b9da3705e9799c2d04e060b32
math_test_algebra_930,algebra,Level 4,6,6,True,True,True,True,True,True,False,False,False,116,320,436,116,320,436,1,0,0,symbolic,symbolic,raw/math_test_algebra_930__base4096.json,raw/math_test_algebra_930__base4096.json,4096,0.0002094,0.0002094,f6a583a12f4224ef3a07a9a76f7ba1895d268f7aa8ca31b1c1caac595cd0a4e8,c2586290a0086b0b9da3705e9799c2d04e060b32
math_test_algebra_937,algebra,Level 3,3,3,True,True,True,True,True,True,False,False,False,88,183,271,88,183,271,1,0,0,symbolic,symbolic,raw/math_test_algebra_937__base4096.json,raw/math_test_algebra_937__base4096.json,4096,0.000123,0.000123,f6a583a12f4224ef3a07a9a76f7ba1895d268f7aa8ca31b1c1caac595cd0a4e8,c2586290a0086b0b9da3705e9799c2d04e060b32
math_test_algebra_943,algebra,Level 3,14,14,True,True,True,True,True,True,False,False,False,119,219,338,119,219,338,1,0,0,symbolic,symbolic,raw/math_test_algebra_943__base4096.json,raw/math_test_algebra_943__base4096.json,4096,0.00014925,0.00014925,f6a583a12f4224ef3a07a9a76f7ba1895d268f7aa8ca31b1c1caac595cd0a4e8,c2586290a0086b0b9da3705e9799c2d04e060b32
math_test_algebra_944,algebra,Level 4,"\((1,4)\)","\((1,4)\)",True,True,True,True,True,True,False,False,False,96,263,359,96,263,359,1,0,0,structured,structured,raw/math_test_algebra_944__base4096.json,raw/math_test_algebra_944__base4096.json,4096,0.00017219999999999998,0.00017219999999999998,f6a583a12f4224ef3a07a9a76f7ba1895d268f7aa8ca31b1c1caac595cd0a4e8,c2586290a0086b0b9da3705e9799c2d04e060b32
math_test_algebra_954,algebra,Level 1,3,3,True,True,True,True,True,True,False,False,False,102,211,313,102,211,313,1,0,0,symbolic,symbolic,raw/math_test_algebra_954__base4096.json,raw/math_test_algebra_954__base4096.json,4096,0.0001419,0.0001419,f6a583a12f4224ef3a07a9a76f7ba1895d268f7aa8ca31b1c1caac595cd0a4e8,c2586290a0086b0b9da3705e9799c2d04e060b32
math_test_algebra_964,algebra,Level 2,2,2,True,True,True,True,True,True,False,False,False,117,124,241,117,124,241,1,0,0,symbolic,symbolic,raw/math_test_algebra_964__base4096.json,raw/math_test_algebra_964__base4096.json,4096,9.194999999999999e-05,9.194999999999999e-05,f6a583a12f4224ef3a07a9a76f7ba1895d268f7aa8ca31b1c1caac595cd0a4e8,c2586290a0086b0b9da3705e9799c2d04e060b32
math_test_algebra_965,algebra,Level 4,35,35,True,True,True,True,True,True,False,False,False,87,222,309,87,222,309,1,0,0,symbolic,symbolic,raw/math_test_algebra_965__base4096.json,raw/math_test_algebra_965__base4096.json,4096,0.00014625,0.00014625,f6a583a12f4224ef3a07a9a76f7ba1895d268f7aa8ca31b1c1caac595cd0a4e8,c2586290a0086b0b9da3705e9799c2d04e060b32
math_test_algebra_968,algebra,Level 5,\(\sqrt{10}\),\(\sqrt{10}\),True,True,True,True,True,True,False,False,False,78,405,483,78,405,483,1,0,0,symbolic,symbolic,raw/math_test_algebra_968__base4096.json,raw/math_test_algebra_968__base4096.json,4096,0.0002547,0.0002547,f6a583a12f4224ef3a07a9a76f7ba1895d268f7aa8ca31b1c1caac595cd0a4e8,c2586290a0086b0b9da3705e9799c2d04e060b32
math_test_algebra_972,algebra,Level 3,49,49,True,True,True,True,True,True,False,False,False,77,323,400,77,323,400,1,0,0,symbolic,symbolic,raw/math_test_algebra_972__base4096.json,raw/math_test_algebra_972__base4096.json,4096,0.00020535,0.00020535,f6a583a12f4224ef3a07a9a76f7ba1895d268f7aa8ca31b1c1caac595cd0a4e8,c2586290a0086b0b9da3705e9799c2d04e060b32
math_test_algebra_979,algebra,Level 2,15,15,True,True,True,True,True,True,False,False,False,89,316,405,89,316,405,1,0,0,symbolic,symbolic,raw/math_test_algebra_979__base4096.json,raw/math_test_algebra_979__base4096.json,4096,0.00020295,0.00020295,f6a583a12f4224ef3a07a9a76f7ba1895d268f7aa8ca31b1c1caac595cd0a4e8,c2586290a0086b0b9da3705e9799c2d04e060b32
math_test_algebra_999,algebra,Level 3,-23.5,-23.5,True,True,True,True,True,True,False,False,False,116,316,432,116,316,432,1,0,0,symbolic,symbolic,raw/math_test_algebra_999__base4096.json,raw/math_test_algebra_999__base4096.json,4096,0.000207,0.000207,f6a583a12f4224ef3a07a9a76f7ba1895d268f7aa8ca31b1c1caac595cd0a4e8,c2586290a0086b0b9da3705e9799c2d04e060b32
math_test_counting_probability_123,counting_probability,Level 5,\frac{9}{32},\frac{9}{32},True,True,True,True,True,True,False,False,False,130,507,637,130,507,637,1,0,0,symbolic,symbolic,raw/math_test_counting_probability_123__base4096.json,raw/math_test_counting_probability_123__base4096.json,4096,0.0003237,0.0003237,f6a583a12f4224ef3a07a9a76f7ba1895d268f7aa8ca31b1c1caac595cd0a4e8,c2586290a0086b0b9da3705e9799c2d04e060b32
math_test_counting_probability_124,counting_probability,Level 4,10080,10080,True,True,True,True,True,True,False,False,False,92,3044,3136,92,3044,3136,1,0,0,symbolic,symbolic,raw/math_test_counting_probability_124__base4096.json,raw/math_test_counting_probability_124__base4096.json,4096,0.0018401999999999997,0.0018401999999999997,f6a583a12f4224ef3a07a9a76f7ba1895d268f7aa8ca31b1c1caac595cd0a4e8,c2586290a0086b0b9da3705e9799c2d04e060b32
math_test_counting_probability_129,counting_probability,Level 5,3,3,True,True,True,True,True,True,False,False,False,112,890,1002,112,890,1002,1,0,0,symbolic,symbolic,raw/math_test_counting_probability_129__base4096.json,raw/math_test_counting_probability_129__base4096.json,4096,0.0005507999999999999,0.0005507999999999999,f6a583a12f4224ef3a07a9a76f7ba1895d268f7aa8ca31b1c1caac595cd0a4e8,c2586290a0086b0b9da3705e9799c2d04e060b32
math_test_counting_probability_143,counting_probability,Level 2,\(\$0.50\),\(\$0.50\),True,True,True,True,True,True,False,False,False,102,197,299,102,197,299,1,0,0,symbolic,symbolic,raw/math_test_counting_probability_143__base4096.json,raw/math_test_counting_probability_143__base4096.json,4096,0.0001335,0.0001335,f6a583a12f4224ef3a07a9a76f7ba1895d268f7aa8ca31b1c1caac595cd0a4e8,c2586290a0086b0b9da3705e9799c2d04e060b32
math_test_counting_probability_147,counting_probability,Level 2,2880,2880,True,True,True,True,True,True,False,False,False,73,365,438,73,365,438,1,0,0,symbolic,symbolic,raw/math_test_counting_probability_147__base4096.json,raw/math_test_counting_probability_147__base4096.json,4096,0.00022994999999999998,0.00022994999999999998,f6a583a12f4224ef3a07a9a76f7ba1895d268f7aa8ca31b1c1caac595cd0a4e8,c2586290a0086b0b9da3705e9799c2d04e060b32
math_test_counting_probability_148,counting_probability,Level 1,40,40,True,True,True,True,True,True,False,False,False,72,156,228,72,156,228,1,0,0,symbolic,symbolic,raw/math_test_counting_probability_148__base4096.json,raw/math_test_counting_probability_148__base4096.json,4096,0.00010439999999999999,0.00010439999999999999,f6a583a12f4224ef3a07a9a76f7ba1895d268f7aa8ca31b1c1caac595cd0a4e8,c2586290a0086b0b9da3705e9799c2d04e060b32
math_test_counting_probability_160,counting_probability,Level 2,0,0,True,True,True,True,True,True,False,False,False,80,513,593,80,513,593,1,0,0,symbolic,symbolic,raw/math_test_counting_probability_160__base4096.json,raw/math_test_counting_probability_160__base4096.json,4096,0.0003198,0.0003198,f6a583a12f4224ef3a07a9a76f7ba1895d268f7aa8ca31b1c1caac595cd0a4e8,c2586290a0086b0b9da3705e9799c2d04e060b32
math_test_counting_probability_169,counting_probability,Level 2,36,36,True,True,True,True,True,True,False,False,False,187,2221,2408,187,2221,2408,1,0,0,symbolic,symbolic,raw/math_test_counting_probability_169__base4096.json,raw/math_test_counting_probability_169__base4096.json,4096,0.00136065,0.00136065,f6a583a12f4224ef3a07a9a76f7ba1895d268f7aa8ca31b1c1caac595cd0a4e8,c2586290a0086b0b9da3705e9799c2d04e060b32
math_test_counting_probability_172,counting_probability,Level 4,12,12,True,True,True,True,True,True,False,False,False,80,2375,2455,80,2375,2455,1,0,0,symbolic,symbolic,raw/math_test_counting_probability_172__base4096.json,raw/math_test_counting_probability_172__base4096.json,4096,0.001437,0.001437,f6a583a12f4224ef3a07a9a76f7ba1895d268f7aa8ca31b1c1caac595cd0a4e8,c2586290a0086b0b9da3705e9799c2d04e060b32
math_test_counting_probability_173,counting_probability,Level 4,62,62,True,True,True,True,True,True,False,False,False,97,483,580,97,483,580,1,0,0,symbolic,symbolic,raw/math_test_counting_probability_173__base4096.json,raw/math_test_counting_probability_173__base4096.json,4096,0.00030435,0.00030435,f6a583a12f4224ef3a07a9a76f7ba1895d268f7aa8ca31b1c1caac595cd0a4e8,c2586290a0086b0b9da3705e9799c2d04e060b32
math_test_counting_probability_180,counting_probability,Level 3,0.03,0.03,True,True,True,True,True,True,False,False,False,108,335,443,108,335,443,1,0,0,symbolic,symbolic,raw/math_test_counting_probability_180__base4096.json,raw/math_test_counting_probability_180__base4096.json,4096,0.0002172,0.0002172,f6a583a12f4224ef3a07a9a76f7ba1895d268f7aa8ca31b1c1caac595cd0a4e8,c2586290a0086b0b9da3705e9799c2d04e060b32
math_test_counting_probability_184,counting_probability,Level 5,\(\frac{37}{819}\),\(\frac{37}{819}\),True,True,True,True,True,True,False,False,False,109,611,720,109,611,720,1,0,0,symbolic,symbolic,raw/math_test_counting_probability_184__base4096.json,raw/math_test_counting_probability_184__base4096.json,4096,0.00038295,0.00038295,f6a583a12f4224ef3a07a9a76f7ba1895d268f7aa8ca31b1c1caac595cd0a4e8,c2586290a0086b0b9da3705e9799c2d04e060b32
math_test_counting_probability_192,counting_probability,Level 5,\frac{10}{19},\frac{10}{19},True,True,True,True,True,True,False,False,False,105,3581,3686,105,3581,3686,1,0,0,symbolic,symbolic,raw/math_test_counting_probability_192__base4096.json,raw/math_test_counting_probability_192__base4096.json,4096,0.0021643499999999998,0.0021643499999999998,f6a583a12f4224ef3a07a9a76f7ba1895d268f7aa8ca31b1c1caac595cd0a4e8,c2586290a0086b0b9da3705e9799c2d04e060b32
math_test_counting_probability_2,counting_probability,Level 2,380,380,True,True,True,True,True,True,False,False,False,100,117,217,100,117,217,1,0,0,symbolic,symbolic,raw/math_test_counting_probability_2__base4096.json,raw/math_test_counting_probability_2__base4096.json,4096,8.52e-05,8.52e-05,f6a583a12f4224ef3a07a9a76f7ba1895d268f7aa8ca31b1c1caac595cd0a4e8,c2586290a0086b0b9da3705e9799c2d04e060b32
math_test_counting_probability_200,counting_probability,Level 5,14,14,True,True,True,True,True,True,False,False,False,138,895,1033,138,895,1033,1,0,0,symbolic,symbolic,raw/math_test_counting_probability_200__base4096.json,raw/math_test_counting_probability_200__base4096.json,4096,0.0005577000000000001,0.0005577000000000001,f6a583a12f4224ef3a07a9a76f7ba1895d268f7aa8ca31b1c1caac595cd0a4e8,c2586290a0086b0b9da3705e9799c2d04e060b32
math_test_counting_probability_206,counting_probability,Level 1,363,363,True,True,True,True,True,True,False,False,False,95,110,205,95,110,205,1,0,0,symbolic,symbolic,raw/math_test_counting_probability_206__base4096.json,raw/math_test_counting_probability_206__base4096.json,4096,8.025e-05,8.025e-05,f6a583a12f4224ef3a07a9a76f7ba1895d268f7aa8ca31b1c1caac595cd0a4e8,c2586290a0086b0b9da3705e9799c2d04e060b32
math_test_counting_probability_220,counting_probability,Level 3,80,80,True,True,True,True,True,True,False,False,False,124,196,320,124,196,320,1,0,0,symbolic,symbolic,raw/math_test_counting_probability_220__base4096.json,raw/math_test_counting_probability_220__base4096.json,4096,0.00013619999999999998,0.00013619999999999998,f6a583a12f4224ef3a07a9a76f7ba1895d268f7aa8ca31b1c1caac595cd0a4e8,c2586290a0086b0b9da3705e9799c2d04e060b32
math_test_counting_probability_225,counting_probability,Level 4,425,425,True,True,True,True,True,True,False,False,False,112,903,1015,112,903,1015,1,0,0,symbolic,symbolic,raw/math_test_counting_probability_225__base4096.json,raw/math_test_counting_probability_225__base4096.json,4096,0.0005585999999999999,0.0005585999999999999,f6a583a12f4224ef3a07a9a76f7ba1895d268f7aa8ca31b1c1caac595cd0a4e8,c2586290a0086b0b9da3705e9799c2d04e060b32
math_test_counting_probability_233,counting_probability,Level 5,960,960,True,True,True,True,True,True,False,False,False,101,2115,2216,101,2115,2216,1,0,0,symbolic,symbolic,raw/math_test_counting_probability_233__base4096.json,raw/math_test_counting_probability_233__base4096.json,4096,0.0012841500000000002,0.0012841500000000002,f6a583a12f4224ef3a07a9a76f7ba1895d268f7aa8ca31b1c1caac595cd0a4e8,c2586290a0086b0b9da3705e9799c2d04e060b32
math_test_counting_probability_240,counting_probability,Level 1,27,27,True,True,True,True,True,True,False,False,False,87,217,304,87,217,304,1,0,0,symbolic,symbolic,raw/math_test_counting_probability_240__base4096.json,raw/math_test_counting_probability_240__base4096.json,4096,0.00014325,0.00014325,f6a583a12f4224ef3a07a9a76f7ba1895d268f7aa8ca31b1c1caac595cd0a4e8,c2586290a0086b0b9da3705e9799c2d04e060b32
math_test_counting_probability_254,counting_probability,Level 3,10080,10080,True,True,True,True,True,True,False,False,False,84,197,281,84,197,281,1,0,0,symbolic,symbolic,raw/math_test_counting_probability_254__base4096.json,raw/math_test_counting_probability_254__base4096.json,4096,0.00013079999999999998,0.00013079999999999998,f6a583a12f4224ef3a07a9a76f7ba1895d268f7aa8ca31b1c1caac595cd0a4e8,c2586290a0086b0b9da3705e9799c2d04e060b32
math_test_counting_probability_260,counting_probability,Level 5,\(\frac{82}{147}\),\(\frac{82}{147}\),True,True,True,True,True,True,False,False,False,85,754,839,85,754,839,1,0,0,symbolic,symbolic,raw/math_test_counting_probability_260__base4096.json,raw/math_test_counting_probability_260__base4096.json,4096,0.00046515,0.00046515,f6a583a12f4224ef3a07a9a76f7ba1895d268f7aa8ca31b1c1caac595cd0a4e8,c2586290a0086b0b9da3705e9799c2d04e060b32
math_test_counting_probability_271,counting_probability,Level 2,3,3,True,True,True,True,True,True,False,False,False,90,3087,3177,90,3087,3177,1,0,0,symbolic,symbolic,raw/math_test_counting_probability_271__base4096.json,raw/math_test_counting_probability_271__base4096.json,4096,0.0018656999999999999,0.0018656999999999999,f6a583a12f4224ef3a07a9a76f7ba1895d268f7aa8ca31b1c1caac595cd0a4e8,c2586290a0086b0b9da3705e9799c2d04e060b32
math_test_counting_probability_277,counting_probability,Level 5,\frac{80}{243},\frac{80}{243},True,True,True,True,True,True,False,False,False,82,274,356,82,274,356,1,0,0,symbolic,symbolic,raw/math_test_counting_probability_277__base4096.json,raw/math_test_counting_probability_277__base4096.json,4096,0.0001767,0.0001767,f6a583a12f4224ef3a07a9a76f7ba1895d268f7aa8ca31b1c1caac595cd0a4e8,c2586290a0086b0b9da3705e9799c2d04e060b32
math_test_counting_probability_280,counting_probability,Level 3,15,15,True,True,True,True,True,True,False,False,False,125,149,274,125,149,274,1,0,0,symbolic,symbolic,raw/math_test_counting_probability_280__base4096.json,raw/math_test_counting_probability_280__base4096.json,4096,0.00010814999999999999,0.00010814999999999999,f6a583a12f4224ef3a07a9a76f7ba1895d268f7aa8ca31b1c1caac595cd0a4e8,c2586290a0086b0b9da3705e9799c2d04e060b32
math_test_counting_probability_289,counting_probability,Level 5,\frac{59}{125},\frac{59}{125},True,True,True,True,True,True,False,False,False,108,640,748,108,640,748,1,0,0,symbolic,symbolic,raw/math_test_counting_probability_289__base4096.json,raw/math_test_counting_probability_289__base4096.json,4096,0.00040019999999999997,0.00040019999999999997,f6a583a12f4224ef3a07a9a76f7ba1895d268f7aa8ca31b1c1caac595cd0a4e8,c2586290a0086b0b9da3705e9799c2d04e060b32
math_test_counting_probability_316,counting_probability,Level 3,\(\frac{5}{28}\),\(\frac{5}{28}\),True,True,True,True,True,True,False,False,False,190,534,724,190,534,724,1,0,0,symbolic,symbolic,raw/math_test_counting_probability_316__base4096.json,raw/math_test_counting_probability_316__base4096.json,4096,0.00034889999999999997,0.00034889999999999997,f6a583a12f4224ef3a07a9a76f7ba1895d268f7aa8ca31b1c1caac595cd0a4e8,c2586290a0086b0b9da3705e9799c2d04e060b32
math_test_counting_probability_343,counting_probability,Level 2,9240,9240,True,True,True,True,True,True,False,False,False,100,194,294,100,194,294,1,0,0,symbolic,symbolic,raw/math_test_counting_probability_343__base4096.json,raw/math_test_counting_probability_343__base4096.json,4096,0.00013139999999999997,0.00013139999999999997,f6a583a12f4224ef3a07a9a76f7ba1895d268f7aa8ca31b1c1caac595cd0a4e8,c2586290a0086b0b9da3705e9799c2d04e060b32
math_test_counting_probability_347,counting_probability,Level 5,\(\frac{5}{12}\),\(\frac{5}{12}\),True,True,True,True,True,True,False,False,False,124,450,574,124,450,574,1,0,0,symbolic,symbolic,raw/math_test_counting_probability_347__base4096.json,raw/math_test_counting_probability_347__base4096.json,4096,0.0002886,0.0002886,f6a583a12f4224ef3a07a9a76f7ba1895d268f7aa8ca31b1c1caac595cd0a4e8,c2586290a0086b0b9da3705e9799c2d04e060b32
math_test_counting_probability_382,counting_probability,Level 4,9240,9240,True,True,True,True,True,True,False,False,False,97,359,456,97,359,456,1,0,0,symbolic,symbolic,raw/math_test_counting_probability_382__base4096.json,raw/math_test_counting_probability_382__base4096.json,4096,0.00022995,0.00022995,f6a583a12f4224ef3a07a9a76f7ba1895d268f7aa8ca31b1c1caac595cd0a4e8,c2586290a0086b0b9da3705e9799c2d04e060b32
math_test_counting_probability_398,counting_probability,Level 3,5,5,True,True,True,True,True,True,False,False,False,124,760,884,124,760,884,1,0,0,symbolic,symbolic,raw/math_test_counting_probability_398__base4096.json,raw/math_test_counting_probability_398__base4096.json,4096,0.00047460000000000004,0.00047460000000000004,f6a583a12f4224ef3a07a9a76f7ba1895d268f7aa8ca31b1c1caac595cd0a4e8,c2586290a0086b0b9da3705e9799c2d04e060b32
math_test_counting_probability_399,counting_probability,Level 3,\frac{1}{5},\frac{1}{5},True,True,True,True,True,True,False,False,False,102,306,408,102,306,408,1,0,0,symbolic,symbolic,raw/math_test_counting_probability_399__base4096.json,raw/math_test_counting_probability_399__base4096.json,4096,0.0001989,0.0001989,f6a583a12f4224ef3a07a9a76f7ba1895d268f7aa8ca31b1c1caac595cd0a4e8,c2586290a0086b0b9da3705e9799c2d04e060b32
math_test_counting_probability_4,counting_probability,Level 4,835,835,True,True,True,True,True,True,False,False,False,79,390,469,79,390,469,1,0,0,symbolic,symbolic,raw/math_test_counting_probability_4__base4096.json,raw/math_test_counting_probability_4__base4096.json,4096,0.00024585,0.00024585,f6a583a12f4224ef3a07a9a76f7ba1895d268f7aa8ca31b1c1caac595cd0a4e8,c2586290a0086b0b9da3705e9799c2d04e060b32
math_test_counting_probability_408,counting_probability,Level 4,6732,6732,True,True,True,True,True,True,False,False,False,130,510,640,130,510,640,1,0,0,symbolic,symbolic,raw/math_test_counting_probability_408__base4096.json,raw/math_test_counting_probability_408__base4096.json,4096,0.0003255,0.0003255,f6a583a12f4224ef3a07a9a76f7ba1895d268f7aa8ca31b1c1caac595cd0a4e8,c2586290a0086b0b9da3705e9799c2d04e060b32
math_test_counting_probability_414,counting_probability,Level 4,156,156,True,True,True,True,True,True,False,False,False,94,187,281,94,187,281,1,0,0,symbolic,symbolic,raw/math_test_counting_probability_414__base4096.json,raw/math_test_counting_probability_414__base4096.json,4096,0.0001263,0.0001263,f6a583a12f4224ef3a07a9a76f7ba1895d268f7aa8ca31b1c1caac595cd0a4e8,c2586290a0086b0b9da3705e9799c2d04e060b32
math_test_counting_probability_42,counting_probability,Level 3,,\(\frac{1}{15}\),False,False,True,True,False,True,True,True,False,402,4096,4498,804,6429,7233,2,0,1,truncated,symbolic,raw/math_test_counting_probability_42__base4096.json,raw/math_test_counting_probability_42__upgrade8192.json,8192,0.0025179,0.003940368,f6a583a12f4224ef3a07a9a76f7ba1895d268f7aa8ca31b1c1caac595cd0a4e8,c2586290a0086b0b9da3705e9799c2d04e060b32
math_test_counting_probability_421,counting_probability,Level 2,8,8,True,True,True,True,True,True,False,False,False,156,609,765,156,609,765,1,0,0,symbolic,symbolic,raw/math_test_counting_probability_421__base4096.json,raw/math_test_counting_probability_421__base4096.json,4096,0.00038879999999999996,0.00038879999999999996,f6a583a12f4224ef3a07a9a76f7ba1895d268f7aa8ca31b1c1caac595cd0a4e8,c2586290a0086b0b9da3705e9799c2d04e060b32
math_test_counting_probability_426,counting_probability,Level 5,\(\frac{9}{32}\),\(\frac{9}{32}\),True,True,True,True,True,True,False,False,False,117,1319,1436,117,1319,1436,1,0,0,symbolic,symbolic,raw/math_test_counting_probability_426__base4096.json,raw/math_test_counting_probability_426__base4096.json,4096,0.0008089499999999999,0.0008089499999999999,f6a583a12f4224ef3a07a9a76f7ba1895d268f7aa8ca31b1c1caac595cd0a4e8,c2586290a0086b0b9da3705e9799c2d04e060b32
math_test_counting_probability_431,counting_probability,Level 2,\frac{1}{840},\frac{1}{840},True,True,True,True,True,True,False,False,False,131,270,401,131,270,401,1,0,0,symbolic,symbolic,raw/math_test_counting_probability_431__base4096.json,raw/math_test_counting_probability_431__base4096.json,4096,0.00018165,0.00018165,f6a583a12f4224ef3a07a9a76f7ba1895d268f7aa8ca31b1c1caac595cd0a4e8,c2586290a0086b0b9da3705e9799c2d04e060b32
math_test_counting_probability_437,counting_probability,Level 3,21,21,True,True,True,True,True,True,False,False,False,87,147,234,87,147,234,1,0,0,symbolic,symbolic,raw/math_test_counting_probability_437__base4096.json,raw/math_test_counting_probability_437__base4096.json,4096,0.00010125,0.00010125,f6a583a12f4224ef3a07a9a76f7ba1895d268f7aa8ca31b1c1caac595cd0a4e8,c2586290a0086b0b9da3705e9799c2d04e060b32
math_test_counting_probability_447,counting_probability,Level 4,300,300,True,True,True,True,True,True,False,False,False,78,456,534,78,456,534,1,0,0,symbolic,symbolic,raw/math_test_counting_probability_447__base4096.json,raw/math_test_counting_probability_447__base4096.json,4096,0.00028529999999999994,0.00028529999999999994,f6a583a12f4224ef3a07a9a76f7ba1895d268f7aa8ca31b1c1caac595cd0a4e8,c2586290a0086b0b9da3705e9799c2d04e060b32
math_test_counting_probability_448,counting_probability,Level 3,\(\frac{1}{2}\),\(\frac{1}{2}\),True,True,True,True,True,True,False,False,False,80,225,305,80,225,305,1,0,0,symbolic,symbolic,raw/math_test_counting_probability_448__base4096.json,raw/math_test_counting_probability_448__base4096.json,4096,0.000147,0.000147,f6a583a12f4224ef3a07a9a76f7ba1895d268f7aa8ca31b1c1caac595cd0a4e8,c2586290a0086b0b9da3705e9799c2d04e060b32
math_test_counting_probability_456,counting_probability,Level 4,\frac{30}{143},\frac{30}{143},True,True,True,True,True,True,False,False,False,110,275,385,110,275,385,1,0,0,symbolic,symbolic,raw/math_test_counting_probability_456__base4096.json,raw/math_test_counting_probability_456__base4096.json,4096,0.0001815,0.0001815,f6a583a12f4224ef3a07a9a76f7ba1895d268f7aa8ca31b1c1caac595cd0a4e8,c2586290a0086b0b9da3705e9799c2d04e060b32
math_test_counting_probability_464,counting_probability,Level 1,70,70,True,True,True,True,True,True,False,False,False,76,192,268,76,192,268,1,0,0,symbolic,symbolic,raw/math_test_counting_probability_464__base4096.json,raw/math_test_counting_probability_464__base4096.json,4096,0.0001266,0.0001266,f6a583a12f4224ef3a07a9a76f7ba1895d268f7aa8ca31b1c1caac595cd0a4e8,c2586290a0086b0b9da3705e9799c2d04e060b32
math_test_counting_probability_60,counting_probability,Level 4,1050,1050,True,True,True,True,True,True,False,False,False,99,219,318,99,219,318,1,0,0,symbolic,symbolic,raw/math_test_counting_probability_60__base4096.json,raw/math_test_counting_probability_60__base4096.json,4096,0.00014625,0.00014625,f6a583a12f4224ef3a07a9a76f7ba1895d268f7aa8ca31b1c1caac595cd0a4e8,c2586290a0086b0b9da3705e9799c2d04e060b32
math_test_counting_probability_61,counting_probability,Level 5,$15.48$,$15.48$,True,True,True,True,True,True,False,False,False,230,812,1042,230,812,1042,1,0,0,symbolic,symbolic,raw/math_test_counting_probability_61__base4096.json,raw/math_test_counting_probability_61__base4096.json,4096,0.0005217,0.0005217,f6a583a12f4224ef3a07a9a76f7ba1895d268f7aa8ca31b1c1caac595cd0a4e8,c2586290a0086b0b9da3705e9799c2d04e060b32
math_test_counting_probability_62,counting_probability,Level 3,5,5,True,True,True,True,True,True,False,False,False,106,390,496,106,390,496,1,0,0,symbolic,symbolic,raw/math_test_counting_probability_62__base4096.json,raw/math_test_counting_probability_62__base4096.json,4096,0.0002499,0.0002499,f6a583a12f4224ef3a07a9a76f7ba1895d268f7aa8ca31b1c1caac595cd0a4e8,c2586290a0086b0b9da3705e9799c2d04e060b32
math_test_counting_probability_65,counting_probability,Level 5,30,30,True,True,True,True,True,True,False,False,False,462,1589,2051,462,1589,2051,1,0,0,symbolic,symbolic,raw/math_test_counting_probability_65__base4096.json,raw/math_test_counting_probability_65__base4096.json,4096,0.0010226999999999999,0.0010226999999999999,f6a583a12f4224ef3a07a9a76f7ba1895d268f7aa8ca31b1c1caac595cd0a4e8,c2586290a0086b0b9da3705e9799c2d04e060b32
math_test_counting_probability_67,counting_probability,Level 4,\(\frac{1}{4}\),\(\frac{1}{4}\),True,True,True,True,True,True,False,False,False,94,394,488,94,394,488,1,0,0,symbolic,symbolic,raw/math_test_counting_probability_67__base4096.json,raw/math_test_counting_probability_67__base4096.json,4096,0.00025049999999999996,0.00025049999999999996,f6a583a12f4224ef3a07a9a76f7ba1895d268f7aa8ca31b1c1caac595cd0a4e8,c2586290a0086b0b9da3705e9799c2d04e060b32
math_test_counting_probability_73,counting_probability,Level 5,\(\frac{5}{162}\),\(\frac{5}{162}\),True,True,True,True,True,True,False,False,False,98,705,803,98,705,803,1,0,0,symbolic,symbolic,raw/math_test_counting_probability_73__base4096.json,raw/math_test_counting_probability_73__base4096.json,4096,0.0004377,0.0004377,f6a583a12f4224ef3a07a9a76f7ba1895d268f7aa8ca31b1c1caac595cd0a4e8,c2586290a0086b0b9da3705e9799c2d04e060b32
math_test_counting_probability_77,counting_probability,Level 4,\frac{1}{5},\frac{1}{5},True,True,True,True,True,True,False,False,False,98,456,554,98,456,554,1,0,0,symbolic,symbolic,raw/math_test_counting_probability_77__base4096.json,raw/math_test_counting_probability_77__base4096.json,4096,0.00028829999999999996,0.00028829999999999996,f6a583a12f4224ef3a07a9a76f7ba1895d268f7aa8ca31b1c1caac595cd0a4e8,c2586290a0086b0b9da3705e9799c2d04e060b32
math_test_counting_probability_83,counting_probability,Level 2,9,9,True,True,True,True,True,True,False,False,False,124,826,950,124,826,950,1,0,0,symbolic,symbolic,raw/math_test_counting_probability_83__base4096.json,raw/math_test_counting_probability_83__base4096.json,4096,0.0005141999999999999,0.0005141999999999999,f6a583a12f4224ef3a07a9a76f7ba1895d268f7aa8ca31b1c1caac595cd0a4e8,c2586290a0086b0b9da3705e9799c2d04e060b32
math_test_geometry_100,geometry,Level 4,\(\frac{1}{16}\),\(\frac{1}{16}\),True,True,True,True,True,True,False,False,False,122,325,447,122,325,447,1,0,0,symbolic,symbolic,raw/math_test_geometry_100__base4096.json,raw/math_test_geometry_100__base4096.json,4096,0.0002133,0.0002133,f6a583a12f4224ef3a07a9a76f7ba1895d268f7aa8ca31b1c1caac595cd0a4e8,c2586290a0086b0b9da3705e9799c2d04e060b32
math_test_geometry_103,geometry,Level 5,8,8,True,True,True,True,True,True,False,False,False,134,2866,3000,134,2866,3000,1,0,0,symbolic,symbolic,raw/math_test_geometry_103__base4096.json,raw/math_test_geometry_103__base4096.json,4096,0.0017396999999999998,0.0017396999999999998,f6a583a12f4224ef3a07a9a76f7ba1895d268f7aa8ca31b1c1caac595cd0a4e8,c2586290a0086b0b9da3705e9799c2d04e060b32
math_test_geometry_119,geometry,Level 5,145,145,True,True,True,True,True,True,False,False,False,111,938,1049,111,938,1049,1,0,0,symbolic,symbolic,raw/math_test_geometry_119__base4096.json,raw/math_test_geometry_119__base4096.json,4096,0.0005794499999999999,0.0005794499999999999,f6a583a12f4224ef3a07a9a76f7ba1895d268f7aa8ca31b1c1caac595cd0a4e8,c2586290a0086b0b9da3705e9799c2d04e060b32
math_test_geometry_130,geometry,Level 5,16,16,True,True,True,True,True,True,False,False,False,160,4021,4181,160,4021,4181,1,0,0,symbolic,symbolic,raw/math_test_geometry_130__base4096.json,raw/math_test_geometry_130__base4096.json,4096,0.0024365999999999997,0.0024365999999999997,f6a583a12f4224ef3a07a9a76f7ba1895d268f7aa8ca31b1c1caac595cd0a4e8,c2586290a0086b0b9da3705e9799c2d04e060b32
math_test_geometry_133,geometry,Level 3,\(\frac{1}{3}\),\(\frac{1}{3}\),True,True,True,True,True,True,False,False,False,85,164,249,85,164,249,1,0,0,symbolic,symbolic,raw/math_test_geometry_133__base4096.json,raw/math_test_geometry_133__base4096.json,4096,0.00011114999999999999,0.00011114999999999999,f6a583a12f4224ef3a07a9a76f7ba1895d268f7aa8ca31b1c1caac595cd0a4e8,c2586290a0086b0b9da3705e9799c2d04e060b32
math_test_geometry_136,geometry,Level 4,3,3,True,True,True,True,True,True,False,False,False,72,2648,2720,72,2648,2720,1,0,0,symbolic,symbolic,raw/math_test_geometry_136__base4096.json,raw/math_test_geometry_136__base4096.json,4096,0.0015995999999999999,0.0015995999999999999,f6a583a12f4224ef3a07a9a76f7ba1895d268f7aa8ca31b1c1caac595cd0a4e8,c2586290a0086b0b9da3705e9799c2d04e060b32
math_test_geometry_150,geometry,Level 2,28,28,True,True,True,True,True,True,False,False,False,104,181,285,104,181,285,1,0,0,symbolic,symbolic,raw/math_test_geometry_150__base4096.json,raw/math_test_geometry_150__base4096.json,4096,0.00012419999999999998,0.00012419999999999998,f6a583a12f4224ef3a07a9a76f7ba1895d268f7aa8ca31b1c1caac595cd0a4e8,c2586290a0086b0b9da3705e9799c2d04e060b32
math_test_geometry_164,geometry,Level 2,4,4,True,True,True,True,True,True,False,False,False,192,3028,3220,192,3028,3220,1,0,0,symbolic,symbolic,raw/math_test_geometry_164__base4096.json,raw/math_test_geometry_164__base4096.json,4096,0.0018456,0.0018456,f6a583a12f4224ef3a07a9a76f7ba1895d268f7aa8ca31b1c1caac595cd0a4e8,c2586290a0086b0b9da3705e9799c2d04e060b32
math_test_geometry_166,geometry,Level 5,\frac14,\frac14,True,True,True,True,True,True,False,False,False,131,878,1009,131,878,1009,1,0,0,symbolic,symbolic,raw/math_test_geometry_166__base4096.json,raw/math_test_geometry_166__base4096.json,4096,0.00054645,0.00054645,f6a583a12f4224ef3a07a9a76f7ba1895d268f7aa8ca31b1c1caac595cd0a4e8,c2586290a0086b0b9da3705e9799c2d04e060b32
math_test_geometry_170,geometry,Level 5,2+4\sqrt7,2+4\sqrt7,True,True,True,True,True,True,False,False,False,114,1080,1194,114,1080,1194,1,0,0,symbolic,symbolic,raw/math_test_geometry_170__base4096.json,raw/math_test_geometry_170__base4096.json,4096,0.0006651000000000001,0.0006651000000000001,f6a583a12f4224ef3a07a9a76f7ba1895d268f7aa8ca31b1c1caac595cd0a4e8,c2586290a0086b0b9da3705e9799c2d04e060b32
math_test_geometry_173,geometry,Level 5,592,592,True,True,True,True,True,True,False,False,False,199,1993,2192,199,1993,2192,1,0,0,symbolic,symbolic,raw/math_test_geometry_173__base4096.json,raw/math_test_geometry_173__base4096.json,4096,0.0012256499999999998,0.0012256499999999998,f6a583a12f4224ef3a07a9a76f7ba1895d268f7aa8ca31b1c1caac595cd0a4e8,c2586290a0086b0b9da3705e9799c2d04e060b32
math_test_geometry_178,geometry,Level 2,\(\frac{7}{24}\),\(\frac{7}{24}\),True,True,True,True,True,True,False,False,False,93,423,516,93,423,516,1,0,0,symbolic,symbolic,raw/math_test_geometry_178__base4096.json,raw/math_test_geometry_178__base4096.json,4096,0.00026775,0.00026775,f6a583a12f4224ef3a07a9a76f7ba1895d268f7aa8ca31b1c1caac595cd0a4e8,c2586290a0086b0b9da3705e9799c2d04e060b32
math_test_geometry_186,geometry,Level 2,45,45,True,True,True,True,True,True,False,False,False,320,1115,1435,320,1115,1435,1,0,0,symbolic,symbolic,raw/math_test_geometry_186__base4096.json,raw/math_test_geometry_186__base4096.json,4096,0.000717,0.000717,f6a583a12f4224ef3a07a9a76f7ba1895d268f7aa8ca31b1c1caac595cd0a4e8,c2586290a0086b0b9da3705e9799c2d04e060b32
math_test_geometry_191,geometry,Level 3,48°,48°,False,True,False,True,True,True,False,False,False,100,1084,1184,100,1084,1184,1,1,0,symbolic,symbolic,raw/math_test_geometry_191__base4096.json,raw/math_test_geometry_191__base4096.json,4096,0.0006654,0.0006654,f6a583a12f4224ef3a07a9a76f7ba1895d268f7aa8ca31b1c1caac595cd0a4e8,c2586290a0086b0b9da3705e9799c2d04e060b32
math_test_geometry_196,geometry,Level 5,5,5,True,True,True,True,True,True,False,False,False,93,2993,3086,93,2993,3086,1,0,0,symbolic,symbolic,raw/math_test_geometry_196__base4096.json,raw/math_test_geometry_196__base4096.json,4096,0.00180975,0.00180975,f6a583a12f4224ef3a07a9a76f7ba1895d268f7aa8ca31b1c1caac595cd0a4e8,c2586290a0086b0b9da3705e9799c2d04e060b32
math_test_geometry_198,geometry,Level 3,6,6,True,True,True,True,True,True,False,False,False,95,559,654,95,559,654,1,0,0,symbolic,symbolic,raw/math_test_geometry_198__base4096.json,raw/math_test_geometry_198__base4096.json,4096,0.00034964999999999996,0.00034964999999999996,f6a583a12f4224ef3a07a9a76f7ba1895d268f7aa8ca31b1c1caac595cd0a4e8,c2586290a0086b0b9da3705e9799c2d04e060b32
math_test_geometry_20,geometry,Level 5,,84,False,False,True,True,False,True,True,True,True,469,4096,4565,1407,15919,17326,3,0,1,truncated,symbolic,raw/math_test_geometry_20__base4096.json,raw/math_test_geometry_20__upgrade16384.json,16384,0.0025279499999999997,0.009687186,f6a583a12f4224ef3a07a9a76f7ba1895d268f7aa8ca31b1c1caac595cd0a4e8,c2586290a0086b0b9da3705e9799c2d04e060b32
math_test_geometry_200,geometry,Level 4,,2304 square units,False,False,True,,False,True,True,True,False,228,4096,4324,456,6820,7276,2,0,0,truncated,unknown_parse,raw/math_test_geometry_200__base4096.json,raw/math_test_geometry_200__upgrade8192.json,8192,0.0024917999999999997,0.0041604,f6a583a12f4224ef3a07a9a76f7ba1895d268f7aa8ca31b1c1caac595cd0a4e8,c2586290a0086b0b9da3705e9799c2d04e060b32
math_test_geometry_208,geometry,Level 4,12,12,True,True,True,True,True,True,False,False,False,256,1970,2226,256,1970,2226,1,0,0,symbolic,symbolic,raw/math_test_geometry_208__base4096.json,raw/math_test_geometry_208__base4096.json,4096,0.0012204000000000002,0.0012204000000000002,f6a583a12f4224ef3a07a9a76f7ba1895d268f7aa8ca31b1c1caac595cd0a4e8,c2586290a0086b0b9da3705e9799c2d04e060b32
math_test_geometry_212,geometry,Level 2,68,68,True,True,True,True,True,True,False,False,False,249,3014,3263,249,3014,3263,1,0,0,symbolic,symbolic,raw/math_test_geometry_212__base4096.json,raw/math_test_geometry_212__base4096.json,4096,0.0018457499999999997,0.0018457499999999997,f6a583a12f4224ef3a07a9a76f7ba1895d268f7aa8ca31b1c1caac595cd0a4e8,c2586290a0086b0b9da3705e9799c2d04e060b32
math_test_geometry_222,geometry,Level 5,\frac{23}{2}\text{ cm}^2,\frac{23}{2}\text{ cm}^2,True,True,True,True,True,True,False,False,False,575,3813,4388,575,3813,4388,1,0,0,symbolic,symbolic,raw/math_test_geometry_222__base4096.json,raw/math_test_geometry_222__base4096.json,4096,0.0023740499999999995,0.0023740499999999995,f6a583a12f4224ef3a07a9a76f7ba1895d268f7aa8ca31b1c1caac595cd0a4e8,c2586290a0086b0b9da3705e9799c2d04e060b32
math_test_geometry_228,geometry,Level 3,24 feet,24 feet,True,True,True,True,True,True,False,False,False,89,243,332,89,243,332,1,0,0,symbolic,symbolic,raw/math_test_geometry_228__base4096.json,raw/math_test_geometry_228__base4096.json,4096,0.00015914999999999997,0.00015914999999999997,f6a583a12f4224ef3a07a9a76f7ba1895d268f7aa8ca31b1c1caac595cd0a4e8,c2586290a0086b0b9da3705e9799c2d04e060b32
math_test_geometry_231,geometry,Level 4,4,4,True,True,True,True,True,True,False,False,False,113,811,924,113,811,924,1,0,0,symbolic,symbolic,raw/math_test_geometry_231__base4096.json,raw/math_test_geometry_231__base4096.json,4096,0.00050355,0.00050355,f6a583a12f4224ef3a07a9a76f7ba1895d268f7aa8ca31b1c1caac595cd0a4e8,c2586290a0086b0b9da3705e9799c2d04e060b32
math_test_geometry_234,geometry,Level 2,80,80,True,True,True,True,True,True,False,False,False,93,256,349,93,256,349,1,0,0,symbolic,symbolic,raw/math_test_geometry_234__base4096.json,raw/math_test_geometry_234__base4096.json,4096,0.00016754999999999998,0.00016754999999999998,f6a583a12f4224ef3a07a9a76f7ba1895d268f7aa8ca31b1c1caac595cd0a4e8,c2586290a0086b0b9da3705e9799c2d04e060b32
math_test_geometry_238,geometry,Level 4,,\(68^\circ\),False,False,True,True,False,True,True,True,False,288,4096,4384,576,11508,12084,2,0,1,truncated,symbolic,raw/math_test_geometry_238__base4096.json,raw/math_test_geometry_238__upgrade8192.json,8192,0.0025007999999999996,0.006972384,f6a583a12f4224ef3a07a9a76f7ba1895d268f7aa8ca31b1c1caac595cd0a4e8,c2586290a0086b0b9da3705e9799c2d04e060b32
math_test_geometry_254,geometry,Level 1,25\pi,25\pi,True,True,True,True,True,True,False,False,False,178,182,360,178,182,360,1,0,0,symbolic,symbolic,raw/math_test_geometry_254__base4096.json,raw/math_test_geometry_254__base4096.json,4096,0.0001359,0.0001359,f6a583a12f4224ef3a07a9a76f7ba1895d268f7aa8ca31b1c1caac595cd0a4e8,c2586290a0086b0b9da3705e9799c2d04e060b32
math_test_geometry_259,geometry,Level 4,3\sqrt3,3\sqrt3,True,True,True,True,True,True,False,False,False,102,1655,1757,102,1655,1757,1,0,0,symbolic,symbolic,raw/math_test_geometry_259__base4096.json,raw/math_test_geometry_259__base4096.json,4096,0.0010083,0.0010083,f6a583a12f4224ef3a07a9a76f7ba1895d268f7aa8ca31b1c1caac595cd0a4e8,c2586290a0086b0b9da3705e9799c2d04e060b32
math_test_geometry_26,geometry,Level 5,\frac{99}{20},\frac{99}{20},True,True,True,True,True,True,False,False,False,303,2306,2609,303,2306,2609,1,0,0,symbolic,symbolic,raw/math_test_geometry_26__base4096.json,raw/math_test_geometry_26__base4096.json,4096,0.0014290499999999999,0.0014290499999999999,f6a583a12f4224ef3a07a9a76f7ba1895d268f7aa8ca31b1c1caac595cd0a4e8,c2586290a0086b0b9da3705e9799c2d04e060b32
math_test_geometry_3,geometry,Level 4,135,135,True,True,True,True,True,True,False,False,False,126,1247,1373,126,1247,1373,1,0,0,symbolic,symbolic,raw/math_test_geometry_3__base4096.json,raw/math_test_geometry_3__base4096.json,4096,0.0007670999999999999,0.0007670999999999999,f6a583a12f4224ef3a07a9a76f7ba1895d268f7aa8ca31b1c1caac595cd0a4e8,c2586290a0086b0b9da3705e9799c2d04e060b32
math_test_geometry_312,geometry,Level 2,15,15,True,True,True,True,True,True,False,False,False,207,776,983,207,776,983,1,0,0,symbolic,symbolic,raw/math_test_geometry_312__base4096.json,raw/math_test_geometry_312__base4096.json,4096,0.00049665,0.00049665,f6a583a12f4224ef3a07a9a76f7ba1895d268f7aa8ca31b1c1caac595cd0a4e8,c2586290a0086b0b9da3705e9799c2d04e060b32
math_test_geometry_328,geometry,Level 5,301,301,True,True,True,True,True,True,False,False,False,162,1078,1240,162,1078,1240,1,0,0,symbolic,symbolic,raw/math_test_geometry_328__base4096.json,raw/math_test_geometry_328__base4096.json,4096,0.0006710999999999999,0.0006710999999999999,f6a583a12f4224ef3a07a9a76f7ba1895d268f7aa8ca31b1c1caac595cd0a4e8,c2586290a0086b0b9da3705e9799c2d04e060b32
math_test_geometry_332,geometry,Level 3,\(\sqrt{85}\),\(\sqrt{85}\),True,True,True,True,True,True,False,False,False,90,441,531,90,441,531,1,0,0,symbolic,symbolic,raw/math_test_geometry_332__base4096.json,raw/math_test_geometry_332__base4096.json,4096,0.0002781,0.0002781,f6a583a12f4224ef3a07a9a76f7ba1895d268f7aa8ca31b1c1caac595cd0a4e8,c2586290a0086b0b9da3705e9799c2d04e060b32
math_test_geometry_345,geometry,Level 5,,1+2\sqrt3,False,False,True,True,False,True,True,True,False,105,4096,4201,210,8984,9194,2,0,1,truncated,symbolic,raw/math_test_geometry_345__base4096.json,raw/math_test_geometry_345__upgrade8192.json,8192,0.00247335,0.0054219,f6a583a12f4224ef3a07a9a76f7ba1895d268f7aa8ca31b1c1caac595cd0a4e8,c2586290a0086b0b9da3705e9799c2d04e060b32
math_test_geometry_347,geometry,Level 1,24,24,True,True,True,True,True,True,False,False,False,65,116,181,65,116,181,1,0,0,symbolic,symbolic,raw/math_test_geometry_347__base4096.json,raw/math_test_geometry_347__base4096.json,4096,7.934999999999999e-05,7.934999999999999e-05,f6a583a12f4224ef3a07a9a76f7ba1895d268f7aa8ca31b1c1caac595cd0a4e8,c2586290a0086b0b9da3705e9799c2d04e060b32
math_test_geometry_352,geometry,Level 3,13,13,True,,True,,True,True,False,False,False,99,675,774,99,675,774,1,-1,0,unknown_parse,unknown_parse,raw/math_test_geometry_352__base4096.json,raw/math_test_geometry_352__base4096.json,4096,0.00041985000000000004,0.00041985000000000004,f6a583a12f4224ef3a07a9a76f7ba1895d268f7aa8ca31b1c1caac595cd0a4e8,c2586290a0086b0b9da3705e9799c2d04e060b32
math_test_geometry_357,geometry,Level 5,14,14,True,True,True,True,True,True,False,False,False,129,1452,1581,129,1452,1581,1,0,0,symbolic,symbolic,raw/math_test_geometry_357__base4096.json,raw/math_test_geometry_357__base4096.json,4096,0.0008905499999999999,0.0008905499999999999,f6a583a12f4224ef3a07a9a76f7ba1895d268f7aa8ca31b1c1caac595cd0a4e8,c2586290a0086b0b9da3705e9799c2d04e060b32
math_test_geometry_373,geometry,Level 5,\(54\),\(54\),True,True,True,True,True,True,False,False,False,295,2777,3072,295,2777,3072,1,0,0,symbolic,symbolic,raw/math_test_geometry_373__base4096.json,raw/math_test_geometry_373__base4096.json,4096,0.00171045,0.00171045,f6a583a12f4224ef3a07a9a76f7ba1895d268f7aa8ca31b1c1caac595cd0a4e8,c2586290a0086b0b9da3705e9799c2d04e060b32
math_test_geometry_39,geometry,Level 4,\(4\sqrt{2}\) inches,\(4\sqrt{2}\) inches,True,True,True,True,True,True,False,False,False,95,379,474,95,379,474,1,0,0,symbolic,symbolic,raw/math_test_geometry_39__base4096.json,raw/math_test_geometry_39__base4096.json,4096,0.00024165000000000002,0.00024165000000000002,f6a583a12f4224ef3a07a9a76f7ba1895d268f7aa8ca31b1c1caac595cd0a4e8,c2586290a0086b0b9da3705e9799c2d04e060b32
math_test_geometry_403,geometry,Level 3,210,210,True,True,True,True,True,True,False,False,False,106,553,659,106,553,659,1,0,0,symbolic,symbolic,raw/math_test_geometry_403__base4096.json,raw/math_test_geometry_403__base4096.json,4096,0.0003477,0.0003477,f6a583a12f4224ef3a07a9a76f7ba1895d268f7aa8ca31b1c1caac595cd0a4e8,c2586290a0086b0b9da3705e9799c2d04e060b32
math_test_geometry_410,geometry,Level 1,,\(72\),False,False,True,True,False,True,True,True,False,203,4096,4299,406,7198,7604,2,0,1,truncated,symbolic,raw/math_test_geometry_410__base4096.json,raw/math_test_geometry_410__upgrade8192.json,8192,0.00248805,0.0043797,f6a583a12f4224ef3a07a9a76f7ba1895d268f7aa8ca31b1c1caac595cd0a4e8,c2586290a0086b0b9da3705e9799c2d04e060b32
math_test_geometry_436,geometry,Level 4,\(25\pi\),\(25\pi\),True,True,True,True,True,True,False,False,False,98,471,569,98,471,569,1,0,0,symbolic,symbolic,raw/math_test_geometry_436__base4096.json,raw/math_test_geometry_436__base4096.json,4096,0.00029729999999999996,0.00029729999999999996,f6a583a12f4224ef3a07a9a76f7ba1895d268f7aa8ca31b1c1caac595cd0a4e8,c2586290a0086b0b9da3705e9799c2d04e060b32
math_test_geometry_437,geometry,Level 3,2,2,True,True,True,True,True,True,False,False,False,103,240,343,103,240,343,1,0,0,symbolic,symbolic,raw/math_test_geometry_437__base4096.json,raw/math_test_geometry_437__base4096.json,4096,0.00015945,0.00015945,f6a583a12f4224ef3a07a9a76f7ba1895d268f7aa8ca31b1c1caac595cd0a4e8,c2586290a0086b0b9da3705e9799c2d04e060b32
math_test_geometry_447,geometry,Level 3,\(\frac{1}{2}\),\(\frac{1}{2}\),True,True,True,True,True,True,False,False,False,130,394,524,130,394,524,1,0,0,symbolic,symbolic,raw/math_test_geometry_447__base4096.json,raw/math_test_geometry_447__base4096.json,4096,0.0002559,0.0002559,f6a583a12f4224ef3a07a9a76f7ba1895d268f7aa8ca31b1c1caac595cd0a4e8,c2586290a0086b0b9da3705e9799c2d04e060b32
math_test_geometry_451,geometry,Level 1,140,140,True,True,True,True,True,True,False,False,False,177,2015,2192,177,2015,2192,1,0,0,symbolic,symbolic,raw/math_test_geometry_451__base4096.json,raw/math_test_geometry_451__base4096.json,4096,0.00123555,0.00123555,f6a583a12f4224ef3a07a9a76f7ba1895d268f7aa8ca31b1c1caac595cd0a4e8,c2586290a0086b0b9da3705e9799c2d04e060b32
math_test_geometry_454,geometry,Level 4,47,47,True,True,True,True,True,True,False,False,False,508,1335,1843,508,1335,1843,1,0,0,symbolic,symbolic,raw/math_test_geometry_454__base4096.json,raw/math_test_geometry_454__base4096.json,4096,0.0008772000000000001,0.0008772000000000001,f6a583a12f4224ef3a07a9a76f7ba1895d268f7aa8ca31b1c1caac595cd0a4e8,c2586290a0086b0b9da3705e9799c2d04e060b32
math_test_geometry_459,geometry,Level 3,72 degrees,72 degrees,True,True,True,True,True,True,False,False,False,86,126,212,86,126,212,1,0,0,symbolic,symbolic,raw/math_test_geometry_459__base4096.json,raw/math_test_geometry_459__base4096.json,4096,8.85e-05,8.85e-05,f6a583a12f4224ef3a07a9a76f7ba1895d268f7aa8ca31b1c1caac595cd0a4e8,c2586290a0086b0b9da3705e9799c2d04e060b32
math_test_geometry_472,geometry,Level 4,\frac{360}{7},\frac{360}{7},True,True,True,True,True,True,False,False,False,225,2943,3168,225,2943,3168,1,0,0,symbolic,symbolic,raw/math_test_geometry_472__base4096.json,raw/math_test_geometry_472__base4096.json,4096,0.00179955,0.00179955,f6a583a12f4224ef3a07a9a76f7ba1895d268f7aa8ca31b1c1caac595cd0a4e8,c2586290a0086b0b9da3705e9799c2d04e060b32
math_test_geometry_56,geometry,Level 5,,,False,False,False,False,False,False,True,True,True,140,4096,4236,420,28672,29092,3,0,0,truncated,truncated,raw/math_test_geometry_56__base4096.json,raw/math_test_geometry_56__upgrade16384.json,16384,0.0024786,0.0172662,f6a583a12f4224ef3a07a9a76f7ba1895d268f7aa8ca31b1c1caac595cd0a4e8,c2586290a0086b0b9da3705e9799c2d04e060b32
math_test_geometry_62,geometry,Level 3,0.25,0.25,True,True,True,True,True,True,False,False,False,141,198,339,141,198,339,1,0,0,symbolic,symbolic,raw/math_test_geometry_62__base4096.json,raw/math_test_geometry_62__base4096.json,4096,0.00013995,0.00013995,f6a583a12f4224ef3a07a9a76f7ba1895d268f7aa8ca31b1c1caac595cd0a4e8,c2586290a0086b0b9da3705e9799c2d04e060b32
math_test_geometry_64,geometry,Level 4,\frac{5}{16},\frac{5}{16},True,True,True,True,True,True,False,False,False,356,2328,2684,356,2328,2684,1,0,0,symbolic,symbolic,raw/math_test_geometry_64__base4096.json,raw/math_test_geometry_64__base4096.json,4096,0.0014502,0.0014502,f6a583a12f4224ef3a07a9a76f7ba1895d268f7aa8ca31b1c1caac595cd0a4e8,c2586290a0086b0b9da3705e9799c2d04e060b32
math_test_geometry_85,geometry,Level 4,,\frac13,False,False,True,True,False,True,True,True,False,313,4096,4409,626,7175,7801,2,0,1,truncated,symbolic,raw/math_test_geometry_85__base4096.json,raw/math_test_geometry_85__upgrade8192.json,8192,0.00250455,0.004380083999999999,f6a583a12f4224ef3a07a9a76f7ba1895d268f7aa8ca31b1c1caac595cd0a4e8,c2586290a0086b0b9da3705e9799c2d04e060b32
math_test_geometry_90,geometry,Level 2,"\((2,4)\)","\((2,4)\)",True,True,True,True,True,True,False,False,False,96,217,313,96,217,313,1,0,0,structured,structured,raw/math_test_geometry_90__base4096.json,raw/math_test_geometry_90__base4096.json,4096,0.0001446,0.0001446,f6a583a12f4224ef3a07a9a76f7ba1895d268f7aa8ca31b1c1caac595cd0a4e8,c2586290a0086b0b9da3705e9799c2d04e060b32
math_test_geometry_99,geometry,Level 2,"\((9,3)\)","\((9,3)\)",True,True,True,True,True,True,False,False,False,120,124,244,120,124,244,1,0,0,structured,structured,raw/math_test_geometry_99__base4096.json,raw/math_test_geometry_99__base4096.json,4096,9.24e-05,9.24e-05,f6a583a12f4224ef3a07a9a76f7ba1895d268f7aa8ca31b1c1caac595cd0a4e8,c2586290a0086b0b9da3705e9799c2d04e060b32
math_test_intermediate_algebra_103,intermediate_algebra,Level 4,,[1],False,False,True,True,False,True,True,True,False,126,4096,4222,252,5486,5738,2,0,1,truncated,symbolic,raw/math_test_intermediate_algebra_103__base4096.json,raw/math_test_intermediate_algebra_103__upgrade8192.json,8192,0.0024765,0.0033293999999999997,f6a583a12f4224ef3a07a9a76f7ba1895d268f7aa8ca31b1c1caac595cd0a4e8,c2586290a0086b0b9da3705e9799c2d04e060b32
math_test_intermediate_algebra_108,intermediate_algebra,Level 3,0,0,True,True,True,True,True,True,False,False,False,83,2388,2471,83,2388,2471,1,0,0,symbolic,symbolic,raw/math_test_intermediate_algebra_108__base4096.json,raw/math_test_intermediate_algebra_108__base4096.json,4096,0.00144525,0.00144525,f6a583a12f4224ef3a07a9a76f7ba1895d268f7aa8ca31b1c1caac595cd0a4e8,c2586290a0086b0b9da3705e9799c2d04e060b32
math_test_intermediate_algebra_115,intermediate_algebra,Level 5,44,44,True,True,True,True,True,True,False,False,False,171,1430,1601,171,1430,1601,1,0,0,symbolic,symbolic,raw/math_test_intermediate_algebra_115__base4096.json,raw/math_test_intermediate_algebra_115__base4096.json,4096,0.0008836499999999999,0.0008836499999999999,f6a583a12f4224ef3a07a9a76f7ba1895d268f7aa8ca31b1c1caac595cd0a4e8,c2586290a0086b0b9da3705e9799c2d04e060b32
math_test_intermediate_algebra_116,intermediate_algebra,Level 5,\(\frac34\),\(\frac34\),True,True,True,True,True,True,False,False,False,168,3079,3247,168,3079,3247,1,0,0,symbolic,symbolic,raw/math_test_intermediate_algebra_116__base4096.json,raw/math_test_intermediate_algebra_116__base4096.json,4096,0.0018725999999999999,0.0018725999999999999,f6a583a12f4224ef3a07a9a76f7ba1895d268f7aa8ca31b1c1caac595cd0a4e8,c2586290a0086b0b9da3705e9799c2d04e060b32
math_test_intermediate_algebra_122,intermediate_algebra,Level 5,,508,False,False,True,True,False,True,True,True,False,230,4096,4326,460,10867,11327,2,0,1,truncated,symbolic,raw/math_test_intermediate_algebra_122__base4096.json,raw/math_test_intermediate_algebra_122__upgrade8192.json,8192,0.0024920999999999997,0.0065892,f6a583a12f4224ef3a07a9a76f7ba1895d268f7aa8ca31b1c1caac595cd0a4e8,c2586290a0086b0b9da3705e9799c2d04e060b32
math_test_intermediate_algebra_139,intermediate_algebra,Level 2,3,3,True,True,True,True,True,True,False,False,False,97,724,821,97,724,821,1,0,0,symbolic,symbolic,raw/math_test_intermediate_algebra_139__base4096.json,raw/math_test_intermediate_algebra_139__base4096.json,4096,0.00044895,0.00044895,f6a583a12f4224ef3a07a9a76f7ba1895d268f7aa8ca31b1c1caac595cd0a4e8,c2586290a0086b0b9da3705e9799c2d04e060b32
math_test_intermediate_algebra_147,intermediate_algebra,Level 4,13,13,True,True,True,True,True,True,False,False,False,145,1135,1280,145,1135,1280,1,0,0,symbolic,symbolic,raw/math_test_intermediate_algebra_147__base4096.json,raw/math_test_intermediate_algebra_147__base4096.json,4096,0.00070275,0.00070275,f6a583a12f4224ef3a07a9a76f7ba1895d268f7aa8ca31b1c1caac595cd0a4e8,c2586290a0086b0b9da3705e9799c2d04e060b32
math_test_intermediate_algebra_155,intermediate_algebra,Level 2,46,46,True,True,True,True,True,True,False,False,False,297,1044,1341,297,1044,1341,1,0,0,symbolic,symbolic,raw/math_test_intermediate_algebra_155__base4096.json,raw/math_test_intermediate_algebra_155__base4096.json,4096,0.0006709499999999999,0.0006709499999999999,f6a583a12f4224ef3a07a9a76f7ba1895d268f7aa8ca31b1c1caac595cd0a4e8,c2586290a0086b0b9da3705e9799c2d04e060b32
math_test_intermediate_algebra_161,intermediate_algebra,Level 2,\(2\sqrt{13}\),\(2\sqrt{13}\),True,True,True,True,True,True,False,False,False,93,913,1006,93,913,1006,1,0,0,symbolic,symbolic,raw/math_test_intermediate_algebra_161__base4096.json,raw/math_test_intermediate_algebra_161__base4096.json,4096,0.00056175,0.00056175,f6a583a12f4224ef3a07a9a76f7ba1895d268f7aa8ca31b1c1caac595cd0a4e8,c2586290a0086b0b9da3705e9799c2d04e060b32
math_test_intermediate_algebra_163,intermediate_algebra,Level 3,15,15,True,True,True,True,True,True,False,False,False,111,486,597,111,486,597,1,0,0,symbolic,symbolic,raw/math_test_intermediate_algebra_163__base4096.json,raw/math_test_intermediate_algebra_163__base4096.json,4096,0.00030824999999999993,0.00030824999999999993,f6a583a12f4224ef3a07a9a76f7ba1895d268f7aa8ca31b1c1caac595cd0a4e8,c2586290a0086b0b9da3705e9799c2d04e060b32
math_test_intermediate_algebra_184,intermediate_algebra,Level 4,6,6,True,True,True,True,True,True,False,False,False,145,1188,1333,145,1188,1333,1,0,0,symbolic,symbolic,raw/math_test_intermediate_algebra_184__base4096.json,raw/math_test_intermediate_algebra_184__base4096.json,4096,0.0007345499999999999,0.0007345499999999999,f6a583a12f4224ef3a07a9a76f7ba1895d268f7aa8ca31b1c1caac595cd0a4e8,c2586290a0086b0b9da3705e9799c2d04e060b32
math_test_intermediate_algebra_187,intermediate_algebra,Level 2,\(\frac{6}{5}\),\(\frac{6}{5}\),True,True,True,True,True,True,False,False,False,98,503,601,98,503,601,1,0,0,symbolic,symbolic,raw/math_test_intermediate_algebra_187__base4096.json,raw/math_test_intermediate_algebra_187__base4096.json,4096,0.0003165,0.0003165,f6a583a12f4224ef3a07a9a76f7ba1895d268f7aa8ca31b1c1caac595cd0a4e8,c2586290a0086b0b9da3705e9799c2d04e060b32
math_test_intermediate_algebra_197,intermediate_algebra,Level 1,"\((2,1)\)","\((2,1)\)",True,True,True,True,True,True,False,False,False,91,345,436,91,345,436,1,0,0,structured,structured,raw/math_test_intermediate_algebra_197__base4096.json,raw/math_test_intermediate_algebra_197__base4096.json,4096,0.00022065,0.00022065,f6a583a12f4224ef3a07a9a76f7ba1895d268f7aa8ca31b1c1caac595cd0a4e8,c2586290a0086b0b9da3705e9799c2d04e060b32
math_test_intermediate_algebra_212,intermediate_algebra,Level 5,\(70\sqrt2\),\(70\sqrt2\),True,True,True,True,True,True,False,False,False,125,3658,3783,125,3658,3783,1,0,0,symbolic,symbolic,raw/math_test_intermediate_algebra_212__base4096.json,raw/math_test_intermediate_algebra_212__base4096.json,4096,0.00221355,0.00221355,f6a583a12f4224ef3a07a9a76f7ba1895d268f7aa8ca31b1c1caac595cd0a4e8,c2586290a0086b0b9da3705e9799c2d04e060b32
math_test_intermediate_algebra_213,intermediate_algebra,Level 5,\(\frac{16\sqrt3}{9}\),\(\frac{16\sqrt3}{9}\),True,True,True,True,True,True,False,False,False,123,974,1097,123,974,1097,1,0,0,symbolic,symbolic,raw/math_test_intermediate_algebra_213__base4096.json,raw/math_test_intermediate_algebra_213__base4096.json,4096,0.00060285,0.00060285,f6a583a12f4224ef3a07a9a76f7ba1895d268f7aa8ca31b1c1caac595cd0a4e8,c2586290a0086b0b9da3705e9799c2d04e060b32
math_test_intermediate_algebra_220,intermediate_algebra,Level 5,8n^2+4n+1,8n^2+4n+1,True,True,True,True,True,True,False,False,False,153,2422,2575,153,2422,2575,1,0,0,symbolic,symbolic,raw/math_test_intermediate_algebra_220__base4096.json,raw/math_test_intermediate_algebra_220__base4096.json,4096,0.00147615,0.00147615,f6a583a12f4224ef3a07a9a76f7ba1895d268f7aa8ca31b1c1caac595cd0a4e8,c2586290a0086b0b9da3705e9799c2d04e060b32
math_test_intermediate_algebra_238,intermediate_algebra,Level 5,,11,False,False,True,True,False,True,True,True,False,364,4096,4460,728,6722,7450,2,0,1,truncated,symbolic,raw/math_test_intermediate_algebra_238__base4096.json,raw/math_test_intermediate_algebra_238__upgrade8192.json,8192,0.0025122,0.004123584,f6a583a12f4224ef3a07a9a76f7ba1895d268f7aa8ca31b1c1caac595cd0a4e8,c2586290a0086b0b9da3705e9799c2d04e060b32
math_test_intermediate_algebra_241,intermediate_algebra,Level 3,,973,False,False,True,True,False,True,True,True,False,207,4096,4303,414,8083,8497,2,0,1,truncated,symbolic,raw/math_test_intermediate_algebra_241__base4096.json,raw/math_test_intermediate_algebra_241__upgrade8192.json,8192,0.0024886500000000002,0.0049119,f6a583a12f4224ef3a07a9a76f7ba1895d268f7aa8ca31b1c1caac595cd0a4e8,c2586290a0086b0b9da3705e9799c2d04e060b32
math_test_intermediate_algebra_243,intermediate_algebra,Level 2,1,1,True,True,True,True,True,True,False,False,False,78,332,410,78,332,410,1,0,0,symbolic,symbolic,raw/math_test_intermediate_algebra_243__base4096.json,raw/math_test_intermediate_algebra_243__base4096.json,4096,0.00021089999999999998,0.00021089999999999998,f6a583a12f4224ef3a07a9a76f7ba1895d268f7aa8ca31b1c1caac595cd0a4e8,c2586290a0086b0b9da3705e9799c2d04e060b32
math_test_intermediate_algebra_263,intermediate_algebra,Level 4,13,13,True,True,True,True,True,True,False,False,False,91,570,661,91,570,661,1,0,0,symbolic,symbolic,raw/math_test_intermediate_algebra_263__base4096.json,raw/math_test_intermediate_algebra_263__base4096.json,4096,0.00035565,0.00035565,f6a583a12f4224ef3a07a9a76f7ba1895d268f7aa8ca31b1c1caac595cd0a4e8,c2586290a0086b0b9da3705e9799c2d04e060b32
math_test_intermediate_algebra_266,intermediate_algebra,Level 4,"19, 22","19, 22",True,True,True,True,True,True,False,False,False,154,2074,2228,154,2074,2228,1,0,0,structured,structured,raw/math_test_intermediate_algebra_266__base4096.json,raw/math_test_intermediate_algebra_266__base4096.json,4096,0.0012674999999999997,0.0012674999999999997,f6a583a12f4224ef3a07a9a76f7ba1895d268f7aa8ca31b1c1caac595cd0a4e8,c2586290a0086b0b9da3705e9799c2d04e060b32
math_test_intermediate_algebra_276,intermediate_algebra,Level 5,27648,27648,True,True,True,True,True,True,False,False,False,105,945,1050,105,945,1050,1,0,0,symbolic,symbolic,raw/math_test_intermediate_algebra_276__base4096.json,raw/math_test_intermediate_algebra_276__base4096.json,4096,0.00058275,0.00058275,f6a583a12f4224ef3a07a9a76f7ba1895d268f7aa8ca31b1c1caac595cd0a4e8,c2586290a0086b0b9da3705e9799c2d04e060b32
math_test_intermediate_algebra_277,intermediate_algebra,Level 5,175,175,True,True,True,True,True,True,False,False,False,125,1348,1473,125,1348,1473,1,0,0,symbolic,symbolic,raw/math_test_intermediate_algebra_277__base4096.json,raw/math_test_intermediate_algebra_277__base4096.json,4096,0.0008275499999999999,0.0008275499999999999,f6a583a12f4224ef3a07a9a76f7ba1895d268f7aa8ca31b1c1caac595cd0a4e8,c2586290a0086b0b9da3705e9799c2d04e060b32
math_test_intermediate_algebra_289,intermediate_algebra,Level 3,\(\frac12\),\(\frac12\),True,True,True,True,True,True,False,False,False,90,476,566,90,476,566,1,0,0,symbolic,symbolic,raw/math_test_intermediate_algebra_289__base4096.json,raw/math_test_intermediate_algebra_289__base4096.json,4096,0.00029909999999999995,0.00029909999999999995,f6a583a12f4224ef3a07a9a76f7ba1895d268f7aa8ca31b1c1caac595cd0a4e8,c2586290a0086b0b9da3705e9799c2d04e060b32
math_test_intermediate_algebra_29,intermediate_algebra,Level 5,\frac{x^2}{16}-\frac{y^2}{9}=1,\frac{x^2}{16}-\frac{y^2}{9}=1,True,True,True,True,True,True,False,False,False,293,1158,1451,293,1158,1451,1,0,0,symbolic,symbolic,raw/math_test_intermediate_algebra_29__base4096.json,raw/math_test_intermediate_algebra_29__base4096.json,4096,0.00073875,0.00073875,f6a583a12f4224ef3a07a9a76f7ba1895d268f7aa8ca31b1c1caac595cd0a4e8,c2586290a0086b0b9da3705e9799c2d04e060b32
math_test_intermediate_algebra_3,intermediate_algebra,Level 3,3,3,True,True,True,True,True,True,False,False,False,102,726,828,102,726,828,1,0,0,symbolic,symbolic,raw/math_test_intermediate_algebra_3__base4096.json,raw/math_test_intermediate_algebra_3__base4096.json,4096,0.00045089999999999996,0.00045089999999999996,f6a583a12f4224ef3a07a9a76f7ba1895d268f7aa8ca31b1c1caac595cd0a4e8,c2586290a0086b0b9da3705e9799c2d04e060b32
math_test_intermediate_algebra_301,intermediate_algebra,Level 2,9,9,True,True,True,True,True,True,False,False,False,98,257,355,98,257,355,1,0,0,symbolic,symbolic,raw/math_test_intermediate_algebra_301__base4096.json,raw/math_test_intermediate_algebra_301__base4096.json,4096,0.00016889999999999999,0.00016889999999999999,f6a583a12f4224ef3a07a9a76f7ba1895d268f7aa8ca31b1c1caac595cd0a4e8,c2586290a0086b0b9da3705e9799c2d04e060b32
math_test_intermediate_algebra_306,intermediate_algebra,Level 3,3996,3996,True,True,True,True,True,True,False,False,False,136,2036,2172,136,2036,2172,1,0,0,symbolic,symbolic,raw/math_test_intermediate_algebra_306__base4096.json,raw/math_test_intermediate_algebra_306__base4096.json,4096,0.001242,0.001242,f6a583a12f4224ef3a07a9a76f7ba1895d268f7aa8ca31b1c1caac595cd0a4e8,c2586290a0086b0b9da3705e9799c2d04e060b32
math_test_intermediate_algebra_31,intermediate_algebra,Level 5,,\(2\sqrt{2}\),False,False,True,True,False,True,True,True,True,145,4096,4241,435,17304,17739,3,0,1,truncated,symbolic,raw/math_test_intermediate_algebra_31__base4096.json,raw/math_test_intermediate_algebra_31__upgrade16384.json,16384,0.00247935,0.01044765,f6a583a12f4224ef3a07a9a76f7ba1895d268f7aa8ca31b1c1caac595cd0a4e8,c2586290a0086b0b9da3705e9799c2d04e060b32
math_test_intermediate_algebra_314,intermediate_algebra,Level 4,,104,False,False,True,True,False,True,True,True,False,112,4096,4208,224,7515,7739,2,0,1,truncated,symbolic,raw/math_test_intermediate_algebra_314__base4096.json,raw/math_test_intermediate_algebra_314__upgrade8192.json,8192,0.0024744000000000003,0.004542600000000001,f6a583a12f4224ef3a07a9a76f7ba1895d268f7aa8ca31b1c1caac595cd0a4e8,c2586290a0086b0b9da3705e9799c2d04e060b32
math_test_intermediate_algebra_353,intermediate_algebra,Level 5,31,31,True,True,True,True,True,True,False,False,False,132,1137,1269,132,1137,1269,1,0,0,symbolic,symbolic,raw/math_test_intermediate_algebra_353__base4096.json,raw/math_test_intermediate_algebra_353__base4096.json,4096,0.0007019999999999999,0.0007019999999999999,f6a583a12f4224ef3a07a9a76f7ba1895d268f7aa8ca31b1c1caac595cd0a4e8,c2586290a0086b0b9da3705e9799c2d04e060b32
math_test_intermediate_algebra_377,intermediate_algebra,Level 3,\(-3\),\(-3\),True,True,True,True,True,True,False,False,False,129,859,988,129,859,988,1,0,0,symbolic,symbolic,raw/math_test_intermediate_algebra_377__base4096.json,raw/math_test_intermediate_algebra_377__base4096.json,4096,0.00053475,0.00053475,f6a583a12f4224ef3a07a9a76f7ba1895d268f7aa8ca31b1c1caac595cd0a4e8,c2586290a0086b0b9da3705e9799c2d04e060b32
math_test_intermediate_algebra_380,intermediate_algebra,Level 4,\(\pi\),\(\pi\),True,True,True,True,True,True,False,False,False,191,570,761,191,570,761,1,0,0,symbolic,symbolic,raw/math_test_intermediate_algebra_380__base4096.json,raw/math_test_intermediate_algebra_380__base4096.json,4096,0.00037065,0.00037065,f6a583a12f4224ef3a07a9a76f7ba1895d268f7aa8ca31b1c1caac595cd0a4e8,c2586290a0086b0b9da3705e9799c2d04e060b32
math_test_intermediate_algebra_4,intermediate_algebra,Level 4,\(-81\),\(-81\),True,True,True,True,True,True,False,False,False,99,842,941,99,842,941,1,0,0,symbolic,symbolic,raw/math_test_intermediate_algebra_4__base4096.json,raw/math_test_intermediate_algebra_4__base4096.json,4096,0.00052005,0.00052005,f6a583a12f4224ef3a07a9a76f7ba1895d268f7aa8ca31b1c1caac595cd0a4e8,c2586290a0086b0b9da3705e9799c2d04e060b32
math_test_intermediate_algebra_400,intermediate_algebra,Level 5,,\(\frac{1024}{27}\),False,False,True,True,False,True,True,True,False,135,4096,4231,270,6243,6513,2,0,1,truncated,symbolic,raw/math_test_intermediate_algebra_400__base4096.json,raw/math_test_intermediate_algebra_400__upgrade8192.json,8192,0.0024778499999999998,0.0037863,f6a583a12f4224ef3a07a9a76f7ba1895d268f7aa8ca31b1c1caac595cd0a4e8,c2586290a0086b0b9da3705e9799c2d04e060b32
math_test_intermediate_algebra_409,intermediate_algebra,Level 2,"\(-\frac{3}{2}, -\frac{3}{4}\)","\(-\frac{3}{2}, -\frac{3}{4}\)",False,,False,,True,True,False,False,False,109,463,572,109,463,572,1,0,0,unknown_answer_type,unknown_answer_type,raw/math_test_intermediate_algebra_409__base4096.json,raw/math_test_intermediate_algebra_409__base4096.json,4096,0.00029415,0.00029415,f6a583a12f4224ef3a07a9a76f7ba1895d268f7aa8ca31b1c1caac595cd0a4e8,c2586290a0086b0b9da3705e9799c2d04e060b32
math_test_intermediate_algebra_414,intermediate_algebra,Level 4,-1,-1,True,True,True,True,True,True,False,False,False,136,2311,2447,136,2311,2447,1,0,0,symbolic,symbolic,raw/math_test_intermediate_algebra_414__base4096.json,raw/math_test_intermediate_algebra_414__base4096.json,4096,0.001407,0.001407,f6a583a12f4224ef3a07a9a76f7ba1895d268f7aa8ca31b1c1caac595cd0a4e8,c2586290a0086b0b9da3705e9799c2d04e060b32
math_test_intermediate_algebra_416,intermediate_algebra,Level 3,198,198,True,True,True,True,True,True,False,False,False,127,442,569,127,442,569,1,0,0,symbolic,symbolic,raw/math_test_intermediate_algebra_416__base4096.json,raw/math_test_intermediate_algebra_416__base4096.json,4096,0.00028425,0.00028425,f6a583a12f4224ef3a07a9a76f7ba1895d268f7aa8ca31b1c1caac595cd0a4e8,c2586290a0086b0b9da3705e9799c2d04e060b32
math_test_intermediate_algebra_423,intermediate_algebra,Level 5,-4 \le k < 0,-4 \le k < 0,False,,False,,True,True,False,False,False,88,736,824,88,736,824,1,0,0,unknown_answer_type,unknown_answer_type,raw/math_test_intermediate_algebra_423__base4096.json,raw/math_test_intermediate_algebra_423__base4096.json,4096,0.00045479999999999994,0.00045479999999999994,f6a583a12f4224ef3a07a9a76f7ba1895d268f7aa8ca31b1c1caac595cd0a4e8,c2586290a0086b0b9da3705e9799c2d04e060b32
math_test_intermediate_algebra_424,intermediate_algebra,Level 3,6,6,True,True,True,True,True,True,False,False,False,106,867,973,106,867,973,1,0,0,symbolic,symbolic,raw/math_test_intermediate_algebra_424__base4096.json,raw/math_test_intermediate_algebra_424__base4096.json,4096,0.0005360999999999999,0.0005360999999999999,f6a583a12f4224ef3a07a9a76f7ba1895d268f7aa8ca31b1c1caac595cd0a4e8,c2586290a0086b0b9da3705e9799c2d04e060b32
math_test_intermediate_algebra_43,intermediate_algebra,Level 3,89,89,True,True,True,True,True,True,False,False,False,116,2657,2773,116,2657,2773,1,0,0,symbolic,symbolic,raw/math_test_intermediate_algebra_43__base4096.json,raw/math_test_intermediate_algebra_43__base4096.json,4096,0.0016116000000000001,0.0016116000000000001,f6a583a12f4224ef3a07a9a76f7ba1895d268f7aa8ca31b1c1caac595cd0a4e8,c2586290a0086b0b9da3705e9799c2d04e060b32
math_test_intermediate_algebra_430,intermediate_algebra,Level 4,\(\frac{7}{2}\),\(\frac{7}{2}\),True,True,True,True,True,True,False,False,False,106,1004,1110,106,1004,1110,1,0,0,symbolic,symbolic,raw/math_test_intermediate_algebra_430__base4096.json,raw/math_test_intermediate_algebra_430__base4096.json,4096,0.0006182999999999999,0.0006182999999999999,f6a583a12f4224ef3a07a9a76f7ba1895d268f7aa8ca31b1c1caac595cd0a4e8,c2586290a0086b0b9da3705e9799c2d04e060b32
math_test_intermediate_algebra_435,intermediate_algebra,Level 4,44,44,True,True,True,True,True,True,False,False,False,119,650,769,119,650,769,1,0,0,symbolic,symbolic,raw/math_test_intermediate_algebra_435__base4096.json,raw/math_test_intermediate_algebra_435__base4096.json,4096,0.00040785,0.00040785,f6a583a12f4224ef3a07a9a76f7ba1895d268f7aa8ca31b1c1caac595cd0a4e8,c2586290a0086b0b9da3705e9799c2d04e060b32
math_test_intermediate_algebra_438,intermediate_algebra,Level 4,\(9+\sqrt{101}-\sqrt2\),\(9+\sqrt{101}-\sqrt2\),True,True,True,True,True,True,False,False,False,87,846,933,87,846,933,1,0,0,symbolic,symbolic,raw/math_test_intermediate_algebra_438__base4096.json,raw/math_test_intermediate_algebra_438__base4096.json,4096,0.00052065,0.00052065,f6a583a12f4224ef3a07a9a76f7ba1895d268f7aa8ca31b1c1caac595cd0a4e8,c2586290a0086b0b9da3705e9799c2d04e060b32
math_test_intermediate_algebra_448,intermediate_algebra,Level 5,\(-108\),\(-108\),True,True,True,True,True,True,False,False,False,85,1639,1724,85,1639,1724,1,0,0,symbolic,symbolic,raw/math_test_intermediate_algebra_448__base4096.json,raw/math_test_intermediate_algebra_448__base4096.json,4096,0.00099615,0.00099615,f6a583a12f4224ef3a07a9a76f7ba1895d268f7aa8ca31b1c1caac595cd0a4e8,c2586290a0086b0b9da3705e9799c2d04e060b32
math_test_intermediate_algebra_462,intermediate_algebra,Level 4,"\((2,12)\cup(12,102)\)","\((2,12)\cup(12,102)\)",True,True,True,True,True,True,False,False,False,103,494,597,103,494,597,1,0,0,structured,structured,raw/math_test_intermediate_algebra_462__base4096.json,raw/math_test_intermediate_algebra_462__base4096.json,4096,0.00031184999999999996,0.00031184999999999996,f6a583a12f4224ef3a07a9a76f7ba1895d268f7aa8ca31b1c1caac595cd0a4e8,c2586290a0086b0b9da3705e9799c2d04e060b32
math_test_intermediate_algebra_478,intermediate_algebra,Level 4,\(\displaystyle \frac{2x-7}{(x+1)(x-2)}\),\(\displaystyle \frac{2x-7}{(x+1)(x-2)}\),True,,True,,True,True,False,False,False,118,960,1078,118,960,1078,1,-1,0,unknown_domain_obligations,unknown_domain_obligations,raw/math_test_intermediate_algebra_478__base4096.json,raw/math_test_intermediate_algebra_478__base4096.json,4096,0.0005937000000000001,0.0005937000000000001,f6a583a12f4224ef3a07a9a76f7ba1895d268f7aa8ca31b1c1caac595cd0a4e8,c2586290a0086b0b9da3705e9799c2d04e060b32
math_test_intermediate_algebra_479,intermediate_algebra,Level 4,1,1,True,True,True,True,True,True,False,False,False,90,764,854,90,764,854,1,0,0,symbolic,symbolic,raw/math_test_intermediate_algebra_479__base4096.json,raw/math_test_intermediate_algebra_479__base4096.json,4096,0.0004719,0.0004719,f6a583a12f4224ef3a07a9a76f7ba1895d268f7aa8ca31b1c1caac595cd0a4e8,c2586290a0086b0b9da3705e9799c2d04e060b32
math_test_intermediate_algebra_482,intermediate_algebra,Level 5,"\(\{-2,1-\sqrt5,1+\sqrt5\}\)","\(\{-2,1-\sqrt5,1+\sqrt5\}\)",True,False,True,False,True,True,False,False,False,157,2835,2992,157,2835,2992,1,-1,0,structured,structured,raw/math_test_intermediate_algebra_482__base4096.json,raw/math_test_intermediate_algebra_482__base4096.json,4096,0.00172455,0.00172455,f6a583a12f4224ef3a07a9a76f7ba1895d268f7aa8ca31b1c1caac595cd0a4e8,c2586290a0086b0b9da3705e9799c2d04e060b32
math_test_intermediate_algebra_494,intermediate_algebra,Level 5,,,False,False,False,False,False,False,True,True,True,220,4096,4316,660,28672,29332,3,0,0,truncated,truncated,raw/math_test_intermediate_algebra_494__base4096.json,raw/math_test_intermediate_algebra_494__upgrade16384.json,16384,0.0024906,0.0173022,f6a583a12f4224ef3a07a9a76f7ba1895d268f7aa8ca31b1c1caac595cd0a4e8,c2586290a0086b0b9da3705e9799c2d04e060b32
math_test_intermediate_algebra_515,intermediate_algebra,Level 3,0,0,True,True,True,True,True,True,False,False,False,90,416,506,90,416,506,1,0,0,symbolic,symbolic,raw/math_test_intermediate_algebra_515__base4096.json,raw/math_test_intermediate_algebra_515__base4096.json,4096,0.0002631,0.0002631,f6a583a12f4224ef3a07a9a76f7ba1895d268f7aa8ca31b1c1caac595cd0a4e8,c2586290a0086b0b9da3705e9799c2d04e060b32
math_test_intermediate_algebra_516,intermediate_algebra,Level 5,"\(-10879,10879\)","\(-10879,10879\)",False,,False,,True,True,False,False,False,117,651,768,117,651,768,1,0,0,unknown_answer_type,unknown_answer_type,raw/math_test_intermediate_algebra_516__base4096.json,raw/math_test_intermediate_algebra_516__base4096.json,4096,0.00040815,0.00040815,f6a583a12f4224ef3a07a9a76f7ba1895d268f7aa8ca31b1c1caac595cd0a4e8,c2586290a0086b0b9da3705e9799c2d04e060b32
math_test_intermediate_algebra_542,intermediate_algebra,Level 5,0,0,True,True,True,True,True,True,False,False,False,147,431,578,147,431,578,1,0,0,symbolic,symbolic,raw/math_test_intermediate_algebra_542__base4096.json,raw/math_test_intermediate_algebra_542__base4096.json,4096,0.00028064999999999996,0.00028064999999999996,f6a583a12f4224ef3a07a9a76f7ba1895d268f7aa8ca31b1c1caac595cd0a4e8,c2586290a0086b0b9da3705e9799c2d04e060b32
math_test_intermediate_algebra_553,intermediate_algebra,Level 3,"\((8,4,2)\)","\((8,4,2)\)",True,True,True,True,True,True,False,False,False,139,782,921,139,782,921,1,0,0,structured,structured,raw/math_test_intermediate_algebra_553__base4096.json,raw/math_test_intermediate_algebra_553__base4096.json,4096,0.00049005,0.00049005,f6a583a12f4224ef3a07a9a76f7ba1895d268f7aa8ca31b1c1caac595cd0a4e8,c2586290a0086b0b9da3705e9799c2d04e060b32
math_test_intermediate_algebra_563,intermediate_algebra,Level 2,"\(\frac{2}{5},3\)","\(\frac{2}{5},3\)",False,,False,,True,True,False,False,False,117,1112,1229,117,1112,1229,1,0,0,unknown_answer_type,unknown_answer_type,raw/math_test_intermediate_algebra_563__base4096.json,raw/math_test_intermediate_algebra_563__base4096.json,4096,0.0006847499999999999,0.0006847499999999999,f6a583a12f4224ef3a07a9a76f7ba1895d268f7aa8ca31b1c1caac595cd0a4e8,c2586290a0086b0b9da3705e9799c2d04e060b32
math_test_intermediate_algebra_565,intermediate_algebra,Level 1,2,2,True,True,True,True,True,True,False,False,False,107,126,233,107,126,233,1,0,0,symbolic,symbolic,raw/math_test_intermediate_algebra_565__base4096.json,raw/math_test_intermediate_algebra_565__base4096.json,4096,9.164999999999999e-05,9.164999999999999e-05,f6a583a12f4224ef3a07a9a76f7ba1895d268f7aa8ca31b1c1caac595cd0a4e8,c2586290a0086b0b9da3705e9799c2d04e060b32
math_test_intermediate_algebra_57,intermediate_algebra,Level 5,,38,False,False,True,True,False,True,True,True,False,148,4096,4244,296,11354,11650,2,0,1,truncated,symbolic,raw/math_test_intermediate_algebra_57__base4096.json,raw/math_test_intermediate_algebra_57__upgrade8192.json,8192,0.0024798,0.0068568,f6a583a12f4224ef3a07a9a76f7ba1895d268f7aa8ca31b1c1caac595cd0a4e8,c2586290a0086b0b9da3705e9799c2d04e060b32
math_test_intermediate_algebra_570,intermediate_algebra,Level 5,\(\frac{197}{2}\),\(\frac{197}{2}\),True,True,True,True,True,True,False,False,False,123,1153,1276,123,1153,1276,1,0,0,symbolic,symbolic,raw/math_test_intermediate_algebra_570__base4096.json,raw/math_test_intermediate_algebra_570__base4096.json,4096,0.00071025,0.00071025,f6a583a12f4224ef3a07a9a76f7ba1895d268f7aa8ca31b1c1caac595cd0a4e8,c2586290a0086b0b9da3705e9799c2d04e060b32
math_test_intermediate_algebra_573,intermediate_algebra,Level 4,913,913,True,True,True,True,True,True,False,False,False,138,1597,1735,138,1597,1735,1,0,0,symbolic,symbolic,raw/math_test_intermediate_algebra_573__base4096.json,raw/math_test_intermediate_algebra_573__base4096.json,4096,0.0009789,0.0009789,f6a583a12f4224ef3a07a9a76f7ba1895d268f7aa8ca31b1c1caac595cd0a4e8,c2586290a0086b0b9da3705e9799c2d04e060b32
math_test_intermediate_algebra_586,intermediate_algebra,Level 2,7,7,True,True,True,True,True,True,False,False,False,97,211,308,97,211,308,1,0,0,symbolic,symbolic,raw/math_test_intermediate_algebra_586__base4096.json,raw/math_test_intermediate_algebra_586__base4096.json,4096,0.00014115000000000002,0.00014115000000000002,f6a583a12f4224ef3a07a9a76f7ba1895d268f7aa8ca31b1c1caac595cd0a4e8,c2586290a0086b0b9da3705e9799c2d04e060b32
math_test_intermediate_algebra_605,intermediate_algebra,Level 4,2,2,True,True,True,True,True,True,False,False,False,234,423,657,234,423,657,1,0,0,symbolic,symbolic,raw/math_test_intermediate_algebra_605__base4096.json,raw/math_test_intermediate_algebra_605__base4096.json,4096,0.0002889,0.0002889,f6a583a12f4224ef3a07a9a76f7ba1895d268f7aa8ca31b1c1caac595cd0a4e8,c2586290a0086b0b9da3705e9799c2d04e060b32
math_test_intermediate_algebra_615,intermediate_algebra,Level 2,17x-13,17x-13,True,True,True,True,True,True,False,False,False,96,1804,1900,96,1804,1900,1,0,0,symbolic,symbolic,raw/math_test_intermediate_algebra_615__base4096.json,raw/math_test_intermediate_algebra_615__base4096.json,4096,0.0010968,0.0010968,f6a583a12f4224ef3a07a9a76f7ba1895d268f7aa8ca31b1c1caac595cd0a4e8,c2586290a0086b0b9da3705e9799c2d04e060b32
math_test_intermediate_algebra_618,intermediate_algebra,Level 4,,504,False,False,True,True,False,True,True,True,True,165,4096,4261,495,19198,19693,3,0,1,truncated,symbolic,raw/math_test_intermediate_algebra_618__base4096.json,raw/math_test_intermediate_algebra_618__upgrade16384.json,16384,0.00248235,0.01159305,f6a583a12f4224ef3a07a9a76f7ba1895d268f7aa8ca31b1c1caac595cd0a4e8,c2586290a0086b0b9da3705e9799c2d04e060b32
math_test_intermediate_algebra_627,intermediate_algebra,Level 4,40,40,True,True,True,True,True,True,False,False,False,131,2337,2468,131,2337,2468,1,0,0,symbolic,symbolic,raw/math_test_intermediate_algebra_627__base4096.json,raw/math_test_intermediate_algebra_627__base4096.json,4096,0.0014218500000000001,0.0014218500000000001,f6a583a12f4224ef3a07a9a76f7ba1895d268f7aa8ca31b1c1caac595cd0a4e8,c2586290a0086b0b9da3705e9799c2d04e060b32
math_test_intermediate_algebra_653,intermediate_algebra,Level 2,7,7,True,True,True,True,True,True,False,False,False,120,316,436,120,316,436,1,0,0,symbolic,symbolic,raw/math_test_intermediate_algebra_653__base4096.json,raw/math_test_intermediate_algebra_653__base4096.json,4096,0.0002076,0.0002076,f6a583a12f4224ef3a07a9a76f7ba1895d268f7aa8ca31b1c1caac595cd0a4e8,c2586290a0086b0b9da3705e9799c2d04e060b32
math_test_intermediate_algebra_66,intermediate_algebra,Level 1,512,512,True,True,True,True,True,True,False,False,False,133,1199,1332,133,1199,1332,1,0,0,symbolic,symbolic,raw/math_test_intermediate_algebra_66__base4096.json,raw/math_test_intermediate_algebra_66__base4096.json,4096,0.0007393500000000001,0.0007393500000000001,f6a583a12f4224ef3a07a9a76f7ba1895d268f7aa8ca31b1c1caac595cd0a4e8,c2586290a0086b0b9da3705e9799c2d04e060b32
math_test_intermediate_algebra_685,intermediate_algebra,Level 5,-14,-14,True,True,True,True,True,True,False,False,False,114,3241,3355,114,3241,3355,1,0,0,symbolic,symbolic,raw/math_test_intermediate_algebra_685__base4096.json,raw/math_test_intermediate_algebra_685__base4096.json,4096,0.0019617,0.0019617,f6a583a12f4224ef3a07a9a76f7ba1895d268f7aa8ca31b1c1caac595cd0a4e8,c2586290a0086b0b9da3705e9799c2d04e060b32
math_test_intermediate_algebra_689,intermediate_algebra,Level 1,25,25,True,True,True,True,True,True,False,False,False,75,169,244,75,169,244,1,0,0,symbolic,symbolic,raw/math_test_intermediate_algebra_689__base4096.json,raw/math_test_intermediate_algebra_689__base4096.json,4096,0.00011264999999999999,0.00011264999999999999,f6a583a12f4224ef3a07a9a76f7ba1895d268f7aa8ca31b1c1caac595cd0a4e8,c2586290a0086b0b9da3705e9799c2d04e060b32
math_test_intermediate_algebra_693,intermediate_algebra,Level 5,29800,29800,True,True,True,True,True,True,False,False,False,116,1341,1457,116,1341,1457,1,0,0,symbolic,symbolic,raw/math_test_intermediate_algebra_693__base4096.json,raw/math_test_intermediate_algebra_693__base4096.json,4096,0.000822,0.000822,f6a583a12f4224ef3a07a9a76f7ba1895d268f7aa8ca31b1c1caac595cd0a4e8,c2586290a0086b0b9da3705e9799c2d04e060b32
math_test_intermediate_algebra_695,intermediate_algebra,Level 2,12,12,True,True,True,True,True,True,False,False,False,86,548,634,86,548,634,1,0,0,symbolic,symbolic,raw/math_test_intermediate_algebra_695__base4096.json,raw/math_test_intermediate_algebra_695__base4096.json,4096,0.0003417,0.0003417,f6a583a12f4224ef3a07a9a76f7ba1895d268f7aa8ca31b1c1caac595cd0a4e8,c2586290a0086b0b9da3705e9799c2d04e060b32
math_test_intermediate_algebra_700,intermediate_algebra,Level 2,CD,CD,False,False,False,False,True,True,False,False,False,445,3548,3993,445,3548,3993,1,0,0,symbolic,symbolic,raw/math_test_intermediate_algebra_700__base4096.json,raw/math_test_intermediate_algebra_700__base4096.json,4096,0.0021955499999999997,0.0021955499999999997,f6a583a12f4224ef3a07a9a76f7ba1895d268f7aa8ca31b1c1caac595cd0a4e8,c2586290a0086b0b9da3705e9799c2d04e060b32
math_test_intermediate_algebra_718,intermediate_algebra,Level 3,\frac{33}{2},\frac{33}{2},True,True,True,True,True,True,False,False,False,103,1035,1138,103,1035,1138,1,0,0,symbolic,symbolic,raw/math_test_intermediate_algebra_718__base4096.json,raw/math_test_intermediate_algebra_718__base4096.json,4096,0.00063645,0.00063645,f6a583a12f4224ef3a07a9a76f7ba1895d268f7aa8ca31b1c1caac595cd0a4e8,c2586290a0086b0b9da3705e9799c2d04e060b32
math_test_intermediate_algebra_724,intermediate_algebra,Level 3,216,216,True,True,True,True,True,True,False,False,False,74,536,610,74,536,610,1,0,0,symbolic,symbolic,raw/math_test_intermediate_algebra_724__base4096.json,raw/math_test_intermediate_algebra_724__base4096.json,4096,0.0003327,0.0003327,f6a583a12f4224ef3a07a9a76f7ba1895d268f7aa8ca31b1c1caac595cd0a4e8,c2586290a0086b0b9da3705e9799c2d04e060b32
math_test_intermediate_algebra_733,intermediate_algebra,Level 5,3x^2-3x-6,3x^2-3x-6,True,True,True,True,True,True,False,False,False,116,1398,1514,116,1398,1514,1,0,0,symbolic,symbolic,raw/math_test_intermediate_algebra_733__base4096.json,raw/math_test_intermediate_algebra_733__base4096.json,4096,0.0008561999999999999,0.0008561999999999999,f6a583a12f4224ef3a07a9a76f7ba1895d268f7aa8ca31b1c1caac595cd0a4e8,c2586290a0086b0b9da3705e9799c2d04e060b32
math_test_intermediate_algebra_734,intermediate_algebra,Level 3,\(\frac{99}{100}\),\(\frac{99}{100}\),True,True,True,True,True,True,False,False,False,119,438,557,119,438,557,1,0,0,symbolic,symbolic,raw/math_test_intermediate_algebra_734__base4096.json,raw/math_test_intermediate_algebra_734__base4096.json,4096,0.00028065,0.00028065,f6a583a12f4224ef3a07a9a76f7ba1895d268f7aa8ca31b1c1caac595cd0a4e8,c2586290a0086b0b9da3705e9799c2d04e060b32
math_test_intermediate_algebra_741,intermediate_algebra,Level 5,,\(\frac{19}{540}\),False,False,True,True,False,True,True,True,True,203,4096,4299,609,20100,20709,3,0,1,truncated,symbolic,raw/math_test_intermediate_algebra_741__base4096.json,raw/math_test_intermediate_algebra_741__upgrade16384.json,16384,0.00248805,0.012151349999999998,f6a583a12f4224ef3a07a9a76f7ba1895d268f7aa8ca31b1c1caac595cd0a4e8,c2586290a0086b0b9da3705e9799c2d04e060b32
math_test_intermediate_algebra_746,intermediate_algebra,Level 4,\(5x^2+21x\),\(5x^2+21x\),True,True,True,True,True,True,False,False,False,91,818,909,91,818,909,1,0,0,symbolic,symbolic,raw/math_test_intermediate_algebra_746__base4096.json,raw/math_test_intermediate_algebra_746__base4096.json,4096,0.0005044499999999999,0.0005044499999999999,f6a583a12f4224ef3a07a9a76f7ba1895d268f7aa8ca31b1c1caac595cd0a4e8,c2586290a0086b0b9da3705e9799c2d04e060b32
math_test_intermediate_algebra_749,intermediate_algebra,Level 5,177,177,True,True,True,True,True,True,False,False,False,130,3423,3553,130,3423,3553,1,0,0,symbolic,symbolic,raw/math_test_intermediate_algebra_749__base4096.json,raw/math_test_intermediate_algebra_749__base4096.json,4096,0.0020732999999999997,0.0020732999999999997,f6a583a12f4224ef3a07a9a76f7ba1895d268f7aa8ca31b1c1caac595cd0a4e8,c2586290a0086b0b9da3705e9799c2d04e060b32
math_test_intermediate_algebra_756,intermediate_algebra,Level 5,"\(1-\sqrt{19},1+\sqrt{19}\)","\(1-\sqrt{19},1+\sqrt{19}\)",True,,True,,True,True,False,False,False,153,2268,2421,153,2268,2421,1,-1,0,unknown_answer_type,unknown_answer_type,raw/math_test_intermediate_algebra_756__base4096.json,raw/math_test_intermediate_algebra_756__base4096.json,4096,0.00138375,0.00138375,f6a583a12f4224ef3a07a9a76f7ba1895d268f7aa8ca31b1c1caac595cd0a4e8,c2586290a0086b0b9da3705e9799c2d04e060b32
math_test_intermediate_algebra_767,intermediate_algebra,Level 4,"\((1,-16,-4,43)\)","\((1,-16,-4,43)\)",True,True,True,True,True,True,False,False,False,126,581,707,126,581,707,1,0,0,structured,structured,raw/math_test_intermediate_algebra_767__base4096.json,raw/math_test_intermediate_algebra_767__base4096.json,4096,0.00036749999999999993,0.00036749999999999993,f6a583a12f4224ef3a07a9a76f7ba1895d268f7aa8ca31b1c1caac595cd0a4e8,c2586290a0086b0b9da3705e9799c2d04e060b32
math_test_intermediate_algebra_778,intermediate_algebra,Level 4,\(0\),\(0\),True,True,True,True,True,True,False,False,False,139,3003,3142,139,3003,3142,1,0,0,symbolic,symbolic,raw/math_test_intermediate_algebra_778__base4096.json,raw/math_test_intermediate_algebra_778__base4096.json,4096,0.0018226499999999999,0.0018226499999999999,f6a583a12f4224ef3a07a9a76f7ba1895d268f7aa8ca31b1c1caac595cd0a4e8,c2586290a0086b0b9da3705e9799c2d04e060b32
math_test_intermediate_algebra_780,intermediate_algebra,Level 4,0,0,True,True,True,True,True,True,False,False,False,137,1994,2131,137,1994,2131,1,0,0,symbolic,symbolic,raw/math_test_intermediate_algebra_780__base4096.json,raw/math_test_intermediate_algebra_780__base4096.json,4096,0.0012169499999999998,0.0012169499999999998,f6a583a12f4224ef3a07a9a76f7ba1895d268f7aa8ca31b1c1caac595cd0a4e8,c2586290a0086b0b9da3705e9799c2d04e060b32
math_test_intermediate_algebra_80,intermediate_algebra,Level 3,4,4,True,True,True,True,True,True,False,False,False,91,662,753,91,662,753,1,0,0,symbolic,symbolic,raw/math_test_intermediate_algebra_80__base4096.json,raw/math_test_intermediate_algebra_80__base4096.json,4096,0.00041085,0.00041085,f6a583a12f4224ef3a07a9a76f7ba1895d268f7aa8ca31b1c1caac595cd0a4e8,c2586290a0086b0b9da3705e9799c2d04e060b32
math_test_intermediate_algebra_801,intermediate_algebra,Level 3,\frac{1}{12},\frac{1}{12},True,True,True,True,True,True,False,False,False,128,230,358,128,230,358,1,0,0,symbolic,symbolic,raw/math_test_intermediate_algebra_801__base4096.json,raw/math_test_intermediate_algebra_801__base4096.json,4096,0.0001572,0.0001572,f6a583a12f4224ef3a07a9a76f7ba1895d268f7aa8ca31b1c1caac595cd0a4e8,c2586290a0086b0b9da3705e9799c2d04e060b32
math_test_intermediate_algebra_804,intermediate_algebra,Level 5,2+2x^2+2x^4+2x^6+2x^8+2x^{10},2+2x^2+2x^4+2x^6+2x^8+2x^{10},True,True,True,True,True,True,False,False,False,120,3856,3976,120,3856,3976,1,0,0,symbolic,symbolic,raw/math_test_intermediate_algebra_804__base4096.json,raw/math_test_intermediate_algebra_804__base4096.json,4096,0.0023316,0.0023316,f6a583a12f4224ef3a07a9a76f7ba1895d268f7aa8ca31b1c1caac595cd0a4e8,c2586290a0086b0b9da3705e9799c2d04e060b32
math_test_intermediate_algebra_813,intermediate_algebra,Level 1,odd,odd,True,,True,,True,True,False,False,False,104,151,255,104,151,255,1,-1,0,unknown_parse,unknown_parse,raw/math_test_intermediate_algebra_813__base4096.json,raw/math_test_intermediate_algebra_813__base4096.json,4096,0.00010619999999999999,0.00010619999999999999,f6a583a12f4224ef3a07a9a76f7ba1895d268f7aa8ca31b1c1caac595cd0a4e8,c2586290a0086b0b9da3705e9799c2d04e060b32
math_test_intermediate_algebra_814,intermediate_algebra,Level 4,1,1,True,True,True,True,True,True,False,False,False,283,1195,1478,283,1195,1478,1,0,0,symbolic,symbolic,raw/math_test_intermediate_algebra_814__base4096.json,raw/math_test_intermediate_algebra_814__base4096.json,4096,0.0007594500000000001,0.0007594500000000001,f6a583a12f4224ef3a07a9a76f7ba1895d268f7aa8ca31b1c1caac595cd0a4e8,c2586290a0086b0b9da3705e9799c2d04e060b32
math_test_intermediate_algebra_818,intermediate_algebra,Level 4,\(-48\),\(-48\),True,True,True,True,True,True,False,False,False,111,790,901,111,790,901,1,0,0,symbolic,symbolic,raw/math_test_intermediate_algebra_818__base4096.json,raw/math_test_intermediate_algebra_818__base4096.json,4096,0.00049065,0.00049065,f6a583a12f4224ef3a07a9a76f7ba1895d268f7aa8ca31b1c1caac595cd0a4e8,c2586290a0086b0b9da3705e9799c2d04e060b32
math_test_intermediate_algebra_821,intermediate_algebra,Level 4,17,17,True,True,True,True,True,True,False,False,False,116,681,797,116,681,797,1,0,0,symbolic,symbolic,raw/math_test_intermediate_algebra_821__base4096.json,raw/math_test_intermediate_algebra_821__base4096.json,4096,0.00042599999999999995,0.00042599999999999995,f6a583a12f4224ef3a07a9a76f7ba1895d268f7aa8ca31b1c1caac595cd0a4e8,c2586290a0086b0b9da3705e9799c2d04e060b32
math_test_intermediate_algebra_834,intermediate_algebra,Level 3,\(-8\),\(-8\),True,True,True,True,True,True,False,False,False,105,627,732,105,627,732,1,0,0,symbolic,symbolic,raw/math_test_intermediate_algebra_834__base4096.json,raw/math_test_intermediate_algebra_834__base4096.json,4096,0.00039195,0.00039195,f6a583a12f4224ef3a07a9a76f7ba1895d268f7aa8ca31b1c1caac595cd0a4e8,c2586290a0086b0b9da3705e9799c2d04e060b32
math_test_intermediate_algebra_835,intermediate_algebra,Level 3,\frac{5}{12},\frac{5}{12},True,True,True,True,True,True,False,False,False,91,455,546,91,455,546,1,0,0,symbolic,symbolic,raw/math_test_intermediate_algebra_835__base4096.json,raw/math_test_intermediate_algebra_835__base4096.json,4096,0.00028665,0.00028665,f6a583a12f4224ef3a07a9a76f7ba1895d268f7aa8ca31b1c1caac595cd0a4e8,c2586290a0086b0b9da3705e9799c2d04e060b32
math_test_intermediate_algebra_839,intermediate_algebra,Level 1,"\([-13,3]\)","\([-13,3]\)",True,True,True,True,True,True,False,False,False,100,226,326,100,226,326,1,0,0,structured,structured,raw/math_test_intermediate_algebra_839__base4096.json,raw/math_test_intermediate_algebra_839__base4096.json,4096,0.0001506,0.0001506,f6a583a12f4224ef3a07a9a76f7ba1895d268f7aa8ca31b1c1caac595cd0a4e8,c2586290a0086b0b9da3705e9799c2d04e060b32
math_test_intermediate_algebra_853,intermediate_algebra,Level 2,2,2,True,True,True,True,True,True,False,False,False,92,184,276,92,184,276,1,0,0,symbolic,symbolic,raw/math_test_intermediate_algebra_853__base4096.json,raw/math_test_intermediate_algebra_853__base4096.json,4096,0.00012419999999999998,0.00012419999999999998,f6a583a12f4224ef3a07a9a76f7ba1895d268f7aa8ca31b1c1caac595cd0a4e8,c2586290a0086b0b9da3705e9799c2d04e060b32
math_test_intermediate_algebra_858,intermediate_algebra,Level 3,\(-1\),\(-1\),True,True,True,True,True,True,False,False,False,105,546,651,105,546,651,1,0,0,symbolic,symbolic,raw/math_test_intermediate_algebra_858__base4096.json,raw/math_test_intermediate_algebra_858__base4096.json,4096,0.00034334999999999997,0.00034334999999999997,f6a583a12f4224ef3a07a9a76f7ba1895d268f7aa8ca31b1c1caac595cd0a4e8,c2586290a0086b0b9da3705e9799c2d04e060b32
math_test_intermediate_algebra_859,intermediate_algebra,Level 5,\frac{32\pi}{81},\frac{32\pi}{81},True,True,True,True,True,True,False,False,False,72,1197,1269,72,1197,1269,1,0,0,symbolic,symbolic,raw/math_test_intermediate_algebra_859__base4096.json,raw/math_test_intermediate_algebra_859__base4096.json,4096,0.0007289999999999999,0.0007289999999999999,f6a583a12f4224ef3a07a9a76f7ba1895d268f7aa8ca31b1c1caac595cd0a4e8,c2586290a0086b0b9da3705e9799c2d04e060b32
math_test_intermediate_algebra_876,intermediate_algebra,Level 3,\(8\sqrt2\),\(8\sqrt2\),True,True,True,True,True,True,False,False,False,87,410,497,87,410,497,1,0,0,symbolic,symbolic,raw/math_test_intermediate_algebra_876__base4096.json,raw/math_test_intermediate_algebra_876__base4096.json,4096,0.00025905000000000004,0.00025905000000000004,f6a583a12f4224ef3a07a9a76f7ba1895d268f7aa8ca31b1c1caac595cd0a4e8,c2586290a0086b0b9da3705e9799c2d04e060b32
math_test_intermediate_algebra_892,intermediate_algebra,Level 5,-375+500i,-375+500i,True,True,True,True,True,True,False,False,False,115,1568,1683,115,1568,1683,1,0,0,symbolic,symbolic,raw/math_test_intermediate_algebra_892__base4096.json,raw/math_test_intermediate_algebra_892__base4096.json,4096,0.00095805,0.00095805,f6a583a12f4224ef3a07a9a76f7ba1895d268f7aa8ca31b1c1caac595cd0a4e8,c2586290a0086b0b9da3705e9799c2d04e060b32
math_test_intermediate_algebra_895,intermediate_algebra,Level 4,\frac{16}{5},\frac{16}{5},True,True,True,True,True,True,False,False,False,130,763,893,130,763,893,1,0,0,symbolic,symbolic,raw/math_test_intermediate_algebra_895__base4096.json,raw/math_test_intermediate_algebra_895__base4096.json,4096,0.0004773,0.0004773,f6a583a12f4224ef3a07a9a76f7ba1895d268f7aa8ca31b1c1caac595cd0a4e8,c2586290a0086b0b9da3705e9799c2d04e060b32
math_test_intermediate_algebra_899,intermediate_algebra,Level 4,340,340,True,True,True,True,True,True,False,False,False,121,603,724,121,603,724,1,0,0,symbolic,symbolic,raw/math_test_intermediate_algebra_899__base4096.json,raw/math_test_intermediate_algebra_899__base4096.json,4096,0.00037995,0.00037995,f6a583a12f4224ef3a07a9a76f7ba1895d268f7aa8ca31b1c1caac595cd0a4e8,c2586290a0086b0b9da3705e9799c2d04e060b32
math_test_intermediate_algebra_9,intermediate_algebra,Level 5,\frac{1777}{1492},\frac{1777}{1492},True,True,True,True,True,True,False,False,False,132,1682,1814,132,1682,1814,1,0,0,symbolic,symbolic,raw/math_test_intermediate_algebra_9__base4096.json,raw/math_test_intermediate_algebra_9__base4096.json,4096,0.001029,0.001029,f6a583a12f4224ef3a07a9a76f7ba1895d268f7aa8ca31b1c1caac595cd0a4e8,c2586290a0086b0b9da3705e9799c2d04e060b32
math_test_intermediate_algebra_90,intermediate_algebra,Level 3,18,18,True,True,True,True,True,True,False,False,False,143,411,554,143,411,554,1,0,0,symbolic,symbolic,raw/math_test_intermediate_algebra_90__base4096.json,raw/math_test_intermediate_algebra_90__base4096.json,4096,0.00026805000000000004,0.00026805000000000004,f6a583a12f4224ef3a07a9a76f7ba1895d268f7aa8ca31b1c1caac595cd0a4e8,c2586290a0086b0b9da3705e9799c2d04e060b32
math_test_intermediate_algebra_93,intermediate_algebra,Level 5,134,134,True,True,True,True,True,True,False,False,False,121,4028,4149,121,4028,4149,1,0,0,symbolic,symbolic,raw/math_test_intermediate_algebra_93__base4096.json,raw/math_test_intermediate_algebra_93__base4096.json,4096,0.00243495,0.00243495,f6a583a12f4224ef3a07a9a76f7ba1895d268f7aa8ca31b1c1caac595cd0a4e8,c2586290a0086b0b9da3705e9799c2d04e060b32
math_test_intermediate_algebra_97,intermediate_algebra,Level 4,\(-13x+3\),\(-13x+3\),True,True,True,True,True,True,False,False,False,138,823,961,138,823,961,1,0,0,symbolic,symbolic,raw/math_test_intermediate_algebra_97__base4096.json,raw/math_test_intermediate_algebra_97__base4096.json,4096,0.0005145,0.0005145,f6a583a12f4224ef3a07a9a76f7ba1895d268f7aa8ca31b1c1caac595cd0a4e8,c2586290a0086b0b9da3705e9799c2d04e060b32
math_test_number_theory_0,number_theory,Level 2,\(\frac{1}{11}\),\(\frac{1}{11}\),True,True,True,True,True,True,False,False,False,90,302,392,90,302,392,1,0,0,symbolic,symbolic,raw/math_test_number_theory_0__base4096.json,raw/math_test_number_theory_0__base4096.json,4096,0.0001947,0.0001947,f6a583a12f4224ef3a07a9a76f7ba1895d268f7aa8ca31b1c1caac595cd0a4e8,c2586290a0086b0b9da3705e9799c2d04e060b32
math_test_number_theory_100,number_theory,Level 3,\(1200_7\),\(1200_7\),True,True,True,True,True,True,False,False,False,68,288,356,68,288,356,1,0,0,symbolic,symbolic,raw/math_test_number_theory_100__base4096.json,raw/math_test_number_theory_100__base4096.json,4096,0.00018299999999999998,0.00018299999999999998,f6a583a12f4224ef3a07a9a76f7ba1895d268f7aa8ca31b1c1caac595cd0a4e8,c2586290a0086b0b9da3705e9799c2d04e060b32
math_test_number_theory_124,number_theory,Level 5,24,24,True,True,True,True,True,True,False,False,False,82,566,648,82,566,648,1,0,0,symbolic,symbolic,raw/math_test_number_theory_124__base4096.json,raw/math_test_number_theory_124__base4096.json,4096,0.0003519,0.0003519,f6a583a12f4224ef3a07a9a76f7ba1895d268f7aa8ca31b1c1caac595cd0a4e8,c2586290a0086b0b9da3705e9799c2d04e060b32
math_test_number_theory_130,number_theory,Level 4,100,100,True,True,True,True,True,True,False,False,False,75,869,944,75,869,944,1,0,0,symbolic,symbolic,raw/math_test_number_theory_130__base4096.json,raw/math_test_number_theory_130__base4096.json,4096,0.00053265,0.00053265,f6a583a12f4224ef3a07a9a76f7ba1895d268f7aa8ca31b1c1caac595cd0a4e8,c2586290a0086b0b9da3705e9799c2d04e060b32
math_test_number_theory_155,number_theory,Level 2,3,3,True,True,True,True,True,True,False,False,False,80,490,570,80,490,570,1,0,0,symbolic,symbolic,raw/math_test_number_theory_155__base4096.json,raw/math_test_number_theory_155__base4096.json,4096,0.000306,0.000306,f6a583a12f4224ef3a07a9a76f7ba1895d268f7aa8ca31b1c1caac595cd0a4e8,c2586290a0086b0b9da3705e9799c2d04e060b32
math_test_number_theory_158,number_theory,Level 3,25\(_6\),25\(_6\),False,,False,,True,True,False,False,False,76,446,522,76,446,522,1,0,0,unknown_parse,unknown_parse,raw/math_test_number_theory_158__base4096.json,raw/math_test_number_theory_158__base4096.json,4096,0.00027899999999999995,0.00027899999999999995,f6a583a12f4224ef3a07a9a76f7ba1895d268f7aa8ca31b1c1caac595cd0a4e8,c2586290a0086b0b9da3705e9799c2d04e060b32
math_test_number_theory_16,number_theory,Level 3,12,12,True,True,True,True,True,True,False,False,False,84,378,462,84,378,462,1,0,0,symbolic,symbolic,raw/math_test_number_theory_16__base4096.json,raw/math_test_number_theory_16__base4096.json,4096,0.00023939999999999996,0.00023939999999999996,f6a583a12f4224ef3a07a9a76f7ba1895d268f7aa8ca31b1c1caac595cd0a4e8,c2586290a0086b0b9da3705e9799c2d04e060b32
math_test_number_theory_160,number_theory,Level 5,10236,10236,True,True,True,True,True,True,False,False,False,96,3019,3115,96,3019,3115,1,0,0,symbolic,symbolic,raw/math_test_number_theory_160__base4096.json,raw/math_test_number_theory_160__base4096.json,4096,0.0018258,0.0018258,f6a583a12f4224ef3a07a9a76f7ba1895d268f7aa8ca31b1c1caac595cd0a4e8,c2586290a0086b0b9da3705e9799c2d04e060b32
math_test_number_theory_170,number_theory,Level 5,11,11,True,True,True,True,True,True,False,False,False,148,1352,1500,148,1352,1500,1,0,0,symbolic,symbolic,raw/math_test_number_theory_170__base4096.json,raw/math_test_number_theory_170__base4096.json,4096,0.0008334,0.0008334,f6a583a12f4224ef3a07a9a76f7ba1895d268f7aa8ca31b1c1caac595cd0a4e8,c2586290a0086b0b9da3705e9799c2d04e060b32
math_test_number_theory_177,number_theory,Level 3,14,14,True,True,True,True,True,True,False,False,False,78,1130,1208,78,1130,1208,1,0,0,symbolic,symbolic,raw/math_test_number_theory_177__base4096.json,raw/math_test_number_theory_177__base4096.json,4096,0.0006897,0.0006897,f6a583a12f4224ef3a07a9a76f7ba1895d268f7aa8ca31b1c1caac595cd0a4e8,c2586290a0086b0b9da3705e9799c2d04e060b32
math_test_number_theory_188,number_theory,Level 5,5,5,True,True,True,True,True,True,False,False,False,120,1192,1312,120,1192,1312,1,0,0,symbolic,symbolic,raw/math_test_number_theory_188__base4096.json,raw/math_test_number_theory_188__base4096.json,4096,0.0007331999999999999,0.0007331999999999999,f6a583a12f4224ef3a07a9a76f7ba1895d268f7aa8ca31b1c1caac595cd0a4e8,c2586290a0086b0b9da3705e9799c2d04e060b32
math_test_number_theory_190,number_theory,Level 4,12,12,True,True,True,True,True,True,False,False,False,111,458,569,111,458,569,1,0,0,symbolic,symbolic,raw/math_test_number_theory_190__base4096.json,raw/math_test_number_theory_190__base4096.json,4096,0.00029145,0.00029145,f6a583a12f4224ef3a07a9a76f7ba1895d268f7aa8ca31b1c1caac595cd0a4e8,c2586290a0086b0b9da3705e9799c2d04e060b32
math_test_number_theory_207,number_theory,Level 3,52,52,True,True,True,True,True,True,False,False,False,92,421,513,92,421,513,1,0,0,symbolic,symbolic,raw/math_test_number_theory_207__base4096.json,raw/math_test_number_theory_207__base4096.json,4096,0.00026639999999999997,0.00026639999999999997,f6a583a12f4224ef3a07a9a76f7ba1895d268f7aa8ca31b1c1caac595cd0a4e8,c2586290a0086b0b9da3705e9799c2d04e060b32
math_test_number_theory_209,number_theory,Level 5,0,0,True,True,True,True,True,True,False,False,False,138,2250,2388,138,2250,2388,1,0,0,symbolic,symbolic,raw/math_test_number_theory_209__base4096.json,raw/math_test_number_theory_209__base4096.json,4096,0.0013707,0.0013707,f6a583a12f4224ef3a07a9a76f7ba1895d268f7aa8ca31b1c1caac595cd0a4e8,c2586290a0086b0b9da3705e9799c2d04e060b32
math_test_number_theory_218,number_theory,Level 1,5,5,True,True,True,True,True,True,False,False,False,80,295,375,80,295,375,1,0,0,symbolic,symbolic,raw/math_test_number_theory_218__base4096.json,raw/math_test_number_theory_218__base4096.json,4096,0.000189,0.000189,f6a583a12f4224ef3a07a9a76f7ba1895d268f7aa8ca31b1c1caac595cd0a4e8,c2586290a0086b0b9da3705e9799c2d04e060b32
math_test_number_theory_220,number_theory,Level 1,5,5,True,True,True,True,True,True,False,False,False,89,162,251,89,162,251,1,0,0,symbolic,symbolic,raw/math_test_number_theory_220__base4096.json,raw/math_test_number_theory_220__base4096.json,4096,0.00011055,0.00011055,f6a583a12f4224ef3a07a9a76f7ba1895d268f7aa8ca31b1c1caac595cd0a4e8,c2586290a0086b0b9da3705e9799c2d04e060b32
math_test_number_theory_228,number_theory,Level 4,7,7,True,True,True,True,True,True,False,False,False,82,520,602,82,520,602,1,0,0,symbolic,symbolic,raw/math_test_number_theory_228__base4096.json,raw/math_test_number_theory_228__base4096.json,4096,0.0003243,0.0003243,f6a583a12f4224ef3a07a9a76f7ba1895d268f7aa8ca31b1c1caac595cd0a4e8,c2586290a0086b0b9da3705e9799c2d04e060b32
math_test_number_theory_233,number_theory,Level 2,10,10,True,True,True,True,True,True,False,False,False,73,360,433,73,360,433,1,0,0,symbolic,symbolic,raw/math_test_number_theory_233__base4096.json,raw/math_test_number_theory_233__base4096.json,4096,0.00022695,0.00022695,f6a583a12f4224ef3a07a9a76f7ba1895d268f7aa8ca31b1c1caac595cd0a4e8,c2586290a0086b0b9da3705e9799c2d04e060b32
math_test_number_theory_243,number_theory,Level 4,13,13,True,True,True,True,True,True,False,False,False,75,681,756,75,681,756,1,0,0,symbolic,symbolic,raw/math_test_number_theory_243__base4096.json,raw/math_test_number_theory_243__base4096.json,4096,0.00041985,0.00041985,f6a583a12f4224ef3a07a9a76f7ba1895d268f7aa8ca31b1c1caac595cd0a4e8,c2586290a0086b0b9da3705e9799c2d04e060b32
math_test_number_theory_248,number_theory,Level 5,240,240,True,True,True,True,True,True,False,False,False,138,2956,3094,138,2956,3094,1,0,0,symbolic,symbolic,raw/math_test_number_theory_248__base4096.json,raw/math_test_number_theory_248__base4096.json,4096,0.0017943,0.0017943,f6a583a12f4224ef3a07a9a76f7ba1895d268f7aa8ca31b1c1caac595cd0a4e8,c2586290a0086b0b9da3705e9799c2d04e060b32
math_test_number_theory_257,number_theory,Level 4,"90,900,909","90,900,909",True,True,True,True,True,True,False,False,False,72,811,883,72,811,883,1,0,0,symbolic,symbolic,raw/math_test_number_theory_257__base4096.json,raw/math_test_number_theory_257__base4096.json,4096,0.0004974,0.0004974,f6a583a12f4224ef3a07a9a76f7ba1895d268f7aa8ca31b1c1caac595cd0a4e8,c2586290a0086b0b9da3705e9799c2d04e060b32
math_test_number_theory_282,number_theory,Level 4,8,8,True,True,True,True,True,True,False,False,False,140,554,694,140,554,694,1,0,0,symbolic,symbolic,raw/math_test_number_theory_282__base4096.json,raw/math_test_number_theory_282__base4096.json,4096,0.00035339999999999997,0.00035339999999999997,f6a583a12f4224ef3a07a9a76f7ba1895d268f7aa8ca31b1c1caac595cd0a4e8,c2586290a0086b0b9da3705e9799c2d04e060b32
math_test_number_theory_284,number_theory,Level 4,20,20,True,True,True,True,True,True,False,False,False,155,936,1091,155,936,1091,1,0,0,symbolic,symbolic,raw/math_test_number_theory_284__base4096.json,raw/math_test_number_theory_284__base4096.json,4096,0.00058485,0.00058485,f6a583a12f4224ef3a07a9a76f7ba1895d268f7aa8ca31b1c1caac595cd0a4e8,c2586290a0086b0b9da3705e9799c2d04e060b32
math_test_number_theory_295,number_theory,Level 2,M,M,True,,True,,True,True,False,False,False,88,158,246,88,158,246,1,-1,0,unknown_parse,unknown_parse,raw/math_test_number_theory_295__base4096.json,raw/math_test_number_theory_295__base4096.json,4096,0.000108,0.000108,f6a583a12f4224ef3a07a9a76f7ba1895d268f7aa8ca31b1c1caac595cd0a4e8,c2586290a0086b0b9da3705e9799c2d04e060b32
math_test_number_theory_296,number_theory,Level 4,17,17,True,True,True,True,True,True,False,False,False,76,742,818,76,742,818,1,0,0,symbolic,symbolic,raw/math_test_number_theory_296__base4096.json,raw/math_test_number_theory_296__base4096.json,4096,0.0004566,0.0004566,f6a583a12f4224ef3a07a9a76f7ba1895d268f7aa8ca31b1c1caac595cd0a4e8,c2586290a0086b0b9da3705e9799c2d04e060b32
math_test_number_theory_297,number_theory,Level 1,3,3,True,True,True,True,True,True,False,False,False,93,254,347,93,254,347,1,0,0,symbolic,symbolic,raw/math_test_number_theory_297__base4096.json,raw/math_test_number_theory_297__base4096.json,4096,0.00016635,0.00016635,f6a583a12f4224ef3a07a9a76f7ba1895d268f7aa8ca31b1c1caac595cd0a4e8,c2586290a0086b0b9da3705e9799c2d04e060b32
math_test_number_theory_299,number_theory,Level 2,\(40_9\),\(40_9\),True,True,True,True,True,True,False,False,False,75,198,273,75,198,273,1,0,0,symbolic,symbolic,raw/math_test_number_theory_299__base4096.json,raw/math_test_number_theory_299__base4096.json,4096,0.00013005000000000002,0.00013005000000000002,f6a583a12f4224ef3a07a9a76f7ba1895d268f7aa8ca31b1c1caac595cd0a4e8,c2586290a0086b0b9da3705e9799c2d04e060b32
math_test_number_theory_321,number_theory,Level 3,\(10000_2\),\(10000_2\),True,True,True,True,True,True,False,False,False,81,417,498,81,417,498,1,0,0,symbolic,symbolic,raw/math_test_number_theory_321__base4096.json,raw/math_test_number_theory_321__base4096.json,4096,0.00026234999999999995,0.00026234999999999995,f6a583a12f4224ef3a07a9a76f7ba1895d268f7aa8ca31b1c1caac595cd0a4e8,c2586290a0086b0b9da3705e9799c2d04e060b32
math_test_number_theory_33,number_theory,Level 3,11189,11189,True,True,True,True,True,True,False,False,False,76,605,681,76,605,681,1,0,0,symbolic,symbolic,raw/math_test_number_theory_33__base4096.json,raw/math_test_number_theory_33__base4096.json,4096,0.0003744,0.0003744,f6a583a12f4224ef3a07a9a76f7ba1895d268f7aa8ca31b1c1caac595cd0a4e8,c2586290a0086b0b9da3705e9799c2d04e060b32
math_test_number_theory_334,number_theory,Level 2,406,406,True,True,True,True,True,True,False,False,False,83,218,301,83,218,301,1,0,0,symbolic,symbolic,raw/math_test_number_theory_334__base4096.json,raw/math_test_number_theory_334__base4096.json,4096,0.00014324999999999996,0.00014324999999999996,f6a583a12f4224ef3a07a9a76f7ba1895d268f7aa8ca31b1c1caac595cd0a4e8,c2586290a0086b0b9da3705e9799c2d04e060b32
math_test_number_theory_337,number_theory,Level 2,49,49,True,True,True,True,True,True,False,False,False,78,387,465,78,387,465,1,0,0,symbolic,symbolic,raw/math_test_number_theory_337__base4096.json,raw/math_test_number_theory_337__base4096.json,4096,0.00024389999999999997,0.00024389999999999997,f6a583a12f4224ef3a07a9a76f7ba1895d268f7aa8ca31b1c1caac595cd0a4e8,c2586290a0086b0b9da3705e9799c2d04e060b32
math_test_number_theory_34,number_theory,Level 3,6,6,True,True,True,True,True,True,False,False,False,114,1019,1133,114,1019,1133,1,0,0,symbolic,symbolic,raw/math_test_number_theory_34__base4096.json,raw/math_test_number_theory_34__base4096.json,4096,0.0006285,0.0006285,f6a583a12f4224ef3a07a9a76f7ba1895d268f7aa8ca31b1c1caac595cd0a4e8,c2586290a0086b0b9da3705e9799c2d04e060b32
math_test_number_theory_342,number_theory,Level 2,14,14,True,True,True,True,True,True,False,False,False,108,536,644,108,536,644,1,0,0,symbolic,symbolic,raw/math_test_number_theory_342__base4096.json,raw/math_test_number_theory_342__base4096.json,4096,0.00033779999999999997,0.00033779999999999997,f6a583a12f4224ef3a07a9a76f7ba1895d268f7aa8ca31b1c1caac595cd0a4e8,c2586290a0086b0b9da3705e9799c2d04e060b32
math_test_number_theory_373,number_theory,Level 2,49,49,True,True,True,True,True,True,False,False,False,106,461,567,106,461,567,1,0,0,symbolic,symbolic,raw/math_test_number_theory_373__base4096.json,raw/math_test_number_theory_373__base4096.json,4096,0.00029249999999999995,0.00029249999999999995,f6a583a12f4224ef3a07a9a76f7ba1895d268f7aa8ca31b1c1caac595cd0a4e8,c2586290a0086b0b9da3705e9799c2d04e060b32
math_test_number_theory_375,number_theory,Level 5,18,18,True,True,True,True,True,True,False,False,False,96,826,922,96,826,922,1,0,0,symbolic,symbolic,raw/math_test_number_theory_375__base4096.json,raw/math_test_number_theory_375__base4096.json,4096,0.0005099999999999999,0.0005099999999999999,f6a583a12f4224ef3a07a9a76f7ba1895d268f7aa8ca31b1c1caac595cd0a4e8,c2586290a0086b0b9da3705e9799c2d04e060b32
math_test_number_theory_376,number_theory,Level 5,36 seconds,36 seconds,True,True,True,True,True,True,False,False,False,115,735,850,115,735,850,1,0,0,symbolic,symbolic,raw/math_test_number_theory_376__base4096.json,raw/math_test_number_theory_376__base4096.json,4096,0.00045825,0.00045825,f6a583a12f4224ef3a07a9a76f7ba1895d268f7aa8ca31b1c1caac595cd0a4e8,c2586290a0086b0b9da3705e9799c2d04e060b32
math_test_number_theory_38,number_theory,Level 4,\(\frac{3280}{999}\),\(\frac{3280}{999}\),True,True,True,True,True,True,False,False,False,73,334,407,73,334,407,1,0,0,symbolic,symbolic,raw/math_test_number_theory_38__base4096.json,raw/math_test_number_theory_38__base4096.json,4096,0.00021135,0.00021135,f6a583a12f4224ef3a07a9a76f7ba1895d268f7aa8ca31b1c1caac595cd0a4e8,c2586290a0086b0b9da3705e9799c2d04e060b32
math_test_number_theory_383,number_theory,Level 4,0,0,True,True,True,True,True,True,False,False,False,124,443,567,124,443,567,1,0,0,symbolic,symbolic,raw/math_test_number_theory_383__base4096.json,raw/math_test_number_theory_383__base4096.json,4096,0.00028440000000000003,0.00028440000000000003,f6a583a12f4224ef3a07a9a76f7ba1895d268f7aa8ca31b1c1caac595cd0a4e8,c2586290a0086b0b9da3705e9799c2d04e060b32
math_test_number_theory_390,number_theory,Level 2,5,5,True,True,True,True,True,True,False,False,False,79,381,460,79,381,460,1,0,0,symbolic,symbolic,raw/math_test_number_theory_390__base4096.json,raw/math_test_number_theory_390__base4096.json,4096,0.00024045,0.00024045,f6a583a12f4224ef3a07a9a76f7ba1895d268f7aa8ca31b1c1caac595cd0a4e8,c2586290a0086b0b9da3705e9799c2d04e060b32
math_test_number_theory_415,number_theory,Level 5,72,72,True,True,True,True,True,True,False,False,False,101,389,490,101,389,490,1,0,0,symbolic,symbolic,raw/math_test_number_theory_415__base4096.json,raw/math_test_number_theory_415__base4096.json,4096,0.00024855,0.00024855,f6a583a12f4224ef3a07a9a76f7ba1895d268f7aa8ca31b1c1caac595cd0a4e8,c2586290a0086b0b9da3705e9799c2d04e060b32
math_test_number_theory_421,number_theory,Level 3,8,8,True,True,True,True,True,True,False,False,False,83,838,921,83,838,921,1,0,0,symbolic,symbolic,raw/math_test_number_theory_421__base4096.json,raw/math_test_number_theory_421__base4096.json,4096,0.00051525,0.00051525,f6a583a12f4224ef3a07a9a76f7ba1895d268f7aa8ca31b1c1caac595cd0a4e8,c2586290a0086b0b9da3705e9799c2d04e060b32
math_test_number_theory_434,number_theory,Level 5,10,10,True,True,True,True,True,True,False,False,False,91,464,555,91,464,555,1,0,0,symbolic,symbolic,raw/math_test_number_theory_434__base4096.json,raw/math_test_number_theory_434__base4096.json,4096,0.00029204999999999997,0.00029204999999999997,f6a583a12f4224ef3a07a9a76f7ba1895d268f7aa8ca31b1c1caac595cd0a4e8,c2586290a0086b0b9da3705e9799c2d04e060b32
math_test_number_theory_436,number_theory,Level 5,\(-449\),\(-449\),True,True,True,True,True,True,False,False,False,82,551,633,82,551,633,1,0,0,symbolic,symbolic,raw/math_test_number_theory_436__base4096.json,raw/math_test_number_theory_436__base4096.json,4096,0.0003429,0.0003429,f6a583a12f4224ef3a07a9a76f7ba1895d268f7aa8ca31b1c1caac595cd0a4e8,c2586290a0086b0b9da3705e9799c2d04e060b32
math_test_number_theory_445,number_theory,Level 3,2,2,True,True,True,True,True,True,False,False,False,85,1192,1277,85,1192,1277,1,0,0,symbolic,symbolic,raw/math_test_number_theory_445__base4096.json,raw/math_test_number_theory_445__base4096.json,4096,0.0007279499999999999,0.0007279499999999999,f6a583a12f4224ef3a07a9a76f7ba1895d268f7aa8ca31b1c1caac595cd0a4e8,c2586290a0086b0b9da3705e9799c2d04e060b32
math_test_number_theory_454,number_theory,Level 5,22,22,True,True,True,True,True,True,False,False,False,135,614,749,135,614,749,1,0,0,symbolic,symbolic,raw/math_test_number_theory_454__base4096.json,raw/math_test_number_theory_454__base4096.json,4096,0.00038865,0.00038865,f6a583a12f4224ef3a07a9a76f7ba1895d268f7aa8ca31b1c1caac595cd0a4e8,c2586290a0086b0b9da3705e9799c2d04e060b32
math_test_number_theory_47,number_theory,Level 5,\(31\),\(31\),True,True,True,True,True,True,False,False,False,93,499,592,93,499,592,1,0,0,symbolic,symbolic,raw/math_test_number_theory_47__base4096.json,raw/math_test_number_theory_47__base4096.json,4096,0.00031334999999999995,0.00031334999999999995,f6a583a12f4224ef3a07a9a76f7ba1895d268f7aa8ca31b1c1caac595cd0a4e8,c2586290a0086b0b9da3705e9799c2d04e060b32
math_test_number_theory_471,number_theory,Level 3,9,9,True,True,True,True,True,True,False,False,False,78,279,357,78,279,357,1,0,0,symbolic,symbolic,raw/math_test_number_theory_471__base4096.json,raw/math_test_number_theory_471__base4096.json,4096,0.0001791,0.0001791,f6a583a12f4224ef3a07a9a76f7ba1895d268f7aa8ca31b1c1caac595cd0a4e8,c2586290a0086b0b9da3705e9799c2d04e060b32
math_test_number_theory_481,number_theory,Level 5,12,12,True,True,True,True,True,True,False,False,False,86,733,819,86,733,819,1,0,0,symbolic,symbolic,raw/math_test_number_theory_481__base4096.json,raw/math_test_number_theory_481__base4096.json,4096,0.0004527,0.0004527,f6a583a12f4224ef3a07a9a76f7ba1895d268f7aa8ca31b1c1caac595cd0a4e8,c2586290a0086b0b9da3705e9799c2d04e060b32
math_test_number_theory_491,number_theory,Level 4,,54,False,False,False,False,False,True,True,True,False,91,4096,4187,182,10737,10919,2,0,0,truncated,symbolic,raw/math_test_number_theory_491__base4096.json,raw/math_test_number_theory_491__upgrade8192.json,8192,0.00247125,0.0064694999999999996,f6a583a12f4224ef3a07a9a76f7ba1895d268f7aa8ca31b1c1caac595cd0a4e8,c2586290a0086b0b9da3705e9799c2d04e060b32
math_test_number_theory_503,number_theory,Level 3,122,122,True,True,True,True,True,True,False,False,False,118,512,630,118,512,630,1,0,0,symbolic,symbolic,raw/math_test_number_theory_503__base4096.json,raw/math_test_number_theory_503__base4096.json,4096,0.0003249,0.0003249,f6a583a12f4224ef3a07a9a76f7ba1895d268f7aa8ca31b1c1caac595cd0a4e8,c2586290a0086b0b9da3705e9799c2d04e060b32
math_test_number_theory_521,number_theory,Level 4,4,4,True,True,True,True,True,True,False,False,False,159,3581,3740,159,3581,3740,1,0,0,symbolic,symbolic,raw/math_test_number_theory_521__base4096.json,raw/math_test_number_theory_521__base4096.json,4096,0.00217245,0.00217245,f6a583a12f4224ef3a07a9a76f7ba1895d268f7aa8ca31b1c1caac595cd0a4e8,c2586290a0086b0b9da3705e9799c2d04e060b32
math_test_number_theory_522,number_theory,Level 4,3,3,True,True,True,True,True,True,False,False,False,118,1889,2007,118,1889,2007,1,0,0,symbolic,symbolic,raw/math_test_number_theory_522__base4096.json,raw/math_test_number_theory_522__base4096.json,4096,0.0011511,0.0011511,f6a583a12f4224ef3a07a9a76f7ba1895d268f7aa8ca31b1c1caac595cd0a4e8,c2586290a0086b0b9da3705e9799c2d04e060b32
math_test_number_theory_59,number_theory,Level 4,201,201,True,True,True,True,True,True,False,False,False,158,650,808,158,650,808,1,0,0,symbolic,symbolic,raw/math_test_number_theory_59__base4096.json,raw/math_test_number_theory_59__base4096.json,4096,0.00041369999999999997,0.00041369999999999997,f6a583a12f4224ef3a07a9a76f7ba1895d268f7aa8ca31b1c1caac595cd0a4e8,c2586290a0086b0b9da3705e9799c2d04e060b32
math_test_number_theory_62,number_theory,Level 5,2,2,True,True,True,True,True,True,False,False,False,95,288,383,95,288,383,1,0,0,symbolic,symbolic,raw/math_test_number_theory_62__base4096.json,raw/math_test_number_theory_62__base4096.json,4096,0.00018705,0.00018705,f6a583a12f4224ef3a07a9a76f7ba1895d268f7aa8ca31b1c1caac595cd0a4e8,c2586290a0086b0b9da3705e9799c2d04e060b32
math_test_number_theory_64,number_theory,Level 4,[3],[3],True,True,True,True,True,True,False,False,False,147,862,1009,147,862,1009,1,0,0,symbolic,symbolic,raw/math_test_number_theory_64__base4096.json,raw/math_test_number_theory_64__base4096.json,4096,0.0005392499999999999,0.0005392499999999999,f6a583a12f4224ef3a07a9a76f7ba1895d268f7aa8ca31b1c1caac595cd0a4e8,c2586290a0086b0b9da3705e9799c2d04e060b32
math_test_number_theory_69,number_theory,Level 3,5636,5636,True,True,True,True,True,True,False,False,False,94,628,722,94,628,722,1,0,0,symbolic,symbolic,raw/math_test_number_theory_69__base4096.json,raw/math_test_number_theory_69__base4096.json,4096,0.0003909,0.0003909,f6a583a12f4224ef3a07a9a76f7ba1895d268f7aa8ca31b1c1caac595cd0a4e8,c2586290a0086b0b9da3705e9799c2d04e060b32
math_test_number_theory_77,number_theory,Level 5,12,12,True,True,True,True,True,True,False,False,False,77,612,689,77,612,689,1,0,0,symbolic,symbolic,raw/math_test_number_theory_77__base4096.json,raw/math_test_number_theory_77__base4096.json,4096,0.00037875,0.00037875,f6a583a12f4224ef3a07a9a76f7ba1895d268f7aa8ca31b1c1caac595cd0a4e8,c2586290a0086b0b9da3705e9799c2d04e060b32
math_test_number_theory_89,number_theory,Level 5,12,12,True,True,True,True,True,True,False,False,False,72,290,362,72,290,362,1,0,0,symbolic,symbolic,raw/math_test_number_theory_89__base4096.json,raw/math_test_number_theory_89__base4096.json,4096,0.00018480000000000002,0.00018480000000000002,f6a583a12f4224ef3a07a9a76f7ba1895d268f7aa8ca31b1c1caac595cd0a4e8,c2586290a0086b0b9da3705e9799c2d04e060b32
math_test_number_theory_90,number_theory,Level 4,1,1,True,True,True,True,True,True,False,False,False,72,370,442,72,370,442,1,0,0,symbolic,symbolic,raw/math_test_number_theory_90__base4096.json,raw/math_test_number_theory_90__base4096.json,4096,0.00023280000000000002,0.00023280000000000002,f6a583a12f4224ef3a07a9a76f7ba1895d268f7aa8ca31b1c1caac595cd0a4e8,c2586290a0086b0b9da3705e9799c2d04e060b32
math_test_prealgebra_0,prealgebra,Level 5,4,4,True,True,True,True,True,True,False,False,False,174,1783,1957,174,1783,1957,1,0,0,symbolic,symbolic,raw/math_test_prealgebra_0__base4096.json,raw/math_test_prealgebra_0__base4096.json,4096,0.0010959,0.0010959,f6a583a12f4224ef3a07a9a76f7ba1895d268f7aa8ca31b1c1caac595cd0a4e8,c2586290a0086b0b9da3705e9799c2d04e060b32
math_test_prealgebra_124,prealgebra,Level 3,,60,False,False,True,True,False,True,True,True,True,383,4096,4479,1149,27137,28286,3,0,1,truncated,symbolic,raw/math_test_prealgebra_124__base4096.json,raw/math_test_prealgebra_124__upgrade16384.json,16384,0.0025150499999999996,0.016416918,f6a583a12f4224ef3a07a9a76f7ba1895d268f7aa8ca31b1c1caac595cd0a4e8,c2586290a0086b0b9da3705e9799c2d04e060b32
math_test_prealgebra_126,prealgebra,Level 1,33,33,True,True,True,True,True,True,False,False,False,65,134,199,65,134,199,1,0,0,symbolic,symbolic,raw/math_test_prealgebra_126__base4096.json,raw/math_test_prealgebra_126__base4096.json,4096,9.015e-05,9.015e-05,f6a583a12f4224ef3a07a9a76f7ba1895d268f7aa8ca31b1c1caac595cd0a4e8,c2586290a0086b0b9da3705e9799c2d04e060b32
math_test_prealgebra_128,prealgebra,Level 5,\(\$36\),\(\$36\),True,True,True,True,True,True,False,False,False,90,254,344,90,254,344,1,0,0,symbolic,symbolic,raw/math_test_prealgebra_128__base4096.json,raw/math_test_prealgebra_128__base4096.json,4096,0.0001659,0.0001659,f6a583a12f4224ef3a07a9a76f7ba1895d268f7aa8ca31b1c1caac595cd0a4e8,c2586290a0086b0b9da3705e9799c2d04e060b32
math_test_prealgebra_146,prealgebra,Level 2,40,40,True,True,True,True,True,True,False,False,False,86,259,345,86,259,345,1,0,0,symbolic,symbolic,raw/math_test_prealgebra_146__base4096.json,raw/math_test_prealgebra_146__base4096.json,4096,0.0001683,0.0001683,f6a583a12f4224ef3a07a9a76f7ba1895d268f7aa8ca31b1c1caac595cd0a4e8,c2586290a0086b0b9da3705e9799c2d04e060b32
math_test_prealgebra_148,prealgebra,Level 3,240,240,True,True,True,True,True,True,False,False,False,74,346,420,74,346,420,1,0,0,symbolic,symbolic,raw/math_test_prealgebra_148__base4096.json,raw/math_test_prealgebra_148__base4096.json,4096,0.00021869999999999998,0.00021869999999999998,f6a583a12f4224ef3a07a9a76f7ba1895d268f7aa8ca31b1c1caac595cd0a4e8,c2586290a0086b0b9da3705e9799c2d04e060b32
math_test_prealgebra_155,prealgebra,Level 2,5,5,True,True,True,True,True,True,False,False,False,101,160,261,101,160,261,1,0,0,symbolic,symbolic,raw/math_test_prealgebra_155__base4096.json,raw/math_test_prealgebra_155__base4096.json,4096,0.00011115,0.00011115,f6a583a12f4224ef3a07a9a76f7ba1895d268f7aa8ca31b1c1caac595cd0a4e8,c2586290a0086b0b9da3705e9799c2d04e060b32
math_test_prealgebra_157,prealgebra,Level 5,8,8,True,True,True,True,True,True,False,False,False,84,691,775,84,691,775,1,0,0,symbolic,symbolic,raw/math_test_prealgebra_157__base4096.json,raw/math_test_prealgebra_157__base4096.json,4096,0.0004272,0.0004272,f6a583a12f4224ef3a07a9a76f7ba1895d268f7aa8ca31b1c1caac595cd0a4e8,c2586290a0086b0b9da3705e9799c2d04e060b32
math_test_prealgebra_16,prealgebra,Level 4,-3,-3,True,True,True,True,True,True,False,False,False,89,214,303,89,214,303,1,0,0,symbolic,symbolic,raw/math_test_prealgebra_16__base4096.json,raw/math_test_prealgebra_16__base4096.json,4096,0.00014175,0.00014175,f6a583a12f4224ef3a07a9a76f7ba1895d268f7aa8ca31b1c1caac595cd0a4e8,c2586290a0086b0b9da3705e9799c2d04e060b32
math_test_prealgebra_17,prealgebra,Level 3,\(15\),\(15\),True,True,True,True,True,True,False,False,False,260,486,746,260,486,746,1,0,0,symbolic,symbolic,raw/math_test_prealgebra_17__base4096.json,raw/math_test_prealgebra_17__base4096.json,4096,0.00033059999999999996,0.00033059999999999996,f6a583a12f4224ef3a07a9a76f7ba1895d268f7aa8ca31b1c1caac595cd0a4e8,c2586290a0086b0b9da3705e9799c2d04e060b32
math_test_prealgebra_171,prealgebra,Level 5,351,351,True,True,True,True,True,True,False,False,False,138,721,859,138,721,859,1,0,0,symbolic,symbolic,raw/math_test_prealgebra_171__base4096.json,raw/math_test_prealgebra_171__base4096.json,4096,0.00045329999999999996,0.00045329999999999996,f6a583a12f4224ef3a07a9a76f7ba1895d268f7aa8ca31b1c1caac595cd0a4e8,c2586290a0086b0b9da3705e9799c2d04e060b32
math_test_prealgebra_174,prealgebra,Level 2,9,9,True,True,True,True,True,True,False,False,False,96,295,391,96,295,391,1,0,0,symbolic,symbolic,raw/math_test_prealgebra_174__base4096.json,raw/math_test_prealgebra_174__base4096.json,4096,0.00019140000000000002,0.00019140000000000002,f6a583a12f4224ef3a07a9a76f7ba1895d268f7aa8ca31b1c1caac595cd0a4e8,c2586290a0086b0b9da3705e9799c2d04e060b32
math_test_prealgebra_189,prealgebra,Level 4,4.5,4.5,True,True,True,True,True,True,False,False,False,119,176,295,119,176,295,1,0,0,symbolic,symbolic,raw/math_test_prealgebra_189__base4096.json,raw/math_test_prealgebra_189__base4096.json,4096,0.00012345,0.00012345,f6a583a12f4224ef3a07a9a76f7ba1895d268f7aa8ca31b1c1caac595cd0a4e8,c2586290a0086b0b9da3705e9799c2d04e060b32
math_test_prealgebra_19,prealgebra,Level 2,35,35,True,True,True,True,True,True,False,False,False,202,1517,1719,202,1517,1719,1,0,0,symbolic,symbolic,raw/math_test_prealgebra_19__base4096.json,raw/math_test_prealgebra_19__base4096.json,4096,0.0009404999999999999,0.0009404999999999999,f6a583a12f4224ef3a07a9a76f7ba1895d268f7aa8ca31b1c1caac595cd0a4e8,c2586290a0086b0b9da3705e9799c2d04e060b32
math_test_prealgebra_191,prealgebra,Level 3,144 degrees,144 degrees,True,True,True,True,True,True,False,False,False,219,1263,1482,219,1263,1482,1,0,0,symbolic,symbolic,raw/math_test_prealgebra_191__base4096.json,raw/math_test_prealgebra_191__base4096.json,4096,0.00079065,0.00079065,f6a583a12f4224ef3a07a9a76f7ba1895d268f7aa8ca31b1c1caac595cd0a4e8,c2586290a0086b0b9da3705e9799c2d04e060b32
math_test_prealgebra_194,prealgebra,Level 4,76,76,True,True,True,True,True,True,False,False,False,80,187,267,80,187,267,1,0,0,symbolic,symbolic,raw/math_test_prealgebra_194__base4096.json,raw/math_test_prealgebra_194__base4096.json,4096,0.0001242,0.0001242,f6a583a12f4224ef3a07a9a76f7ba1895d268f7aa8ca31b1c1caac595cd0a4e8,c2586290a0086b0b9da3705e9799c2d04e060b32
math_test_prealgebra_2,prealgebra,Level 4,2520,2520,True,True,True,True,True,True,False,False,False,68,268,336,68,268,336,1,0,0,symbolic,symbolic,raw/math_test_prealgebra_2__base4096.json,raw/math_test_prealgebra_2__base4096.json,4096,0.00017099999999999998,0.00017099999999999998,f6a583a12f4224ef3a07a9a76f7ba1895d268f7aa8ca31b1c1caac595cd0a4e8,c2586290a0086b0b9da3705e9799c2d04e060b32
math_test_prealgebra_226,prealgebra,Level 2,6,6,True,True,True,True,True,True,False,False,False,72,132,204,72,132,204,1,0,0,symbolic,symbolic,raw/math_test_prealgebra_226__base4096.json,raw/math_test_prealgebra_226__base4096.json,4096,9e-05,9e-05,f6a583a12f4224ef3a07a9a76f7ba1895d268f7aa8ca31b1c1caac595cd0a4e8,c2586290a0086b0b9da3705e9799c2d04e060b32
math_test_prealgebra_245,prealgebra,Level 3,3,3,True,True,True,True,True,True,False,False,False,103,287,390,103,287,390,1,0,0,symbolic,symbolic,raw/math_test_prealgebra_245__base4096.json,raw/math_test_prealgebra_245__base4096.json,4096,0.00018764999999999998,0.00018764999999999998,f6a583a12f4224ef3a07a9a76f7ba1895d268f7aa8ca31b1c1caac595cd0a4e8,c2586290a0086b0b9da3705e9799c2d04e060b32
math_test_prealgebra_256,prealgebra,Level 4,25%,25%,True,True,True,True,True,True,False,False,False,170,422,592,170,422,592,1,0,0,symbolic,symbolic,raw/math_test_prealgebra_256__base4096.json,raw/math_test_prealgebra_256__base4096.json,4096,0.0002787,0.0002787,f6a583a12f4224ef3a07a9a76f7ba1895d268f7aa8ca31b1c1caac595cd0a4e8,c2586290a0086b0b9da3705e9799c2d04e060b32
math_test_prealgebra_265,prealgebra,Level 4,75,75,True,True,True,True,True,True,False,False,False,91,325,416,91,325,416,1,0,0,symbolic,symbolic,raw/math_test_prealgebra_265__base4096.json,raw/math_test_prealgebra_265__base4096.json,4096,0.00020865,0.00020865,f6a583a12f4224ef3a07a9a76f7ba1895d268f7aa8ca31b1c1caac595cd0a4e8,c2586290a0086b0b9da3705e9799c2d04e060b32
math_test_prealgebra_293,prealgebra,Level 4,97,97,True,True,True,True,True,True,False,False,False,117,305,422,117,305,422,1,0,0,symbolic,symbolic,raw/math_test_prealgebra_293__base4096.json,raw/math_test_prealgebra_293__base4096.json,4096,0.00020055000000000002,0.00020055000000000002,f6a583a12f4224ef3a07a9a76f7ba1895d268f7aa8ca31b1c1caac595cd0a4e8,c2586290a0086b0b9da3705e9799c2d04e060b32
math_test_prealgebra_294,prealgebra,Level 1,,30,False,False,True,True,False,True,True,True,False,219,4096,4315,438,6777,7215,2,0,1,truncated,symbolic,raw/math_test_prealgebra_294__base4096.json,raw/math_test_prealgebra_294__upgrade8192.json,8192,0.00249045,0.0041319,f6a583a12f4224ef3a07a9a76f7ba1895d268f7aa8ca31b1c1caac595cd0a4e8,c2586290a0086b0b9da3705e9799c2d04e060b32
math_test_prealgebra_301,prealgebra,Level 1,\(\frac{5}{6}\),\(\frac{5}{6}\),True,True,True,True,True,True,False,False,False,73,174,247,73,174,247,1,0,0,symbolic,symbolic,raw/math_test_prealgebra_301__base4096.json,raw/math_test_prealgebra_301__base4096.json,4096,0.00011535,0.00011535,f6a583a12f4224ef3a07a9a76f7ba1895d268f7aa8ca31b1c1caac595cd0a4e8,c2586290a0086b0b9da3705e9799c2d04e060b32
math_test_prealgebra_319,prealgebra,Level 3,5,5,True,True,True,True,True,True,False,False,False,68,168,236,68,168,236,1,0,0,symbolic,symbolic,raw/math_test_prealgebra_319__base4096.json,raw/math_test_prealgebra_319__base4096.json,4096,0.000111,0.000111,f6a583a12f4224ef3a07a9a76f7ba1895d268f7aa8ca31b1c1caac595cd0a4e8,c2586290a0086b0b9da3705e9799c2d04e060b32
math_test_prealgebra_322,prealgebra,Level 3,\(-2\),\(-2\),True,True,True,True,True,True,False,False,False,87,242,329,87,242,329,1,0,0,symbolic,symbolic,raw/math_test_prealgebra_322__base4096.json,raw/math_test_prealgebra_322__base4096.json,4096,0.00015825,0.00015825,f6a583a12f4224ef3a07a9a76f7ba1895d268f7aa8ca31b1c1caac595cd0a4e8,c2586290a0086b0b9da3705e9799c2d04e060b32
math_test_prealgebra_331,prealgebra,Level 4,15625,15625,True,True,True,True,True,True,False,False,False,95,156,251,95,156,251,1,0,0,symbolic,symbolic,raw/math_test_prealgebra_331__base4096.json,raw/math_test_prealgebra_331__base4096.json,4096,0.00010784999999999999,0.00010784999999999999,f6a583a12f4224ef3a07a9a76f7ba1895d268f7aa8ca31b1c1caac595cd0a4e8,c2586290a0086b0b9da3705e9799c2d04e060b32
math_test_prealgebra_335,prealgebra,Level 4,\(\frac{3}{2}\),\(\frac{3}{2}\),True,True,True,True,True,True,False,False,False,81,137,218,81,137,218,1,0,0,symbolic,symbolic,raw/math_test_prealgebra_335__base4096.json,raw/math_test_prealgebra_335__base4096.json,4096,9.435e-05,9.435e-05,f6a583a12f4224ef3a07a9a76f7ba1895d268f7aa8ca31b1c1caac595cd0a4e8,c2586290a0086b0b9da3705e9799c2d04e060b32
math_test_prealgebra_354,prealgebra,Level 2,78 inches,78 inches,True,True,True,True,True,True,False,False,False,94,211,305,94,211,305,1,0,0,symbolic,symbolic,raw/math_test_prealgebra_354__base4096.json,raw/math_test_prealgebra_354__base4096.json,4096,0.00014069999999999998,0.00014069999999999998,f6a583a12f4224ef3a07a9a76f7ba1895d268f7aa8ca31b1c1caac595cd0a4e8,c2586290a0086b0b9da3705e9799c2d04e060b32
math_test_prealgebra_355,prealgebra,Level 3,3,3,True,True,True,True,True,True,False,False,False,85,116,201,85,116,201,1,0,0,symbolic,symbolic,raw/math_test_prealgebra_355__base4096.json,raw/math_test_prealgebra_355__base4096.json,4096,8.235e-05,8.235e-05,f6a583a12f4224ef3a07a9a76f7ba1895d268f7aa8ca31b1c1caac595cd0a4e8,c2586290a0086b0b9da3705e9799c2d04e060b32
math_test_prealgebra_357,prealgebra,Level 3,\(120^\circ\),\(120^\circ\),True,True,True,True,True,True,False,False,False,91,261,352,91,261,352,1,0,0,symbolic,symbolic,raw/math_test_prealgebra_357__base4096.json,raw/math_test_prealgebra_357__base4096.json,4096,0.00017025,0.00017025,f6a583a12f4224ef3a07a9a76f7ba1895d268f7aa8ca31b1c1caac595cd0a4e8,c2586290a0086b0b9da3705e9799c2d04e060b32
math_test_prealgebra_372,prealgebra,Level 2,45 mph,45 mph,True,,True,,True,True,False,False,False,81,148,229,81,148,229,1,-1,0,unknown_parse,unknown_parse,raw/math_test_prealgebra_372__base4096.json,raw/math_test_prealgebra_372__base4096.json,4096,0.00010095,0.00010095,f6a583a12f4224ef3a07a9a76f7ba1895d268f7aa8ca31b1c1caac595cd0a4e8,c2586290a0086b0b9da3705e9799c2d04e060b32
math_test_prealgebra_38,prealgebra,Level 3,2 inches,2 inches,True,True,True,True,True,True,False,False,False,115,132,247,115,132,247,1,0,0,symbolic,symbolic,raw/math_test_prealgebra_38__base4096.json,raw/math_test_prealgebra_38__base4096.json,4096,9.645e-05,9.645e-05,f6a583a12f4224ef3a07a9a76f7ba1895d268f7aa8ca31b1c1caac595cd0a4e8,c2586290a0086b0b9da3705e9799c2d04e060b32
math_test_prealgebra_385,prealgebra,Level 5,20%,20%,False,True,False,True,True,True,False,False,False,142,2940,3082,142,2940,3082,1,1,0,symbolic,symbolic,raw/math_test_prealgebra_385__base4096.json,raw/math_test_prealgebra_385__base4096.json,4096,0.0017852999999999999,0.0017852999999999999,f6a583a12f4224ef3a07a9a76f7ba1895d268f7aa8ca31b1c1caac595cd0a4e8,c2586290a0086b0b9da3705e9799c2d04e060b32
math_test_prealgebra_388,prealgebra,Level 5,\(11\frac{2}{3}\) hours,\(11\frac{2}{3}\) hours,True,True,True,True,True,True,False,False,False,106,199,305,106,199,305,1,0,0,symbolic,symbolic,raw/math_test_prealgebra_388__base4096.json,raw/math_test_prealgebra_388__base4096.json,4096,0.00013529999999999998,0.00013529999999999998,f6a583a12f4224ef3a07a9a76f7ba1895d268f7aa8ca31b1c1caac595cd0a4e8,c2586290a0086b0b9da3705e9799c2d04e060b32
math_test_prealgebra_399,prealgebra,Level 2,42,42,True,True,True,True,True,True,False,False,False,95,267,362,95,267,362,1,0,0,symbolic,symbolic,raw/math_test_prealgebra_399__base4096.json,raw/math_test_prealgebra_399__base4096.json,4096,0.00017444999999999998,0.00017444999999999998,f6a583a12f4224ef3a07a9a76f7ba1895d268f7aa8ca31b1c1caac595cd0a4e8,c2586290a0086b0b9da3705e9799c2d04e060b32
math_test_prealgebra_413,prealgebra,Level 2,\(-\frac{40}{153}\),\(-\frac{40}{153}\),True,True,True,True,True,True,False,False,False,73,127,200,73,127,200,1,0,0,symbolic,symbolic,raw/math_test_prealgebra_413__base4096.json,raw/math_test_prealgebra_413__base4096.json,4096,8.715e-05,8.715e-05,f6a583a12f4224ef3a07a9a76f7ba1895d268f7aa8ca31b1c1caac595cd0a4e8,c2586290a0086b0b9da3705e9799c2d04e060b32
math_test_prealgebra_423,prealgebra,Level 1,24.1,24.1,True,True,True,True,True,True,False,False,False,116,145,261,116,145,261,1,0,0,symbolic,symbolic,raw/math_test_prealgebra_423__base4096.json,raw/math_test_prealgebra_423__base4096.json,4096,0.0001044,0.0001044,f6a583a12f4224ef3a07a9a76f7ba1895d268f7aa8ca31b1c1caac595cd0a4e8,c2586290a0086b0b9da3705e9799c2d04e060b32
math_test_prealgebra_428,prealgebra,Level 3,4,4,True,True,True,True,True,True,False,False,False,100,197,297,100,197,297,1,0,0,symbolic,symbolic,raw/math_test_prealgebra_428__base4096.json,raw/math_test_prealgebra_428__base4096.json,4096,0.00013319999999999999,0.00013319999999999999,f6a583a12f4224ef3a07a9a76f7ba1895d268f7aa8ca31b1c1caac595cd0a4e8,c2586290a0086b0b9da3705e9799c2d04e060b32
math_test_prealgebra_444,prealgebra,Level 4,\(33\frac13\),\(33\frac13\),True,True,True,True,True,True,False,False,False,192,344,536,192,344,536,1,0,0,symbolic,symbolic,raw/math_test_prealgebra_444__base4096.json,raw/math_test_prealgebra_444__base4096.json,4096,0.0002352,0.0002352,f6a583a12f4224ef3a07a9a76f7ba1895d268f7aa8ca31b1c1caac595cd0a4e8,c2586290a0086b0b9da3705e9799c2d04e060b32
math_test_prealgebra_449,prealgebra,Level 4,3,3,True,True,True,True,True,True,False,False,False,139,729,868,139,729,868,1,0,0,symbolic,symbolic,raw/math_test_prealgebra_449__base4096.json,raw/math_test_prealgebra_449__base4096.json,4096,0.00045825,0.00045825,f6a583a12f4224ef3a07a9a76f7ba1895d268f7aa8ca31b1c1caac595cd0a4e8,c2586290a0086b0b9da3705e9799c2d04e060b32
math_test_prealgebra_454,prealgebra,Level 4,17 meters,17 meters,True,True,True,True,True,True,False,False,False,96,253,349,96,253,349,1,0,0,symbolic,symbolic,raw/math_test_prealgebra_454__base4096.json,raw/math_test_prealgebra_454__base4096.json,4096,0.0001662,0.0001662,f6a583a12f4224ef3a07a9a76f7ba1895d268f7aa8ca31b1c1caac595cd0a4e8,c2586290a0086b0b9da3705e9799c2d04e060b32
math_test_prealgebra_456,prealgebra,Level 5,\(\frac{1}{6}\),\(\frac{1}{6}\),True,True,True,True,True,True,False,False,False,133,374,507,133,374,507,1,0,0,symbolic,symbolic,raw/math_test_prealgebra_456__base4096.json,raw/math_test_prealgebra_456__base4096.json,4096,0.00024435,0.00024435,f6a583a12f4224ef3a07a9a76f7ba1895d268f7aa8ca31b1c1caac595cd0a4e8,c2586290a0086b0b9da3705e9799c2d04e060b32
math_test_prealgebra_466,prealgebra,Level 4,3380,3380,True,True,True,True,True,True,False,False,False,113,287,400,113,287,400,1,0,0,symbolic,symbolic,raw/math_test_prealgebra_466__base4096.json,raw/math_test_prealgebra_466__base4096.json,4096,0.00018915,0.00018915,f6a583a12f4224ef3a07a9a76f7ba1895d268f7aa8ca31b1c1caac595cd0a4e8,c2586290a0086b0b9da3705e9799c2d04e060b32
math_test_prealgebra_473,prealgebra,Level 5,20,20,True,True,True,True,True,True,False,False,False,85,364,449,85,364,449,1,0,0,symbolic,symbolic,raw/math_test_prealgebra_473__base4096.json,raw/math_test_prealgebra_473__base4096.json,4096,0.00023115,0.00023115,f6a583a12f4224ef3a07a9a76f7ba1895d268f7aa8ca31b1c1caac595cd0a4e8,c2586290a0086b0b9da3705e9799c2d04e060b32
math_test_prealgebra_475,prealgebra,Level 3,8,8,True,True,True,True,True,True,False,False,False,103,206,309,103,206,309,1,0,0,symbolic,symbolic,raw/math_test_prealgebra_475__base4096.json,raw/math_test_prealgebra_475__base4096.json,4096,0.00013905,0.00013905,f6a583a12f4224ef3a07a9a76f7ba1895d268f7aa8ca31b1c1caac595cd0a4e8,c2586290a0086b0b9da3705e9799c2d04e060b32
math_test_prealgebra_479,prealgebra,Level 3,44,44,True,True,True,True,True,True,False,False,False,88,138,226,88,138,226,1,0,0,symbolic,symbolic,raw/math_test_prealgebra_479__base4096.json,raw/math_test_prealgebra_479__base4096.json,4096,9.6e-05,9.6e-05,f6a583a12f4224ef3a07a9a76f7ba1895d268f7aa8ca31b1c1caac595cd0a4e8,c2586290a0086b0b9da3705e9799c2d04e060b32
math_test_prealgebra_493,prealgebra,Level 4,24,24,True,True,True,True,True,True,False,False,False,90,137,227,90,137,227,1,0,0,symbolic,symbolic,raw/math_test_prealgebra_493__base4096.json,raw/math_test_prealgebra_493__base4096.json,4096,9.570000000000001e-05,9.570000000000001e-05,f6a583a12f4224ef3a07a9a76f7ba1895d268f7aa8ca31b1c1caac595cd0a4e8,c2586290a0086b0b9da3705e9799c2d04e060b32
math_test_prealgebra_525,prealgebra,Level 2,78,78,True,True,True,True,True,True,False,False,False,132,205,337,132,205,337,1,0,0,symbolic,symbolic,raw/math_test_prealgebra_525__base4096.json,raw/math_test_prealgebra_525__base4096.json,4096,0.0001428,0.0001428,f6a583a12f4224ef3a07a9a76f7ba1895d268f7aa8ca31b1c1caac595cd0a4e8,c2586290a0086b0b9da3705e9799c2d04e060b32
math_test_prealgebra_529,prealgebra,Level 4,\(5\sqrt{21}\),\(5\sqrt{21}\),True,True,True,True,True,True,False,False,False,67,138,205,67,138,205,1,0,0,symbolic,symbolic,raw/math_test_prealgebra_529__base4096.json,raw/math_test_prealgebra_529__base4096.json,4096,9.285e-05,9.285e-05,f6a583a12f4224ef3a07a9a76f7ba1895d268f7aa8ca31b1c1caac595cd0a4e8,c2586290a0086b0b9da3705e9799c2d04e060b32
math_test_prealgebra_55,prealgebra,Level 5,\(26\pi\),\(26\pi\),True,True,True,True,True,True,False,False,False,104,189,293,104,189,293,1,0,0,symbolic,symbolic,raw/math_test_prealgebra_55__base4096.json,raw/math_test_prealgebra_55__base4096.json,4096,0.000129,0.000129,f6a583a12f4224ef3a07a9a76f7ba1895d268f7aa8ca31b1c1caac595cd0a4e8,c2586290a0086b0b9da3705e9799c2d04e060b32
math_test_prealgebra_551,prealgebra,Level 3,,90,False,False,True,,False,True,True,True,False,338,4096,4434,676,8618,9294,2,0,0,truncated,unknown_parse,raw/math_test_prealgebra_551__base4096.json,raw/math_test_prealgebra_551__upgrade8192.json,8192,0.0025082999999999998,0.005253384,f6a583a12f4224ef3a07a9a76f7ba1895d268f7aa8ca31b1c1caac595cd0a4e8,c2586290a0086b0b9da3705e9799c2d04e060b32
math_test_prealgebra_557,prealgebra,Level 1,10,10,True,True,True,True,True,True,False,False,False,82,116,198,82,116,198,1,0,0,symbolic,symbolic,raw/math_test_prealgebra_557__base4096.json,raw/math_test_prealgebra_557__base4096.json,4096,8.189999999999998e-05,8.189999999999998e-05,f6a583a12f4224ef3a07a9a76f7ba1895d268f7aa8ca31b1c1caac595cd0a4e8,c2586290a0086b0b9da3705e9799c2d04e060b32
math_test_prealgebra_562,prealgebra,Level 5,\(49\pi\) square feet,\(49\pi\) square feet,True,True,True,True,True,True,False,False,False,110,218,328,110,218,328,1,0,0,symbolic,symbolic,raw/math_test_prealgebra_562__base4096.json,raw/math_test_prealgebra_562__base4096.json,4096,0.00014729999999999998,0.00014729999999999998,f6a583a12f4224ef3a07a9a76f7ba1895d268f7aa8ca31b1c1caac595cd0a4e8,c2586290a0086b0b9da3705e9799c2d04e060b32
math_test_prealgebra_566,prealgebra,Level 2,17,17,True,True,True,True,True,True,False,False,False,84,164,248,84,164,248,1,0,0,symbolic,symbolic,raw/math_test_prealgebra_566__base4096.json,raw/math_test_prealgebra_566__base4096.json,4096,0.00011099999999999999,0.00011099999999999999,f6a583a12f4224ef3a07a9a76f7ba1895d268f7aa8ca31b1c1caac595cd0a4e8,c2586290a0086b0b9da3705e9799c2d04e060b32
math_test_prealgebra_569,prealgebra,Level 3,\(-4\),\(-4\),True,True,True,True,True,True,False,False,False,91,197,288,91,197,288,1,0,0,symbolic,symbolic,raw/math_test_prealgebra_569__base4096.json,raw/math_test_prealgebra_569__base4096.json,4096,0.00013185,0.00013185,f6a583a12f4224ef3a07a9a76f7ba1895d268f7aa8ca31b1c1caac595cd0a4e8,c2586290a0086b0b9da3705e9799c2d04e060b32
math_test_prealgebra_570,prealgebra,Level 5,32,32,True,True,True,True,True,True,False,False,False,91,1065,1156,91,1065,1156,1,0,0,symbolic,symbolic,raw/math_test_prealgebra_570__base4096.json,raw/math_test_prealgebra_570__base4096.json,4096,0.00065265,0.00065265,f6a583a12f4224ef3a07a9a76f7ba1895d268f7aa8ca31b1c1caac595cd0a4e8,c2586290a0086b0b9da3705e9799c2d04e060b32
math_test_prealgebra_587,prealgebra,Level 2,80,80,True,True,True,True,True,True,False,False,False,72,79,151,72,79,151,1,0,0,symbolic,symbolic,raw/math_test_prealgebra_587__base4096.json,raw/math_test_prealgebra_587__base4096.json,4096,5.82e-05,5.82e-05,f6a583a12f4224ef3a07a9a76f7ba1895d268f7aa8ca31b1c1caac595cd0a4e8,c2586290a0086b0b9da3705e9799c2d04e060b32
math_test_prealgebra_590,prealgebra,Level 3,,40,False,False,True,True,False,True,True,True,True,492,4096,4588,1476,18155,19631,3,0,1,truncated,symbolic,raw/math_test_prealgebra_590__base4096.json,raw/math_test_prealgebra_590__upgrade16384.json,16384,0.0025314,0.011039135999999998,f6a583a12f4224ef3a07a9a76f7ba1895d268f7aa8ca31b1c1caac595cd0a4e8,c2586290a0086b0b9da3705e9799c2d04e060b32
math_test_prealgebra_592,prealgebra,Level 5,15,15,True,True,True,True,True,True,False,False,False,137,363,500,137,363,500,1,0,0,symbolic,symbolic,raw/math_test_prealgebra_592__base4096.json,raw/math_test_prealgebra_592__base4096.json,4096,0.00023835,0.00023835,f6a583a12f4224ef3a07a9a76f7ba1895d268f7aa8ca31b1c1caac595cd0a4e8,c2586290a0086b0b9da3705e9799c2d04e060b32
math_test_prealgebra_596,prealgebra,Level 5,90,90,True,True,True,True,True,True,False,False,False,145,1905,2050,145,1905,2050,1,0,0,symbolic,symbolic,raw/math_test_prealgebra_596__base4096.json,raw/math_test_prealgebra_596__base4096.json,4096,0.00116475,0.00116475,f6a583a12f4224ef3a07a9a76f7ba1895d268f7aa8ca31b1c1caac595cd0a4e8,c2586290a0086b0b9da3705e9799c2d04e060b32
math_test_prealgebra_598,prealgebra,Level 4,4 inches per second,4 inches per second,False,,False,,True,True,False,False,False,78,163,241,78,163,241,1,0,0,unknown_parse,unknown_parse,raw/math_test_prealgebra_598__base4096.json,raw/math_test_prealgebra_598__base4096.json,4096,0.0001095,0.0001095,f6a583a12f4224ef3a07a9a76f7ba1895d268f7aa8ca31b1c1caac595cd0a4e8,c2586290a0086b0b9da3705e9799c2d04e060b32
math_test_prealgebra_602,prealgebra,Level 5,17,17,True,True,True,True,True,True,False,False,False,77,552,629,77,552,629,1,0,0,symbolic,symbolic,raw/math_test_prealgebra_602__base4096.json,raw/math_test_prealgebra_602__base4096.json,4096,0.00034275,0.00034275,f6a583a12f4224ef3a07a9a76f7ba1895d268f7aa8ca31b1c1caac595cd0a4e8,c2586290a0086b0b9da3705e9799c2d04e060b32
math_test_prealgebra_603,prealgebra,Level 2,-99,-99,True,True,True,True,True,True,False,False,False,70,134,204,70,134,204,1,0,0,symbolic,symbolic,raw/math_test_prealgebra_603__base4096.json,raw/math_test_prealgebra_603__base4096.json,4096,9.089999999999999e-05,9.089999999999999e-05,f6a583a12f4224ef3a07a9a76f7ba1895d268f7aa8ca31b1c1caac595cd0a4e8,c2586290a0086b0b9da3705e9799c2d04e060b32
math_test_prealgebra_606,prealgebra,Level 3,1,1,True,True,True,True,True,True,False,False,False,127,256,383,127,256,383,1,0,0,symbolic,symbolic,raw/math_test_prealgebra_606__base4096.json,raw/math_test_prealgebra_606__base4096.json,4096,0.00017265,0.00017265,f6a583a12f4224ef3a07a9a76f7ba1895d268f7aa8ca31b1c1caac595cd0a4e8,c2586290a0086b0b9da3705e9799c2d04e060b32
math_test_prealgebra_61,prealgebra,Level 3,10,10,True,True,True,True,True,True,False,False,False,131,234,365,131,234,365,1,0,0,symbolic,symbolic,raw/math_test_prealgebra_61__base4096.json,raw/math_test_prealgebra_61__base4096.json,4096,0.00016005000000000001,0.00016005000000000001,f6a583a12f4224ef3a07a9a76f7ba1895d268f7aa8ca31b1c1caac595cd0a4e8,c2586290a0086b0b9da3705e9799c2d04e060b32
math_test_prealgebra_617,prealgebra,Level 1,37,37,True,True,True,True,True,True,False,False,False,83,157,240,83,157,240,1,0,0,symbolic,symbolic,raw/math_test_prealgebra_617__base4096.json,raw/math_test_prealgebra_617__base4096.json,4096,0.00010665,0.00010665,f6a583a12f4224ef3a07a9a76f7ba1895d268f7aa8ca31b1c1caac595cd0a4e8,c2586290a0086b0b9da3705e9799c2d04e060b32
math_test_prealgebra_625,prealgebra,Level 4,1.36 kilograms,1.36 kilograms,False,,False,,True,True,False,False,False,122,152,274,122,152,274,1,0,0,unknown_parse,unknown_parse,raw/math_test_prealgebra_625__base4096.json,raw/math_test_prealgebra_625__base4096.json,4096,0.0001095,0.0001095,f6a583a12f4224ef3a07a9a76f7ba1895d268f7aa8ca31b1c1caac595cd0a4e8,c2586290a0086b0b9da3705e9799c2d04e060b32
math_test_prealgebra_626,prealgebra,Level 5,\(\sqrt{6} + 3\sqrt{2}\) centimeters,\(\sqrt{6} + 3\sqrt{2}\) centimeters,True,True,True,True,True,True,False,False,False,96,359,455,96,359,455,1,0,0,symbolic,symbolic,raw/math_test_prealgebra_626__base4096.json,raw/math_test_prealgebra_626__base4096.json,4096,0.0002298,0.0002298,f6a583a12f4224ef3a07a9a76f7ba1895d268f7aa8ca31b1c1caac595cd0a4e8,c2586290a0086b0b9da3705e9799c2d04e060b32
math_test_prealgebra_63,prealgebra,Level 2,60,60,True,True,True,True,True,True,False,False,False,76,110,186,76,110,186,1,0,0,symbolic,symbolic,raw/math_test_prealgebra_63__base4096.json,raw/math_test_prealgebra_63__base4096.json,4096,7.740000000000001e-05,7.740000000000001e-05,f6a583a12f4224ef3a07a9a76f7ba1895d268f7aa8ca31b1c1caac595cd0a4e8,c2586290a0086b0b9da3705e9799c2d04e060b32
math_test_prealgebra_630,prealgebra,Level 1,32,32,True,True,True,True,True,True,False,False,False,72,97,169,72,97,169,1,0,0,symbolic,symbolic,raw/math_test_prealgebra_630__base4096.json,raw/math_test_prealgebra_630__base4096.json,4096,6.9e-05,6.9e-05,f6a583a12f4224ef3a07a9a76f7ba1895d268f7aa8ca31b1c1caac595cd0a4e8,c2586290a0086b0b9da3705e9799c2d04e060b32
math_test_prealgebra_652,prealgebra,Level 4,90,90,True,True,True,True,True,True,False,False,False,134,115,249,134,115,249,1,0,0,symbolic,symbolic,raw/math_test_prealgebra_652__base4096.json,raw/math_test_prealgebra_652__base4096.json,4096,8.91e-05,8.91e-05,f6a583a12f4224ef3a07a9a76f7ba1895d268f7aa8ca31b1c1caac595cd0a4e8,c2586290a0086b0b9da3705e9799c2d04e060b32
math_test_prealgebra_660,prealgebra,Level 3,78 inches,78 inches,True,True,True,True,True,True,False,False,False,71,169,240,71,169,240,1,0,0,symbolic,symbolic,raw/math_test_prealgebra_660__base4096.json,raw/math_test_prealgebra_660__base4096.json,4096,0.00011205,0.00011205,f6a583a12f4224ef3a07a9a76f7ba1895d268f7aa8ca31b1c1caac595cd0a4e8,c2586290a0086b0b9da3705e9799c2d04e060b32
math_test_prealgebra_666,prealgebra,Level 5,36,36,True,True,True,True,True,True,False,False,False,82,362,444,82,362,444,1,0,0,symbolic,symbolic,raw/math_test_prealgebra_666__base4096.json,raw/math_test_prealgebra_666__base4096.json,4096,0.0002295,0.0002295,f6a583a12f4224ef3a07a9a76f7ba1895d268f7aa8ca31b1c1caac595cd0a4e8,c2586290a0086b0b9da3705e9799c2d04e060b32
math_test_prealgebra_668,prealgebra,Level 3,25,25,True,True,True,True,True,True,False,False,False,75,137,212,75,137,212,1,0,0,symbolic,symbolic,raw/math_test_prealgebra_668__base4096.json,raw/math_test_prealgebra_668__base4096.json,4096,9.345000000000001e-05,9.345000000000001e-05,f6a583a12f4224ef3a07a9a76f7ba1895d268f7aa8ca31b1c1caac595cd0a4e8,c2586290a0086b0b9da3705e9799c2d04e060b32
math_test_prealgebra_693,prealgebra,Level 2,120,120,True,True,True,True,True,True,False,False,False,70,149,219,70,149,219,1,0,0,symbolic,symbolic,raw/math_test_prealgebra_693__base4096.json,raw/math_test_prealgebra_693__base4096.json,4096,9.989999999999999e-05,9.989999999999999e-05,f6a583a12f4224ef3a07a9a76f7ba1895d268f7aa8ca31b1c1caac595cd0a4e8,c2586290a0086b0b9da3705e9799c2d04e060b32
math_test_prealgebra_699,prealgebra,Level 5,240,240,True,True,True,True,True,True,False,False,False,86,330,416,86,330,416,1,0,0,symbolic,symbolic,raw/math_test_prealgebra_699__base4096.json,raw/math_test_prealgebra_699__base4096.json,4096,0.0002109,0.0002109,f6a583a12f4224ef3a07a9a76f7ba1895d268f7aa8ca31b1c1caac595cd0a4e8,c2586290a0086b0b9da3705e9799c2d04e060b32
math_test_prealgebra_70,prealgebra,Level 1,\(55^\circ\),\(55^\circ\),True,True,True,True,True,True,False,False,False,272,178,450,272,178,450,1,0,0,symbolic,symbolic,raw/math_test_prealgebra_70__base4096.json,raw/math_test_prealgebra_70__base4096.json,4096,0.00014759999999999998,0.00014759999999999998,f6a583a12f4224ef3a07a9a76f7ba1895d268f7aa8ca31b1c1caac595cd0a4e8,c2586290a0086b0b9da3705e9799c2d04e060b32
math_test_prealgebra_701,prealgebra,Level 5,\(10\pi\) feet,\(10\pi\) feet,True,True,True,True,True,True,False,False,False,100,386,486,100,386,486,1,0,0,symbolic,symbolic,raw/math_test_prealgebra_701__base4096.json,raw/math_test_prealgebra_701__base4096.json,4096,0.0002466,0.0002466,f6a583a12f4224ef3a07a9a76f7ba1895d268f7aa8ca31b1c1caac595cd0a4e8,c2586290a0086b0b9da3705e9799c2d04e060b32
math_test_prealgebra_707,prealgebra,Level 3,\(-10\),\(-10\),True,True,True,True,True,True,False,False,False,93,221,314,93,221,314,1,0,0,symbolic,symbolic,raw/math_test_prealgebra_707__base4096.json,raw/math_test_prealgebra_707__base4096.json,4096,0.00014654999999999998,0.00014654999999999998,f6a583a12f4224ef3a07a9a76f7ba1895d268f7aa8ca31b1c1caac595cd0a4e8,c2586290a0086b0b9da3705e9799c2d04e060b32
math_test_prealgebra_720,prealgebra,Level 2,6,6,True,True,True,True,True,True,False,False,False,76,152,228,76,152,228,1,0,0,symbolic,symbolic,raw/math_test_prealgebra_720__base4096.json,raw/math_test_prealgebra_720__base4096.json,4096,0.00010260000000000001,0.00010260000000000001,f6a583a12f4224ef3a07a9a76f7ba1895d268f7aa8ca31b1c1caac595cd0a4e8,c2586290a0086b0b9da3705e9799c2d04e060b32
math_test_prealgebra_729,prealgebra,Level 4,1584,1584,True,True,True,True,True,True,False,False,False,108,505,613,108,505,613,1,0,0,symbolic,symbolic,raw/math_test_prealgebra_729__base4096.json,raw/math_test_prealgebra_729__base4096.json,4096,0.0003192,0.0003192,f6a583a12f4224ef3a07a9a76f7ba1895d268f7aa8ca31b1c1caac595cd0a4e8,c2586290a0086b0b9da3705e9799c2d04e060b32
math_test_prealgebra_730,prealgebra,Level 3,1260,1260,True,True,True,True,True,True,False,False,False,72,522,594,72,522,594,1,0,0,symbolic,symbolic,raw/math_test_prealgebra_730__base4096.json,raw/math_test_prealgebra_730__base4096.json,4096,0.000324,0.000324,f6a583a12f4224ef3a07a9a76f7ba1895d268f7aa8ca31b1c1caac595cd0a4e8,c2586290a0086b0b9da3705e9799c2d04e060b32
math_test_prealgebra_738,prealgebra,Level 2,0,0,True,True,True,True,True,True,False,False,False,120,161,281,120,161,281,1,0,0,symbolic,symbolic,raw/math_test_prealgebra_738__base4096.json,raw/math_test_prealgebra_738__base4096.json,4096,0.0001146,0.0001146,f6a583a12f4224ef3a07a9a76f7ba1895d268f7aa8ca31b1c1caac595cd0a4e8,c2586290a0086b0b9da3705e9799c2d04e060b32
math_test_prealgebra_739,prealgebra,Level 2,8,8,True,True,True,True,True,True,False,False,False,75,168,243,75,168,243,1,0,0,symbolic,symbolic,raw/math_test_prealgebra_739__base4096.json,raw/math_test_prealgebra_739__base4096.json,4096,0.00011205,0.00011205,f6a583a12f4224ef3a07a9a76f7ba1895d268f7aa8ca31b1c1caac595cd0a4e8,c2586290a0086b0b9da3705e9799c2d04e060b32
math_test_prealgebra_751,prealgebra,Level 2,4000,4000,True,True,True,True,True,True,False,False,False,108,184,292,108,184,292,1,0,0,symbolic,symbolic,raw/math_test_prealgebra_751__base4096.json,raw/math_test_prealgebra_751__base4096.json,4096,0.0001266,0.0001266,f6a583a12f4224ef3a07a9a76f7ba1895d268f7aa8ca31b1c1caac595cd0a4e8,c2586290a0086b0b9da3705e9799c2d04e060b32
math_test_prealgebra_76,prealgebra,Level 4,\(\frac{11}{100}\),\(\frac{11}{100}\),True,True,True,True,True,True,False,False,False,98,143,241,98,143,241,1,0,0,symbolic,symbolic,raw/math_test_prealgebra_76__base4096.json,raw/math_test_prealgebra_76__base4096.json,4096,0.0001005,0.0001005,f6a583a12f4224ef3a07a9a76f7ba1895d268f7aa8ca31b1c1caac595cd0a4e8,c2586290a0086b0b9da3705e9799c2d04e060b32
math_test_prealgebra_764,prealgebra,Level 1,31,31,True,True,True,True,True,True,False,False,False,69,169,238,69,169,238,1,0,0,symbolic,symbolic,raw/math_test_prealgebra_764__base4096.json,raw/math_test_prealgebra_764__base4096.json,4096,0.00011174999999999999,0.00011174999999999999,f6a583a12f4224ef3a07a9a76f7ba1895d268f7aa8ca31b1c1caac595cd0a4e8,c2586290a0086b0b9da3705e9799c2d04e060b32
math_test_prealgebra_775,prealgebra,Level 3,1,1,True,True,True,True,True,True,False,False,False,103,338,441,103,338,441,1,0,0,symbolic,symbolic,raw/math_test_prealgebra_775__base4096.json,raw/math_test_prealgebra_775__base4096.json,4096,0.00021824999999999997,0.00021824999999999997,f6a583a12f4224ef3a07a9a76f7ba1895d268f7aa8ca31b1c1caac595cd0a4e8,c2586290a0086b0b9da3705e9799c2d04e060b32
math_test_prealgebra_784,prealgebra,Level 5,27,27,True,True,True,True,True,True,False,False,False,111,312,423,111,312,423,1,0,0,symbolic,symbolic,raw/math_test_prealgebra_784__base4096.json,raw/math_test_prealgebra_784__base4096.json,4096,0.00020385,0.00020385,f6a583a12f4224ef3a07a9a76f7ba1895d268f7aa8ca31b1c1caac595cd0a4e8,c2586290a0086b0b9da3705e9799c2d04e060b32
math_test_prealgebra_791,prealgebra,Level 3,868.8,868.8,True,True,True,True,True,True,False,False,False,83,406,489,83,406,489,1,0,0,symbolic,symbolic,raw/math_test_prealgebra_791__base4096.json,raw/math_test_prealgebra_791__base4096.json,4096,0.00025605,0.00025605,f6a583a12f4224ef3a07a9a76f7ba1895d268f7aa8ca31b1c1caac595cd0a4e8,c2586290a0086b0b9da3705e9799c2d04e060b32
math_test_prealgebra_821,prealgebra,Level 4,75,75,True,True,True,True,True,True,False,False,False,221,2340,2561,221,2340,2561,1,0,0,symbolic,symbolic,raw/math_test_prealgebra_821__base4096.json,raw/math_test_prealgebra_821__base4096.json,4096,0.00143715,0.00143715,f6a583a12f4224ef3a07a9a76f7ba1895d268f7aa8ca31b1c1caac595cd0a4e8,c2586290a0086b0b9da3705e9799c2d04e060b32
math_test_prealgebra_840,prealgebra,Level 5,12,12,True,True,True,True,True,True,False,False,False,83,289,372,83,289,372,1,0,0,symbolic,symbolic,raw/math_test_prealgebra_840__base4096.json,raw/math_test_prealgebra_840__base4096.json,4096,0.00018585,0.00018585,f6a583a12f4224ef3a07a9a76f7ba1895d268f7aa8ca31b1c1caac595cd0a4e8,c2586290a0086b0b9da3705e9799c2d04e060b32
math_test_prealgebra_841,prealgebra,Level 2,8 kilometers,8 kilometers,False,,False,,True,True,False,False,False,90,134,224,90,134,224,1,0,0,unknown_parse,unknown_parse,raw/math_test_prealgebra_841__base4096.json,raw/math_test_prealgebra_841__base4096.json,4096,9.389999999999999e-05,9.389999999999999e-05,f6a583a12f4224ef3a07a9a76f7ba1895d268f7aa8ca31b1c1caac595cd0a4e8,c2586290a0086b0b9da3705e9799c2d04e060b32
math_test_prealgebra_853,prealgebra,Level 3,D,D,True,,True,,True,True,False,False,False,117,216,333,117,216,333,1,-1,0,unknown_parse,unknown_parse,raw/math_test_prealgebra_853__base4096.json,raw/math_test_prealgebra_853__base4096.json,4096,0.00014715,0.00014715,f6a583a12f4224ef3a07a9a76f7ba1895d268f7aa8ca31b1c1caac595cd0a4e8,c2586290a0086b0b9da3705e9799c2d04e060b32
math_test_prealgebra_94,prealgebra,Level 5,1.4,1.4,True,True,True,True,True,True,False,False,False,76,418,494,76,418,494,1,0,0,symbolic,symbolic,raw/math_test_prealgebra_94__base4096.json,raw/math_test_prealgebra_94__base4096.json,4096,0.0002622,0.0002622,f6a583a12f4224ef3a07a9a76f7ba1895d268f7aa8ca31b1c1caac595cd0a4e8,c2586290a0086b0b9da3705e9799c2d04e060b32
math_test_prealgebra_95,prealgebra,Level 5,\(\frac{7}{20}\),\(\frac{7}{20}\),True,True,True,True,True,True,False,False,False,136,469,605,136,469,605,1,0,0,symbolic,symbolic,raw/math_test_prealgebra_95__base4096.json,raw/math_test_prealgebra_95__base4096.json,4096,0.00030179999999999996,0.00030179999999999996,f6a583a12f4224ef3a07a9a76f7ba1895d268f7aa8ca31b1c1caac595cd0a4e8,c2586290a0086b0b9da3705e9799c2d04e060b32
math_test_prealgebra_97,prealgebra,Level 4,135 square feet,135 square feet,True,True,True,True,True,True,False,False,False,91,186,277,91,186,277,1,0,0,symbolic,symbolic,raw/math_test_prealgebra_97__base4096.json,raw/math_test_prealgebra_97__base4096.json,4096,0.00012525,0.00012525,f6a583a12f4224ef3a07a9a76f7ba1895d268f7aa8ca31b1c1caac595cd0a4e8,c2586290a0086b0b9da3705e9799c2d04e060b32
math_test_precalculus_0,precalculus,Level 4,0,0,True,True,True,True,True,True,False,False,False,131,2649,2780,131,2649,2780,1,0,0,symbolic,symbolic,raw/math_test_precalculus_0__base4096.json,raw/math_test_precalculus_0__base4096.json,4096,0.0016090499999999999,0.0016090499999999999,f6a583a12f4224ef3a07a9a76f7ba1895d268f7aa8ca31b1c1caac595cd0a4e8,c2586290a0086b0b9da3705e9799c2d04e060b32
math_test_precalculus_109,precalculus,Level 5,49,49,True,True,True,True,True,True,False,False,False,363,2693,3056,363,2693,3056,1,0,0,symbolic,symbolic,raw/math_test_precalculus_109__base4096.json,raw/math_test_precalculus_109__base4096.json,4096,0.00167025,0.00167025,f6a583a12f4224ef3a07a9a76f7ba1895d268f7aa8ca31b1c1caac595cd0a4e8,c2586290a0086b0b9da3705e9799c2d04e060b32
math_test_precalculus_113,precalculus,Level 2,\(\sqrt{21}\),\(\sqrt{21}\),True,True,True,True,True,True,False,False,False,125,269,394,125,269,394,1,0,0,symbolic,symbolic,raw/math_test_precalculus_113__base4096.json,raw/math_test_precalculus_113__base4096.json,4096,0.00018015000000000001,0.00018015000000000001,f6a583a12f4224ef3a07a9a76f7ba1895d268f7aa8ca31b1c1caac595cd0a4e8,c2586290a0086b0b9da3705e9799c2d04e060b32
math_test_precalculus_120,precalculus,Level 3,\begin{pmatrix} 2 & -3 \\ 0 & 3 \end{pmatrix},\begin{pmatrix} 2 & -3 \\ 0 & 3 \end{pmatrix},True,True,True,True,True,True,False,False,False,110,546,656,110,546,656,1,0,0,matrix,matrix,raw/math_test_precalculus_120__base4096.json,raw/math_test_precalculus_120__base4096.json,4096,0.00034409999999999996,0.00034409999999999996,f6a583a12f4224ef3a07a9a76f7ba1895d268f7aa8ca31b1c1caac595cd0a4e8,c2586290a0086b0b9da3705e9799c2d04e060b32
math_test_precalculus_144,precalculus,Level 2,\(\begin{pmatrix} \frac{2}{5} \\ -\frac{1}{5} \\ 0 \end{pmatrix}\),\(\begin{pmatrix} \frac{2}{5} \\ -\frac{1}{5} \\ 0 \end{pmatrix}\),True,True,True,True,True,True,False,False,False,114,384,498,114,384,498,1,0,0,matrix,matrix,raw/math_test_precalculus_144__base4096.json,raw/math_test_precalculus_144__base4096.json,4096,0.0002475,0.0002475,f6a583a12f4224ef3a07a9a76f7ba1895d268f7aa8ca31b1c1caac595cd0a4e8,c2586290a0086b0b9da3705e9799c2d04e060b32
math_test_precalculus_163,precalculus,Level 2,\(160^\circ\),\(160^\circ\),True,True,True,True,True,True,False,False,False,102,522,624,102,522,624,1,0,0,symbolic,symbolic,raw/math_test_precalculus_163__base4096.json,raw/math_test_precalculus_163__base4096.json,4096,0.0003285,0.0003285,f6a583a12f4224ef3a07a9a76f7ba1895d268f7aa8ca31b1c1caac595cd0a4e8,c2586290a0086b0b9da3705e9799c2d04e060b32
math_test_precalculus_176,precalculus,Level 1,1,1,True,True,True,True,True,True,False,False,False,81,428,509,81,428,509,1,0,0,symbolic,symbolic,raw/math_test_precalculus_176__base4096.json,raw/math_test_precalculus_176__base4096.json,4096,0.00026895,0.00026895,f6a583a12f4224ef3a07a9a76f7ba1895d268f7aa8ca31b1c1caac595cd0a4e8,c2586290a0086b0b9da3705e9799c2d04e060b32
math_test_precalculus_185,precalculus,Level 3,70,70,True,True,True,True,True,True,False,False,False,89,1245,1334,89,1245,1334,1,0,0,symbolic,symbolic,raw/math_test_precalculus_185__base4096.json,raw/math_test_precalculus_185__base4096.json,4096,0.00076035,0.00076035,f6a583a12f4224ef3a07a9a76f7ba1895d268f7aa8ca31b1c1caac595cd0a4e8,c2586290a0086b0b9da3705e9799c2d04e060b32
math_test_precalculus_187,precalculus,Level 4,\(2^{2005}\),\(2^{2005}\),True,True,True,True,True,True,False,False,False,154,3913,4067,154,3913,4067,1,0,0,symbolic,symbolic,raw/math_test_precalculus_187__base4096.json,raw/math_test_precalculus_187__base4096.json,4096,0.0023708999999999996,0.0023708999999999996,f6a583a12f4224ef3a07a9a76f7ba1895d268f7aa8ca31b1c1caac595cd0a4e8,c2586290a0086b0b9da3705e9799c2d04e060b32
math_test_precalculus_217,precalculus,Level 5,\(\frac{9}{10}\),\(\frac{9}{10}\),True,True,True,True,True,True,False,False,False,135,803,938,135,803,938,1,0,0,symbolic,symbolic,raw/math_test_precalculus_217__base4096.json,raw/math_test_precalculus_217__base4096.json,4096,0.00050205,0.00050205,f6a583a12f4224ef3a07a9a76f7ba1895d268f7aa8ca31b1c1caac595cd0a4e8,c2586290a0086b0b9da3705e9799c2d04e060b32
math_test_precalculus_220,precalculus,Level 4,\(\frac{35}{4}\),\(\frac{35}{4}\),True,True,True,True,True,True,False,False,False,116,1005,1121,116,1005,1121,1,0,0,symbolic,symbolic,raw/math_test_precalculus_220__base4096.json,raw/math_test_precalculus_220__base4096.json,4096,0.0006204,0.0006204,f6a583a12f4224ef3a07a9a76f7ba1895d268f7aa8ca31b1c1caac595cd0a4e8,c2586290a0086b0b9da3705e9799c2d04e060b32
math_test_precalculus_232,precalculus,Level 2,\(\begin{pmatrix}2\\3\\1\end{pmatrix}\),\(\begin{pmatrix}2\\3\\1\end{pmatrix}\),True,True,True,True,True,True,False,False,False,107,300,407,107,300,407,1,0,0,matrix,matrix,raw/math_test_precalculus_232__base4096.json,raw/math_test_precalculus_232__base4096.json,4096,0.00019605000000000002,0.00019605000000000002,f6a583a12f4224ef3a07a9a76f7ba1895d268f7aa8ca31b1c1caac595cd0a4e8,c2586290a0086b0b9da3705e9799c2d04e060b32
math_test_precalculus_236,precalculus,Level 4,[2004],[2004],True,True,True,True,True,True,False,False,False,83,674,757,83,674,757,1,0,0,symbolic,symbolic,raw/math_test_precalculus_236__base4096.json,raw/math_test_precalculus_236__base4096.json,4096,0.00041684999999999997,0.00041684999999999997,f6a583a12f4224ef3a07a9a76f7ba1895d268f7aa8ca31b1c1caac595cd0a4e8,c2586290a0086b0b9da3705e9799c2d04e060b32
math_test_precalculus_243,precalculus,Level 5,\(y=2x+3\),\(y=2x+3\),True,True,True,True,True,True,False,False,False,157,994,1151,157,994,1151,1,0,0,symbolic,symbolic,raw/math_test_precalculus_243__base4096.json,raw/math_test_precalculus_243__base4096.json,4096,0.00061995,0.00061995,f6a583a12f4224ef3a07a9a76f7ba1895d268f7aa8ca31b1c1caac595cd0a4e8,c2586290a0086b0b9da3705e9799c2d04e060b32
math_test_precalculus_261,precalculus,Level 4,\(\frac{3\sqrt5}{4}\),\(\frac{3\sqrt5}{4}\),True,True,True,True,True,True,False,False,False,160,1773,1933,160,1773,1933,1,0,0,symbolic,symbolic,raw/math_test_precalculus_261__base4096.json,raw/math_test_precalculus_261__base4096.json,4096,0.0010877999999999999,0.0010877999999999999,f6a583a12f4224ef3a07a9a76f7ba1895d268f7aa8ca31b1c1caac595cd0a4e8,c2586290a0086b0b9da3705e9799c2d04e060b32
math_test_precalculus_268,precalculus,Level 3,0,0,True,True,True,True,True,True,False,False,False,84,543,627,84,543,627,1,0,0,symbolic,symbolic,raw/math_test_precalculus_268__base4096.json,raw/math_test_precalculus_268__base4096.json,4096,0.00033840000000000004,0.00033840000000000004,f6a583a12f4224ef3a07a9a76f7ba1895d268f7aa8ca31b1c1caac595cd0a4e8,c2586290a0086b0b9da3705e9799c2d04e060b32
math_test_precalculus_272,precalculus,Level 2,0,0,True,True,True,True,True,True,False,False,False,128,1203,1331,128,1203,1331,1,0,0,symbolic,symbolic,raw/math_test_precalculus_272__base4096.json,raw/math_test_precalculus_272__base4096.json,4096,0.000741,0.000741,f6a583a12f4224ef3a07a9a76f7ba1895d268f7aa8ca31b1c1caac595cd0a4e8,c2586290a0086b0b9da3705e9799c2d04e060b32
math_test_precalculus_289,precalculus,Level 5,\(-\frac{1}{16}\),\(-\frac{1}{16}\),True,True,True,True,True,True,False,False,False,95,708,803,95,708,803,1,0,0,symbolic,symbolic,raw/math_test_precalculus_289__base4096.json,raw/math_test_precalculus_289__base4096.json,4096,0.00043905,0.00043905,f6a583a12f4224ef3a07a9a76f7ba1895d268f7aa8ca31b1c1caac595cd0a4e8,c2586290a0086b0b9da3705e9799c2d04e060b32
math_test_precalculus_290,precalculus,Level 1,"\((15,-29)\)","\((15,-29)\)",True,True,True,True,True,True,False,False,False,105,178,283,105,178,283,1,0,0,structured,structured,raw/math_test_precalculus_290__base4096.json,raw/math_test_precalculus_290__base4096.json,4096,0.00012255,0.00012255,f6a583a12f4224ef3a07a9a76f7ba1895d268f7aa8ca31b1c1caac595cd0a4e8,c2586290a0086b0b9da3705e9799c2d04e060b32
math_test_precalculus_293,precalculus,Level 1,3,3,True,True,True,True,True,True,False,False,False,86,267,353,86,267,353,1,0,0,symbolic,symbolic,raw/math_test_precalculus_293__base4096.json,raw/math_test_precalculus_293__base4096.json,4096,0.0001731,0.0001731,f6a583a12f4224ef3a07a9a76f7ba1895d268f7aa8ca31b1c1caac595cd0a4e8,c2586290a0086b0b9da3705e9799c2d04e060b32
math_test_precalculus_295,precalculus,Level 2,\(\frac{10}{3}\),\(\frac{10}{3}\),True,True,True,True,True,True,False,False,False,88,320,408,88,320,408,1,0,0,symbolic,symbolic,raw/math_test_precalculus_295__base4096.json,raw/math_test_precalculus_295__base4096.json,4096,0.0002052,0.0002052,f6a583a12f4224ef3a07a9a76f7ba1895d268f7aa8ca31b1c1caac595cd0a4e8,c2586290a0086b0b9da3705e9799c2d04e060b32
math_test_precalculus_315,precalculus,Level 5,\(\frac{\sqrt6}{3}\),\(\frac{\sqrt6}{3}\),True,True,True,True,True,True,False,False,False,106,645,751,106,645,751,1,0,0,symbolic,symbolic,raw/math_test_precalculus_315__base4096.json,raw/math_test_precalculus_315__base4096.json,4096,0.0004029,0.0004029,f6a583a12f4224ef3a07a9a76f7ba1895d268f7aa8ca31b1c1caac595cd0a4e8,c2586290a0086b0b9da3705e9799c2d04e060b32
math_test_precalculus_338,precalculus,Level 3,\(\sqrt{5}\),\(\sqrt{5}\),True,True,True,True,True,True,False,False,False,108,2763,2871,108,2763,2871,1,0,0,symbolic,symbolic,raw/math_test_precalculus_338__base4096.json,raw/math_test_precalculus_338__base4096.json,4096,0.001674,0.001674,f6a583a12f4224ef3a07a9a76f7ba1895d268f7aa8ca31b1c1caac595cd0a4e8,c2586290a0086b0b9da3705e9799c2d04e060b32
math_test_precalculus_347,precalculus,Level 2,\frac{56}{5},\frac{56}{5},True,True,True,True,True,True,False,False,False,203,845,1048,203,845,1048,1,0,0,symbolic,symbolic,raw/math_test_precalculus_347__base4096.json,raw/math_test_precalculus_347__base4096.json,4096,0.0005374500000000001,0.0005374500000000001,f6a583a12f4224ef3a07a9a76f7ba1895d268f7aa8ca31b1c1caac595cd0a4e8,c2586290a0086b0b9da3705e9799c2d04e060b32
math_test_precalculus_352,precalculus,Level 2,4,4,True,True,True,True,True,True,False,False,False,102,365,467,102,365,467,1,0,0,symbolic,symbolic,raw/math_test_precalculus_352__base4096.json,raw/math_test_precalculus_352__base4096.json,4096,0.0002343,0.0002343,f6a583a12f4224ef3a07a9a76f7ba1895d268f7aa8ca31b1c1caac595cd0a4e8,c2586290a0086b0b9da3705e9799c2d04e060b32
math_test_precalculus_36,precalculus,Level 5,50,50,True,True,True,True,True,True,False,False,False,99,625,724,99,625,724,1,0,0,symbolic,symbolic,raw/math_test_precalculus_36__base4096.json,raw/math_test_precalculus_36__base4096.json,4096,0.00038985,0.00038985,f6a583a12f4224ef3a07a9a76f7ba1895d268f7aa8ca31b1c1caac595cd0a4e8,c2586290a0086b0b9da3705e9799c2d04e060b32
math_test_precalculus_368,precalculus,Level 3,4,4,True,True,True,True,True,True,False,False,False,111,699,810,111,699,810,1,0,0,symbolic,symbolic,raw/math_test_precalculus_368__base4096.json,raw/math_test_precalculus_368__base4096.json,4096,0.00043604999999999995,0.00043604999999999995,f6a583a12f4224ef3a07a9a76f7ba1895d268f7aa8ca31b1c1caac595cd0a4e8,c2586290a0086b0b9da3705e9799c2d04e060b32
math_test_precalculus_372,precalculus,Level 3,\(-\frac{7}{9}\),\(-\frac{7}{9}\),True,True,True,True,True,True,False,False,False,93,421,514,93,421,514,1,0,0,symbolic,symbolic,raw/math_test_precalculus_372__base4096.json,raw/math_test_precalculus_372__base4096.json,4096,0.00026655,0.00026655,f6a583a12f4224ef3a07a9a76f7ba1895d268f7aa8ca31b1c1caac595cd0a4e8,c2586290a0086b0b9da3705e9799c2d04e060b32
math_test_precalculus_380,precalculus,Level 3,\(\displaystyle \begin{pmatrix}\frac{16}{49}\\\frac{48}{49}\\\frac{24}{49}\end{pmatrix}\),\(\displaystyle \begin{pmatrix}\frac{16}{49}\\\frac{48}{49}\\\frac{24}{49}\end{pmatrix}\),True,,True,,True,True,False,False,False,101,390,491,101,390,491,1,-1,0,unknown_parse,unknown_parse,raw/math_test_precalculus_380__base4096.json,raw/math_test_precalculus_380__base4096.json,4096,0.00024915,0.00024915,f6a583a12f4224ef3a07a9a76f7ba1895d268f7aa8ca31b1c1caac595cd0a4e8,c2586290a0086b0b9da3705e9799c2d04e060b32
math_test_precalculus_387,precalculus,Level 2,\(\frac19\),\(\frac19\),True,True,True,True,True,True,False,False,False,88,493,581,88,493,581,1,0,0,symbolic,symbolic,raw/math_test_precalculus_387__base4096.json,raw/math_test_precalculus_387__base4096.json,4096,0.000309,0.000309,f6a583a12f4224ef3a07a9a76f7ba1895d268f7aa8ca31b1c1caac595cd0a4e8,c2586290a0086b0b9da3705e9799c2d04e060b32
math_test_precalculus_391,precalculus,Level 5,,\frac18,False,False,True,True,False,True,True,True,False,97,4096,4193,194,7334,7528,2,0,1,truncated,symbolic,raw/math_test_precalculus_391__base4096.json,raw/math_test_precalculus_391__upgrade8192.json,8192,0.00247215,0.0044295,f6a583a12f4224ef3a07a9a76f7ba1895d268f7aa8ca31b1c1caac595cd0a4e8,c2586290a0086b0b9da3705e9799c2d04e060b32
math_test_precalculus_392,precalculus,Level 3,,\(30^\circ\),False,False,True,True,False,True,True,True,True,105,4096,4201,315,17820,18135,3,0,1,truncated,symbolic,raw/math_test_precalculus_392__base4096.json,raw/math_test_precalculus_392__upgrade16384.json,16384,0.00247335,0.010739249999999999,f6a583a12f4224ef3a07a9a76f7ba1895d268f7aa8ca31b1c1caac595cd0a4e8,c2586290a0086b0b9da3705e9799c2d04e060b32
math_test_precalculus_399,precalculus,Level 5,3+2\sqrt3,3+2\sqrt3,True,True,True,True,True,True,False,False,False,127,1459,1586,127,1459,1586,1,0,0,symbolic,symbolic,raw/math_test_precalculus_399__base4096.json,raw/math_test_precalculus_399__base4096.json,4096,0.00089445,0.00089445,f6a583a12f4224ef3a07a9a76f7ba1895d268f7aa8ca31b1c1caac595cd0a4e8,c2586290a0086b0b9da3705e9799c2d04e060b32
math_test_precalculus_4,precalculus,Level 5,\frac{1}{72},\frac{1}{72},True,True,True,True,True,True,False,False,False,364,961,1325,364,961,1325,1,0,0,symbolic,symbolic,raw/math_test_precalculus_4__base4096.json,raw/math_test_precalculus_4__base4096.json,4096,0.0006312000000000001,0.0006312000000000001,f6a583a12f4224ef3a07a9a76f7ba1895d268f7aa8ca31b1c1caac595cd0a4e8,c2586290a0086b0b9da3705e9799c2d04e060b32
math_test_precalculus_403,precalculus,Level 5,4,4,True,True,True,True,True,True,False,False,False,144,798,942,144,798,942,1,0,0,symbolic,symbolic,raw/math_test_precalculus_403__base4096.json,raw/math_test_precalculus_403__base4096.json,4096,0.0005004,0.0005004,f6a583a12f4224ef3a07a9a76f7ba1895d268f7aa8ca31b1c1caac595cd0a4e8,c2586290a0086b0b9da3705e9799c2d04e060b32
math_test_precalculus_415,precalculus,Level 4,\(\frac{2}{3}\),\(\frac{2}{3}\),True,True,True,True,True,True,False,False,False,87,699,786,87,699,786,1,0,0,symbolic,symbolic,raw/math_test_precalculus_415__base4096.json,raw/math_test_precalculus_415__base4096.json,4096,0.00043244999999999997,0.00043244999999999997,f6a583a12f4224ef3a07a9a76f7ba1895d268f7aa8ca31b1c1caac595cd0a4e8,c2586290a0086b0b9da3705e9799c2d04e060b32
math_test_precalculus_422,precalculus,Level 3,"\(\left(\frac{15}{4},\frac12,0\right)\)","\(\left(\frac{15}{4},\frac12,0\right)\)",True,True,True,True,True,True,False,False,False,101,531,632,101,531,632,1,0,0,structured,structured,raw/math_test_precalculus_422__base4096.json,raw/math_test_precalculus_422__base4096.json,4096,0.00033374999999999995,0.00033374999999999995,f6a583a12f4224ef3a07a9a76f7ba1895d268f7aa8ca31b1c1caac595cd0a4e8,c2586290a0086b0b9da3705e9799c2d04e060b32
math_test_precalculus_423,precalculus,Level 3,,0,False,False,True,True,False,True,True,True,False,141,4096,4237,282,9663,9945,2,0,1,truncated,symbolic,raw/math_test_precalculus_423__base4096.json,raw/math_test_precalculus_423__upgrade8192.json,8192,0.00247875,0.0058401,f6a583a12f4224ef3a07a9a76f7ba1895d268f7aa8ca31b1c1caac595cd0a4e8,c2586290a0086b0b9da3705e9799c2d04e060b32
math_test_precalculus_471,precalculus,Level 5,4,4,True,True,True,True,True,True,False,False,False,115,3040,3155,115,3040,3155,1,0,0,symbolic,symbolic,raw/math_test_precalculus_471__base4096.json,raw/math_test_precalculus_471__base4096.json,4096,0.00184125,0.00184125,f6a583a12f4224ef3a07a9a76f7ba1895d268f7aa8ca31b1c1caac595cd0a4e8,c2586290a0086b0b9da3705e9799c2d04e060b32
math_test_precalculus_49,precalculus,Level 4,\(\sqrt{2}(2+\sqrt{3})\),\(\sqrt{2}(2+\sqrt{3})\),True,True,True,True,True,True,False,False,False,77,1733,1810,77,1733,1810,1,0,0,symbolic,symbolic,raw/math_test_precalculus_49__base4096.json,raw/math_test_precalculus_49__base4096.json,4096,0.00105135,0.00105135,f6a583a12f4224ef3a07a9a76f7ba1895d268f7aa8ca31b1c1caac595cd0a4e8,c2586290a0086b0b9da3705e9799c2d04e060b32
math_test_precalculus_500,precalculus,Level 4,"\((-11,-10,-7)\)","\((-11,-10,-7)\)",True,True,True,True,True,True,False,False,False,99,516,615,99,516,615,1,0,0,structured,structured,raw/math_test_precalculus_500__base4096.json,raw/math_test_precalculus_500__base4096.json,4096,0.00032445,0.00032445,f6a583a12f4224ef3a07a9a76f7ba1895d268f7aa8ca31b1c1caac595cd0a4e8,c2586290a0086b0b9da3705e9799c2d04e060b32
math_test_precalculus_506,precalculus,Level 3,4,4,True,True,True,True,True,True,False,False,False,85,1300,1385,85,1300,1385,1,0,0,symbolic,symbolic,raw/math_test_precalculus_506__base4096.json,raw/math_test_precalculus_506__base4096.json,4096,0.00079275,0.00079275,f6a583a12f4224ef3a07a9a76f7ba1895d268f7aa8ca31b1c1caac595cd0a4e8,c2586290a0086b0b9da3705e9799c2d04e060b32
math_test_precalculus_527,precalculus,Level 4,\begin{pmatrix}1&0&0\\0&1&0\\0&0&-1\end{pmatrix},\begin{pmatrix}1&0&0\\0&1&0\\0&0&-1\end{pmatrix},True,True,True,True,True,True,False,False,False,95,317,412,95,317,412,1,0,0,matrix,matrix,raw/math_test_precalculus_527__base4096.json,raw/math_test_precalculus_527__base4096.json,4096,0.00020444999999999998,0.00020444999999999998,f6a583a12f4224ef3a07a9a76f7ba1895d268f7aa8ca31b1c1caac595cd0a4e8,c2586290a0086b0b9da3705e9799c2d04e060b32
math_test_precalculus_529,precalculus,Level 1,\(\frac{2}{5}\),\(\frac{2}{5}\),True,True,True,True,True,True,False,False,False,94,292,386,94,292,386,1,0,0,symbolic,symbolic,raw/math_test_precalculus_529__base4096.json,raw/math_test_precalculus_529__base4096.json,4096,0.0001893,0.0001893,f6a583a12f4224ef3a07a9a76f7ba1895d268f7aa8ca31b1c1caac595cd0a4e8,c2586290a0086b0b9da3705e9799c2d04e060b32
math_test_precalculus_530,precalculus,Level 4,\(120^\circ\),\(120^\circ\),True,True,True,True,True,True,False,False,False,109,950,1059,109,950,1059,1,0,0,symbolic,symbolic,raw/math_test_precalculus_530__base4096.json,raw/math_test_precalculus_530__base4096.json,4096,0.00058635,0.00058635,f6a583a12f4224ef3a07a9a76f7ba1895d268f7aa8ca31b1c1caac595cd0a4e8,c2586290a0086b0b9da3705e9799c2d04e060b32
math_test_precalculus_532,precalculus,Level 3,\(\sqrt{2}\),\(\sqrt{2}\),True,True,True,True,True,True,False,False,False,126,428,554,126,428,554,1,0,0,symbolic,symbolic,raw/math_test_precalculus_532__base4096.json,raw/math_test_precalculus_532__base4096.json,4096,0.0002757,0.0002757,f6a583a12f4224ef3a07a9a76f7ba1895d268f7aa8ca31b1c1caac595cd0a4e8,c2586290a0086b0b9da3705e9799c2d04e060b32
math_test_precalculus_539,precalculus,Level 5,6-5i,6-5i,True,True,True,True,True,True,False,False,False,238,748,986,238,748,986,1,0,0,symbolic,symbolic,raw/math_test_precalculus_539__base4096.json,raw/math_test_precalculus_539__base4096.json,4096,0.0004845,0.0004845,f6a583a12f4224ef3a07a9a76f7ba1895d268f7aa8ca31b1c1caac595cd0a4e8,c2586290a0086b0b9da3705e9799c2d04e060b32
math_test_precalculus_541,precalculus,Level 5,\(-\frac43\),\(-\frac43\),True,True,True,True,True,True,False,False,False,86,906,992,86,906,992,1,0,0,symbolic,symbolic,raw/math_test_precalculus_541__base4096.json,raw/math_test_precalculus_541__base4096.json,4096,0.0005565,0.0005565,f6a583a12f4224ef3a07a9a76f7ba1895d268f7aa8ca31b1c1caac595cd0a4e8,c2586290a0086b0b9da3705e9799c2d04e060b32
math_test_precalculus_55,precalculus,Level 2,\(0\),\(0\),True,True,True,True,True,True,False,False,False,82,1400,1482,82,1400,1482,1,0,0,symbolic,symbolic,raw/math_test_precalculus_55__base4096.json,raw/math_test_precalculus_55__base4096.json,4096,0.0008523,0.0008523,f6a583a12f4224ef3a07a9a76f7ba1895d268f7aa8ca31b1c1caac595cd0a4e8,c2586290a0086b0b9da3705e9799c2d04e060b32
math_test_precalculus_58,precalculus,Level 1,534,534,True,True,True,True,True,True,False,False,False,83,441,524,83,441,524,1,0,0,symbolic,symbolic,raw/math_test_precalculus_58__base4096.json,raw/math_test_precalculus_58__base4096.json,4096,0.00027704999999999993,0.00027704999999999993,f6a583a12f4224ef3a07a9a76f7ba1895d268f7aa8ca31b1c1caac595cd0a4e8,c2586290a0086b0b9da3705e9799c2d04e060b32
math_test_precalculus_65,precalculus,Level 4,4,4,True,True,True,True,True,True,False,False,False,95,2172,2267,95,2172,2267,1,0,0,symbolic,symbolic,raw/math_test_precalculus_65__base4096.json,raw/math_test_precalculus_65__base4096.json,4096,0.00131745,0.00131745,f6a583a12f4224ef3a07a9a76f7ba1895d268f7aa8ca31b1c1caac595cd0a4e8,c2586290a0086b0b9da3705e9799c2d04e060b32
math_test_precalculus_7,precalculus,Level 3,,\(120\),False,False,True,True,False,True,True,True,False,309,4096,4405,618,5843,6461,2,0,1,truncated,symbolic,raw/math_test_precalculus_7__base4096.json,raw/math_test_precalculus_7__upgrade8192.json,8192,0.00250395,0.003579684,f6a583a12f4224ef3a07a9a76f7ba1895d268f7aa8ca31b1c1caac595cd0a4e8,c2586290a0086b0b9da3705e9799c2d04e060b32
math_test_precalculus_75,precalculus,Level 5,,92,False,False,True,True,False,True,True,True,False,169,4096,4265,338,7840,8178,2,0,1,truncated,symbolic,raw/math_test_precalculus_75__base4096.json,raw/math_test_precalculus_75__upgrade8192.json,8192,0.00248295,0.0047547,f6a583a12f4224ef3a07a9a76f7ba1895d268f7aa8ca31b1c1caac595cd0a4e8,c2586290a0086b0b9da3705e9799c2d04e060b32
math_test_precalculus_80,precalculus,Level 4,"\((-13,-16,-18)\)","\((-13,-16,-18)\)",True,True,True,True,True,True,False,False,False,87,492,579,87,492,579,1,0,0,structured,structured,raw/math_test_precalculus_80__base4096.json,raw/math_test_precalculus_80__base4096.json,4096,0.00030825,0.00030825,f6a583a12f4224ef3a07a9a76f7ba1895d268f7aa8ca31b1c1caac595cd0a4e8,c2586290a0086b0b9da3705e9799c2d04e060b32
math_test_precalculus_82,precalculus,Level 3,"\(\frac{\pi}{4}, \frac{9\pi}{4}\)","\(\frac{\pi}{4}, \frac{9\pi}{4}\)",True,True,True,True,True,True,False,False,False,116,1140,1256,116,1140,1256,1,0,0,structured,structured,raw/math_test_precalculus_82__base4096.json,raw/math_test_precalculus_82__base4096.json,4096,0.0007014,0.0007014,f6a583a12f4224ef3a07a9a76f7ba1895d268f7aa8ca31b1c1caac595cd0a4e8,c2586290a0086b0b9da3705e9799c2d04e060b32
math_test_precalculus_88,precalculus,Level 2,\(\frac12\),\(\frac12\),True,True,True,True,True,True,False,False,False,87,193,280,87,193,280,1,0,0,symbolic,symbolic,raw/math_test_precalculus_88__base4096.json,raw/math_test_precalculus_88__base4096.json,4096,0.00012885,0.00012885,f6a583a12f4224ef3a07a9a76f7ba1895d268f7aa8ca31b1c1caac595cd0a4e8,c2586290a0086b0b9da3705e9799c2d04e060b32
math_test_precalculus_99,precalculus,Level 5,,2-2\sqrt2,False,False,True,True,False,True,True,True,True,137,4096,4233,411,18973,19384,3,0,1,truncated,symbolic,raw/math_test_precalculus_99__base4096.json,raw/math_test_precalculus_99__upgrade16384.json,16384,0.00247815,0.01144545,f6a583a12f4224ef3a07a9a76f7ba1895d268f7aa8ca31b1c1caac595cd0a4e8,c2586290a0086b0b9da3705e9799c2d04e060b32
