task_id,job_id,stage,max_tokens,input_tokens,output_tokens,reasoning_tokens_if_available,total_tokens,http_attempts,infrastructure_retries,started_at,finished_at,usd_estimate,rate_regime,cache_hit_tokens,cache_miss_tokens,billing
math_test_algebra_1020,math_test_algebra_1020__base4096,base4096,4096,77,209,90,286,1,0,2026-10-10T07:34:31.130930+00:00,2026-10-10T07:34:39.914151+00:00,0.00013695,offpeak,0,77,"list-price estimate, not invoice"
math_test_algebra_1022,math_test_algebra_1022__base4096,base4096,4096,100,366,153,466,1,0,2026-10-10T07:34:31.131578+00:00,2026-10-10T07:34:40.267776+00:00,0.00023459999999999998,offpeak,0,100,"list-price estimate, not invoice"
math_test_algebra_1034,math_test_algebra_1034__base4096,base4096,4096,110,207,111,317,1,0,2026-10-10T07:34:31.131510+00:00,2026-10-10T07:34:40.086697+00:00,0.00014069999999999998,offpeak,0,110,"list-price estimate, not invoice"
math_test_algebra_1042,math_test_algebra_1042__base4096,base4096,4096,184,322,142,506,1,0,2026-10-10T07:34:31.131844+00:00,2026-10-10T07:34:40.434804+00:00,0.00022079999999999997,offpeak,0,184,"list-price estimate, not invoice"
math_test_algebra_1052,math_test_algebra_1052__base4096,base4096,4096,121,173,80,294,1,0,2026-10-10T07:34:31.132349+00:00,2026-10-10T07:34:40.130521+00:00,0.00012194999999999998,offpeak,0,121,"list-price estimate, not invoice"
math_test_algebra_1071,math_test_algebra_1071__base4096,base4096,4096,111,473,280,584,1,0,2026-10-10T07:34:31.132269+00:00,2026-10-10T07:34:40.635992+00:00,0.00030045,offpeak,0,111,"list-price estimate, not invoice"
math_test_algebra_1075,math_test_algebra_1075__base4096,base4096,4096,100,263,91,363,1,0,2026-10-10T07:34:31.135442+00:00,2026-10-10T07:34:39.732876+00:00,0.00017279999999999997,offpeak,0,100,"list-price estimate, not invoice"
math_test_algebra_1083,math_test_algebra_1083__base4096,base4096,4096,130,371,202,501,1,0,2026-10-10T07:34:31.135587+00:00,2026-10-10T07:34:40.707583+00:00,0.0002421,offpeak,0,130,"list-price estimate, not invoice"
math_test_algebra_1090,math_test_algebra_1090__base4096,base4096,4096,100,433,275,533,1,0,2026-10-10T07:34:31.135273+00:00,2026-10-10T07:34:40.527992+00:00,0.0002748,offpeak,0,100,"list-price estimate, not invoice"
math_test_algebra_1091,math_test_algebra_1091__base4096,base4096,4096,89,1778,1467,1867,1,0,2026-10-10T07:34:31.135774+00:00,2026-10-10T07:34:45.508145+00:00,0.0010801499999999998,offpeak,0,89,"list-price estimate, not invoice"
math_test_algebra_1099,math_test_algebra_1099__base4096,base4096,4096,82,429,254,511,1,0,2026-10-10T07:34:31.135522+00:00,2026-10-10T07:34:40.511966+00:00,0.0002697,offpeak,0,82,"list-price estimate, not invoice"
math_test_algebra_1115,math_test_algebra_1115__base4096,base4096,4096,77,515,295,592,1,0,2026-10-10T07:34:31.135154+00:00,2026-10-10T07:34:41.089001+00:00,0.00032055,offpeak,0,77,"list-price estimate, not invoice"
math_test_algebra_1120,math_test_algebra_1120__base4096,base4096,4096,91,221,111,312,1,0,2026-10-10T07:34:31.135225+00:00,2026-10-10T07:34:39.619228+00:00,0.00014625,offpeak,0,91,"list-price estimate, not invoice"
math_test_algebra_1126,math_test_algebra_1126__base4096,base4096,4096,87,158,63,245,1,0,2026-10-10T07:34:31.135030+00:00,2026-10-10T07:34:39.811344+00:00,0.00010784999999999999,offpeak,0,87,"list-price estimate, not invoice"
math_test_algebra_1133,math_test_algebra_1133__base4096,base4096,4096,92,256,96,348,1,0,2026-10-10T07:34:31.135848+00:00,2026-10-10T07:34:40.105132+00:00,0.0001674,offpeak,0,92,"list-price estimate, not invoice"
math_test_algebra_1147,math_test_algebra_1147__base4096,base4096,4096,85,170,85,255,1,0,2026-10-10T07:34:31.135671+00:00,2026-10-10T07:34:39.524145+00:00,0.00011475,offpeak,0,85,"list-price estimate, not invoice"
math_test_algebra_1160,math_test_algebra_1160__base4096,base4096,4096,86,288,129,374,1,0,2026-10-10T07:34:31.135084+00:00,2026-10-10T07:34:40.574826+00:00,0.0001857,offpeak,0,86,"list-price estimate, not invoice"
math_test_algebra_1161,math_test_algebra_1161__base4096,base4096,4096,428,4096,4096,4524,1,0,2026-10-10T07:34:31.139543+00:00,2026-10-10T07:34:58.060476+00:00,0.0025218,offpeak,0,428,"list-price estimate, not invoice"
math_test_algebra_1167,math_test_algebra_1167__base4096,base4096,4096,131,244,155,375,1,0,2026-10-10T07:34:31.141053+00:00,2026-10-10T07:34:40.487549+00:00,0.00016605000000000002,offpeak,0,131,"list-price estimate, not invoice"
math_test_algebra_1173,math_test_algebra_1173__base4096,base4096,4096,98,362,139,460,1,0,2026-10-10T07:34:31.140703+00:00,2026-10-10T07:34:40.916827+00:00,0.00023189999999999997,offpeak,0,98,"list-price estimate, not invoice"
math_test_algebra_1177,math_test_algebra_1177__base4096,base4096,4096,131,1492,1342,1623,1,0,2026-10-10T07:34:31.139842+00:00,2026-10-10T07:34:45.256278+00:00,0.0009148499999999999,offpeak,0,131,"list-price estimate, not invoice"
math_test_algebra_511,math_test_algebra_511__base4096,base4096,4096,123,730,533,853,1,0,2026-10-10T07:34:31.140389+00:00,2026-10-10T07:34:41.820282+00:00,0.00045645,offpeak,0,123,"list-price estimate, not invoice"
math_test_algebra_522,math_test_algebra_522__base4096,base4096,4096,144,478,250,622,1,0,2026-10-10T07:34:31.140268+00:00,2026-10-10T07:34:40.678496+00:00,0.0003084,offpeak,0,144,"list-price estimate, not invoice"
math_test_algebra_528,math_test_algebra_528__base4096,base4096,4096,102,195,82,297,1,0,2026-10-10T07:34:31.140012+00:00,2026-10-10T07:34:39.602472+00:00,0.00013230000000000002,offpeak,0,102,"list-price estimate, not invoice"
math_test_algebra_530,math_test_algebra_530__base4096,base4096,4096,102,462,255,564,1,0,2026-10-10T07:34:31.139675+00:00,2026-10-10T07:34:40.713653+00:00,0.0002925,offpeak,0,102,"list-price estimate, not invoice"
math_test_algebra_542,math_test_algebra_542__base4096,base4096,4096,131,1090,911,1221,1,0,2026-10-10T07:34:31.153899+00:00,2026-10-10T07:34:44.537281+00:00,0.00067365,offpeak,0,131,"list-price estimate, not invoice"
math_test_algebra_545,math_test_algebra_545__base4096,base4096,4096,87,140,75,227,1,0,2026-10-10T07:34:31.153546+00:00,2026-10-10T07:34:39.689546+00:00,9.705e-05,offpeak,0,87,"list-price estimate, not invoice"
math_test_algebra_564,math_test_algebra_564__base4096,base4096,4096,90,379,271,469,1,0,2026-10-10T07:34:31.156279+00:00,2026-10-10T07:34:40.642595+00:00,0.0002409,offpeak,0,90,"list-price estimate, not invoice"
math_test_algebra_568,math_test_algebra_568__base4096,base4096,4096,103,602,457,705,1,0,2026-10-10T07:34:31.153686+00:00,2026-10-10T07:34:41.791607+00:00,0.00037664999999999997,offpeak,0,103,"list-price estimate, not invoice"
math_test_algebra_580,math_test_algebra_580__base4096,base4096,4096,67,156,69,223,1,0,2026-10-10T07:34:31.153409+00:00,2026-10-10T07:34:40.277617+00:00,0.00010364999999999999,offpeak,0,67,"list-price estimate, not invoice"
math_test_algebra_620,math_test_algebra_620__base4096,base4096,4096,101,2084,1790,2185,1,0,2026-10-10T07:34:31.156030+00:00,2026-10-10T07:34:48.195722+00:00,0.00126555,offpeak,0,101,"list-price estimate, not invoice"
math_test_algebra_621,math_test_algebra_621__base4096,base4096,4096,76,206,94,282,1,0,2026-10-10T07:34:31.155901+00:00,2026-10-10T07:34:40.393613+00:00,0.000135,offpeak,0,76,"list-price estimate, not invoice"
math_test_algebra_628,math_test_algebra_628__base4096,base4096,4096,123,628,417,751,1,0,2026-10-10T07:34:31.153808+00:00,2026-10-10T07:34:41.692571+00:00,0.00039525,offpeak,0,123,"list-price estimate, not invoice"
math_test_algebra_642,math_test_algebra_642__base4096,base4096,4096,93,625,480,718,1,0,2026-10-10T07:34:31.154357+00:00,2026-10-10T07:34:41.955852+00:00,0.00038895,offpeak,0,93,"list-price estimate, not invoice"
math_test_algebra_652,math_test_algebra_652__base4096,base4096,4096,121,501,328,622,1,0,2026-10-10T07:34:31.154438+00:00,2026-10-10T07:34:41.555796+00:00,0.00031874999999999997,offpeak,0,121,"list-price estimate, not invoice"
math_test_algebra_663,math_test_algebra_663__base4096,base4096,4096,80,185,78,265,1,0,2026-10-10T07:34:31.154240+00:00,2026-10-10T07:34:39.919078+00:00,0.000123,offpeak,0,80,"list-price estimate, not invoice"
math_test_algebra_695,math_test_algebra_695__base4096,base4096,4096,91,346,124,437,1,0,2026-10-10T07:34:31.157138+00:00,2026-10-10T07:34:40.942640+00:00,0.00022125,offpeak,0,91,"list-price estimate, not invoice"
math_test_algebra_697,math_test_algebra_697__base4096,base4096,4096,108,934,815,1042,1,0,2026-10-10T07:34:31.156107+00:00,2026-10-10T07:34:43.941960+00:00,0.0005766,offpeak,0,108,"list-price estimate, not invoice"
math_test_algebra_704,math_test_algebra_704__base4096,base4096,4096,125,526,303,651,1,0,2026-10-10T07:34:31.154854+00:00,2026-10-10T07:34:41.004568+00:00,0.00033434999999999997,offpeak,0,125,"list-price estimate, not invoice"
math_test_algebra_718,math_test_algebra_718__base4096,base4096,4096,76,191,78,267,1,0,2026-10-10T07:34:31.145353+00:00,2026-10-10T07:34:39.825406+00:00,0.000126,offpeak,0,76,"list-price estimate, not invoice"
math_test_algebra_722,math_test_algebra_722__base4096,base4096,4096,118,630,423,748,1,0,2026-10-10T07:34:31.156449+00:00,2026-10-10T07:34:41.610288+00:00,0.00039569999999999997,offpeak,0,118,"list-price estimate, not invoice"
math_test_algebra_737,math_test_algebra_737__base4096,base4096,4096,81,164,63,245,1,0,2026-10-10T07:34:31.154584+00:00,2026-10-10T07:34:40.044493+00:00,0.00011055,offpeak,0,81,"list-price estimate, not invoice"
math_test_algebra_747,math_test_algebra_747__base4096,base4096,4096,96,190,85,286,1,0,2026-10-10T07:34:31.148194+00:00,2026-10-10T07:34:39.642010+00:00,0.0001284,offpeak,0,96,"list-price estimate, not invoice"
math_test_algebra_751,math_test_algebra_751__base4096,base4096,4096,181,4096,4096,4277,1,0,2026-10-10T07:34:31.155147+00:00,2026-10-10T07:34:56.610671+00:00,0.00248475,offpeak,0,181,"list-price estimate, not invoice"
math_test_algebra_754,math_test_algebra_754__base4096,base4096,4096,108,378,193,486,1,0,2026-10-10T07:34:31.157211+00:00,2026-10-10T07:34:41.044338+00:00,0.00024299999999999997,offpeak,0,108,"list-price estimate, not invoice"
math_test_algebra_760,math_test_algebra_760__base4096,base4096,4096,93,213,84,306,1,0,2026-10-10T07:34:31.155313+00:00,2026-10-10T07:34:40.408769+00:00,0.00014175,offpeak,0,93,"list-price estimate, not invoice"
math_test_algebra_764,math_test_algebra_764__base4096,base4096,4096,86,263,145,349,1,0,2026-10-10T07:34:31.155232+00:00,2026-10-10T07:34:40.741155+00:00,0.0001707,offpeak,0,86,"list-price estimate, not invoice"
math_test_algebra_767,math_test_algebra_767__base4096,base4096,4096,80,512,442,592,1,0,2026-10-10T07:34:31.154739+00:00,2026-10-10T07:34:41.076236+00:00,0.0003192,offpeak,0,80,"list-price estimate, not invoice"
math_test_algebra_774,math_test_algebra_774__base4096,base4096,4096,116,327,155,443,1,0,2026-10-10T07:34:31.154658+00:00,2026-10-10T07:34:40.651287+00:00,0.0002136,offpeak,0,116,"list-price estimate, not invoice"
math_test_algebra_789,math_test_algebra_789__base4096,base4096,4096,580,4096,4036,4676,1,0,2026-10-10T07:34:31.155054+00:00,2026-10-10T07:34:56.180714+00:00,0.0025445999999999997,offpeak,0,580,"list-price estimate, not invoice"
math_test_algebra_800,math_test_algebra_800__base4096,base4096,4096,105,263,141,368,1,0,2026-10-10T07:34:31.154942+00:00,2026-10-10T07:34:40.537049+00:00,0.00017355,offpeak,0,105,"list-price estimate, not invoice"
math_test_algebra_801,math_test_algebra_801__base4096,base4096,4096,83,286,139,369,1,0,2026-10-10T07:34:31.157302+00:00,2026-10-10T07:34:40.439980+00:00,0.00018404999999999997,offpeak,0,83,"list-price estimate, not invoice"
math_test_algebra_816,math_test_algebra_816__base4096,base4096,4096,82,182,57,264,1,0,2026-10-10T07:34:31.175275+00:00,2026-10-10T07:34:40.152729+00:00,0.0001215,offpeak,0,82,"list-price estimate, not invoice"
math_test_algebra_823,math_test_algebra_823__base4096,base4096,4096,81,218,106,299,1,0,2026-10-10T07:34:31.176310+00:00,2026-10-10T07:34:40.426478+00:00,0.00014294999999999998,offpeak,0,81,"list-price estimate, not invoice"
math_test_algebra_829,math_test_algebra_829__base4096,base4096,4096,99,348,158,447,1,0,2026-10-10T07:34:31.176227+00:00,2026-10-10T07:34:40.849585+00:00,0.00022365,offpeak,0,99,"list-price estimate, not invoice"
math_test_algebra_843,math_test_algebra_843__base4096,base4096,4096,75,289,138,364,1,0,2026-10-10T07:34:31.176466+00:00,2026-10-10T07:34:40.655202+00:00,0.00018465000000000002,offpeak,0,75,"list-price estimate, not invoice"
math_test_algebra_844,math_test_algebra_844__base4096,base4096,4096,107,409,218,516,1,0,2026-10-10T07:34:31.175908+00:00,2026-10-10T07:34:41.244521+00:00,0.00026145,offpeak,0,107,"list-price estimate, not invoice"
math_test_algebra_851,math_test_algebra_851__base4096,base4096,4096,100,1203,1081,1303,1,0,2026-10-10T07:34:31.175829+00:00,2026-10-10T07:34:45.273778+00:00,0.0007367999999999999,offpeak,0,100,"list-price estimate, not invoice"
math_test_algebra_869,math_test_algebra_869__base4096,base4096,4096,77,127,51,204,1,0,2026-10-10T07:34:31.176560+00:00,2026-10-10T07:34:40.339313+00:00,8.775e-05,offpeak,0,77,"list-price estimate, not invoice"
math_test_algebra_871,math_test_algebra_871__base4096,base4096,4096,93,689,443,782,1,0,2026-10-10T07:34:31.175368+00:00,2026-10-10T07:34:42.162823+00:00,0.00042734999999999995,offpeak,0,93,"list-price estimate, not invoice"
math_test_algebra_875,math_test_algebra_875__base4096,base4096,4096,101,209,66,310,1,0,2026-10-10T07:34:31.176077+00:00,2026-10-10T07:34:40.182503+00:00,0.00014054999999999997,offpeak,0,101,"list-price estimate, not invoice"
math_test_algebra_890,math_test_algebra_890__base4096,base4096,4096,82,176,87,258,1,0,2026-10-10T07:34:31.175431+00:00,2026-10-10T07:34:40.257381+00:00,0.00011789999999999999,offpeak,0,82,"list-price estimate, not invoice"
math_test_algebra_892,math_test_algebra_892__base4096,base4096,4096,121,332,130,453,1,0,2026-10-10T07:34:31.175988+00:00,2026-10-10T07:34:41.022961+00:00,0.00021735,offpeak,0,121,"list-price estimate, not invoice"
math_test_algebra_893,math_test_algebra_893__base4096,base4096,4096,89,222,93,311,1,0,2026-10-10T07:34:31.176700+00:00,2026-10-10T07:34:40.320174+00:00,0.00014654999999999998,offpeak,0,89,"list-price estimate, not invoice"
math_test_algebra_897,math_test_algebra_897__base4096,base4096,4096,82,336,221,418,1,0,2026-10-10T07:34:39.529158+00:00,2026-10-10T07:34:41.556702+00:00,0.0002139,offpeak,0,82,"list-price estimate, not invoice"
math_test_algebra_922,math_test_algebra_922__base4096,base4096,4096,77,184,106,261,1,0,2026-10-10T07:34:39.607837+00:00,2026-10-10T07:34:40.842072+00:00,0.00012194999999999998,offpeak,0,77,"list-price estimate, not invoice"
math_test_algebra_926,math_test_algebra_926__base4096,base4096,4096,75,132,41,207,1,0,2026-10-10T07:34:39.623749+00:00,2026-10-10T07:34:41.007776+00:00,9.045e-05,offpeak,0,75,"list-price estimate, not invoice"
math_test_algebra_930,math_test_algebra_930__base4096,base4096,4096,116,320,157,436,1,0,2026-10-10T07:34:39.646492+00:00,2026-10-10T07:34:41.206186+00:00,0.0002094,offpeak,0,116,"list-price estimate, not invoice"
math_test_algebra_937,math_test_algebra_937__base4096,base4096,4096,88,183,78,271,1,0,2026-10-10T07:34:39.694471+00:00,2026-10-10T07:34:40.854142+00:00,0.000123,offpeak,0,88,"list-price estimate, not invoice"
math_test_algebra_943,math_test_algebra_943__base4096,base4096,4096,119,219,102,338,1,0,2026-10-10T07:34:39.737469+00:00,2026-10-10T07:34:41.034325+00:00,0.00014925,offpeak,0,119,"list-price estimate, not invoice"
math_test_algebra_944,math_test_algebra_944__base4096,base4096,4096,96,263,123,359,1,0,2026-10-10T07:34:39.817241+00:00,2026-10-10T07:34:41.293451+00:00,0.00017219999999999998,offpeak,0,96,"list-price estimate, not invoice"
math_test_algebra_954,math_test_algebra_954__base4096,base4096,4096,102,211,86,313,1,0,2026-10-10T07:34:39.829822+00:00,2026-10-10T07:34:41.175893+00:00,0.0001419,offpeak,0,102,"list-price estimate, not invoice"
math_test_algebra_964,math_test_algebra_964__base4096,base4096,4096,117,124,49,241,1,0,2026-10-10T07:34:39.919177+00:00,2026-10-10T07:34:41.089902+00:00,9.194999999999999e-05,offpeak,0,117,"list-price estimate, not invoice"
math_test_algebra_965,math_test_algebra_965__base4096,base4096,4096,87,222,110,309,1,0,2026-10-10T07:34:39.925091+00:00,2026-10-10T07:34:41.245559+00:00,0.00014625,offpeak,0,87,"list-price estimate, not invoice"
math_test_algebra_968,math_test_algebra_968__base4096,base4096,4096,78,405,220,483,1,0,2026-10-10T07:34:40.050517+00:00,2026-10-10T07:34:42.152285+00:00,0.0002547,offpeak,0,78,"list-price estimate, not invoice"
math_test_algebra_972,math_test_algebra_972__base4096,base4096,4096,77,323,174,400,1,0,2026-10-10T07:34:40.091674+00:00,2026-10-10T07:34:42.201717+00:00,0.00020535,offpeak,0,77,"list-price estimate, not invoice"
math_test_algebra_979,math_test_algebra_979__base4096,base4096,4096,89,316,126,405,1,0,2026-10-10T07:34:40.110651+00:00,2026-10-10T07:34:42.179343+00:00,0.00020295,offpeak,0,89,"list-price estimate, not invoice"
math_test_algebra_999,math_test_algebra_999__base4096,base4096,4096,116,316,173,432,1,0,2026-10-10T07:34:40.136980+00:00,2026-10-10T07:34:41.859220+00:00,0.000207,offpeak,0,116,"list-price estimate, not invoice"
math_test_counting_probability_123,math_test_counting_probability_123__base4096,base4096,4096,130,507,296,637,1,0,2026-10-10T07:34:40.157643+00:00,2026-10-10T07:34:42.841752+00:00,0.0003237,offpeak,0,130,"list-price estimate, not invoice"
math_test_counting_probability_124,math_test_counting_probability_124__base4096,base4096,4096,92,3044,2910,3136,1,0,2026-10-10T07:34:40.187968+00:00,2026-10-10T07:34:58.228122+00:00,0.0018401999999999997,offpeak,0,92,"list-price estimate, not invoice"
math_test_counting_probability_129,math_test_counting_probability_129__base4096,base4096,4096,112,890,661,1002,1,0,2026-10-10T07:34:40.264048+00:00,2026-10-10T07:34:45.390080+00:00,0.0005507999999999999,offpeak,0,112,"list-price estimate, not invoice"
math_test_counting_probability_143,math_test_counting_probability_143__base4096,base4096,4096,102,197,83,299,1,0,2026-10-10T07:34:40.273657+00:00,2026-10-10T07:34:41.945773+00:00,0.0001335,offpeak,0,102,"list-price estimate, not invoice"
math_test_counting_probability_147,math_test_counting_probability_147__base4096,base4096,4096,73,365,189,438,1,0,2026-10-10T07:34:40.282975+00:00,2026-10-10T07:34:42.300928+00:00,0.00022994999999999998,offpeak,0,73,"list-price estimate, not invoice"
math_test_counting_probability_148,math_test_counting_probability_148__base4096,base4096,4096,72,156,78,228,1,0,2026-10-10T07:34:40.324436+00:00,2026-10-10T07:34:41.621232+00:00,0.00010439999999999999,offpeak,0,72,"list-price estimate, not invoice"
math_test_counting_probability_160,math_test_counting_probability_160__base4096,base4096,4096,80,513,372,593,1,0,2026-10-10T07:34:40.343781+00:00,2026-10-10T07:34:42.844950+00:00,0.0003198,offpeak,0,80,"list-price estimate, not invoice"
math_test_counting_probability_169,math_test_counting_probability_169__base4096,base4096,4096,187,2221,2097,2408,1,0,2026-10-10T07:34:40.400106+00:00,2026-10-10T07:34:50.087730+00:00,0.00136065,offpeak,0,187,"list-price estimate, not invoice"
math_test_counting_probability_172,math_test_counting_probability_172__base4096,base4096,4096,80,2375,2245,2455,1,0,2026-10-10T07:34:40.414298+00:00,2026-10-10T07:34:53.445730+00:00,0.001437,offpeak,0,80,"list-price estimate, not invoice"
math_test_counting_probability_173,math_test_counting_probability_173__base4096,base4096,4096,97,483,341,580,1,0,2026-10-10T07:34:40.433296+00:00,2026-10-10T07:34:42.904554+00:00,0.00030435,offpeak,0,97,"list-price estimate, not invoice"
math_test_counting_probability_180,math_test_counting_probability_180__base4096,base4096,4096,108,335,239,443,1,0,2026-10-10T07:34:40.443206+00:00,2026-10-10T07:34:42.352812+00:00,0.0002172,offpeak,0,108,"list-price estimate, not invoice"
math_test_counting_probability_184,math_test_counting_probability_184__base4096,base4096,4096,109,611,439,720,1,0,2026-10-10T07:34:40.446178+00:00,2026-10-10T07:34:43.746892+00:00,0.00038295,offpeak,0,109,"list-price estimate, not invoice"
math_test_counting_probability_192,math_test_counting_probability_192__base4096,base4096,4096,105,3581,3370,3686,1,0,2026-10-10T07:34:40.493263+00:00,2026-10-10T07:35:00.919336+00:00,0.0021643499999999998,offpeak,0,105,"list-price estimate, not invoice"
math_test_counting_probability_2,math_test_counting_probability_2__base4096,base4096,4096,100,117,58,217,1,0,2026-10-10T07:34:40.518012+00:00,2026-10-10T07:34:41.839527+00:00,8.52e-05,offpeak,0,100,"list-price estimate, not invoice"
math_test_counting_probability_200,math_test_counting_probability_200__base4096,base4096,4096,138,895,620,1033,1,0,2026-10-10T07:34:40.535685+00:00,2026-10-10T07:34:44.825970+00:00,0.0005577000000000001,offpeak,0,138,"list-price estimate, not invoice"
math_test_counting_probability_206,math_test_counting_probability_206__base4096,base4096,4096,95,110,61,205,1,0,2026-10-10T07:34:40.543581+00:00,2026-10-10T07:34:41.540744+00:00,8.025e-05,offpeak,0,95,"list-price estimate, not invoice"
math_test_counting_probability_220,math_test_counting_probability_220__base4096,base4096,4096,124,196,85,320,1,0,2026-10-10T07:34:40.581521+00:00,2026-10-10T07:34:42.270662+00:00,0.00013619999999999998,offpeak,0,124,"list-price estimate, not invoice"
math_test_counting_probability_225,math_test_counting_probability_225__base4096,base4096,4096,112,903,693,1015,1,0,2026-10-10T07:34:40.641474+00:00,2026-10-10T07:34:45.611495+00:00,0.0005585999999999999,offpeak,0,112,"list-price estimate, not invoice"
math_test_counting_probability_233,math_test_counting_probability_233__base4096,base4096,4096,101,2115,1851,2216,1,0,2026-10-10T07:34:40.649697+00:00,2026-10-10T07:34:52.545186+00:00,0.0012841500000000002,offpeak,0,101,"list-price estimate, not invoice"
math_test_counting_probability_240,math_test_counting_probability_240__base4096,base4096,4096,87,217,114,304,1,0,2026-10-10T07:34:40.658493+00:00,2026-10-10T07:34:42.579017+00:00,0.00014325,offpeak,0,87,"list-price estimate, not invoice"
math_test_counting_probability_254,math_test_counting_probability_254__base4096,base4096,4096,84,197,72,281,1,0,2026-10-10T07:34:40.661189+00:00,2026-10-10T07:34:41.831152+00:00,0.00013079999999999998,offpeak,0,84,"list-price estimate, not invoice"
math_test_counting_probability_260,math_test_counting_probability_260__base4096,base4096,4096,85,754,499,839,1,0,2026-10-10T07:34:40.684831+00:00,2026-10-10T07:34:44.650961+00:00,0.00046515,offpeak,0,85,"list-price estimate, not invoice"
math_test_counting_probability_271,math_test_counting_probability_271__base4096,base4096,4096,90,3087,2908,3177,1,0,2026-10-10T07:34:40.713889+00:00,2026-10-10T07:34:54.952381+00:00,0.0018656999999999999,offpeak,0,90,"list-price estimate, not invoice"
math_test_counting_probability_277,math_test_counting_probability_277__base4096,base4096,4096,82,274,128,356,1,0,2026-10-10T07:34:40.721771+00:00,2026-10-10T07:34:42.551406+00:00,0.0001767,offpeak,0,82,"list-price estimate, not invoice"
math_test_counting_probability_280,math_test_counting_probability_280__base4096,base4096,4096,125,149,62,274,1,0,2026-10-10T07:34:40.747010+00:00,2026-10-10T07:34:41.916910+00:00,0.00010814999999999999,offpeak,0,125,"list-price estimate, not invoice"
math_test_counting_probability_289,math_test_counting_probability_289__base4096,base4096,4096,108,640,347,748,1,0,2026-10-10T07:34:40.847854+00:00,2026-10-10T07:34:43.605656+00:00,0.00040019999999999997,offpeak,0,108,"list-price estimate, not invoice"
math_test_counting_probability_316,math_test_counting_probability_316__base4096,base4096,4096,190,534,397,724,1,0,2026-10-10T07:34:40.857552+00:00,2026-10-10T07:34:43.940183+00:00,0.00034889999999999997,offpeak,0,190,"list-price estimate, not invoice"
math_test_counting_probability_343,math_test_counting_probability_343__base4096,base4096,4096,100,194,75,294,1,0,2026-10-10T07:34:40.860473+00:00,2026-10-10T07:34:42.312415+00:00,0.00013139999999999997,offpeak,0,100,"list-price estimate, not invoice"
math_test_counting_probability_347,math_test_counting_probability_347__base4096,base4096,4096,124,450,248,574,1,0,2026-10-10T07:34:40.922804+00:00,2026-10-10T07:34:43.524708+00:00,0.0002886,offpeak,0,124,"list-price estimate, not invoice"
math_test_counting_probability_382,math_test_counting_probability_382__base4096,base4096,4096,97,359,195,456,1,0,2026-10-10T07:34:40.948582+00:00,2026-10-10T07:34:42.946722+00:00,0.00022995,offpeak,0,97,"list-price estimate, not invoice"
math_test_counting_probability_398,math_test_counting_probability_398__base4096,base4096,4096,124,760,522,884,1,0,2026-10-10T07:34:41.010525+00:00,2026-10-10T07:34:44.778897+00:00,0.00047460000000000004,offpeak,0,124,"list-price estimate, not invoice"
math_test_counting_probability_399,math_test_counting_probability_399__base4096,base4096,4096,102,306,144,408,1,0,2026-10-10T07:34:41.012884+00:00,2026-10-10T07:34:42.880062+00:00,0.0001989,offpeak,0,102,"list-price estimate, not invoice"
math_test_counting_probability_4,math_test_counting_probability_4__base4096,base4096,4096,79,390,225,469,1,0,2026-10-10T07:34:41.028992+00:00,2026-10-10T07:34:43.098198+00:00,0.00024585,offpeak,0,79,"list-price estimate, not invoice"
math_test_counting_probability_408,math_test_counting_probability_408__base4096,base4096,4096,130,510,368,640,1,0,2026-10-10T07:34:41.039889+00:00,2026-10-10T07:34:44.076723+00:00,0.0003255,offpeak,0,130,"list-price estimate, not invoice"
math_test_counting_probability_414,math_test_counting_probability_414__base4096,base4096,4096,94,187,99,281,1,0,2026-10-10T07:34:41.050411+00:00,2026-10-10T07:34:42.249748+00:00,0.0001263,offpeak,0,94,"list-price estimate, not invoice"
math_test_counting_probability_42,math_test_counting_probability_42__base4096,base4096,4096,402,4096,4096,4498,1,0,2026-10-10T07:34:41.082437+00:00,2026-10-10T07:35:01.110274+00:00,0.0025179,offpeak,0,402,"list-price estimate, not invoice"
math_test_counting_probability_421,math_test_counting_probability_421__base4096,base4096,4096,156,609,433,765,1,0,2026-10-10T07:34:41.095990+00:00,2026-10-10T07:34:44.070307+00:00,0.00038879999999999996,offpeak,0,156,"list-price estimate, not invoice"
math_test_counting_probability_426,math_test_counting_probability_426__base4096,base4096,4096,117,1319,1056,1436,1,0,2026-10-10T07:34:41.096357+00:00,2026-10-10T07:34:47.943869+00:00,0.0008089499999999999,offpeak,0,117,"list-price estimate, not invoice"
math_test_counting_probability_431,math_test_counting_probability_431__base4096,base4096,4096,131,270,120,401,1,0,2026-10-10T07:34:41.182946+00:00,2026-10-10T07:34:42.727940+00:00,0.00018165,offpeak,0,131,"list-price estimate, not invoice"
math_test_counting_probability_437,math_test_counting_probability_437__base4096,base4096,4096,87,147,65,234,1,0,2026-10-10T07:34:41.211541+00:00,2026-10-10T07:34:42.632190+00:00,0.00010125,offpeak,0,87,"list-price estimate, not invoice"
math_test_counting_probability_447,math_test_counting_probability_447__base4096,base4096,4096,78,456,295,534,1,0,2026-10-10T07:34:41.251401+00:00,2026-10-10T07:34:44.052341+00:00,0.00028529999999999994,offpeak,0,78,"list-price estimate, not invoice"
math_test_counting_probability_448,math_test_counting_probability_448__base4096,base4096,4096,80,225,109,305,1,0,2026-10-10T07:34:41.252119+00:00,2026-10-10T07:34:42.773831+00:00,0.000147,offpeak,0,80,"list-price estimate, not invoice"
math_test_counting_probability_456,math_test_counting_probability_456__base4096,base4096,4096,110,275,143,385,1,0,2026-10-10T07:34:41.298847+00:00,2026-10-10T07:34:43.071348+00:00,0.0001815,offpeak,0,110,"list-price estimate, not invoice"
math_test_counting_probability_464,math_test_counting_probability_464__base4096,base4096,4096,76,192,84,268,1,0,2026-10-10T07:34:41.546410+00:00,2026-10-10T07:34:42.874354+00:00,0.0001266,offpeak,0,76,"list-price estimate, not invoice"
math_test_counting_probability_60,math_test_counting_probability_60__base4096,base4096,4096,99,219,119,318,1,0,2026-10-10T07:34:41.562010+00:00,2026-10-10T07:34:43.044006+00:00,0.00014625,offpeak,0,99,"list-price estimate, not invoice"
math_test_counting_probability_61,math_test_counting_probability_61__base4096,base4096,4096,230,812,609,1042,1,0,2026-10-10T07:34:41.562408+00:00,2026-10-10T07:34:46.176575+00:00,0.0005217,offpeak,0,230,"list-price estimate, not invoice"
math_test_counting_probability_62,math_test_counting_probability_62__base4096,base4096,4096,106,390,220,496,1,0,2026-10-10T07:34:41.616371+00:00,2026-10-10T07:34:43.630436+00:00,0.0002499,offpeak,0,106,"list-price estimate, not invoice"
math_test_counting_probability_65,math_test_counting_probability_65__base4096,base4096,4096,462,1589,1475,2051,1,0,2026-10-10T07:34:41.627365+00:00,2026-10-10T07:34:49.604938+00:00,0.0010226999999999999,offpeak,0,462,"list-price estimate, not invoice"
math_test_counting_probability_67,math_test_counting_probability_67__base4096,base4096,4096,94,394,246,488,1,0,2026-10-10T07:34:41.698892+00:00,2026-10-10T07:34:43.866039+00:00,0.00025049999999999996,offpeak,0,94,"list-price estimate, not invoice"
math_test_counting_probability_73,math_test_counting_probability_73__base4096,base4096,4096,98,705,510,803,1,0,2026-10-10T07:34:41.797033+00:00,2026-10-10T07:34:45.399574+00:00,0.0004377,offpeak,0,98,"list-price estimate, not invoice"
math_test_counting_probability_77,math_test_counting_probability_77__base4096,base4096,4096,98,456,256,554,1,0,2026-10-10T07:34:41.825752+00:00,2026-10-10T07:34:44.396065+00:00,0.00028829999999999996,offpeak,0,98,"list-price estimate, not invoice"
math_test_counting_probability_83,math_test_counting_probability_83__base4096,base4096,4096,124,826,715,950,1,0,2026-10-10T07:34:41.838296+00:00,2026-10-10T07:34:46.531213+00:00,0.0005141999999999999,offpeak,0,124,"list-price estimate, not invoice"
math_test_geometry_100,math_test_geometry_100__base4096,base4096,4096,122,325,177,447,1,0,2026-10-10T07:34:41.845857+00:00,2026-10-10T07:34:43.800440+00:00,0.0002133,offpeak,0,122,"list-price estimate, not invoice"
math_test_geometry_103,math_test_geometry_103__base4096,base4096,4096,134,2866,2493,3000,1,0,2026-10-10T07:34:41.865224+00:00,2026-10-10T07:34:54.071298+00:00,0.0017396999999999998,offpeak,0,134,"list-price estimate, not invoice"
math_test_geometry_119,math_test_geometry_119__base4096,base4096,4096,111,938,545,1049,1,0,2026-10-10T07:34:41.922700+00:00,2026-10-10T07:34:46.125263+00:00,0.0005794499999999999,offpeak,0,111,"list-price estimate, not invoice"
math_test_geometry_130,math_test_geometry_130__base4096,base4096,4096,160,4021,3608,4181,1,0,2026-10-10T07:34:41.951538+00:00,2026-10-10T07:34:59.280590+00:00,0.0024365999999999997,offpeak,0,160,"list-price estimate, not invoice"
math_test_geometry_133,math_test_geometry_133__base4096,base4096,4096,85,164,69,249,1,0,2026-10-10T07:34:41.961890+00:00,2026-10-10T07:34:43.250495+00:00,0.00011114999999999999,offpeak,0,85,"list-price estimate, not invoice"
math_test_geometry_136,math_test_geometry_136__base4096,base4096,4096,72,2648,2542,2720,1,0,2026-10-10T07:34:42.158041+00:00,2026-10-10T07:34:57.179540+00:00,0.0015995999999999999,offpeak,0,72,"list-price estimate, not invoice"
math_test_geometry_150,math_test_geometry_150__base4096,base4096,4096,104,181,71,285,1,0,2026-10-10T07:34:42.168300+00:00,2026-10-10T07:34:43.371464+00:00,0.00012419999999999998,offpeak,0,104,"list-price estimate, not invoice"
math_test_geometry_164,math_test_geometry_164__base4096,base4096,4096,192,3028,2873,3220,1,0,2026-10-10T07:34:42.184565+00:00,2026-10-10T07:34:56.452899+00:00,0.0018456,offpeak,0,192,"list-price estimate, not invoice"
math_test_geometry_166,math_test_geometry_166__base4096,base4096,4096,131,878,685,1009,1,0,2026-10-10T07:34:42.207104+00:00,2026-10-10T07:34:47.288198+00:00,0.00054645,offpeak,0,131,"list-price estimate, not invoice"
math_test_geometry_170,math_test_geometry_170__base4096,base4096,4096,114,1080,830,1194,1,0,2026-10-10T07:34:42.256054+00:00,2026-10-10T07:34:47.729708+00:00,0.0006651000000000001,offpeak,0,114,"list-price estimate, not invoice"
math_test_geometry_173,math_test_geometry_173__base4096,base4096,4096,199,1993,1564,2192,1,0,2026-10-10T07:34:42.276490+00:00,2026-10-10T07:34:51.066624+00:00,0.0012256499999999998,offpeak,0,199,"list-price estimate, not invoice"
math_test_geometry_178,math_test_geometry_178__base4096,base4096,4096,93,423,172,516,1,0,2026-10-10T07:34:42.307625+00:00,2026-10-10T07:34:44.200630+00:00,0.00026775,offpeak,0,93,"list-price estimate, not invoice"
math_test_geometry_186,math_test_geometry_186__base4096,base4096,4096,320,1115,1002,1435,1,0,2026-10-10T07:34:42.319864+00:00,2026-10-10T07:34:48.000497+00:00,0.000717,offpeak,0,320,"list-price estimate, not invoice"
math_test_geometry_191,math_test_geometry_191__base4096,base4096,4096,100,1084,927,1184,1,0,2026-10-10T07:34:42.358500+00:00,2026-10-10T07:34:48.510565+00:00,0.0006654,offpeak,0,100,"list-price estimate, not invoice"
math_test_geometry_196,math_test_geometry_196__base4096,base4096,4096,93,2993,2710,3086,1,0,2026-10-10T07:34:42.556849+00:00,2026-10-10T07:34:56.265880+00:00,0.00180975,offpeak,0,93,"list-price estimate, not invoice"
math_test_geometry_198,math_test_geometry_198__base4096,base4096,4096,95,559,385,654,1,0,2026-10-10T07:34:42.585351+00:00,2026-10-10T07:34:45.356152+00:00,0.00034964999999999996,offpeak,0,95,"list-price estimate, not invoice"
math_test_geometry_20,math_test_geometry_20__base4096,base4096,4096,469,4096,3801,4565,1,0,2026-10-10T07:34:42.640654+00:00,2026-10-10T07:35:00.279452+00:00,0.0025279499999999997,offpeak,0,469,"list-price estimate, not invoice"
math_test_geometry_200,math_test_geometry_200__base4096,base4096,4096,228,4096,4096,4324,1,0,2026-10-10T07:34:42.735108+00:00,2026-10-10T07:35:01.758783+00:00,0.0024917999999999997,offpeak,0,228,"list-price estimate, not invoice"
math_test_geometry_208,math_test_geometry_208__base4096,base4096,4096,256,1970,1597,2226,1,0,2026-10-10T07:34:42.780091+00:00,2026-10-10T07:34:51.300338+00:00,0.0012204000000000002,offpeak,0,256,"list-price estimate, not invoice"
math_test_geometry_212,math_test_geometry_212__base4096,base4096,4096,249,3014,2736,3263,1,0,2026-10-10T07:34:42.848679+00:00,2026-10-10T07:34:57.902391+00:00,0.0018457499999999997,offpeak,0,249,"list-price estimate, not invoice"
math_test_geometry_222,math_test_geometry_222__base4096,base4096,4096,575,3813,3351,4388,1,0,2026-10-10T07:34:42.852051+00:00,2026-10-10T07:34:59.699134+00:00,0.0023740499999999995,offpeak,0,575,"list-price estimate, not invoice"
math_test_geometry_228,math_test_geometry_228__base4096,base4096,4096,89,243,89,332,1,0,2026-10-10T07:34:42.882100+00:00,2026-10-10T07:34:44.452075+00:00,0.00015914999999999997,offpeak,0,89,"list-price estimate, not invoice"
math_test_geometry_231,math_test_geometry_231__base4096,base4096,4096,113,811,607,924,1,0,2026-10-10T07:34:42.887947+00:00,2026-10-10T07:34:46.815341+00:00,0.00050355,offpeak,0,113,"list-price estimate, not invoice"
math_test_geometry_234,math_test_geometry_234__base4096,base4096,4096,93,256,93,349,1,0,2026-10-10T07:34:42.910553+00:00,2026-10-10T07:34:44.406107+00:00,0.00016754999999999998,offpeak,0,93,"list-price estimate, not invoice"
math_test_geometry_238,math_test_geometry_238__base4096,base4096,4096,288,4096,4096,4384,1,0,2026-10-10T07:34:42.953417+00:00,2026-10-10T07:35:05.030708+00:00,0.0025007999999999996,offpeak,0,288,"list-price estimate, not invoice"
math_test_geometry_254,math_test_geometry_254__base4096,base4096,4096,178,182,93,360,1,0,2026-10-10T07:34:43.049337+00:00,2026-10-10T07:34:44.378760+00:00,0.0001359,offpeak,0,178,"list-price estimate, not invoice"
math_test_geometry_259,math_test_geometry_259__base4096,base4096,4096,102,1655,1464,1757,1,0,2026-10-10T07:34:43.076108+00:00,2026-10-10T07:34:51.290775+00:00,0.0010083,offpeak,0,102,"list-price estimate, not invoice"
math_test_geometry_26,math_test_geometry_26__base4096,base4096,4096,303,2306,1682,2609,1,0,2026-10-10T07:34:43.103724+00:00,2026-10-10T07:34:52.543424+00:00,0.0014290499999999999,offpeak,0,303,"list-price estimate, not invoice"
math_test_geometry_3,math_test_geometry_3__base4096,base4096,4096,126,1247,872,1373,1,0,2026-10-10T07:34:43.256535+00:00,2026-10-10T07:34:48.710625+00:00,0.0007670999999999999,offpeak,0,126,"list-price estimate, not invoice"
math_test_geometry_312,math_test_geometry_312__base4096,base4096,4096,207,776,629,983,1,0,2026-10-10T07:34:43.377512+00:00,2026-10-10T07:34:47.386185+00:00,0.00049665,offpeak,0,207,"list-price estimate, not invoice"
math_test_geometry_328,math_test_geometry_328__base4096,base4096,4096,162,1078,750,1240,1,0,2026-10-10T07:34:43.529625+00:00,2026-10-10T07:34:48.813560+00:00,0.0006710999999999999,offpeak,0,162,"list-price estimate, not invoice"
math_test_geometry_332,math_test_geometry_332__base4096,base4096,4096,90,441,247,531,1,0,2026-10-10T07:34:43.613524+00:00,2026-10-10T07:34:46.126593+00:00,0.0002781,offpeak,0,90,"list-price estimate, not invoice"
math_test_geometry_345,math_test_geometry_345__base4096,base4096,4096,105,4096,4096,4201,1,0,2026-10-10T07:34:43.638081+00:00,2026-10-10T07:35:04.424387+00:00,0.00247335,offpeak,0,105,"list-price estimate, not invoice"
math_test_geometry_347,math_test_geometry_347__base4096,base4096,4096,65,116,51,181,1,0,2026-10-10T07:34:43.752983+00:00,2026-10-10T07:34:45.086719+00:00,7.934999999999999e-05,offpeak,0,65,"list-price estimate, not invoice"
math_test_geometry_352,math_test_geometry_352__base4096,base4096,4096,99,675,442,774,1,0,2026-10-10T07:34:43.805812+00:00,2026-10-10T07:34:47.144627+00:00,0.00041985000000000004,offpeak,0,99,"list-price estimate, not invoice"
math_test_geometry_357,math_test_geometry_357__base4096,base4096,4096,129,1452,1195,1581,1,0,2026-10-10T07:34:43.871653+00:00,2026-10-10T07:34:51.104382+00:00,0.0008905499999999999,offpeak,0,129,"list-price estimate, not invoice"
math_test_geometry_373,math_test_geometry_373__base4096,base4096,4096,295,2777,2589,3072,1,0,2026-10-10T07:34:43.946410+00:00,2026-10-10T07:34:58.050656+00:00,0.00171045,offpeak,0,295,"list-price estimate, not invoice"
math_test_geometry_39,math_test_geometry_39__base4096,base4096,4096,95,379,166,474,1,0,2026-10-10T07:34:43.946677+00:00,2026-10-10T07:34:46.018097+00:00,0.00024165000000000002,offpeak,0,95,"list-price estimate, not invoice"
math_test_geometry_403,math_test_geometry_403__base4096,base4096,4096,106,553,308,659,1,0,2026-10-10T07:34:44.057069+00:00,2026-10-10T07:34:47.080216+00:00,0.0003477,offpeak,0,106,"list-price estimate, not invoice"
math_test_geometry_410,math_test_geometry_410__base4096,base4096,4096,203,4096,4096,4299,1,0,2026-10-10T07:34:44.075224+00:00,2026-10-10T07:35:05.470225+00:00,0.00248805,offpeak,0,203,"list-price estimate, not invoice"
math_test_geometry_436,math_test_geometry_436__base4096,base4096,4096,98,471,256,569,1,0,2026-10-10T07:34:44.082650+00:00,2026-10-10T07:34:46.500306+00:00,0.00029729999999999996,offpeak,0,98,"list-price estimate, not invoice"
math_test_geometry_437,math_test_geometry_437__base4096,base4096,4096,103,240,114,343,1,0,2026-10-10T07:34:44.205884+00:00,2026-10-10T07:34:45.843132+00:00,0.00015945,offpeak,0,103,"list-price estimate, not invoice"
math_test_geometry_447,math_test_geometry_447__base4096,base4096,4096,130,394,211,524,1,0,2026-10-10T07:34:44.384391+00:00,2026-10-10T07:34:46.816426+00:00,0.0002559,offpeak,0,130,"list-price estimate, not invoice"
math_test_geometry_451,math_test_geometry_451__base4096,base4096,4096,177,2015,1903,2192,1,0,2026-10-10T07:34:44.402304+00:00,2026-10-10T07:34:54.693567+00:00,0.00123555,offpeak,0,177,"list-price estimate, not invoice"
math_test_geometry_454,math_test_geometry_454__base4096,base4096,4096,508,1335,1155,1843,1,0,2026-10-10T07:34:44.412186+00:00,2026-10-10T07:34:49.970922+00:00,0.0008772000000000001,offpeak,0,508,"list-price estimate, not invoice"
math_test_geometry_459,math_test_geometry_459__base4096,base4096,4096,86,126,57,212,1,0,2026-10-10T07:34:44.456504+00:00,2026-10-10T07:34:45.772829+00:00,8.85e-05,offpeak,0,86,"list-price estimate, not invoice"
math_test_geometry_472,math_test_geometry_472__base4096,base4096,4096,225,2943,2780,3168,1,0,2026-10-10T07:34:44.542029+00:00,2026-10-10T07:34:58.906715+00:00,0.00179955,offpeak,0,225,"list-price estimate, not invoice"
math_test_geometry_56,math_test_geometry_56__base4096,base4096,4096,140,4096,4096,4236,1,0,2026-10-10T07:34:44.656160+00:00,2026-10-10T07:35:06.954629+00:00,0.0024786,offpeak,0,140,"list-price estimate, not invoice"
math_test_geometry_62,math_test_geometry_62__base4096,base4096,4096,141,198,93,339,1,0,2026-10-10T07:34:44.784490+00:00,2026-10-10T07:34:46.134504+00:00,0.00013995,offpeak,0,141,"list-price estimate, not invoice"
math_test_geometry_64,math_test_geometry_64__base4096,base4096,4096,356,2328,1908,2684,1,0,2026-10-10T07:34:44.830473+00:00,2026-10-10T07:34:54.968638+00:00,0.0014502,offpeak,0,356,"list-price estimate, not invoice"
math_test_geometry_85,math_test_geometry_85__base4096,base4096,4096,313,4096,4096,4409,1,0,2026-10-10T07:34:45.091414+00:00,2026-10-10T07:35:04.445435+00:00,0.00250455,offpeak,0,313,"list-price estimate, not invoice"
math_test_geometry_90,math_test_geometry_90__base4096,base4096,4096,96,217,99,313,1,0,2026-10-10T07:34:45.261003+00:00,2026-10-10T07:34:46.934238+00:00,0.0001446,offpeak,0,96,"list-price estimate, not invoice"
math_test_geometry_99,math_test_geometry_99__base4096,base4096,4096,120,124,63,244,1,0,2026-10-10T07:34:45.278803+00:00,2026-10-10T07:34:46.334051+00:00,9.24e-05,offpeak,0,120,"list-price estimate, not invoice"
math_test_intermediate_algebra_103,math_test_intermediate_algebra_103__base4096,base4096,4096,126,4096,4096,4222,1,0,2026-10-10T07:34:45.361236+00:00,2026-10-10T07:35:02.839817+00:00,0.0024765,offpeak,0,126,"list-price estimate, not invoice"
math_test_intermediate_algebra_108,math_test_intermediate_algebra_108__base4096,base4096,4096,83,2388,2082,2471,1,0,2026-10-10T07:34:45.396794+00:00,2026-10-10T07:34:55.126719+00:00,0.00144525,offpeak,0,83,"list-price estimate, not invoice"
math_test_intermediate_algebra_115,math_test_intermediate_algebra_115__base4096,base4096,4096,171,1430,1057,1601,1,0,2026-10-10T07:34:45.405494+00:00,2026-10-10T07:34:51.003509+00:00,0.0008836499999999999,offpeak,0,171,"list-price estimate, not invoice"
math_test_intermediate_algebra_116,math_test_intermediate_algebra_116__base4096,base4096,4096,168,3079,2457,3247,1,0,2026-10-10T07:34:45.514288+00:00,2026-10-10T07:34:59.291325+00:00,0.0018725999999999999,offpeak,0,168,"list-price estimate, not invoice"
math_test_intermediate_algebra_122,math_test_intermediate_algebra_122__base4096,base4096,4096,230,4096,3672,4326,1,0,2026-10-10T07:34:45.618774+00:00,2026-10-10T07:35:03.313045+00:00,0.0024920999999999997,offpeak,0,230,"list-price estimate, not invoice"
math_test_intermediate_algebra_139,math_test_intermediate_algebra_139__base4096,base4096,4096,97,724,447,821,1,0,2026-10-10T07:34:45.777584+00:00,2026-10-10T07:34:49.302540+00:00,0.00044895,offpeak,0,97,"list-price estimate, not invoice"
math_test_intermediate_algebra_147,math_test_intermediate_algebra_147__base4096,base4096,4096,145,1135,782,1280,1,0,2026-10-10T07:34:45.847771+00:00,2026-10-10T07:34:50.574903+00:00,0.00070275,offpeak,0,145,"list-price estimate, not invoice"
math_test_intermediate_algebra_155,math_test_intermediate_algebra_155__base4096,base4096,4096,297,1044,757,1341,1,0,2026-10-10T07:34:46.024355+00:00,2026-10-10T07:34:50.512559+00:00,0.0006709499999999999,offpeak,0,297,"list-price estimate, not invoice"
math_test_intermediate_algebra_161,math_test_intermediate_algebra_161__base4096,base4096,4096,93,913,733,1006,1,0,2026-10-10T07:34:46.135191+00:00,2026-10-10T07:34:50.393312+00:00,0.00056175,offpeak,0,93,"list-price estimate, not invoice"
math_test_intermediate_algebra_163,math_test_intermediate_algebra_163__base4096,base4096,4096,111,486,322,597,1,0,2026-10-10T07:34:46.136758+00:00,2026-10-10T07:34:48.733186+00:00,0.00030824999999999993,offpeak,0,111,"list-price estimate, not invoice"
math_test_intermediate_algebra_184,math_test_intermediate_algebra_184__base4096,base4096,4096,145,1188,941,1333,1,0,2026-10-10T07:34:46.142896+00:00,2026-10-10T07:34:51.139185+00:00,0.0007345499999999999,offpeak,0,145,"list-price estimate, not invoice"
math_test_intermediate_algebra_187,math_test_intermediate_algebra_187__base4096,base4096,4096,98,503,360,601,1,0,2026-10-10T07:34:46.182994+00:00,2026-10-10T07:34:48.752296+00:00,0.0003165,offpeak,0,98,"list-price estimate, not invoice"
math_test_intermediate_algebra_197,math_test_intermediate_algebra_197__base4096,base4096,4096,91,345,147,436,1,0,2026-10-10T07:34:46.340876+00:00,2026-10-10T07:34:48.004829+00:00,0.00022065,offpeak,0,91,"list-price estimate, not invoice"
math_test_intermediate_algebra_212,math_test_intermediate_algebra_212__base4096,base4096,4096,125,3658,3347,3783,1,0,2026-10-10T07:34:46.505512+00:00,2026-10-10T07:35:02.824709+00:00,0.00221355,offpeak,0,125,"list-price estimate, not invoice"
math_test_intermediate_algebra_213,math_test_intermediate_algebra_213__base4096,base4096,4096,123,974,601,1097,1,0,2026-10-10T07:34:46.537605+00:00,2026-10-10T07:34:50.389985+00:00,0.00060285,offpeak,0,123,"list-price estimate, not invoice"
math_test_intermediate_algebra_220,math_test_intermediate_algebra_220__base4096,base4096,4096,153,2422,2064,2575,1,0,2026-10-10T07:34:46.823126+00:00,2026-10-10T07:34:55.833146+00:00,0.00147615,offpeak,0,153,"list-price estimate, not invoice"
math_test_intermediate_algebra_238,math_test_intermediate_algebra_238__base4096,base4096,4096,364,4096,4096,4460,1,0,2026-10-10T07:34:46.823423+00:00,2026-10-10T07:35:07.063137+00:00,0.0025122,offpeak,0,364,"list-price estimate, not invoice"
math_test_intermediate_algebra_241,math_test_intermediate_algebra_241__base4096,base4096,4096,207,4096,4096,4303,1,0,2026-10-10T07:34:46.939524+00:00,2026-10-10T07:35:03.159513+00:00,0.0024886500000000002,offpeak,0,207,"list-price estimate, not invoice"
math_test_intermediate_algebra_243,math_test_intermediate_algebra_243__base4096,base4096,4096,78,332,160,410,1,0,2026-10-10T07:34:47.085763+00:00,2026-10-10T07:34:48.874039+00:00,0.00021089999999999998,offpeak,0,78,"list-price estimate, not invoice"
math_test_intermediate_algebra_263,math_test_intermediate_algebra_263__base4096,base4096,4096,91,570,331,661,1,0,2026-10-10T07:34:47.150694+00:00,2026-10-10T07:34:49.756562+00:00,0.00035565,offpeak,0,91,"list-price estimate, not invoice"
math_test_intermediate_algebra_266,math_test_intermediate_algebra_266__base4096,base4096,4096,154,2074,1688,2228,1,0,2026-10-10T07:34:47.293129+00:00,2026-10-10T07:34:57.716051+00:00,0.0012674999999999997,offpeak,0,154,"list-price estimate, not invoice"
math_test_intermediate_algebra_276,math_test_intermediate_algebra_276__base4096,base4096,4096,105,945,679,1050,1,0,2026-10-10T07:34:47.391436+00:00,2026-10-10T07:34:51.922686+00:00,0.00058275,offpeak,0,105,"list-price estimate, not invoice"
math_test_intermediate_algebra_277,math_test_intermediate_algebra_277__base4096,base4096,4096,125,1348,1051,1473,1,0,2026-10-10T07:34:47.735388+00:00,2026-10-10T07:34:53.513581+00:00,0.0008275499999999999,offpeak,0,125,"list-price estimate, not invoice"
math_test_intermediate_algebra_289,math_test_intermediate_algebra_289__base4096,base4096,4096,90,476,197,566,1,0,2026-10-10T07:34:47.950672+00:00,2026-10-10T07:34:49.947156+00:00,0.00029909999999999995,offpeak,0,90,"list-price estimate, not invoice"
math_test_intermediate_algebra_29,math_test_intermediate_algebra_29__base4096,base4096,4096,293,1158,781,1451,1,0,2026-10-10T07:34:48.005901+00:00,2026-10-10T07:34:52.507617+00:00,0.00073875,offpeak,0,293,"list-price estimate, not invoice"
math_test_intermediate_algebra_3,math_test_intermediate_algebra_3__base4096,base4096,4096,102,726,465,828,1,0,2026-10-10T07:34:48.010954+00:00,2026-10-10T07:34:51.539037+00:00,0.00045089999999999996,offpeak,0,102,"list-price estimate, not invoice"
math_test_intermediate_algebra_301,math_test_intermediate_algebra_301__base4096,base4096,4096,98,257,114,355,1,0,2026-10-10T07:34:48.202715+00:00,2026-10-10T07:34:49.654311+00:00,0.00016889999999999999,offpeak,0,98,"list-price estimate, not invoice"
math_test_intermediate_algebra_306,math_test_intermediate_algebra_306__base4096,base4096,4096,136,2036,1643,2172,1,0,2026-10-10T07:34:48.516568+00:00,2026-10-10T07:34:56.276275+00:00,0.001242,offpeak,0,136,"list-price estimate, not invoice"
math_test_intermediate_algebra_31,math_test_intermediate_algebra_31__base4096,base4096,4096,145,4096,4096,4241,1,0,2026-10-10T07:34:48.717240+00:00,2026-10-10T07:35:06.022356+00:00,0.00247935,offpeak,0,145,"list-price estimate, not invoice"
math_test_intermediate_algebra_314,math_test_intermediate_algebra_314__base4096,base4096,4096,112,4096,4096,4208,1,0,2026-10-10T07:34:48.739587+00:00,2026-10-10T07:35:06.490121+00:00,0.0024744000000000003,offpeak,0,112,"list-price estimate, not invoice"
math_test_intermediate_algebra_353,math_test_intermediate_algebra_353__base4096,base4096,4096,132,1137,786,1269,1,0,2026-10-10T07:34:48.758359+00:00,2026-10-10T07:34:53.220434+00:00,0.0007019999999999999,offpeak,0,132,"list-price estimate, not invoice"
math_test_intermediate_algebra_377,math_test_intermediate_algebra_377__base4096,base4096,4096,129,859,551,988,1,0,2026-10-10T07:34:48.820910+00:00,2026-10-10T07:34:53.319252+00:00,0.00053475,offpeak,0,129,"list-price estimate, not invoice"
math_test_intermediate_algebra_380,math_test_intermediate_algebra_380__base4096,base4096,4096,191,570,325,761,1,0,2026-10-10T07:34:48.879470+00:00,2026-10-10T07:34:51.518870+00:00,0.00037065,offpeak,0,191,"list-price estimate, not invoice"
math_test_intermediate_algebra_4,math_test_intermediate_algebra_4__base4096,base4096,4096,99,842,390,941,1,0,2026-10-10T07:34:49.307529+00:00,2026-10-10T07:34:52.744253+00:00,0.00052005,offpeak,0,99,"list-price estimate, not invoice"
math_test_intermediate_algebra_400,math_test_intermediate_algebra_400__base4096,base4096,4096,135,4096,4096,4231,1,0,2026-10-10T07:34:49.610032+00:00,2026-10-10T07:35:10.692615+00:00,0.0024778499999999998,offpeak,0,135,"list-price estimate, not invoice"
math_test_intermediate_algebra_409,math_test_intermediate_algebra_409__base4096,base4096,4096,109,463,237,572,1,0,2026-10-10T07:34:49.659386+00:00,2026-10-10T07:34:52.070018+00:00,0.00029415,offpeak,0,109,"list-price estimate, not invoice"
math_test_intermediate_algebra_414,math_test_intermediate_algebra_414__base4096,base4096,4096,136,2311,2092,2447,1,0,2026-10-10T07:34:49.762117+00:00,2026-10-10T07:35:00.781464+00:00,0.001407,offpeak,0,136,"list-price estimate, not invoice"
math_test_intermediate_algebra_416,math_test_intermediate_algebra_416__base4096,base4096,4096,127,442,263,569,1,0,2026-10-10T07:34:49.954442+00:00,2026-10-10T07:34:52.268606+00:00,0.00028425,offpeak,0,127,"list-price estimate, not invoice"
math_test_intermediate_algebra_423,math_test_intermediate_algebra_423__base4096,base4096,4096,88,736,490,824,1,0,2026-10-10T07:34:49.976254+00:00,2026-10-10T07:34:53.634883+00:00,0.00045479999999999994,offpeak,0,88,"list-price estimate, not invoice"
math_test_intermediate_algebra_424,math_test_intermediate_algebra_424__base4096,base4096,4096,106,867,593,973,1,0,2026-10-10T07:34:50.093186+00:00,2026-10-10T07:34:54.157087+00:00,0.0005360999999999999,offpeak,0,106,"list-price estimate, not invoice"
math_test_intermediate_algebra_43,math_test_intermediate_algebra_43__base4096,base4096,4096,116,2657,2165,2773,1,0,2026-10-10T07:34:50.395845+00:00,2026-10-10T07:35:00.976831+00:00,0.0016116000000000001,offpeak,0,116,"list-price estimate, not invoice"
math_test_intermediate_algebra_430,math_test_intermediate_algebra_430__base4096,base4096,4096,106,1004,684,1110,1,0,2026-10-10T07:34:50.398783+00:00,2026-10-10T07:34:54.900589+00:00,0.0006182999999999999,offpeak,0,106,"list-price estimate, not invoice"
math_test_intermediate_algebra_435,math_test_intermediate_algebra_435__base4096,base4096,4096,119,650,404,769,1,0,2026-10-10T07:34:50.517896+00:00,2026-10-10T07:34:53.383936+00:00,0.00040785,offpeak,0,119,"list-price estimate, not invoice"
math_test_intermediate_algebra_438,math_test_intermediate_algebra_438__base4096,base4096,4096,87,846,626,933,1,0,2026-10-10T07:34:50.579983+00:00,2026-10-10T07:34:54.629051+00:00,0.00052065,offpeak,0,87,"list-price estimate, not invoice"
math_test_intermediate_algebra_448,math_test_intermediate_algebra_448__base4096,base4096,4096,85,1639,1353,1724,1,0,2026-10-10T07:34:51.008646+00:00,2026-10-10T07:34:58.853820+00:00,0.00099615,offpeak,0,85,"list-price estimate, not invoice"
math_test_intermediate_algebra_462,math_test_intermediate_algebra_462__base4096,base4096,4096,103,494,254,597,1,0,2026-10-10T07:34:51.071754+00:00,2026-10-10T07:34:53.336573+00:00,0.00031184999999999996,offpeak,0,103,"list-price estimate, not invoice"
math_test_intermediate_algebra_478,math_test_intermediate_algebra_478__base4096,base4096,4096,118,960,710,1078,1,0,2026-10-10T07:34:51.110228+00:00,2026-10-10T07:34:55.038661+00:00,0.0005937000000000001,offpeak,0,118,"list-price estimate, not invoice"
math_test_intermediate_algebra_479,math_test_intermediate_algebra_479__base4096,base4096,4096,90,764,474,854,1,0,2026-10-10T07:34:51.145005+00:00,2026-10-10T07:34:54.425860+00:00,0.0004719,offpeak,0,90,"list-price estimate, not invoice"
math_test_intermediate_algebra_482,math_test_intermediate_algebra_482__base4096,base4096,4096,157,2835,2423,2992,1,0,2026-10-10T07:34:51.295555+00:00,2026-10-10T07:35:03.407244+00:00,0.00172455,offpeak,0,157,"list-price estimate, not invoice"
math_test_intermediate_algebra_494,math_test_intermediate_algebra_494__base4096,base4096,4096,220,4096,4096,4316,1,0,2026-10-10T07:34:51.306594+00:00,2026-10-10T07:35:13.444484+00:00,0.0024906,offpeak,0,220,"list-price estimate, not invoice"
math_test_intermediate_algebra_515,math_test_intermediate_algebra_515__base4096,base4096,4096,90,416,207,506,1,0,2026-10-10T07:34:51.523243+00:00,2026-10-10T07:34:53.871115+00:00,0.0002631,offpeak,0,90,"list-price estimate, not invoice"
math_test_intermediate_algebra_516,math_test_intermediate_algebra_516__base4096,base4096,4096,117,651,458,768,1,0,2026-10-10T07:34:51.543887+00:00,2026-10-10T07:34:55.034005+00:00,0.00040815,offpeak,0,117,"list-price estimate, not invoice"
math_test_intermediate_algebra_542,math_test_intermediate_algebra_542__base4096,base4096,4096,147,431,219,578,1,0,2026-10-10T07:34:51.926864+00:00,2026-10-10T07:34:54.545871+00:00,0.00028064999999999996,offpeak,0,147,"list-price estimate, not invoice"
math_test_intermediate_algebra_553,math_test_intermediate_algebra_553__base4096,base4096,4096,139,782,562,921,1,0,2026-10-10T07:34:52.074915+00:00,2026-10-10T07:34:55.574591+00:00,0.00049005,offpeak,0,139,"list-price estimate, not invoice"
math_test_intermediate_algebra_563,math_test_intermediate_algebra_563__base4096,base4096,4096,117,1112,684,1229,1,0,2026-10-10T07:34:52.273924+00:00,2026-10-10T07:34:57.036827+00:00,0.0006847499999999999,offpeak,0,117,"list-price estimate, not invoice"
math_test_intermediate_algebra_565,math_test_intermediate_algebra_565__base4096,base4096,4096,107,126,61,233,1,0,2026-10-10T07:34:52.512697+00:00,2026-10-10T07:34:53.774776+00:00,9.164999999999999e-05,offpeak,0,107,"list-price estimate, not invoice"
math_test_intermediate_algebra_57,math_test_intermediate_algebra_57__base4096,base4096,4096,148,4096,4096,4244,1,0,2026-10-10T07:34:52.551470+00:00,2026-10-10T07:35:08.751030+00:00,0.0024798,offpeak,0,148,"list-price estimate, not invoice"
math_test_intermediate_algebra_570,math_test_intermediate_algebra_570__base4096,base4096,4096,123,1153,820,1276,1,0,2026-10-10T07:34:52.552537+00:00,2026-10-10T07:34:57.218832+00:00,0.00071025,offpeak,0,123,"list-price estimate, not invoice"
math_test_intermediate_algebra_573,math_test_intermediate_algebra_573__base4096,base4096,4096,138,1597,1337,1735,1,0,2026-10-10T07:34:52.749086+00:00,2026-10-10T07:34:59.265875+00:00,0.0009789,offpeak,0,138,"list-price estimate, not invoice"
math_test_intermediate_algebra_586,math_test_intermediate_algebra_586__base4096,base4096,4096,97,211,129,308,1,0,2026-10-10T07:34:53.226125+00:00,2026-10-10T07:34:54.512340+00:00,0.00014115000000000002,offpeak,0,97,"list-price estimate, not invoice"
math_test_intermediate_algebra_605,math_test_intermediate_algebra_605__base4096,base4096,4096,234,423,189,657,1,0,2026-10-10T07:34:53.324106+00:00,2026-10-10T07:34:55.774715+00:00,0.0002889,offpeak,0,234,"list-price estimate, not invoice"
math_test_intermediate_algebra_615,math_test_intermediate_algebra_615__base4096,base4096,4096,96,1804,1382,1900,1,0,2026-10-10T07:34:53.341381+00:00,2026-10-10T07:35:00.714847+00:00,0.0010968,offpeak,0,96,"list-price estimate, not invoice"
math_test_intermediate_algebra_618,math_test_intermediate_algebra_618__base4096,base4096,4096,165,4096,4096,4261,1,0,2026-10-10T07:34:53.388531+00:00,2026-10-10T07:35:11.365156+00:00,0.00248235,offpeak,0,165,"list-price estimate, not invoice"
math_test_intermediate_algebra_627,math_test_intermediate_algebra_627__base4096,base4096,4096,131,2337,1744,2468,1,0,2026-10-10T07:34:53.451819+00:00,2026-10-10T07:35:02.354704+00:00,0.0014218500000000001,offpeak,0,131,"list-price estimate, not invoice"
math_test_intermediate_algebra_653,math_test_intermediate_algebra_653__base4096,base4096,4096,120,316,139,436,1,0,2026-10-10T07:34:53.519696+00:00,2026-10-10T07:34:54.999677+00:00,0.0002076,offpeak,0,120,"list-price estimate, not invoice"
math_test_intermediate_algebra_66,math_test_intermediate_algebra_66__base4096,base4096,4096,133,1199,956,1332,1,0,2026-10-10T07:34:53.639956+00:00,2026-10-10T07:34:58.877171+00:00,0.0007393500000000001,offpeak,0,133,"list-price estimate, not invoice"
math_test_intermediate_algebra_685,math_test_intermediate_algebra_685__base4096,base4096,4096,114,3241,2880,3355,1,0,2026-10-10T07:34:53.779378+00:00,2026-10-10T07:35:06.852316+00:00,0.0019617,offpeak,0,114,"list-price estimate, not invoice"
math_test_intermediate_algebra_689,math_test_intermediate_algebra_689__base4096,base4096,4096,75,169,112,244,1,0,2026-10-10T07:34:53.876735+00:00,2026-10-10T07:34:55.349809+00:00,0.00011264999999999999,offpeak,0,75,"list-price estimate, not invoice"
math_test_intermediate_algebra_693,math_test_intermediate_algebra_693__base4096,base4096,4096,116,1341,1102,1457,1,0,2026-10-10T07:34:54.076748+00:00,2026-10-10T07:34:59.735234+00:00,0.000822,offpeak,0,116,"list-price estimate, not invoice"
math_test_intermediate_algebra_695,math_test_intermediate_algebra_695__base4096,base4096,4096,86,548,403,634,1,0,2026-10-10T07:34:54.161902+00:00,2026-10-10T07:34:56.636369+00:00,0.0003417,offpeak,0,86,"list-price estimate, not invoice"
math_test_intermediate_algebra_700,math_test_intermediate_algebra_700__base4096,base4096,4096,445,3548,3360,3993,1,0,2026-10-10T07:34:54.430704+00:00,2026-10-10T07:35:13.697265+00:00,0.0021955499999999997,offpeak,0,445,"list-price estimate, not invoice"
math_test_intermediate_algebra_718,math_test_intermediate_algebra_718__base4096,base4096,4096,103,1035,821,1138,1,0,2026-10-10T07:34:54.518297+00:00,2026-10-10T07:34:59.826652+00:00,0.00063645,offpeak,0,103,"list-price estimate, not invoice"
math_test_intermediate_algebra_724,math_test_intermediate_algebra_724__base4096,base4096,4096,74,536,305,610,1,0,2026-10-10T07:34:54.552283+00:00,2026-10-10T07:34:57.337156+00:00,0.0003327,offpeak,0,74,"list-price estimate, not invoice"
math_test_intermediate_algebra_733,math_test_intermediate_algebra_733__base4096,base4096,4096,116,1398,1076,1514,1,0,2026-10-10T07:34:54.634757+00:00,2026-10-10T07:35:01.317110+00:00,0.0008561999999999999,offpeak,0,116,"list-price estimate, not invoice"
math_test_intermediate_algebra_734,math_test_intermediate_algebra_734__base4096,base4096,4096,119,438,201,557,1,0,2026-10-10T07:34:54.698950+00:00,2026-10-10T07:34:56.865695+00:00,0.00028065,offpeak,0,119,"list-price estimate, not invoice"
math_test_intermediate_algebra_741,math_test_intermediate_algebra_741__base4096,base4096,4096,203,4096,4096,4299,1,0,2026-10-10T07:34:54.906199+00:00,2026-10-10T07:35:15.724836+00:00,0.00248805,offpeak,0,203,"list-price estimate, not invoice"
math_test_intermediate_algebra_746,math_test_intermediate_algebra_746__base4096,base4096,4096,91,818,565,909,1,0,2026-10-10T07:34:54.957784+00:00,2026-10-10T07:34:58.673849+00:00,0.0005044499999999999,offpeak,0,91,"list-price estimate, not invoice"
math_test_intermediate_algebra_749,math_test_intermediate_algebra_749__base4096,base4096,4096,130,3423,3052,3553,1,0,2026-10-10T07:34:54.974058+00:00,2026-10-10T07:35:12.442590+00:00,0.0020732999999999997,offpeak,0,130,"list-price estimate, not invoice"
math_test_intermediate_algebra_756,math_test_intermediate_algebra_756__base4096,base4096,4096,153,2268,1793,2421,1,0,2026-10-10T07:34:55.005732+00:00,2026-10-10T07:35:03.477483+00:00,0.00138375,offpeak,0,153,"list-price estimate, not invoice"
math_test_intermediate_algebra_767,math_test_intermediate_algebra_767__base4096,base4096,4096,126,581,350,707,1,0,2026-10-10T07:34:55.038758+00:00,2026-10-10T07:34:57.859359+00:00,0.00036749999999999993,offpeak,0,126,"list-price estimate, not invoice"
math_test_intermediate_algebra_778,math_test_intermediate_algebra_778__base4096,base4096,4096,139,3003,2713,3142,1,0,2026-10-10T07:34:55.044029+00:00,2026-10-10T07:35:09.473451+00:00,0.0018226499999999999,offpeak,0,139,"list-price estimate, not invoice"
math_test_intermediate_algebra_780,math_test_intermediate_algebra_780__base4096,base4096,4096,137,1994,1561,2131,1,0,2026-10-10T07:34:55.131055+00:00,2026-10-10T07:35:02.878321+00:00,0.0012169499999999998,offpeak,0,137,"list-price estimate, not invoice"
math_test_intermediate_algebra_80,math_test_intermediate_algebra_80__base4096,base4096,4096,91,662,443,753,1,0,2026-10-10T07:34:55.355709+00:00,2026-10-10T07:34:58.716091+00:00,0.00041085,offpeak,0,91,"list-price estimate, not invoice"
math_test_intermediate_algebra_801,math_test_intermediate_algebra_801__base4096,base4096,4096,128,230,64,358,1,0,2026-10-10T07:34:55.579806+00:00,2026-10-10T07:34:56.988146+00:00,0.0001572,offpeak,0,128,"list-price estimate, not invoice"
math_test_intermediate_algebra_804,math_test_intermediate_algebra_804__base4096,base4096,4096,120,3856,3556,3976,1,0,2026-10-10T07:34:55.779426+00:00,2026-10-10T07:35:12.542304+00:00,0.0023316,offpeak,0,120,"list-price estimate, not invoice"
math_test_intermediate_algebra_813,math_test_intermediate_algebra_813__base4096,base4096,4096,104,151,63,255,1,0,2026-10-10T07:34:55.838745+00:00,2026-10-10T07:34:56.910670+00:00,0.00010619999999999999,offpeak,0,104,"list-price estimate, not invoice"
math_test_intermediate_algebra_814,math_test_intermediate_algebra_814__base4096,base4096,4096,283,1195,842,1478,1,0,2026-10-10T07:34:56.185580+00:00,2026-10-10T07:35:01.534899+00:00,0.0007594500000000001,offpeak,0,283,"list-price estimate, not invoice"
math_test_intermediate_algebra_818,math_test_intermediate_algebra_818__base4096,base4096,4096,111,790,490,901,1,0,2026-10-10T07:34:56.272093+00:00,2026-10-10T07:34:59.633542+00:00,0.00049065,offpeak,0,111,"list-price estimate, not invoice"
math_test_intermediate_algebra_821,math_test_intermediate_algebra_821__base4096,base4096,4096,116,681,438,797,1,0,2026-10-10T07:34:56.282761+00:00,2026-10-10T07:34:59.606508+00:00,0.00042599999999999995,offpeak,0,116,"list-price estimate, not invoice"
math_test_intermediate_algebra_834,math_test_intermediate_algebra_834__base4096,base4096,4096,105,627,501,732,1,0,2026-10-10T07:34:56.458786+00:00,2026-10-10T07:34:59.837440+00:00,0.00039195,offpeak,0,105,"list-price estimate, not invoice"
math_test_intermediate_algebra_835,math_test_intermediate_algebra_835__base4096,base4096,4096,91,455,200,546,1,0,2026-10-10T07:34:56.616500+00:00,2026-10-10T07:34:58.752504+00:00,0.00028665,offpeak,0,91,"list-price estimate, not invoice"
math_test_intermediate_algebra_839,math_test_intermediate_algebra_839__base4096,base4096,4096,100,226,103,326,1,0,2026-10-10T07:34:56.642112+00:00,2026-10-10T07:34:58.269280+00:00,0.0001506,offpeak,0,100,"list-price estimate, not invoice"
math_test_intermediate_algebra_853,math_test_intermediate_algebra_853__base4096,base4096,4096,92,184,82,276,1,0,2026-10-10T07:34:56.871133+00:00,2026-10-10T07:34:57.972128+00:00,0.00012419999999999998,offpeak,0,92,"list-price estimate, not invoice"
math_test_intermediate_algebra_858,math_test_intermediate_algebra_858__base4096,base4096,4096,105,546,296,651,1,0,2026-10-10T07:34:56.916578+00:00,2026-10-10T07:34:59.523092+00:00,0.00034334999999999997,offpeak,0,105,"list-price estimate, not invoice"
math_test_intermediate_algebra_859,math_test_intermediate_algebra_859__base4096,base4096,4096,72,1197,848,1269,1,0,2026-10-10T07:34:56.993892+00:00,2026-10-10T07:35:02.939043+00:00,0.0007289999999999999,offpeak,0,72,"list-price estimate, not invoice"
math_test_intermediate_algebra_876,math_test_intermediate_algebra_876__base4096,base4096,4096,87,410,222,497,1,0,2026-10-10T07:34:57.042642+00:00,2026-10-10T07:34:59.248125+00:00,0.00025905000000000004,offpeak,0,87,"list-price estimate, not invoice"
math_test_intermediate_algebra_892,math_test_intermediate_algebra_892__base4096,base4096,4096,115,1568,1285,1683,1,0,2026-10-10T07:34:57.185919+00:00,2026-10-10T07:35:04.447991+00:00,0.00095805,offpeak,0,115,"list-price estimate, not invoice"
math_test_intermediate_algebra_895,math_test_intermediate_algebra_895__base4096,base4096,4096,130,763,464,893,1,0,2026-10-10T07:34:57.228971+00:00,2026-10-10T07:35:01.601733+00:00,0.0004773,offpeak,0,130,"list-price estimate, not invoice"
math_test_intermediate_algebra_899,math_test_intermediate_algebra_899__base4096,base4096,4096,121,603,326,724,1,0,2026-10-10T07:34:57.341644+00:00,2026-10-10T07:35:00.339020+00:00,0.00037995,offpeak,0,121,"list-price estimate, not invoice"
math_test_intermediate_algebra_9,math_test_intermediate_algebra_9__base4096,base4096,4096,132,1682,1421,1814,1,0,2026-10-10T07:34:57.720855+00:00,2026-10-10T07:35:04.611466+00:00,0.001029,offpeak,0,132,"list-price estimate, not invoice"
math_test_intermediate_algebra_90,math_test_intermediate_algebra_90__base4096,base4096,4096,143,411,269,554,1,0,2026-10-10T07:34:57.863617+00:00,2026-10-10T07:35:00.277834+00:00,0.00026805000000000004,offpeak,0,143,"list-price estimate, not invoice"
math_test_intermediate_algebra_93,math_test_intermediate_algebra_93__base4096,base4096,4096,121,4028,3693,4149,1,0,2026-10-10T07:34:57.907795+00:00,2026-10-10T07:35:16.461071+00:00,0.00243495,offpeak,0,121,"list-price estimate, not invoice"
math_test_intermediate_algebra_97,math_test_intermediate_algebra_97__base4096,base4096,4096,138,823,605,961,1,0,2026-10-10T07:34:57.976204+00:00,2026-10-10T07:35:01.584423+00:00,0.0005145,offpeak,0,138,"list-price estimate, not invoice"
math_test_number_theory_0,math_test_number_theory_0__base4096,base4096,4096,90,302,192,392,1,0,2026-10-10T07:34:58.055529+00:00,2026-10-10T07:34:59.802211+00:00,0.0001947,offpeak,0,90,"list-price estimate, not invoice"
math_test_number_theory_100,math_test_number_theory_100__base4096,base4096,4096,68,288,113,356,1,0,2026-10-10T07:34:58.066647+00:00,2026-10-10T07:34:59.733897+00:00,0.00018299999999999998,offpeak,0,68,"list-price estimate, not invoice"
math_test_number_theory_124,math_test_number_theory_124__base4096,base4096,4096,82,566,383,648,1,0,2026-10-10T07:34:58.235425+00:00,2026-10-10T07:35:01.837497+00:00,0.0003519,offpeak,0,82,"list-price estimate, not invoice"
math_test_number_theory_130,math_test_number_theory_130__base4096,base4096,4096,75,869,715,944,1,0,2026-10-10T07:34:58.273831+00:00,2026-10-10T07:35:02.185319+00:00,0.00053265,offpeak,0,75,"list-price estimate, not invoice"
math_test_number_theory_155,math_test_number_theory_155__base4096,base4096,4096,80,490,319,570,1,0,2026-10-10T07:34:58.678895+00:00,2026-10-10T07:35:01.318291+00:00,0.000306,offpeak,0,80,"list-price estimate, not invoice"
math_test_number_theory_158,math_test_number_theory_158__base4096,base4096,4096,76,446,274,522,1,0,2026-10-10T07:34:58.721880+00:00,2026-10-10T07:35:01.259498+00:00,0.00027899999999999995,offpeak,0,76,"list-price estimate, not invoice"
math_test_number_theory_16,math_test_number_theory_16__base4096,base4096,4096,84,378,244,462,1,0,2026-10-10T07:34:58.757558+00:00,2026-10-10T07:35:00.451587+00:00,0.00023939999999999996,offpeak,0,84,"list-price estimate, not invoice"
math_test_number_theory_160,math_test_number_theory_160__base4096,base4096,4096,96,3019,2795,3115,1,0,2026-10-10T07:34:58.858779+00:00,2026-10-10T07:35:14.420952+00:00,0.0018258,offpeak,0,96,"list-price estimate, not invoice"
math_test_number_theory_170,math_test_number_theory_170__base4096,base4096,4096,148,1352,1059,1500,1,0,2026-10-10T07:34:58.882855+00:00,2026-10-10T07:35:05.831883+00:00,0.0008334,offpeak,0,148,"list-price estimate, not invoice"
math_test_number_theory_177,math_test_number_theory_177__base4096,base4096,4096,78,1130,884,1208,1,0,2026-10-10T07:34:58.911781+00:00,2026-10-10T07:35:04.981178+00:00,0.0006897,offpeak,0,78,"list-price estimate, not invoice"
math_test_number_theory_188,math_test_number_theory_188__base4096,base4096,4096,120,1192,853,1312,1,0,2026-10-10T07:34:59.253613+00:00,2026-10-10T07:35:04.434625+00:00,0.0007331999999999999,offpeak,0,120,"list-price estimate, not invoice"
math_test_number_theory_190,math_test_number_theory_190__base4096,base4096,4096,111,458,291,569,1,0,2026-10-10T07:34:59.270537+00:00,2026-10-10T07:35:02.109308+00:00,0.00029145,offpeak,0,111,"list-price estimate, not invoice"
math_test_number_theory_207,math_test_number_theory_207__base4096,base4096,4096,92,421,233,513,1,0,2026-10-10T07:34:59.287477+00:00,2026-10-10T07:35:01.451003+00:00,0.00026639999999999997,offpeak,0,92,"list-price estimate, not invoice"
math_test_number_theory_209,math_test_number_theory_209__base4096,base4096,4096,138,2250,2134,2388,1,0,2026-10-10T07:34:59.298467+00:00,2026-10-10T07:35:09.919629+00:00,0.0013707,offpeak,0,138,"list-price estimate, not invoice"
math_test_number_theory_218,math_test_number_theory_218__base4096,base4096,4096,80,295,168,375,1,0,2026-10-10T07:34:59.527982+00:00,2026-10-10T07:35:01.748572+00:00,0.000189,offpeak,0,80,"list-price estimate, not invoice"
math_test_number_theory_220,math_test_number_theory_220__base4096,base4096,4096,89,162,116,251,1,0,2026-10-10T07:34:59.611672+00:00,2026-10-10T07:35:01.112477+00:00,0.00011055,offpeak,0,89,"list-price estimate, not invoice"
math_test_number_theory_228,math_test_number_theory_228__base4096,base4096,4096,82,520,286,602,1,0,2026-10-10T07:34:59.639242+00:00,2026-10-10T07:35:02.245319+00:00,0.0003243,offpeak,0,82,"list-price estimate, not invoice"
math_test_number_theory_233,math_test_number_theory_233__base4096,base4096,4096,73,360,261,433,1,0,2026-10-10T07:34:59.703821+00:00,2026-10-10T07:35:02.056123+00:00,0.00022695,offpeak,0,73,"list-price estimate, not invoice"
math_test_number_theory_243,math_test_number_theory_243__base4096,base4096,4096,75,681,507,756,1,0,2026-10-10T07:34:59.739818+00:00,2026-10-10T07:35:03.216907+00:00,0.00041985,offpeak,0,75,"list-price estimate, not invoice"
math_test_number_theory_248,math_test_number_theory_248__base4096,base4096,4096,138,2956,2568,3094,1,0,2026-10-10T07:34:59.740730+00:00,2026-10-10T07:35:13.472160+00:00,0.0017943,offpeak,0,138,"list-price estimate, not invoice"
math_test_number_theory_257,math_test_number_theory_257__base4096,base4096,4096,72,811,641,883,1,0,2026-10-10T07:34:59.807021+00:00,2026-10-10T07:35:03.337102+00:00,0.0004974,offpeak,0,72,"list-price estimate, not invoice"
math_test_number_theory_282,math_test_number_theory_282__base4096,base4096,4096,140,554,283,694,1,0,2026-10-10T07:34:59.832868+00:00,2026-10-10T07:35:03.028434+00:00,0.00035339999999999997,offpeak,0,140,"list-price estimate, not invoice"
math_test_number_theory_284,math_test_number_theory_284__base4096,base4096,4096,155,936,710,1091,1,0,2026-10-10T07:34:59.843981+00:00,2026-10-10T07:35:04.489668+00:00,0.00058485,offpeak,0,155,"list-price estimate, not invoice"
math_test_number_theory_295,math_test_number_theory_295__base4096,base4096,4096,88,158,72,246,1,0,2026-10-10T07:35:00.283843+00:00,2026-10-10T07:35:01.344458+00:00,0.000108,offpeak,0,88,"list-price estimate, not invoice"
math_test_number_theory_296,math_test_number_theory_296__base4096,base4096,4096,76,742,402,818,1,0,2026-10-10T07:35:00.284957+00:00,2026-10-10T07:35:03.940164+00:00,0.0004566,offpeak,0,76,"list-price estimate, not invoice"
math_test_number_theory_297,math_test_number_theory_297__base4096,base4096,4096,93,254,159,347,1,0,2026-10-10T07:35:00.343811+00:00,2026-10-10T07:35:02.387985+00:00,0.00016635,offpeak,0,93,"list-price estimate, not invoice"
math_test_number_theory_299,math_test_number_theory_299__base4096,base4096,4096,75,198,120,273,1,0,2026-10-10T07:35:00.456805+00:00,2026-10-10T07:35:01.982452+00:00,0.00013005000000000002,offpeak,0,75,"list-price estimate, not invoice"
math_test_number_theory_321,math_test_number_theory_321__base4096,base4096,4096,81,417,260,498,1,0,2026-10-10T07:35:00.719857+00:00,2026-10-10T07:35:03.199346+00:00,0.00026234999999999995,offpeak,0,81,"list-price estimate, not invoice"
math_test_number_theory_33,math_test_number_theory_33__base4096,base4096,4096,76,605,388,681,1,0,2026-10-10T07:35:00.786772+00:00,2026-10-10T07:35:04.010873+00:00,0.0003744,offpeak,0,76,"list-price estimate, not invoice"
math_test_number_theory_334,math_test_number_theory_334__base4096,base4096,4096,83,218,124,301,1,0,2026-10-10T07:35:00.923871+00:00,2026-10-10T07:35:02.303153+00:00,0.00014324999999999996,offpeak,0,83,"list-price estimate, not invoice"
math_test_number_theory_337,math_test_number_theory_337__base4096,base4096,4096,78,387,256,465,1,0,2026-10-10T07:35:00.982166+00:00,2026-10-10T07:35:03.100268+00:00,0.00024389999999999997,offpeak,0,78,"list-price estimate, not invoice"
math_test_number_theory_34,math_test_number_theory_34__base4096,base4096,4096,114,1019,884,1133,1,0,2026-10-10T07:35:01.117212+00:00,2026-10-10T07:35:06.352171+00:00,0.0006285,offpeak,0,114,"list-price estimate, not invoice"
math_test_number_theory_342,math_test_number_theory_342__base4096,base4096,4096,108,536,371,644,1,0,2026-10-10T07:35:01.118653+00:00,2026-10-10T07:35:03.566359+00:00,0.00033779999999999997,offpeak,0,108,"list-price estimate, not invoice"
math_test_number_theory_373,math_test_number_theory_373__base4096,base4096,4096,106,461,207,567,1,0,2026-10-10T07:35:01.265964+00:00,2026-10-10T07:35:03.703680+00:00,0.00029249999999999995,offpeak,0,106,"list-price estimate, not invoice"
math_test_number_theory_375,math_test_number_theory_375__base4096,base4096,4096,96,826,516,922,1,0,2026-10-10T07:35:01.323969+00:00,2026-10-10T07:35:05.112896+00:00,0.0005099999999999999,offpeak,0,96,"list-price estimate, not invoice"
math_test_number_theory_376,math_test_number_theory_376__base4096,base4096,4096,115,735,410,850,1,0,2026-10-10T07:35:01.324289+00:00,2026-10-10T07:35:04.834737+00:00,0.00045825,offpeak,0,115,"list-price estimate, not invoice"
math_test_number_theory_38,math_test_number_theory_38__base4096,base4096,4096,73,334,206,407,1,0,2026-10-10T07:35:01.351058+00:00,2026-10-10T07:35:03.139741+00:00,0.00021135,offpeak,0,73,"list-price estimate, not invoice"
math_test_number_theory_383,math_test_number_theory_383__base4096,base4096,4096,124,443,209,567,1,0,2026-10-10T07:35:01.456943+00:00,2026-10-10T07:35:03.453949+00:00,0.00028440000000000003,offpeak,0,124,"list-price estimate, not invoice"
math_test_number_theory_390,math_test_number_theory_390__base4096,base4096,4096,79,381,178,460,1,0,2026-10-10T07:35:01.539395+00:00,2026-10-10T07:35:03.610553+00:00,0.00024045,offpeak,0,79,"list-price estimate, not invoice"
math_test_number_theory_415,math_test_number_theory_415__base4096,base4096,4096,101,389,226,490,1,0,2026-10-10T07:35:01.589335+00:00,2026-10-10T07:35:03.674889+00:00,0.00024855,offpeak,0,101,"list-price estimate, not invoice"
math_test_number_theory_421,math_test_number_theory_421__base4096,base4096,4096,83,838,608,921,1,0,2026-10-10T07:35:01.606984+00:00,2026-10-10T07:35:05.814858+00:00,0.00051525,offpeak,0,83,"list-price estimate, not invoice"
math_test_number_theory_434,math_test_number_theory_434__base4096,base4096,4096,91,464,237,555,1,0,2026-10-10T07:35:01.754082+00:00,2026-10-10T07:35:03.866714+00:00,0.00029204999999999997,offpeak,0,91,"list-price estimate, not invoice"
math_test_number_theory_436,math_test_number_theory_436__base4096,base4096,4096,82,551,292,633,1,0,2026-10-10T07:35:01.765106+00:00,2026-10-10T07:35:04.638384+00:00,0.0003429,offpeak,0,82,"list-price estimate, not invoice"
math_test_number_theory_445,math_test_number_theory_445__base4096,base4096,4096,85,1192,973,1277,1,0,2026-10-10T07:35:01.842401+00:00,2026-10-10T07:35:07.092812+00:00,0.0007279499999999999,offpeak,0,85,"list-price estimate, not invoice"
math_test_number_theory_454,math_test_number_theory_454__base4096,base4096,4096,135,614,395,749,1,0,2026-10-10T07:35:01.988366+00:00,2026-10-10T07:35:05.085859+00:00,0.00038865,offpeak,0,135,"list-price estimate, not invoice"
math_test_number_theory_47,math_test_number_theory_47__base4096,base4096,4096,93,499,334,592,1,0,2026-10-10T07:35:02.061245+00:00,2026-10-10T07:35:04.753207+00:00,0.00031334999999999995,offpeak,0,93,"list-price estimate, not invoice"
math_test_number_theory_471,math_test_number_theory_471__base4096,base4096,4096,78,279,120,357,1,0,2026-10-10T07:35:02.114501+00:00,2026-10-10T07:35:03.769829+00:00,0.0001791,offpeak,0,78,"list-price estimate, not invoice"
math_test_number_theory_481,math_test_number_theory_481__base4096,base4096,4096,86,733,412,819,1,0,2026-10-10T07:35:02.190536+00:00,2026-10-10T07:35:05.539579+00:00,0.0004527,offpeak,0,86,"list-price estimate, not invoice"
math_test_number_theory_491,math_test_number_theory_491__base4096,base4096,4096,91,4096,4096,4187,1,0,2026-10-10T07:35:02.250769+00:00,2026-10-10T07:35:20.743377+00:00,0.00247125,offpeak,0,91,"list-price estimate, not invoice"
math_test_number_theory_503,math_test_number_theory_503__base4096,base4096,4096,118,512,216,630,1,0,2026-10-10T07:35:02.308063+00:00,2026-10-10T07:35:04.574977+00:00,0.0003249,offpeak,0,118,"list-price estimate, not invoice"
math_test_number_theory_521,math_test_number_theory_521__base4096,base4096,4096,159,3581,3338,3740,1,0,2026-10-10T07:35:02.359302+00:00,2026-10-10T07:35:20.357074+00:00,0.00217245,offpeak,0,159,"list-price estimate, not invoice"
math_test_number_theory_522,math_test_number_theory_522__base4096,base4096,4096,118,1889,1610,2007,1,0,2026-10-10T07:35:02.392600+00:00,2026-10-10T07:35:10.854045+00:00,0.0011511,offpeak,0,118,"list-price estimate, not invoice"
math_test_number_theory_59,math_test_number_theory_59__base4096,base4096,4096,158,650,370,808,1,0,2026-10-10T07:35:02.832290+00:00,2026-10-10T07:35:06.039022+00:00,0.00041369999999999997,offpeak,0,158,"list-price estimate, not invoice"
math_test_number_theory_62,math_test_number_theory_62__base4096,base4096,4096,95,288,157,383,1,0,2026-10-10T07:35:02.847219+00:00,2026-10-10T07:35:05.171768+00:00,0.00018705,offpeak,0,95,"list-price estimate, not invoice"
math_test_number_theory_64,math_test_number_theory_64__base4096,base4096,4096,147,862,682,1009,1,0,2026-10-10T07:35:02.884848+00:00,2026-10-10T07:35:06.916157+00:00,0.0005392499999999999,offpeak,0,147,"list-price estimate, not invoice"
math_test_number_theory_69,math_test_number_theory_69__base4096,base4096,4096,94,628,447,722,1,0,2026-10-10T07:35:02.943478+00:00,2026-10-10T07:35:06.105241+00:00,0.0003909,offpeak,0,94,"list-price estimate, not invoice"
math_test_number_theory_77,math_test_number_theory_77__base4096,base4096,4096,77,612,376,689,1,0,2026-10-10T07:35:03.033994+00:00,2026-10-10T07:35:06.253120+00:00,0.00037875,offpeak,0,77,"list-price estimate, not invoice"
math_test_number_theory_89,math_test_number_theory_89__base4096,base4096,4096,72,290,149,362,1,0,2026-10-10T07:35:03.105509+00:00,2026-10-10T07:35:04.631824+00:00,0.00018480000000000002,offpeak,0,72,"list-price estimate, not invoice"
math_test_number_theory_90,math_test_number_theory_90__base4096,base4096,4096,72,370,221,442,1,0,2026-10-10T07:35:03.145082+00:00,2026-10-10T07:35:05.477917+00:00,0.00023280000000000002,offpeak,0,72,"list-price estimate, not invoice"
math_test_prealgebra_0,math_test_prealgebra_0__base4096,base4096,4096,174,1783,1584,1957,1,0,2026-10-10T07:35:03.165415+00:00,2026-10-10T07:35:13.280602+00:00,0.0010959,offpeak,0,174,"list-price estimate, not invoice"
math_test_prealgebra_124,math_test_prealgebra_124__base4096,base4096,4096,383,4096,4096,4479,1,0,2026-10-10T07:35:03.204425+00:00,2026-10-10T07:35:24.836447+00:00,0.0025150499999999996,offpeak,0,383,"list-price estimate, not invoice"
math_test_prealgebra_126,math_test_prealgebra_126__base4096,base4096,4096,65,134,58,199,1,0,2026-10-10T07:35:03.221603+00:00,2026-10-10T07:35:04.345777+00:00,9.015e-05,offpeak,0,65,"list-price estimate, not invoice"
math_test_prealgebra_128,math_test_prealgebra_128__base4096,base4096,4096,90,254,167,344,1,0,2026-10-10T07:35:03.320007+00:00,2026-10-10T07:35:04.812745+00:00,0.0001659,offpeak,0,90,"list-price estimate, not invoice"
math_test_prealgebra_146,math_test_prealgebra_146__base4096,base4096,4096,86,259,110,345,1,0,2026-10-10T07:35:03.342192+00:00,2026-10-10T07:35:04.673842+00:00,0.0001683,offpeak,0,86,"list-price estimate, not invoice"
math_test_prealgebra_148,math_test_prealgebra_148__base4096,base4096,4096,74,346,189,420,1,0,2026-10-10T07:35:03.412812+00:00,2026-10-10T07:35:05.668844+00:00,0.00021869999999999998,offpeak,0,74,"list-price estimate, not invoice"
math_test_prealgebra_155,math_test_prealgebra_155__base4096,base4096,4096,101,160,68,261,1,0,2026-10-10T07:35:03.459371+00:00,2026-10-10T07:35:04.947410+00:00,0.00011115,offpeak,0,101,"list-price estimate, not invoice"
math_test_prealgebra_157,math_test_prealgebra_157__base4096,base4096,4096,84,691,413,775,1,0,2026-10-10T07:35:03.483914+00:00,2026-10-10T07:35:07.061988+00:00,0.0004272,offpeak,0,84,"list-price estimate, not invoice"
math_test_prealgebra_16,math_test_prealgebra_16__base4096,base4096,4096,89,214,132,303,1,0,2026-10-10T07:35:03.571686+00:00,2026-10-10T07:35:04.921610+00:00,0.00014175,offpeak,0,89,"list-price estimate, not invoice"
math_test_prealgebra_17,math_test_prealgebra_17__base4096,base4096,4096,260,486,332,746,1,0,2026-10-10T07:35:03.616359+00:00,2026-10-10T07:35:06.077183+00:00,0.00033059999999999996,offpeak,0,260,"list-price estimate, not invoice"
math_test_prealgebra_171,math_test_prealgebra_171__base4096,base4096,4096,138,721,593,859,1,0,2026-10-10T07:35:03.679232+00:00,2026-10-10T07:35:07.249463+00:00,0.00045329999999999996,offpeak,0,138,"list-price estimate, not invoice"
math_test_prealgebra_174,math_test_prealgebra_174__base4096,base4096,4096,96,295,192,391,1,0,2026-10-10T07:35:03.708924+00:00,2026-10-10T07:35:05.474994+00:00,0.00019140000000000002,offpeak,0,96,"list-price estimate, not invoice"
math_test_prealgebra_189,math_test_prealgebra_189__base4096,base4096,4096,119,176,70,295,1,0,2026-10-10T07:35:03.774790+00:00,2026-10-10T07:35:04.871486+00:00,0.00012345,offpeak,0,119,"list-price estimate, not invoice"
math_test_prealgebra_19,math_test_prealgebra_19__base4096,base4096,4096,202,1517,1401,1719,1,0,2026-10-10T07:35:03.872279+00:00,2026-10-10T07:35:10.949365+00:00,0.0009404999999999999,offpeak,0,202,"list-price estimate, not invoice"
math_test_prealgebra_191,math_test_prealgebra_191__base4096,base4096,4096,219,1263,1150,1482,1,0,2026-10-10T07:35:03.944825+00:00,2026-10-10T07:35:10.695496+00:00,0.00079065,offpeak,0,219,"list-price estimate, not invoice"
math_test_prealgebra_194,math_test_prealgebra_194__base4096,base4096,4096,80,187,67,267,1,0,2026-10-10T07:35:04.016660+00:00,2026-10-10T07:35:05.216931+00:00,0.0001242,offpeak,0,80,"list-price estimate, not invoice"
math_test_prealgebra_2,math_test_prealgebra_2__base4096,base4096,4096,68,268,108,336,1,0,2026-10-10T07:35:04.351621+00:00,2026-10-10T07:35:06.060262+00:00,0.00017099999999999998,offpeak,0,68,"list-price estimate, not invoice"
math_test_prealgebra_226,math_test_prealgebra_226__base4096,base4096,4096,72,132,85,204,1,0,2026-10-10T07:35:04.429584+00:00,2026-10-10T07:35:05.328885+00:00,9e-05,offpeak,0,72,"list-price estimate, not invoice"
math_test_prealgebra_245,math_test_prealgebra_245__base4096,base4096,4096,103,287,142,390,1,0,2026-10-10T07:35:04.439442+00:00,2026-10-10T07:35:06.415112+00:00,0.00018764999999999998,offpeak,0,103,"list-price estimate, not invoice"
math_test_prealgebra_256,math_test_prealgebra_256__base4096,base4096,4096,170,422,311,592,1,0,2026-10-10T07:35:04.454022+00:00,2026-10-10T07:35:07.008342+00:00,0.0002787,offpeak,0,170,"list-price estimate, not invoice"
math_test_prealgebra_265,math_test_prealgebra_265__base4096,base4096,4096,91,325,203,416,1,0,2026-10-10T07:35:04.454309+00:00,2026-10-10T07:35:06.144176+00:00,0.00020865,offpeak,0,91,"list-price estimate, not invoice"
math_test_prealgebra_293,math_test_prealgebra_293__base4096,base4096,4096,117,305,138,422,1,0,2026-10-10T07:35:04.495529+00:00,2026-10-10T07:35:06.461284+00:00,0.00020055000000000002,offpeak,0,117,"list-price estimate, not invoice"
math_test_prealgebra_294,math_test_prealgebra_294__base4096,base4096,4096,219,4096,4096,4315,1,0,2026-10-10T07:35:04.579345+00:00,2026-10-10T07:35:24.226036+00:00,0.00249045,offpeak,0,219,"list-price estimate, not invoice"
math_test_prealgebra_301,math_test_prealgebra_301__base4096,base4096,4096,73,174,56,247,1,0,2026-10-10T07:35:04.617025+00:00,2026-10-10T07:35:05.959304+00:00,0.00011535,offpeak,0,73,"list-price estimate, not invoice"
math_test_prealgebra_319,math_test_prealgebra_319__base4096,base4096,4096,68,168,111,236,1,0,2026-10-10T07:35:04.638483+00:00,2026-10-10T07:35:05.783659+00:00,0.000111,offpeak,0,68,"list-price estimate, not invoice"
math_test_prealgebra_322,math_test_prealgebra_322__base4096,base4096,4096,87,242,112,329,1,0,2026-10-10T07:35:04.644143+00:00,2026-10-10T07:35:06.188394+00:00,0.00015825,offpeak,0,87,"list-price estimate, not invoice"
math_test_prealgebra_331,math_test_prealgebra_331__base4096,base4096,4096,95,156,80,251,1,0,2026-10-10T07:35:04.678782+00:00,2026-10-10T07:35:06.158134+00:00,0.00010784999999999999,offpeak,0,95,"list-price estimate, not invoice"
math_test_prealgebra_335,math_test_prealgebra_335__base4096,base4096,4096,81,137,53,218,1,0,2026-10-10T07:35:04.757383+00:00,2026-10-10T07:35:05.957778+00:00,9.435e-05,offpeak,0,81,"list-price estimate, not invoice"
math_test_prealgebra_354,math_test_prealgebra_354__base4096,base4096,4096,94,211,101,305,1,0,2026-10-10T07:35:04.818507+00:00,2026-10-10T07:35:06.395211+00:00,0.00014069999999999998,offpeak,0,94,"list-price estimate, not invoice"
math_test_prealgebra_355,math_test_prealgebra_355__base4096,base4096,4096,85,116,49,201,1,0,2026-10-10T07:35:04.840485+00:00,2026-10-10T07:35:05.871233+00:00,8.235e-05,offpeak,0,85,"list-price estimate, not invoice"
math_test_prealgebra_357,math_test_prealgebra_357__base4096,base4096,4096,91,261,145,352,1,0,2026-10-10T07:35:04.876345+00:00,2026-10-10T07:35:06.791945+00:00,0.00017025,offpeak,0,91,"list-price estimate, not invoice"
math_test_prealgebra_372,math_test_prealgebra_372__base4096,base4096,4096,81,148,62,229,1,0,2026-10-10T07:35:04.925671+00:00,2026-10-10T07:35:06.277288+00:00,0.00010095,offpeak,0,81,"list-price estimate, not invoice"
math_test_prealgebra_38,math_test_prealgebra_38__base4096,base4096,4096,115,132,64,247,1,0,2026-10-10T07:35:04.953194+00:00,2026-10-10T07:35:06.230697+00:00,9.645e-05,offpeak,0,115,"list-price estimate, not invoice"
math_test_prealgebra_385,math_test_prealgebra_385__base4096,base4096,4096,142,2940,2771,3082,1,0,2026-10-10T07:35:04.986556+00:00,2026-10-10T07:35:20.148712+00:00,0.0017852999999999999,offpeak,0,142,"list-price estimate, not invoice"
math_test_prealgebra_388,math_test_prealgebra_388__base4096,base4096,4096,106,199,97,305,1,0,2026-10-10T07:35:05.036167+00:00,2026-10-10T07:35:06.159536+00:00,0.00013529999999999998,offpeak,0,106,"list-price estimate, not invoice"
math_test_prealgebra_399,math_test_prealgebra_399__base4096,base4096,4096,95,267,161,362,1,0,2026-10-10T07:35:05.090864+00:00,2026-10-10T07:35:07.196851+00:00,0.00017444999999999998,offpeak,0,95,"list-price estimate, not invoice"
math_test_prealgebra_413,math_test_prealgebra_413__base4096,base4096,4096,73,127,66,200,1,0,2026-10-10T07:35:05.118580+00:00,2026-10-10T07:35:06.312698+00:00,8.715e-05,offpeak,0,73,"list-price estimate, not invoice"
math_test_prealgebra_423,math_test_prealgebra_423__base4096,base4096,4096,116,145,82,261,1,0,2026-10-10T07:35:05.176628+00:00,2026-10-10T07:35:06.597166+00:00,0.0001044,offpeak,0,116,"list-price estimate, not invoice"
math_test_prealgebra_428,math_test_prealgebra_428__base4096,base4096,4096,100,197,94,297,1,0,2026-10-10T07:35:05.222268+00:00,2026-10-10T07:35:07.006875+00:00,0.00013319999999999999,offpeak,0,100,"list-price estimate, not invoice"
math_test_prealgebra_444,math_test_prealgebra_444__base4096,base4096,4096,192,344,253,536,1,0,2026-10-10T07:35:05.334750+00:00,2026-10-10T07:35:08.866563+00:00,0.0002352,offpeak,0,192,"list-price estimate, not invoice"
math_test_prealgebra_449,math_test_prealgebra_449__base4096,base4096,4096,139,729,482,868,1,0,2026-10-10T07:35:05.476707+00:00,2026-10-10T07:35:10.222718+00:00,0.00045825,offpeak,0,139,"list-price estimate, not invoice"
math_test_prealgebra_454,math_test_prealgebra_454__base4096,base4096,4096,96,253,93,349,1,0,2026-10-10T07:35:05.482205+00:00,2026-10-10T07:35:08.235717+00:00,0.0001662,offpeak,0,96,"list-price estimate, not invoice"
math_test_prealgebra_456,math_test_prealgebra_456__base4096,base4096,4096,133,374,172,507,1,0,2026-10-10T07:35:05.484464+00:00,2026-10-10T07:35:08.172047+00:00,0.00024435,offpeak,0,133,"list-price estimate, not invoice"
math_test_prealgebra_466,math_test_prealgebra_466__base4096,base4096,4096,113,287,181,400,1,0,2026-10-10T07:35:05.544080+00:00,2026-10-10T07:35:08.146463+00:00,0.00018915,offpeak,0,113,"list-price estimate, not invoice"
math_test_prealgebra_473,math_test_prealgebra_473__base4096,base4096,4096,85,364,196,449,1,0,2026-10-10T07:35:05.673718+00:00,2026-10-10T07:35:08.092289+00:00,0.00023115,offpeak,0,85,"list-price estimate, not invoice"
math_test_prealgebra_475,math_test_prealgebra_475__base4096,base4096,4096,103,206,111,309,1,0,2026-10-10T07:35:05.788179+00:00,2026-10-10T07:35:08.223863+00:00,0.00013905,offpeak,0,103,"list-price estimate, not invoice"
math_test_prealgebra_479,math_test_prealgebra_479__base4096,base4096,4096,88,138,62,226,1,0,2026-10-10T07:35:05.819611+00:00,2026-10-10T07:35:08.159694+00:00,9.6e-05,offpeak,0,88,"list-price estimate, not invoice"
math_test_prealgebra_493,math_test_prealgebra_493__base4096,base4096,4096,90,137,53,227,1,0,2026-10-10T07:35:05.836412+00:00,2026-10-10T07:35:07.642728+00:00,9.570000000000001e-05,offpeak,0,90,"list-price estimate, not invoice"
math_test_prealgebra_525,math_test_prealgebra_525__base4096,base4096,4096,132,205,114,337,1,0,2026-10-10T07:35:05.875697+00:00,2026-10-10T07:35:08.044192+00:00,0.0001428,offpeak,0,132,"list-price estimate, not invoice"
math_test_prealgebra_529,math_test_prealgebra_529__base4096,base4096,4096,67,138,60,205,1,0,2026-10-10T07:35:05.963994+00:00,2026-10-10T07:35:07.576961+00:00,9.285e-05,offpeak,0,67,"list-price estimate, not invoice"
math_test_prealgebra_55,math_test_prealgebra_55__base4096,base4096,4096,104,189,101,293,1,0,2026-10-10T07:35:05.964524+00:00,2026-10-10T07:35:07.834590+00:00,0.000129,offpeak,0,104,"list-price estimate, not invoice"
math_test_prealgebra_551,math_test_prealgebra_551__base4096,base4096,4096,338,4096,3980,4434,1,0,2026-10-10T07:35:06.026802+00:00,2026-10-10T07:35:25.099507+00:00,0.0025082999999999998,offpeak,0,338,"list-price estimate, not invoice"
math_test_prealgebra_557,math_test_prealgebra_557__base4096,base4096,4096,82,116,47,198,1,0,2026-10-10T07:35:06.043940+00:00,2026-10-10T07:35:07.734198+00:00,8.189999999999998e-05,offpeak,0,82,"list-price estimate, not invoice"
math_test_prealgebra_562,math_test_prealgebra_562__base4096,base4096,4096,110,218,98,328,1,0,2026-10-10T07:35:06.064684+00:00,2026-10-10T07:35:08.085259+00:00,0.00014729999999999998,offpeak,0,110,"list-price estimate, not invoice"
math_test_prealgebra_566,math_test_prealgebra_566__base4096,base4096,4096,84,164,73,248,1,0,2026-10-10T07:35:06.083050+00:00,2026-10-10T07:35:07.540802+00:00,0.00011099999999999999,offpeak,0,84,"list-price estimate, not invoice"
math_test_prealgebra_569,math_test_prealgebra_569__base4096,base4096,4096,91,197,82,288,1,0,2026-10-10T07:35:06.110175+00:00,2026-10-10T07:35:07.881333+00:00,0.00013185,offpeak,0,91,"list-price estimate, not invoice"
math_test_prealgebra_570,math_test_prealgebra_570__base4096,base4096,4096,91,1065,769,1156,1,0,2026-10-10T07:35:06.150069+00:00,2026-10-10T07:35:11.676147+00:00,0.00065265,offpeak,0,91,"list-price estimate, not invoice"
math_test_prealgebra_587,math_test_prealgebra_587__base4096,base4096,4096,72,79,41,151,1,0,2026-10-10T07:35:06.164121+00:00,2026-10-10T07:35:07.522025+00:00,5.82e-05,offpeak,0,72,"list-price estimate, not invoice"
math_test_prealgebra_590,math_test_prealgebra_590__base4096,base4096,4096,492,4096,4096,4588,1,0,2026-10-10T07:35:06.165191+00:00,2026-10-10T07:35:27.079962+00:00,0.0025314,offpeak,0,492,"list-price estimate, not invoice"
math_test_prealgebra_592,math_test_prealgebra_592__base4096,base4096,4096,137,363,220,500,1,0,2026-10-10T07:35:06.193058+00:00,2026-10-10T07:35:08.754799+00:00,0.00023835,offpeak,0,137,"list-price estimate, not invoice"
math_test_prealgebra_596,math_test_prealgebra_596__base4096,base4096,4096,145,1905,1657,2050,1,0,2026-10-10T07:35:06.236502+00:00,2026-10-10T07:35:15.146364+00:00,0.00116475,offpeak,0,145,"list-price estimate, not invoice"
math_test_prealgebra_598,math_test_prealgebra_598__base4096,base4096,4096,78,163,64,241,1,0,2026-10-10T07:35:06.258096+00:00,2026-10-10T07:35:08.058630+00:00,0.0001095,offpeak,0,78,"list-price estimate, not invoice"
math_test_prealgebra_602,math_test_prealgebra_602__base4096,base4096,4096,77,552,361,629,1,0,2026-10-10T07:35:06.282190+00:00,2026-10-10T07:35:09.852026+00:00,0.00034275,offpeak,0,77,"list-price estimate, not invoice"
math_test_prealgebra_603,math_test_prealgebra_603__base4096,base4096,4096,70,134,67,204,1,0,2026-10-10T07:35:06.318117+00:00,2026-10-10T07:35:07.925301+00:00,9.089999999999999e-05,offpeak,0,70,"list-price estimate, not invoice"
math_test_prealgebra_606,math_test_prealgebra_606__base4096,base4096,4096,127,256,131,383,1,0,2026-10-10T07:35:06.357182+00:00,2026-10-10T07:35:08.702181+00:00,0.00017265,offpeak,0,127,"list-price estimate, not invoice"
math_test_prealgebra_61,math_test_prealgebra_61__base4096,base4096,4096,131,234,113,365,1,0,2026-10-10T07:35:06.400998+00:00,2026-10-10T07:35:08.111606+00:00,0.00016005000000000001,offpeak,0,131,"list-price estimate, not invoice"
math_test_prealgebra_617,math_test_prealgebra_617__base4096,base4096,4096,83,157,64,240,1,0,2026-10-10T07:35:06.421161+00:00,2026-10-10T07:35:07.781142+00:00,0.00010665,offpeak,0,83,"list-price estimate, not invoice"
math_test_prealgebra_625,math_test_prealgebra_625__base4096,base4096,4096,122,152,75,274,1,0,2026-10-10T07:35:06.468383+00:00,2026-10-10T07:35:07.920309+00:00,0.0001095,offpeak,0,122,"list-price estimate, not invoice"
math_test_prealgebra_626,math_test_prealgebra_626__base4096,base4096,4096,96,359,217,455,1,0,2026-10-10T07:35:06.498120+00:00,2026-10-10T07:35:08.663001+00:00,0.0002298,offpeak,0,96,"list-price estimate, not invoice"
math_test_prealgebra_63,math_test_prealgebra_63__base4096,base4096,4096,76,110,57,186,1,0,2026-10-10T07:35:06.604995+00:00,2026-10-10T07:35:07.581870+00:00,7.740000000000001e-05,offpeak,0,76,"list-price estimate, not invoice"
math_test_prealgebra_630,math_test_prealgebra_630__base4096,base4096,4096,72,97,47,169,1,0,2026-10-10T07:35:06.798187+00:00,2026-10-10T07:35:08.016846+00:00,6.9e-05,offpeak,0,72,"list-price estimate, not invoice"
math_test_prealgebra_652,math_test_prealgebra_652__base4096,base4096,4096,134,115,61,249,1,0,2026-10-10T07:35:06.857817+00:00,2026-10-10T07:35:08.156087+00:00,8.91e-05,offpeak,0,134,"list-price estimate, not invoice"
math_test_prealgebra_660,math_test_prealgebra_660__base4096,base4096,4096,71,169,87,240,1,0,2026-10-10T07:35:06.922348+00:00,2026-10-10T07:35:08.205184+00:00,0.00011205,offpeak,0,71,"list-price estimate, not invoice"
math_test_prealgebra_666,math_test_prealgebra_666__base4096,base4096,4096,82,362,204,444,1,0,2026-10-10T07:35:06.959461+00:00,2026-10-10T07:35:08.779283+00:00,0.0002295,offpeak,0,82,"list-price estimate, not invoice"
math_test_prealgebra_668,math_test_prealgebra_668__base4096,base4096,4096,75,137,63,212,1,0,2026-10-10T07:35:07.013211+00:00,2026-10-10T07:35:08.444610+00:00,9.345000000000001e-05,offpeak,0,75,"list-price estimate, not invoice"
math_test_prealgebra_693,math_test_prealgebra_693__base4096,base4096,4096,70,149,60,219,1,0,2026-10-10T07:35:07.013453+00:00,2026-10-10T07:35:08.507035+00:00,9.989999999999999e-05,offpeak,0,70,"list-price estimate, not invoice"
math_test_prealgebra_699,math_test_prealgebra_699__base4096,base4096,4096,86,330,115,416,1,0,2026-10-10T07:35:07.069251+00:00,2026-10-10T07:35:08.760472+00:00,0.0002109,offpeak,0,86,"list-price estimate, not invoice"
math_test_prealgebra_70,math_test_prealgebra_70__base4096,base4096,4096,272,178,107,450,1,0,2026-10-10T07:35:07.069578+00:00,2026-10-10T07:35:08.425272+00:00,0.00014759999999999998,offpeak,0,272,"list-price estimate, not invoice"
math_test_prealgebra_701,math_test_prealgebra_701__base4096,base4096,4096,100,386,256,486,1,0,2026-10-10T07:35:07.098439+00:00,2026-10-10T07:35:09.637454+00:00,0.0002466,offpeak,0,100,"list-price estimate, not invoice"
math_test_prealgebra_707,math_test_prealgebra_707__base4096,base4096,4096,93,221,105,314,1,0,2026-10-10T07:35:07.202676+00:00,2026-10-10T07:35:08.596427+00:00,0.00014654999999999998,offpeak,0,93,"list-price estimate, not invoice"
math_test_prealgebra_720,math_test_prealgebra_720__base4096,base4096,4096,76,152,52,228,1,0,2026-10-10T07:35:07.254277+00:00,2026-10-10T07:35:08.542911+00:00,0.00010260000000000001,offpeak,0,76,"list-price estimate, not invoice"
math_test_prealgebra_729,math_test_prealgebra_729__base4096,base4096,4096,108,505,398,613,1,0,2026-10-10T07:35:07.527111+00:00,2026-10-10T07:35:10.410139+00:00,0.0003192,offpeak,0,108,"list-price estimate, not invoice"
math_test_prealgebra_730,math_test_prealgebra_730__base4096,base4096,4096,72,522,315,594,1,0,2026-10-10T07:35:07.546230+00:00,2026-10-10T07:35:09.870126+00:00,0.000324,offpeak,0,72,"list-price estimate, not invoice"
math_test_prealgebra_738,math_test_prealgebra_738__base4096,base4096,4096,120,161,68,281,1,0,2026-10-10T07:35:07.583323+00:00,2026-10-10T07:35:08.626066+00:00,0.0001146,offpeak,0,120,"list-price estimate, not invoice"
math_test_prealgebra_739,math_test_prealgebra_739__base4096,base4096,4096,75,168,82,243,1,0,2026-10-10T07:35:07.588019+00:00,2026-10-10T07:35:08.738829+00:00,0.00011205,offpeak,0,75,"list-price estimate, not invoice"
math_test_prealgebra_751,math_test_prealgebra_751__base4096,base4096,4096,108,184,118,292,1,0,2026-10-10T07:35:07.648428+00:00,2026-10-10T07:35:09.272415+00:00,0.0001266,offpeak,0,108,"list-price estimate, not invoice"
math_test_prealgebra_76,math_test_prealgebra_76__base4096,base4096,4096,98,143,53,241,1,0,2026-10-10T07:35:07.740640+00:00,2026-10-10T07:35:08.840622+00:00,0.0001005,offpeak,0,98,"list-price estimate, not invoice"
math_test_prealgebra_764,math_test_prealgebra_764__base4096,base4096,4096,69,169,88,238,1,0,2026-10-10T07:35:07.786497+00:00,2026-10-10T07:35:09.011220+00:00,0.00011174999999999999,offpeak,0,69,"list-price estimate, not invoice"
math_test_prealgebra_775,math_test_prealgebra_775__base4096,base4096,4096,103,338,156,441,1,0,2026-10-10T07:35:07.839936+00:00,2026-10-10T07:35:09.481029+00:00,0.00021824999999999997,offpeak,0,103,"list-price estimate, not invoice"
math_test_prealgebra_784,math_test_prealgebra_784__base4096,base4096,4096,111,312,230,423,1,0,2026-10-10T07:35:07.887125+00:00,2026-10-10T07:35:09.928370+00:00,0.00020385,offpeak,0,111,"list-price estimate, not invoice"
math_test_prealgebra_791,math_test_prealgebra_791__base4096,base4096,4096,83,406,330,489,1,0,2026-10-10T07:35:07.925408+00:00,2026-10-10T07:35:10.187001+00:00,0.00025605,offpeak,0,83,"list-price estimate, not invoice"
math_test_prealgebra_821,math_test_prealgebra_821__base4096,base4096,4096,221,2340,2157,2561,1,0,2026-10-10T07:35:07.931609+00:00,2026-10-10T07:35:20.605978+00:00,0.00143715,offpeak,0,221,"list-price estimate, not invoice"
math_test_prealgebra_840,math_test_prealgebra_840__base4096,base4096,4096,83,289,141,372,1,0,2026-10-10T07:35:08.021265+00:00,2026-10-10T07:35:09.407442+00:00,0.00018585,offpeak,0,83,"list-price estimate, not invoice"
math_test_prealgebra_841,math_test_prealgebra_841__base4096,base4096,4096,90,134,74,224,1,0,2026-10-10T07:35:08.049526+00:00,2026-10-10T07:35:09.259538+00:00,9.389999999999999e-05,offpeak,0,90,"list-price estimate, not invoice"
math_test_prealgebra_853,math_test_prealgebra_853__base4096,base4096,4096,117,216,97,333,1,0,2026-10-10T07:35:08.063387+00:00,2026-10-10T07:35:09.450202+00:00,0.00014715,offpeak,0,117,"list-price estimate, not invoice"
math_test_prealgebra_94,math_test_prealgebra_94__base4096,base4096,4096,76,418,283,494,1,0,2026-10-10T07:35:08.090905+00:00,2026-10-10T07:35:10.226121+00:00,0.0002622,offpeak,0,76,"list-price estimate, not invoice"
math_test_prealgebra_95,math_test_prealgebra_95__base4096,base4096,4096,136,469,267,605,1,0,2026-10-10T07:35:08.097621+00:00,2026-10-10T07:35:10.647109+00:00,0.00030179999999999996,offpeak,0,136,"list-price estimate, not invoice"
math_test_prealgebra_97,math_test_prealgebra_97__base4096,base4096,4096,91,186,73,277,1,0,2026-10-10T07:35:08.117770+00:00,2026-10-10T07:35:09.352005+00:00,0.00012525,offpeak,0,91,"list-price estimate, not invoice"
math_test_precalculus_0,math_test_precalculus_0__base4096,base4096,4096,131,2649,2469,2780,1,0,2026-10-10T07:35:08.152818+00:00,2026-10-10T07:35:22.594882+00:00,0.0016090499999999999,offpeak,0,131,"list-price estimate, not invoice"
math_test_precalculus_109,math_test_precalculus_109__base4096,base4096,4096,363,2693,2207,3056,1,0,2026-10-10T07:35:08.163359+00:00,2026-10-10T07:35:20.130764+00:00,0.00167025,offpeak,0,363,"list-price estimate, not invoice"
math_test_precalculus_113,math_test_precalculus_113__base4096,base4096,4096,125,269,104,394,1,0,2026-10-10T07:35:08.166299+00:00,2026-10-10T07:35:09.606271+00:00,0.00018015000000000001,offpeak,0,125,"list-price estimate, not invoice"
math_test_precalculus_120,math_test_precalculus_120__base4096,base4096,4096,110,546,292,656,1,0,2026-10-10T07:35:08.178577+00:00,2026-10-10T07:35:10.918996+00:00,0.00034409999999999996,offpeak,0,110,"list-price estimate, not invoice"
math_test_precalculus_144,math_test_precalculus_144__base4096,base4096,4096,114,384,148,498,1,0,2026-10-10T07:35:08.210505+00:00,2026-10-10T07:35:10.168755+00:00,0.0002475,offpeak,0,114,"list-price estimate, not invoice"
math_test_precalculus_163,math_test_precalculus_163__base4096,base4096,4096,102,522,284,624,1,0,2026-10-10T07:35:08.229755+00:00,2026-10-10T07:35:10.605223+00:00,0.0003285,offpeak,0,102,"list-price estimate, not invoice"
math_test_precalculus_176,math_test_precalculus_176__base4096,base4096,4096,81,428,187,509,1,0,2026-10-10T07:35:08.241847+00:00,2026-10-10T07:35:10.138407+00:00,0.00026895,offpeak,0,81,"list-price estimate, not invoice"
math_test_precalculus_185,math_test_precalculus_185__base4096,base4096,4096,89,1245,1013,1334,1,0,2026-10-10T07:35:08.429777+00:00,2026-10-10T07:35:14.300169+00:00,0.00076035,offpeak,0,89,"list-price estimate, not invoice"
math_test_precalculus_187,math_test_precalculus_187__base4096,base4096,4096,154,3913,3601,4067,1,0,2026-10-10T07:35:08.452733+00:00,2026-10-10T07:35:25.772364+00:00,0.0023708999999999996,offpeak,0,154,"list-price estimate, not invoice"
math_test_precalculus_217,math_test_precalculus_217__base4096,base4096,4096,135,803,463,938,1,0,2026-10-10T07:35:08.511189+00:00,2026-10-10T07:35:11.915867+00:00,0.00050205,offpeak,0,135,"list-price estimate, not invoice"
math_test_precalculus_220,math_test_precalculus_220__base4096,base4096,4096,116,1005,675,1121,1,0,2026-10-10T07:35:08.548919+00:00,2026-10-10T07:35:12.749112+00:00,0.0006204,offpeak,0,116,"list-price estimate, not invoice"
math_test_precalculus_232,math_test_precalculus_232__base4096,base4096,4096,107,300,154,407,1,0,2026-10-10T07:35:08.602698+00:00,2026-10-10T07:35:10.227810+00:00,0.00019605000000000002,offpeak,0,107,"list-price estimate, not invoice"
math_test_precalculus_236,math_test_precalculus_236__base4096,base4096,4096,83,674,405,757,1,0,2026-10-10T07:35:08.630992+00:00,2026-10-10T07:35:11.881769+00:00,0.00041684999999999997,offpeak,0,83,"list-price estimate, not invoice"
math_test_precalculus_243,math_test_precalculus_243__base4096,base4096,4096,157,994,527,1151,1,0,2026-10-10T07:35:08.669055+00:00,2026-10-10T07:35:12.735664+00:00,0.00061995,offpeak,0,157,"list-price estimate, not invoice"
math_test_precalculus_261,math_test_precalculus_261__base4096,base4096,4096,160,1773,1522,1933,1,0,2026-10-10T07:35:08.706856+00:00,2026-10-10T07:35:15.943613+00:00,0.0010877999999999999,offpeak,0,160,"list-price estimate, not invoice"
math_test_precalculus_268,math_test_precalculus_268__base4096,base4096,4096,84,543,285,627,1,0,2026-10-10T07:35:08.744547+00:00,2026-10-10T07:35:11.389908+00:00,0.00033840000000000004,offpeak,0,84,"list-price estimate, not invoice"
math_test_precalculus_272,math_test_precalculus_272__base4096,base4096,4096,128,1203,956,1331,1,0,2026-10-10T07:35:08.760593+00:00,2026-10-10T07:35:14.375036+00:00,0.000741,offpeak,0,128,"list-price estimate, not invoice"
math_test_precalculus_289,math_test_precalculus_289__base4096,base4096,4096,95,708,483,803,1,0,2026-10-10T07:35:08.762351+00:00,2026-10-10T07:35:12.266429+00:00,0.00043905,offpeak,0,95,"list-price estimate, not invoice"
math_test_precalculus_290,math_test_precalculus_290__base4096,base4096,4096,105,178,64,283,1,0,2026-10-10T07:35:08.767382+00:00,2026-10-10T07:35:10.007468+00:00,0.00012255,offpeak,0,105,"list-price estimate, not invoice"
math_test_precalculus_293,math_test_precalculus_293__base4096,base4096,4096,86,267,85,353,1,0,2026-10-10T07:35:08.785736+00:00,2026-10-10T07:35:10.559524+00:00,0.0001731,offpeak,0,86,"list-price estimate, not invoice"
math_test_precalculus_295,math_test_precalculus_295__base4096,base4096,4096,88,320,125,408,1,0,2026-10-10T07:35:08.846250+00:00,2026-10-10T07:35:10.590605+00:00,0.0002052,offpeak,0,88,"list-price estimate, not invoice"
math_test_precalculus_315,math_test_precalculus_315__base4096,base4096,4096,106,645,347,751,1,0,2026-10-10T07:35:08.871314+00:00,2026-10-10T07:35:12.199805+00:00,0.0004029,offpeak,0,106,"list-price estimate, not invoice"
math_test_precalculus_338,math_test_precalculus_338__base4096,base4096,4096,108,2763,2418,2871,1,0,2026-10-10T07:35:09.017083+00:00,2026-10-10T07:35:21.894012+00:00,0.001674,offpeak,0,108,"list-price estimate, not invoice"
math_test_precalculus_347,math_test_precalculus_347__base4096,base4096,4096,203,845,512,1048,1,0,2026-10-10T07:35:09.264542+00:00,2026-10-10T07:35:12.781306+00:00,0.0005374500000000001,offpeak,0,203,"list-price estimate, not invoice"
math_test_precalculus_352,math_test_precalculus_352__base4096,base4096,4096,102,365,194,467,1,0,2026-10-10T07:35:09.277247+00:00,2026-10-10T07:35:11.124111+00:00,0.0002343,offpeak,0,102,"list-price estimate, not invoice"
math_test_precalculus_36,math_test_precalculus_36__base4096,base4096,4096,99,625,433,724,1,0,2026-10-10T07:35:09.356670+00:00,2026-10-10T07:35:12.598685+00:00,0.00038985,offpeak,0,99,"list-price estimate, not invoice"
math_test_precalculus_368,math_test_precalculus_368__base4096,base4096,4096,111,699,501,810,1,0,2026-10-10T07:35:09.412396+00:00,2026-10-10T07:35:12.320196+00:00,0.00043604999999999995,offpeak,0,111,"list-price estimate, not invoice"
math_test_precalculus_372,math_test_precalculus_372__base4096,base4096,4096,93,421,255,514,1,0,2026-10-10T07:35:09.455750+00:00,2026-10-10T07:35:11.513915+00:00,0.00026655,offpeak,0,93,"list-price estimate, not invoice"
math_test_precalculus_380,math_test_precalculus_380__base4096,base4096,4096,101,390,173,491,1,0,2026-10-10T07:35:09.479470+00:00,2026-10-10T07:35:11.451998+00:00,0.00024915,offpeak,0,101,"list-price estimate, not invoice"
math_test_precalculus_387,math_test_precalculus_387__base4096,base4096,4096,88,493,301,581,1,0,2026-10-10T07:35:09.486710+00:00,2026-10-10T07:35:12.187269+00:00,0.000309,offpeak,0,88,"list-price estimate, not invoice"
math_test_precalculus_391,math_test_precalculus_391__base4096,base4096,4096,97,4096,4096,4193,1,0,2026-10-10T07:35:09.611912+00:00,2026-10-10T07:35:27.094358+00:00,0.00247215,offpeak,0,97,"list-price estimate, not invoice"
math_test_precalculus_392,math_test_precalculus_392__base4096,base4096,4096,105,4096,4096,4201,1,0,2026-10-10T07:35:09.642607+00:00,2026-10-10T07:35:26.958768+00:00,0.00247335,offpeak,0,105,"list-price estimate, not invoice"
math_test_precalculus_399,math_test_precalculus_399__base4096,base4096,4096,127,1459,1244,1586,1,0,2026-10-10T07:35:09.857568+00:00,2026-10-10T07:35:16.636736+00:00,0.00089445,offpeak,0,127,"list-price estimate, not invoice"
math_test_precalculus_4,math_test_precalculus_4__base4096,base4096,4096,364,961,574,1325,1,0,2026-10-10T07:35:09.875720+00:00,2026-10-10T07:35:13.840954+00:00,0.0006312000000000001,offpeak,0,364,"list-price estimate, not invoice"
math_test_precalculus_403,math_test_precalculus_403__base4096,base4096,4096,144,798,485,942,1,0,2026-10-10T07:35:09.925074+00:00,2026-10-10T07:35:13.807143+00:00,0.0005004,offpeak,0,144,"list-price estimate, not invoice"
math_test_precalculus_415,math_test_precalculus_415__base4096,base4096,4096,87,699,409,786,1,0,2026-10-10T07:35:09.934438+00:00,2026-10-10T07:35:13.443313+00:00,0.00043244999999999997,offpeak,0,87,"list-price estimate, not invoice"
math_test_precalculus_422,math_test_precalculus_422__base4096,base4096,4096,101,531,288,632,1,0,2026-10-10T07:35:10.012469+00:00,2026-10-10T07:35:12.559812+00:00,0.00033374999999999995,offpeak,0,101,"list-price estimate, not invoice"
math_test_precalculus_423,math_test_precalculus_423__base4096,base4096,4096,141,4096,4096,4237,1,0,2026-10-10T07:35:10.143115+00:00,2026-10-10T07:35:28.193155+00:00,0.00247875,offpeak,0,141,"list-price estimate, not invoice"
math_test_precalculus_471,math_test_precalculus_471__base4096,base4096,4096,115,3040,2688,3155,1,0,2026-10-10T07:35:10.174190+00:00,2026-10-10T07:35:22.401737+00:00,0.00184125,offpeak,0,115,"list-price estimate, not invoice"
math_test_precalculus_49,math_test_precalculus_49__base4096,base4096,4096,77,1733,1460,1810,1,0,2026-10-10T07:35:10.192913+00:00,2026-10-10T07:35:17.813327+00:00,0.00105135,offpeak,0,77,"list-price estimate, not invoice"
math_test_precalculus_500,math_test_precalculus_500__base4096,base4096,4096,99,516,211,615,1,0,2026-10-10T07:35:10.229851+00:00,2026-10-10T07:35:12.795111+00:00,0.00032445,offpeak,0,99,"list-price estimate, not invoice"
math_test_precalculus_506,math_test_precalculus_506__base4096,base4096,4096,85,1300,954,1385,1,0,2026-10-10T07:35:10.233162+00:00,2026-10-10T07:35:15.557060+00:00,0.00079275,offpeak,0,85,"list-price estimate, not invoice"
math_test_precalculus_527,math_test_precalculus_527__base4096,base4096,4096,95,317,128,412,1,0,2026-10-10T07:35:10.235715+00:00,2026-10-10T07:35:11.856894+00:00,0.00020444999999999998,offpeak,0,95,"list-price estimate, not invoice"
math_test_precalculus_529,math_test_precalculus_529__base4096,base4096,4096,94,292,142,386,1,0,2026-10-10T07:35:10.415913+00:00,2026-10-10T07:35:12.012488+00:00,0.0001893,offpeak,0,94,"list-price estimate, not invoice"
math_test_precalculus_530,math_test_precalculus_530__base4096,base4096,4096,109,950,689,1059,1,0,2026-10-10T07:35:10.564267+00:00,2026-10-10T07:35:15.377306+00:00,0.00058635,offpeak,0,109,"list-price estimate, not invoice"
math_test_precalculus_532,math_test_precalculus_532__base4096,base4096,4096,126,428,170,554,1,0,2026-10-10T07:35:10.595534+00:00,2026-10-10T07:35:12.540626+00:00,0.0002757,offpeak,0,126,"list-price estimate, not invoice"
math_test_precalculus_539,math_test_precalculus_539__base4096,base4096,4096,238,748,516,986,1,0,2026-10-10T07:35:10.611072+00:00,2026-10-10T07:35:13.914835+00:00,0.0004845,offpeak,0,238,"list-price estimate, not invoice"
math_test_precalculus_541,math_test_precalculus_541__base4096,base4096,4096,86,906,517,992,1,0,2026-10-10T07:35:10.653940+00:00,2026-10-10T07:35:14.749545+00:00,0.0005565,offpeak,0,86,"list-price estimate, not invoice"
math_test_precalculus_55,math_test_precalculus_55__base4096,base4096,4096,82,1400,1166,1482,1,0,2026-10-10T07:35:10.697871+00:00,2026-10-10T07:35:17.413373+00:00,0.0008523,offpeak,0,82,"list-price estimate, not invoice"
math_test_precalculus_58,math_test_precalculus_58__base4096,base4096,4096,83,441,214,524,1,0,2026-10-10T07:35:10.701207+00:00,2026-10-10T07:35:12.803224+00:00,0.00027704999999999993,offpeak,0,83,"list-price estimate, not invoice"
math_test_precalculus_65,math_test_precalculus_65__base4096,base4096,4096,95,2172,1771,2267,1,0,2026-10-10T07:35:10.859297+00:00,2026-10-10T07:35:19.628673+00:00,0.00131745,offpeak,0,95,"list-price estimate, not invoice"
math_test_precalculus_7,math_test_precalculus_7__base4096,base4096,4096,309,4096,4096,4405,1,0,2026-10-10T07:35:10.923800+00:00,2026-10-10T07:35:30.639792+00:00,0.00250395,offpeak,0,309,"list-price estimate, not invoice"
math_test_precalculus_75,math_test_precalculus_75__base4096,base4096,4096,169,4096,4096,4265,1,0,2026-10-10T07:35:10.955137+00:00,2026-10-10T07:35:30.485233+00:00,0.00248295,offpeak,0,169,"list-price estimate, not invoice"
math_test_precalculus_80,math_test_precalculus_80__base4096,base4096,4096,87,492,212,579,1,0,2026-10-10T07:35:11.129353+00:00,2026-10-10T07:35:13.705267+00:00,0.00030825,offpeak,0,87,"list-price estimate, not invoice"
math_test_precalculus_82,math_test_precalculus_82__base4096,base4096,4096,116,1140,888,1256,1,0,2026-10-10T07:35:11.371020+00:00,2026-10-10T07:35:17.170637+00:00,0.0007014,offpeak,0,116,"list-price estimate, not invoice"
math_test_precalculus_88,math_test_precalculus_88__base4096,base4096,4096,87,193,103,280,1,0,2026-10-10T07:35:11.395709+00:00,2026-10-10T07:35:12.490599+00:00,0.00012885,offpeak,0,87,"list-price estimate, not invoice"
math_test_precalculus_99,math_test_precalculus_99__base4096,base4096,4096,137,4096,4096,4233,1,0,2026-10-10T07:35:11.456649+00:00,2026-10-10T07:35:30.797623+00:00,0.00247815,offpeak,0,137,"list-price estimate, not invoice"
math_test_intermediate_algebra_400,math_test_intermediate_algebra_400__control4096,control4096,4096,135,2247,1796,2382,1,0,2026-10-10T07:35:30.821182+00:00,2026-10-10T07:35:41.880309+00:00,0.00136845,offpeak,0,135,"list-price estimate, not invoice"
math_test_intermediate_algebra_31,math_test_intermediate_algebra_31__control4096,control4096,4096,145,4096,4096,4241,1,0,2026-10-10T07:35:30.821381+00:00,2026-10-10T07:35:47.798050+00:00,0.00247935,offpeak,0,145,"list-price estimate, not invoice"
math_test_intermediate_algebra_122,math_test_intermediate_algebra_122__control4096,control4096,4096,230,4096,4096,4326,1,0,2026-10-10T07:35:30.821433+00:00,2026-10-10T07:35:47.839422+00:00,0.0024920999999999997,offpeak,0,230,"list-price estimate, not invoice"
math_test_prealgebra_124,math_test_prealgebra_124__control4096,control4096,4096,383,4096,4096,4479,1,0,2026-10-10T07:35:30.821661+00:00,2026-10-10T07:35:52.738596+00:00,0.002496234,offpeak,128,255,"list-price estimate, not invoice"
math_test_prealgebra_124,math_test_prealgebra_124__upgrade8192,upgrade8192,8192,383,8192,8192,8575,1,0,2026-10-10T07:35:30.822091+00:00,2026-10-10T07:36:10.252118+00:00,0.004953834,offpeak,128,255,"list-price estimate, not invoice"
math_test_intermediate_algebra_238,math_test_intermediate_algebra_238__control4096,control4096,4096,364,4096,4096,4460,1,0,2026-10-10T07:35:30.822220+00:00,2026-10-10T07:35:51.529571+00:00,0.002493384,offpeak,128,236,"list-price estimate, not invoice"
math_test_prealgebra_294,math_test_prealgebra_294__control4096,control4096,4096,219,1812,1704,2031,1,0,2026-10-10T07:35:30.824826+00:00,2026-10-10T07:35:40.250109+00:00,0.00112005,offpeak,0,219,"list-price estimate, not invoice"
math_test_intermediate_algebra_400,math_test_intermediate_algebra_400__upgrade8192,upgrade8192,8192,135,2147,1772,2282,1,0,2026-10-10T07:35:30.824602+00:00,2026-10-10T07:35:41.335956+00:00,0.00130845,offpeak,0,135,"list-price estimate, not invoice"
math_test_prealgebra_590,math_test_prealgebra_590__upgrade8192,upgrade8192,8192,492,8192,8192,8684,1,0,2026-10-10T07:35:30.824907+00:00,2026-10-10T07:36:11.923481+00:00,0.004951367999999999,offpeak,256,236,"list-price estimate, not invoice"
math_test_precalculus_7,math_test_precalculus_7__control4096,control4096,4096,309,2490,2146,2799,1,0,2026-10-10T07:35:30.824971+00:00,2026-10-10T07:35:41.958578+00:00,0.0015215340000000002,offpeak,128,181,"list-price estimate, not invoice"
math_test_precalculus_99,math_test_precalculus_99__control4096,control4096,4096,137,4096,4096,4233,1,0,2026-10-10T07:35:30.825280+00:00,2026-10-10T07:35:50.962227+00:00,0.00247815,offpeak,0,137,"list-price estimate, not invoice"
math_test_intermediate_algebra_241,math_test_intermediate_algebra_241__upgrade8192,upgrade8192,8192,207,3987,3558,4194,1,0,2026-10-10T07:35:30.824730+00:00,2026-10-10T07:35:46.289955+00:00,0.00242325,offpeak,0,207,"list-price estimate, not invoice"
math_test_geometry_56,math_test_geometry_56__control4096,control4096,4096,140,4096,4096,4236,1,0,2026-10-10T07:35:30.827293+00:00,2026-10-10T07:35:52.223033+00:00,0.0024786,offpeak,0,140,"list-price estimate, not invoice"
math_test_algebra_789,math_test_algebra_789__upgrade8192,upgrade8192,8192,580,3821,3719,4401,1,0,2026-10-10T07:35:30.827001+00:00,2026-10-10T07:35:48.687682+00:00,0.002323152,offpeak,384,196,"list-price estimate, not invoice"
math_test_geometry_85,math_test_geometry_85__upgrade8192,upgrade8192,8192,313,3079,2619,3392,1,0,2026-10-10T07:35:30.827920+00:00,2026-10-10T07:35:45.123254+00:00,0.0018755339999999999,offpeak,128,185,"list-price estimate, not invoice"
math_test_precalculus_391,math_test_precalculus_391__control4096,control4096,4096,97,4096,4096,4193,1,0,2026-10-10T07:35:30.826725+00:00,2026-10-10T07:35:48.646866+00:00,0.00247215,offpeak,0,97,"list-price estimate, not invoice"
math_test_geometry_200,math_test_geometry_200__upgrade8192,upgrade8192,8192,228,2724,2469,2952,1,0,2026-10-10T07:35:30.827114+00:00,2026-10-10T07:35:43.759646+00:00,0.0016686,offpeak,0,228,"list-price estimate, not invoice"
math_test_intermediate_algebra_618,math_test_intermediate_algebra_618__upgrade8192,upgrade8192,8192,165,8192,8192,8357,1,0,2026-10-10T07:35:30.833470+00:00,2026-10-10T07:36:04.425752+00:00,0.00493995,offpeak,0,165,"list-price estimate, not invoice"
math_test_precalculus_392,math_test_precalculus_392__upgrade8192,upgrade8192,8192,105,8192,7849,8297,1,0,2026-10-10T07:35:30.833582+00:00,2026-10-10T07:36:05.384309+00:00,0.00493095,offpeak,0,105,"list-price estimate, not invoice"
math_test_intermediate_algebra_618,math_test_intermediate_algebra_618__control4096,control4096,4096,165,4096,4096,4261,1,0,2026-10-10T07:35:30.834520+00:00,2026-10-10T07:35:49.316134+00:00,0.00248235,offpeak,0,165,"list-price estimate, not invoice"
math_test_algebra_789,math_test_algebra_789__control4096,control4096,4096,580,3578,3444,4158,1,0,2026-10-10T07:35:30.834159+00:00,2026-10-10T07:35:47.028957+00:00,0.002177352,offpeak,384,196,"list-price estimate, not invoice"
math_test_precalculus_7,math_test_precalculus_7__upgrade8192,upgrade8192,8192,309,1747,1414,2056,1,0,2026-10-10T07:35:30.835224+00:00,2026-10-10T07:35:38.990831+00:00,0.001075734,offpeak,128,181,"list-price estimate, not invoice"
math_test_intermediate_algebra_314,math_test_intermediate_algebra_314__upgrade8192,upgrade8192,8192,112,3419,3033,3531,1,0,2026-10-10T07:35:30.834772+00:00,2026-10-10T07:35:46.934255+00:00,0.0020682,offpeak,0,112,"list-price estimate, not invoice"
math_test_intermediate_algebra_494,math_test_intermediate_algebra_494__upgrade8192,upgrade8192,8192,220,8192,8192,8412,1,0,2026-10-10T07:35:30.834298+00:00,2026-10-10T07:36:09.575942+00:00,0.0049482,offpeak,0,220,"list-price estimate, not invoice"
math_test_counting_probability_42,math_test_counting_probability_42__control4096,control4096,4096,402,4096,4096,4498,1,0,2026-10-10T07:35:30.833348+00:00,2026-10-10T07:35:50.663249+00:00,0.002480268,offpeak,256,146,"list-price estimate, not invoice"
math_test_intermediate_algebra_57,math_test_intermediate_algebra_57__control4096,control4096,4096,148,4096,4096,4244,1,0,2026-10-10T07:35:30.834422+00:00,2026-10-10T07:35:48.887177+00:00,0.0024798,offpeak,0,148,"list-price estimate, not invoice"
math_test_counting_probability_42,math_test_counting_probability_42__upgrade8192,upgrade8192,8192,402,2333,2266,2735,1,0,2026-10-10T07:35:30.834910+00:00,2026-10-10T07:35:42.841215+00:00,0.0014224679999999999,offpeak,256,146,"list-price estimate, not invoice"
math_test_intermediate_algebra_494,math_test_intermediate_algebra_494__control4096,control4096,4096,220,4096,4096,4316,1,0,2026-10-10T07:35:30.849045+00:00,2026-10-10T07:35:51.225360+00:00,0.0024906,offpeak,0,220,"list-price estimate, not invoice"
math_test_intermediate_algebra_122,math_test_intermediate_algebra_122__upgrade8192,upgrade8192,8192,230,6771,6261,7001,1,0,2026-10-10T07:35:30.848947+00:00,2026-10-10T07:35:59.725526+00:00,0.0040971,offpeak,0,230,"list-price estimate, not invoice"
math_test_geometry_200,math_test_geometry_200__control4096,control4096,4096,228,2381,2212,2609,1,0,2026-10-10T07:35:30.851901+00:00,2026-10-10T07:35:43.091170+00:00,0.0014628,offpeak,0,228,"list-price estimate, not invoice"
math_test_prealgebra_551,math_test_prealgebra_551__upgrade8192,upgrade8192,8192,338,4522,4360,4860,1,0,2026-10-10T07:35:30.849115+00:00,2026-10-10T07:35:50.827950+00:00,0.0027450839999999996,offpeak,128,210,"list-price estimate, not invoice"
math_test_intermediate_algebra_238,math_test_intermediate_algebra_238__upgrade8192,upgrade8192,8192,364,2626,2234,2990,1,0,2026-10-10T07:35:30.850602+00:00,2026-10-10T07:35:43.453100+00:00,0.001611384,offpeak,128,236,"list-price estimate, not invoice"
math_test_geometry_410,math_test_geometry_410__upgrade8192,upgrade8192,8192,203,3102,3016,3305,1,0,2026-10-10T07:35:30.850750+00:00,2026-10-10T07:35:48.135286+00:00,0.00189165,offpeak,0,203,"list-price estimate, not invoice"
math_test_prealgebra_590,math_test_prealgebra_590__control4096,control4096,4096,492,4096,4096,4588,1,0,2026-10-10T07:35:30.849245+00:00,2026-10-10T07:35:52.427417+00:00,0.002493768,offpeak,256,236,"list-price estimate, not invoice"
math_test_intermediate_algebra_741,math_test_intermediate_algebra_741__control4096,control4096,4096,203,4096,4096,4299,1,0,2026-10-10T07:35:30.849317+00:00,2026-10-10T07:35:52.092771+00:00,0.00248805,offpeak,0,203,"list-price estimate, not invoice"
math_test_geometry_56,math_test_geometry_56__upgrade8192,upgrade8192,8192,140,8192,8192,8332,1,0,2026-10-10T07:35:30.850877+00:00,2026-10-10T07:36:13.737088+00:00,0.0049362,offpeak,0,140,"list-price estimate, not invoice"
math_test_intermediate_algebra_241,math_test_intermediate_algebra_241__control4096,control4096,4096,207,3891,3282,4098,1,0,2026-10-10T07:35:30.849794+00:00,2026-10-10T07:35:46.216856+00:00,0.00236565,offpeak,0,207,"list-price estimate, not invoice"
math_test_intermediate_algebra_103,math_test_intermediate_algebra_103__control4096,control4096,4096,126,1285,938,1411,1,0,2026-10-10T07:35:30.849389+00:00,2026-10-10T07:35:36.673423+00:00,0.0007899,offpeak,0,126,"list-price estimate, not invoice"
math_test_geometry_238,math_test_geometry_238__upgrade8192,upgrade8192,8192,288,7412,7044,7700,1,0,2026-10-10T07:35:30.851831+00:00,2026-10-10T07:36:09.168729+00:00,0.004471584,offpeak,128,160,"list-price estimate, not invoice"
math_test_geometry_20,math_test_geometry_20__control4096,control4096,4096,469,4096,4096,4565,1,0,2026-10-10T07:35:30.851024+00:00,2026-10-10T07:35:54.049699+00:00,0.0024903179999999996,offpeak,256,213,"list-price estimate, not invoice"
math_test_geometry_345,math_test_geometry_345__control4096,control4096,4096,105,4096,4096,4201,1,0,2026-10-10T07:35:30.849889+00:00,2026-10-10T07:35:51.197274+00:00,0.00247335,offpeak,0,105,"list-price estimate, not invoice"
math_test_geometry_345,math_test_geometry_345__upgrade8192,upgrade8192,8192,105,4888,4498,4993,1,0,2026-10-10T07:35:30.849956+00:00,2026-10-10T07:35:55.163678+00:00,0.00294855,offpeak,0,105,"list-price estimate, not invoice"
math_test_precalculus_391,math_test_precalculus_391__upgrade8192,upgrade8192,8192,97,3238,2773,3335,1,0,2026-10-10T07:35:30.850162+00:00,2026-10-10T07:35:45.471271+00:00,0.00195735,offpeak,0,97,"list-price estimate, not invoice"
math_test_algebra_1161,math_test_algebra_1161__control4096,control4096,4096,428,4096,4096,4524,1,0,2026-10-10T07:35:30.850533+00:00,2026-10-10T07:35:50.277794+00:00,0.002484168,offpeak,256,172,"list-price estimate, not invoice"
math_test_precalculus_392,math_test_precalculus_392__control4096,control4096,4096,105,4096,4096,4201,1,0,2026-10-10T07:35:30.851267+00:00,2026-10-10T07:35:50.200574+00:00,0.00247335,offpeak,0,105,"list-price estimate, not invoice"
math_test_geometry_20,math_test_geometry_20__upgrade8192,upgrade8192,8192,469,8192,8192,8661,1,0,2026-10-10T07:35:30.850468+00:00,2026-10-10T07:36:10.660006+00:00,0.004947918,offpeak,256,213,"list-price estimate, not invoice"
math_test_intermediate_algebra_314,math_test_intermediate_algebra_314__control4096,control4096,4096,112,2758,2375,2870,1,0,2026-10-10T07:35:30.851982+00:00,2026-10-10T07:35:44.939155+00:00,0.0016715999999999999,offpeak,0,112,"list-price estimate, not invoice"
math_test_intermediate_algebra_57,math_test_intermediate_algebra_57__upgrade8192,upgrade8192,8192,148,7258,6934,7406,1,0,2026-10-10T07:35:30.852106+00:00,2026-10-10T07:36:01.185001+00:00,0.004377,offpeak,0,148,"list-price estimate, not invoice"
math_test_prealgebra_551,math_test_prealgebra_551__control4096,control4096,4096,338,3873,3694,4211,1,0,2026-10-10T07:35:30.850223+00:00,2026-10-10T07:35:48.664057+00:00,0.002355684,offpeak,128,210,"list-price estimate, not invoice"
math_test_geometry_238,math_test_geometry_238__control4096,control4096,4096,288,4096,4096,4384,1,0,2026-10-10T07:35:30.851204+00:00,2026-10-10T07:35:54.496454+00:00,0.002481984,offpeak,128,160,"list-price estimate, not invoice"
math_test_precalculus_423,math_test_precalculus_423__upgrade8192,upgrade8192,8192,141,5567,5114,5708,1,0,2026-10-10T07:35:30.851473+00:00,2026-10-10T07:35:54.764036+00:00,0.00336135,offpeak,0,141,"list-price estimate, not invoice"
math_test_intermediate_algebra_741,math_test_intermediate_algebra_741__upgrade8192,upgrade8192,8192,203,8192,8192,8395,1,0,2026-10-10T07:35:30.864491+00:00,2026-10-10T07:36:09.841691+00:00,0.004945649999999999,offpeak,0,203,"list-price estimate, not invoice"
math_test_prealgebra_294,math_test_prealgebra_294__upgrade8192,upgrade8192,8192,219,2681,2572,2900,1,0,2026-10-10T07:35:30.864133+00:00,2026-10-10T07:35:44.287978+00:00,0.0016414499999999998,offpeak,0,219,"list-price estimate, not invoice"
math_test_number_theory_491,math_test_number_theory_491__control4096,control4096,4096,91,4096,4096,4187,1,0,2026-10-10T07:35:30.851637+00:00,2026-10-10T07:35:50.583068+00:00,0.00247125,offpeak,0,91,"list-price estimate, not invoice"
math_test_algebra_1161,math_test_algebra_1161__upgrade8192,upgrade8192,8192,428,8192,8192,8620,1,0,2026-10-10T07:35:30.865281+00:00,2026-10-10T07:36:07.234272+00:00,0.004941768,offpeak,256,172,"list-price estimate, not invoice"
math_test_precalculus_99,math_test_precalculus_99__upgrade8192,upgrade8192,8192,137,8192,8192,8329,1,0,2026-10-10T07:35:30.865707+00:00,2026-10-10T07:36:08.880136+00:00,0.00493575,offpeak,0,137,"list-price estimate, not invoice"
math_test_precalculus_423,math_test_precalculus_423__control4096,control4096,4096,141,4096,4096,4237,1,0,2026-10-10T07:35:30.865149+00:00,2026-10-10T07:35:47.851410+00:00,0.00247875,offpeak,0,141,"list-price estimate, not invoice"
math_test_intermediate_algebra_31,math_test_intermediate_algebra_31__upgrade8192,upgrade8192,8192,145,8192,8192,8337,1,0,2026-10-10T07:35:30.864318+00:00,2026-10-10T07:36:05.793900+00:00,0.00493695,offpeak,0,145,"list-price estimate, not invoice"
math_test_intermediate_algebra_103,math_test_intermediate_algebra_103__upgrade8192,upgrade8192,8192,126,1390,1029,1516,1,0,2026-10-10T07:35:30.864240+00:00,2026-10-10T07:35:37.366785+00:00,0.0008529,offpeak,0,126,"list-price estimate, not invoice"
math_test_algebra_751,math_test_algebra_751__upgrade8192,upgrade8192,8192,181,2489,2369,2670,1,0,2026-10-10T07:35:30.864411+00:00,2026-10-10T07:35:42.193947+00:00,0.0015205499999999999,offpeak,0,181,"list-price estimate, not invoice"
math_test_algebra_751,math_test_algebra_751__control4096,control4096,4096,181,1331,1218,1512,1,0,2026-10-10T07:35:30.865044+00:00,2026-10-10T07:35:38.004404+00:00,0.00082575,offpeak,0,181,"list-price estimate, not invoice"
math_test_geometry_410,math_test_geometry_410__control4096,control4096,4096,203,4096,4015,4299,1,0,2026-10-10T07:35:30.865447+00:00,2026-10-10T07:35:51.031130+00:00,0.00248805,offpeak,0,203,"list-price estimate, not invoice"
math_test_geometry_85,math_test_geometry_85__control4096,control4096,4096,313,4096,4096,4409,1,0,2026-10-10T07:35:30.865554+00:00,2026-10-10T07:35:50.792628+00:00,0.002485734,offpeak,128,185,"list-price estimate, not invoice"
math_test_precalculus_75,math_test_precalculus_75__control4096,control4096,4096,169,4096,4096,4265,1,0,2026-10-10T07:35:30.865626+00:00,2026-10-10T07:35:50.593680+00:00,0.00248295,offpeak,0,169,"list-price estimate, not invoice"
math_test_number_theory_491,math_test_number_theory_491__upgrade8192,upgrade8192,8192,91,6641,6391,6732,1,0,2026-10-10T07:35:36.678368+00:00,2026-10-10T07:36:05.280857+00:00,0.00399825,offpeak,0,91,"list-price estimate, not invoice"
math_test_precalculus_75,math_test_precalculus_75__upgrade8192,upgrade8192,8192,169,3744,3301,3913,1,0,2026-10-10T07:35:37.371400+00:00,2026-10-10T07:35:53.935636+00:00,0.00227175,offpeak,0,169,"list-price estimate, not invoice"
math_test_algebra_1161,math_test_algebra_1161__upgrade16384,upgrade16384,16384,428,16384,16384,16812,1,0,2026-10-10T07:36:13.754701+00:00,2026-10-10T07:37:22.850598+00:00,0.009856967999999999,offpeak,256,172,"list-price estimate, not invoice"
math_test_geometry_20,math_test_geometry_20__upgrade16384,upgrade16384,16384,469,3631,3130,4100,1,0,2026-10-10T07:36:13.754837+00:00,2026-10-10T07:36:30.449280+00:00,0.002211318,offpeak,256,213,"list-price estimate, not invoice"
math_test_geometry_56,math_test_geometry_56__upgrade16384,upgrade16384,16384,140,16384,16384,16524,1,0,2026-10-10T07:36:13.754646+00:00,2026-10-10T07:37:33.578275+00:00,0.0098514,offpeak,0,140,"list-price estimate, not invoice"
math_test_intermediate_algebra_31,math_test_intermediate_algebra_31__upgrade16384,upgrade16384,16384,145,5016,4498,5161,1,0,2026-10-10T07:36:13.754577+00:00,2026-10-10T07:36:31.758611+00:00,0.00303135,offpeak,0,145,"list-price estimate, not invoice"
math_test_intermediate_algebra_494,math_test_intermediate_algebra_494__upgrade16384,upgrade16384,16384,220,16384,16384,16604,1,0,2026-10-10T07:36:13.756330+00:00,2026-10-10T07:37:30.079366+00:00,0.0098634,offpeak,0,220,"list-price estimate, not invoice"
math_test_intermediate_algebra_618,math_test_intermediate_algebra_618__upgrade16384,upgrade16384,16384,165,6910,6353,7075,1,0,2026-10-10T07:36:13.755862+00:00,2026-10-10T07:36:42.180438+00:00,0.00417075,offpeak,0,165,"list-price estimate, not invoice"
math_test_intermediate_algebra_741,math_test_intermediate_algebra_741__upgrade16384,upgrade16384,16384,203,7812,7349,8015,1,0,2026-10-10T07:36:13.756040+00:00,2026-10-10T07:36:47.870293+00:00,0.0047176499999999994,offpeak,0,203,"list-price estimate, not invoice"
math_test_prealgebra_124,math_test_prealgebra_124__upgrade16384,upgrade16384,16384,383,14849,14660,15232,1,0,2026-10-10T07:36:13.756219+00:00,2026-10-10T07:37:25.854413+00:00,0.008948033999999999,offpeak,128,255,"list-price estimate, not invoice"
math_test_prealgebra_590,math_test_prealgebra_590__upgrade16384,upgrade16384,16384,492,5867,5711,6359,1,0,2026-10-10T07:36:13.756103+00:00,2026-10-10T07:36:42.337346+00:00,0.003556368,offpeak,256,236,"list-price estimate, not invoice"
math_test_precalculus_392,math_test_precalculus_392__upgrade16384,upgrade16384,16384,105,5532,5110,5637,1,0,2026-10-10T07:36:13.756378+00:00,2026-10-10T07:36:39.391372+00:00,0.0033349499999999997,offpeak,0,105,"list-price estimate, not invoice"
math_test_precalculus_99,math_test_precalculus_99__upgrade16384,upgrade16384,16384,137,6685,6259,6822,1,0,2026-10-10T07:36:13.756767+00:00,2026-10-10T07:36:44.788028+00:00,0.00403155,offpeak,0,137,"list-price estimate, not invoice"
