task_id,split,subject,high_math_confirmed,high_v3,low_v3,low_native_passed,independent_generations,high_reasoning_observable,low_reasoning_observable,first_explicit_candidate_char,candidate_followed_by_substantial_reasoning,continuation_chars_after_candidate,continuation_tokens_estimate,continuation_token_method,high_finish,low_finish,high_truncated,low_truncated,high_input_tokens,high_reasoning_tokens,high_final_content_tokens,high_total_tokens,high_output_tokens,low_input_tokens,low_reasoning_tokens,low_final_content_tokens,low_total_tokens,low_output_tokens
math_test_prealgebra_181,validation,prealgebra,True,correct,correct,True,True,True,True,,False,,,character-position fraction of exact full reasoning usage; NOT billed prefix tokens,stop,stop,False,False,103,174,169,446,343,103,171,163,437,334
math_test_prealgebra_577,validation,prealgebra,True,correct,correct,True,True,True,True,,False,,,character-position fraction of exact full reasoning usage; NOT billed prefix tokens,stop,stop,False,False,303,578,222,1103,800,303,498,153,954,651
math_test_prealgebra_304,validation,prealgebra,True,correct,correct,True,True,True,True,,False,,,character-position fraction of exact full reasoning usage; NOT billed prefix tokens,stop,stop,False,False,123,143,227,493,370,123,153,181,457,334
math_test_prealgebra_609,validation,prealgebra,True,unknown,unknown,False,True,True,True,,False,,,character-position fraction of exact full reasoning usage; NOT billed prefix tokens,stop,stop,False,False,143,468,138,749,606,143,625,140,908,765
math_test_prealgebra_464,validation,prealgebra,True,unknown,unknown,True,True,True,True,,False,,,character-position fraction of exact full reasoning usage; NOT billed prefix tokens,stop,stop,False,False,70,423,70,563,493,70,608,78,756,686
math_test_prealgebra_643,validation,prealgebra,True,correct,correct,False,True,True,True,,False,,,character-position fraction of exact full reasoning usage; NOT billed prefix tokens,stop,stop,False,False,123,580,122,825,702,123,719,167,1009,886
math_test_prealgebra_73,validation,prealgebra,True,correct,correct,True,True,True,True,1800,False,2,0.4947773501924134,character-position fraction of exact full reasoning usage; NOT billed prefix tokens,stop,stop,False,False,114,450,184,748,634,114,259,199,572,458
math_test_prealgebra_86,validation,prealgebra,True,correct,prediction_incomplete,False,True,True,True,12703,True,910,318.17948341649543,character-position fraction of exact full reasoning usage; NOT billed prefix tokens,stop,length,False,True,189,4765,447,5401,5212,189,2048,0,2237,2048
math_test_prealgebra_75,validation,prealgebra,True,correct,correct,True,True,True,True,665,False,208,61.76827896512936,character-position fraction of exact full reasoning usage; NOT billed prefix tokens,stop,stop,False,False,191,264,96,551,360,191,248,128,567,376
math_test_prealgebra_35,validation,prealgebra,True,correct,correct,True,True,True,True,,False,,,character-position fraction of exact full reasoning usage; NOT billed prefix tokens,stop,stop,False,False,71,387,227,685,614,71,434,238,743,672
math_test_prealgebra_318,validation,prealgebra,True,correct,correct,False,True,True,True,,False,,,character-position fraction of exact full reasoning usage; NOT billed prefix tokens,stop,stop,False,False,70,67,137,274,204,70,99,146,315,245
math_test_prealgebra_462,validation,prealgebra,True,correct,correct,False,True,True,True,,False,,,character-position fraction of exact full reasoning usage; NOT billed prefix tokens,stop,stop,False,False,78,96,132,306,228,78,83,127,288,210
math_test_prealgebra_250,validation,prealgebra,True,correct,correct,True,True,True,True,,False,,,character-position fraction of exact full reasoning usage; NOT billed prefix tokens,stop,stop,False,False,107,390,165,662,555,107,392,186,685,578
math_test_prealgebra_248,validation,prealgebra,True,correct,correct,False,True,True,True,252,False,10,2.939068100358423,character-position fraction of exact full reasoning usage; NOT billed prefix tokens,stop,stop,False,False,122,82,123,327,205,122,102,101,325,203
math_test_prealgebra_648,validation,prealgebra,True,correct,correct,True,True,True,True,,False,,,character-position fraction of exact full reasoning usage; NOT billed prefix tokens,stop,stop,False,False,112,229,161,502,390,112,221,160,493,381
math_test_prealgebra_131,validation,prealgebra,True,correct,prediction_incomplete,False,True,True,True,24942,True,8435,2689.1677146963707,character-position fraction of exact full reasoning usage; NOT billed prefix tokens,stop,length,False,True,174,10647,263,11084,10910,174,2048,0,2222,2048
math_test_prealgebra_620,validation,prealgebra,True,correct,correct,True,True,True,True,,False,,,character-position fraction of exact full reasoning usage; NOT billed prefix tokens,stop,stop,False,False,428,806,105,1339,911,428,483,92,1003,575
math_test_prealgebra_255,validation,prealgebra,True,correct,correct,True,True,True,True,,False,,,character-position fraction of exact full reasoning usage; NOT billed prefix tokens,stop,stop,False,False,74,108,157,339,265,74,175,105,354,280
math_test_prealgebra_457,validation,prealgebra,True,correct,correct,False,True,True,True,,False,,,character-position fraction of exact full reasoning usage; NOT billed prefix tokens,stop,stop,False,False,186,891,161,1238,1052,186,1466,153,1805,1619
math_test_prealgebra_252,validation,prealgebra,True,correct,correct,True,True,True,True,2134,False,10,3.6805555555555554,character-position fraction of exact full reasoning usage; NOT billed prefix tokens,stop,stop,False,False,74,795,238,1107,1033,74,1156,189,1419,1345
math_test_prealgebra_659,validation,prealgebra,True,correct,correct,True,True,True,True,,False,,,character-position fraction of exact full reasoning usage; NOT billed prefix tokens,stop,stop,False,False,130,181,133,444,314,130,300,113,543,413
math_test_prealgebra_570,validation,prealgebra,True,correct,correct,True,True,True,True,2618,True,2044,657.874251497006,character-position fraction of exact full reasoning usage; NOT billed prefix tokens,stop,stop,False,False,91,1505,241,1837,1746,91,1033,243,1367,1276
math_test_prealgebra_476,validation,prealgebra,True,correct,correct,False,True,True,True,5486,True,2127,631.8539590980598,character-position fraction of exact full reasoning usage; NOT billed prefix tokens,stop,stop,False,False,267,2266,218,2751,2484,267,1275,206,1748,1481
math_test_prealgebra_396,validation,prealgebra,True,correct,correct,True,True,True,True,,False,,,character-position fraction of exact full reasoning usage; NOT billed prefix tokens,stop,stop,False,False,91,243,177,511,420,91,156,145,392,301
math_test_prealgebra_251,validation,prealgebra,True,correct,correct,True,True,True,True,6990,True,789,212.96420782552917,character-position fraction of exact full reasoning usage; NOT billed prefix tokens,stop,stop,False,False,98,2104,128,2330,2232,98,916,123,1137,1039
math_test_prealgebra_470,validation,prealgebra,True,correct,correct,False,True,True,True,417,False,16,5.8053097345132745,character-position fraction of exact full reasoning usage; NOT billed prefix tokens,stop,stop,False,False,85,164,99,348,263,85,157,111,353,268
math_test_prealgebra_104,validation,prealgebra,True,correct,correct,True,True,True,True,568,False,107,36.13391557496361,character-position fraction of exact full reasoning usage; NOT billed prefix tokens,stop,stop,False,False,144,232,183,559,415,144,438,202,784,640
math_test_prealgebra_661,validation,prealgebra,True,correct,correct,False,True,True,True,,False,,,character-position fraction of exact full reasoning usage; NOT billed prefix tokens,stop,stop,False,False,88,48,97,233,145,88,44,96,228,140
math_test_prealgebra_227,validation,prealgebra,True,correct,correct,True,True,True,True,,False,,,character-position fraction of exact full reasoning usage; NOT billed prefix tokens,stop,stop,False,False,131,274,135,540,409,131,406,121,658,527
math_test_prealgebra_596,validation,prealgebra,True,correct,incorrect,True,True,True,True,,False,,,character-position fraction of exact full reasoning usage; NOT billed prefix tokens,stop,stop,False,False,145,715,241,1101,956,145,821,221,1187,1042
math_test_prealgebra_465,validation,prealgebra,True,correct,correct,False,True,True,True,,False,,,character-position fraction of exact full reasoning usage; NOT billed prefix tokens,stop,stop,False,False,116,166,64,346,230,116,98,86,300,184
math_test_prealgebra_699,validation,prealgebra,True,correct,correct,True,True,True,True,,False,,,character-position fraction of exact full reasoning usage; NOT billed prefix tokens,stop,stop,False,False,86,120,175,381,295,86,102,173,361,275
math_test_prealgebra_93,validation,prealgebra,True,correct,correct,True,True,True,True,,False,,,character-position fraction of exact full reasoning usage; NOT billed prefix tokens,stop,stop,False,False,192,498,239,929,737,192,385,182,759,567
math_test_prealgebra_363,validation,prealgebra,True,correct,correct,True,True,True,True,2051,False,66,18.171669793621014,character-position fraction of exact full reasoning usage; NOT billed prefix tokens,stop,stop,False,False,98,587,182,867,769,98,275,164,537,439
math_test_prealgebra_723,validation,prealgebra,True,correct,correct,True,True,True,True,,False,,,character-position fraction of exact full reasoning usage; NOT billed prefix tokens,stop,stop,False,False,81,128,117,326,245,81,135,90,306,225
math_test_prealgebra_21,validation,prealgebra,True,correct,correct,False,True,True,True,1169,False,130,46.42857142857143,character-position fraction of exact full reasoning usage; NOT billed prefix tokens,stop,stop,False,False,835,470,183,1488,653,835,654,160,1649,814
math_test_prealgebra_650,validation,prealgebra,True,correct,correct,True,True,True,True,,False,,,character-position fraction of exact full reasoning usage; NOT billed prefix tokens,stop,stop,False,False,93,458,282,833,740,93,372,288,753,660
math_test_prealgebra_602,validation,prealgebra,True,correct,correct,True,True,True,True,1508,True,696,228.86909581646424,character-position fraction of exact full reasoning usage; NOT billed prefix tokens,stop,stop,False,False,77,731,191,999,922,77,601,201,879,802
math_test_number_theory_46,validation,number_theory,True,correct,correct,True,True,True,True,,False,,,character-position fraction of exact full reasoning usage; NOT billed prefix tokens,stop,stop,False,False,258,452,307,1017,759,258,804,312,1374,1116
math_test_number_theory_311,validation,number_theory,True,correct,correct,True,True,True,True,,False,,,character-position fraction of exact full reasoning usage; NOT billed prefix tokens,stop,stop,False,False,108,926,168,1202,1094,108,785,204,1097,989
math_test_number_theory_531,validation,number_theory,True,correct,correct,False,True,True,True,2233,False,362,127.04674329501916,character-position fraction of exact full reasoning usage; NOT billed prefix tokens,stop,stop,False,False,108,916,231,1255,1147,108,483,243,834,726
math_test_number_theory_370,validation,number_theory,True,correct,correct,True,True,True,True,1838,True,1198,422.12992125984255,character-position fraction of exact full reasoning usage; NOT billed prefix tokens,stop,stop,False,False,119,1074,299,1492,1373,119,1451,280,1850,1731
math_test_number_theory_392,validation,number_theory,True,correct,correct,True,True,True,True,,False,,,character-position fraction of exact full reasoning usage; NOT billed prefix tokens,stop,stop,False,False,225,121,175,521,296,225,129,196,550,325
math_test_number_theory_209,validation,number_theory,True,correct,correct,True,True,True,True,4463,True,1412,447.2452445652174,character-position fraction of exact full reasoning usage; NOT billed prefix tokens,stop,stop,False,False,138,1865,139,2142,2004,138,1355,168,1661,1523
math_test_number_theory_57,validation,number_theory,True,correct,correct,True,True,True,True,,False,,,character-position fraction of exact full reasoning usage; NOT billed prefix tokens,stop,stop,False,False,90,391,264,745,655,90,413,328,831,741
math_test_number_theory_123,validation,number_theory,True,correct,prediction_incomplete,False,True,True,True,16803,True,5093,1530.1546711697322,character-position fraction of exact full reasoning usage; NOT billed prefix tokens,stop,length,False,True,109,6583,367,7059,6950,109,2048,0,2157,2048
math_test_number_theory_93,validation,number_theory,True,correct,correct,True,True,True,True,2843,False,96,26.361853229624618,character-position fraction of exact full reasoning usage; NOT billed prefix tokens,stop,stop,False,False,90,812,210,1112,1022,90,697,237,1024,934
math_test_number_theory_150,validation,number_theory,True,correct,correct,True,True,True,True,612,False,251,95.26590909090909,character-position fraction of exact full reasoning usage; NOT billed prefix tokens,stop,stop,False,False,98,334,170,602,504,98,348,239,685,587
math_test_number_theory_279,validation,number_theory,True,correct,correct,True,True,True,True,,False,,,character-position fraction of exact full reasoning usage; NOT billed prefix tokens,stop,stop,False,False,93,248,154,495,402,93,269,181,543,450
math_test_number_theory_489,validation,number_theory,True,correct,correct,True,True,True,True,,False,,,character-position fraction of exact full reasoning usage; NOT billed prefix tokens,stop,stop,False,False,88,460,271,819,731,88,462,220,770,682
math_test_number_theory_61,validation,number_theory,True,correct,correct,True,True,True,True,1549,True,694,285.5840707964602,character-position fraction of exact full reasoning usage; NOT billed prefix tokens,stop,stop,False,False,128,930,195,1253,1125,128,532,259,919,791
math_test_number_theory_511,validation,number_theory,True,correct,correct,True,True,True,True,1528,True,930,337.94260307194827,character-position fraction of exact full reasoning usage; NOT billed prefix tokens,stop,stop,False,False,97,899,141,1137,1040,97,403,116,616,519
math_test_number_theory_280,validation,number_theory,True,correct,correct,True,True,True,True,,False,,,character-position fraction of exact full reasoning usage; NOT billed prefix tokens,stop,stop,False,False,84,224,191,499,415,84,208,153,445,361
math_test_number_theory_310,validation,number_theory,True,correct,correct,True,True,True,True,885,False,22,6.537960954446855,character-position fraction of exact full reasoning usage; NOT billed prefix tokens,stop,stop,False,False,84,274,175,533,449,84,203,193,480,396
math_test_number_theory_435,validation,number_theory,True,correct,correct,True,True,True,True,,False,,,character-position fraction of exact full reasoning usage; NOT billed prefix tokens,stop,stop,False,False,134,292,200,626,492,134,359,195,688,554
math_test_number_theory_37,validation,number_theory,True,correct,correct,True,True,True,True,1418,False,1,0.3071030640668524,character-position fraction of exact full reasoning usage; NOT billed prefix tokens,stop,stop,False,False,106,441,206,753,647,106,354,201,661,555
math_test_number_theory_28,validation,number_theory,True,correct,correct,True,True,True,True,,False,,,character-position fraction of exact full reasoning usage; NOT billed prefix tokens,stop,stop,False,False,98,241,181,520,422,98,164,157,419,321
math_test_number_theory_419,validation,number_theory,True,correct,correct,True,True,True,True,,False,,,character-position fraction of exact full reasoning usage; NOT billed prefix tokens,stop,stop,False,False,71,220,155,446,375,71,195,151,417,346
math_test_number_theory_79,validation,number_theory,True,correct,prediction_incomplete,False,True,True,True,,False,,,character-position fraction of exact full reasoning usage; NOT billed prefix tokens,stop,length,False,True,101,2217,464,2782,2681,101,1697,351,2149,2048
math_test_number_theory_108,validation,number_theory,True,correct,correct,True,True,True,True,,False,,,character-position fraction of exact full reasoning usage; NOT billed prefix tokens,stop,stop,False,False,81,268,148,497,416,81,282,183,546,465
math_test_number_theory_475,validation,number_theory,True,correct,correct,True,True,True,True,961,False,264,88.99595796281326,character-position fraction of exact full reasoning usage; NOT billed prefix tokens,stop,stop,False,False,95,417,215,727,632,95,439,226,760,665
math_test_number_theory_212,validation,number_theory,True,unknown,unknown,True,True,True,True,,False,,,character-position fraction of exact full reasoning usage; NOT billed prefix tokens,stop,stop,False,False,95,317,189,601,506,95,1293,188,1576,1481
math_test_number_theory_477,validation,number_theory,True,correct,correct,True,True,True,True,,False,,,character-position fraction of exact full reasoning usage; NOT billed prefix tokens,stop,stop,False,False,222,1429,321,1972,1750,222,891,272,1385,1163
math_test_number_theory_80,validation,number_theory,True,unknown,prediction_incomplete,False,True,True,True,,False,,,character-position fraction of exact full reasoning usage; NOT billed prefix tokens,stop,length,False,True,193,1839,230,2262,2069,193,2048,0,2241,2048
math_test_number_theory_314,validation,number_theory,True,correct,correct,True,True,True,True,,False,,,character-position fraction of exact full reasoning usage; NOT billed prefix tokens,stop,stop,False,False,104,284,161,549,445,104,440,172,716,612
math_test_number_theory_84,validation,number_theory,True,correct,correct,True,True,True,True,,False,,,character-position fraction of exact full reasoning usage; NOT billed prefix tokens,stop,stop,False,False,114,742,293,1149,1035,114,1059,273,1446,1332
math_test_number_theory_264,validation,number_theory,True,correct,prediction_incomplete,False,True,True,True,2319,False,131,49.08515815085158,character-position fraction of exact full reasoning usage; NOT billed prefix tokens,stop,length,False,True,95,924,330,1349,1254,95,2048,0,2143,2048
math_test_number_theory_210,validation,number_theory,True,correct,correct,True,True,True,True,,False,,,character-position fraction of exact full reasoning usage; NOT billed prefix tokens,stop,stop,False,False,101,178,229,508,407,101,174,190,465,364
math_test_precalculus_450,validation,precalculus,True,correct,correct,True,True,True,True,,False,,,character-position fraction of exact full reasoning usage; NOT billed prefix tokens,stop,stop,False,False,158,449,389,996,838,158,323,378,859,701
math_test_precalculus_289,validation,precalculus,True,correct,correct,False,True,True,True,1490,True,3797,1409.0485509973655,character-position fraction of exact full reasoning usage; NOT billed prefix tokens,stop,stop,False,False,95,1972,230,2297,2202,95,406,169,670,575
math_test_precalculus_468,validation,precalculus,True,correct,correct,False,True,True,True,2008,True,440,194.29033562474726,character-position fraction of exact full reasoning usage; NOT billed prefix tokens,stop,stop,False,False,98,1092,346,1536,1438,98,843,359,1300,1202
math_test_precalculus_63,validation,precalculus,True,correct,correct,False,True,True,True,,False,,,character-position fraction of exact full reasoning usage; NOT billed prefix tokens,stop,stop,False,False,127,677,408,1212,1085,127,525,180,832,705
math_test_precalculus_153,validation,precalculus,True,correct,correct,False,True,True,True,3476,False,193,77.09567567567568,character-position fraction of exact full reasoning usage; NOT billed prefix tokens,stop,stop,False,False,90,1478,381,1949,1859,90,845,341,1276,1186
math_test_precalculus_277,validation,precalculus,True,correct,incorrect,False,True,True,True,,False,,,character-position fraction of exact full reasoning usage; NOT billed prefix tokens,stop,stop,False,False,108,886,343,1337,1229,108,1098,280,1486,1378
math_test_precalculus_44,validation,precalculus,True,correct,prediction_incomplete,False,True,True,True,4261,False,25,10.576476057647605,character-position fraction of exact full reasoning usage; NOT billed prefix tokens,stop,length,False,True,143,1820,326,2289,2146,143,2048,0,2191,2048
math_test_precalculus_483,validation,precalculus,True,correct,correct,True,True,True,True,1960,False,318,125.97430406852249,character-position fraction of exact full reasoning usage; NOT billed prefix tokens,stop,stop,False,False,247,925,453,1625,1378,247,946,464,1657,1410
math_test_precalculus_526,validation,precalculus,True,correct,correct,True,True,True,True,,False,,,character-position fraction of exact full reasoning usage; NOT billed prefix tokens,stop,stop,False,False,135,952,237,1324,1189,135,892,358,1385,1250
math_test_precalculus_536,validation,precalculus,True,correct,correct,True,True,True,True,,False,,,character-position fraction of exact full reasoning usage; NOT billed prefix tokens,stop,stop,False,False,219,864,234,1317,1098,219,362,271,852,633
math_test_precalculus_165,validation,precalculus,True,unknown,prediction_incomplete,False,True,True,True,13822,True,1929,746.3742389649924,character-position fraction of exact full reasoning usage; NOT billed prefix tokens,stop,length,False,True,112,6101,335,6548,6436,112,2048,0,2160,2048
math_test_precalculus_134,validation,precalculus,True,correct,correct,False,True,True,True,,False,,,character-position fraction of exact full reasoning usage; NOT billed prefix tokens,stop,stop,False,False,223,992,284,1499,1276,223,592,369,1184,961
math_test_precalculus_90,validation,precalculus,True,correct,prediction_incomplete,False,True,True,True,,False,,,character-position fraction of exact full reasoning usage; NOT billed prefix tokens,stop,length,False,True,118,2061,292,2471,2353,118,2048,0,2166,2048
math_test_precalculus_459,validation,precalculus,True,correct,prediction_incomplete,False,True,True,True,15717,True,584,241.0664378524148,character-position fraction of exact full reasoning usage; NOT billed prefix tokens,stop,length,False,True,88,6735,489,7312,7224,88,2048,0,2136,2048
math_test_precalculus_507,validation,precalculus,True,correct,prediction_incomplete,False,True,True,True,18219,True,2194,835.9578112764291,character-position fraction of exact full reasoning usage; NOT billed prefix tokens,stop,length,False,True,159,7785,423,8367,8208,159,2048,0,2207,2048
math_test_precalculus_105,validation,precalculus,True,correct,correct,False,True,True,True,,False,,,character-position fraction of exact full reasoning usage; NOT billed prefix tokens,stop,stop,False,False,127,460,353,940,813,127,442,295,864,737
math_test_precalculus_211,validation,precalculus,True,correct,prediction_incomplete,False,True,True,True,6885,True,15752,5485.6051540022945,character-position fraction of exact full reasoning usage; NOT billed prefix tokens,stop,length,False,True,292,7892,568,8752,8460,292,2048,0,2340,2048
math_test_precalculus_16,validation,precalculus,True,correct,correct,True,True,True,True,712,False,115,38.06049822064057,character-position fraction of exact full reasoning usage; NOT billed prefix tokens,stop,stop,False,False,91,279,229,599,508,91,96,119,306,215
math_test_precalculus_373,validation,precalculus,True,correct,prediction_incomplete,False,True,True,True,7524,True,6034,2217.342716085771,character-position fraction of exact full reasoning usage; NOT billed prefix tokens,stop,length,False,True,78,4987,504,5569,5491,78,2048,0,2126,2048
math_test_precalculus_359,validation,precalculus,True,correct,correct,False,True,True,True,,False,,,character-position fraction of exact full reasoning usage; NOT billed prefix tokens,stop,stop,False,False,202,528,167,897,695,202,876,206,1284,1082
math_test_precalculus_382,validation,precalculus,True,correct,correct,False,True,True,True,734,True,867,384.6171003717472,character-position fraction of exact full reasoning usage; NOT billed prefix tokens,stop,stop,False,False,92,716,340,1148,1056,92,398,442,932,840
math_test_precalculus_85,validation,precalculus,True,correct,correct,False,True,True,True,,False,,,character-position fraction of exact full reasoning usage; NOT billed prefix tokens,stop,stop,False,False,111,306,288,705,594,111,390,265,766,655
math_test_precalculus_60,validation,precalculus,True,unknown,unknown,True,True,True,True,1963,True,1131,484.7142857142857,character-position fraction of exact full reasoning usage; NOT billed prefix tokens,stop,stop,False,False,101,1362,290,1753,1652,101,1096,307,1504,1403
math_test_precalculus_62,validation,precalculus,True,correct,prediction_incomplete,False,True,True,True,,False,,,character-position fraction of exact full reasoning usage; NOT billed prefix tokens,stop,length,False,True,135,2430,312,2877,2742,135,1820,228,2183,2048
math_test_precalculus_40,validation,precalculus,True,correct,correct,True,True,True,True,2717,False,1,0.3621068032187271,character-position fraction of exact full reasoning usage; NOT billed prefix tokens,stop,stop,False,False,138,990,388,1516,1378,138,969,330,1437,1299
math_test_precalculus_485,validation,precalculus,False,prediction_incomplete,prediction_incomplete,False,True,True,True,,False,,,character-position fraction of exact full reasoning usage; NOT billed prefix tokens,length,length,True,True,112,16384,0,16496,16384,112,2048,0,2160,2048
math_test_precalculus_181,validation,precalculus,True,correct,correct,False,True,True,True,3292,False,38,16.40059612518629,character-position fraction of exact full reasoning usage; NOT billed prefix tokens,stop,stop,False,False,103,1448,332,1883,1780,103,1508,353,1964,1861
math_test_counting_probability_51,validation,counting_probability,True,correct,prediction_incomplete,False,True,True,True,,False,,,character-position fraction of exact full reasoning usage; NOT billed prefix tokens,stop,length,False,True,172,1193,288,1653,1481,172,2048,0,2220,2048
math_test_counting_probability_184,validation,counting_probability,True,correct,correct,True,True,True,True,,False,,,character-position fraction of exact full reasoning usage; NOT billed prefix tokens,stop,stop,False,False,109,374,177,660,551,109,382,167,658,549
math_test_counting_probability_192,validation,counting_probability,True,correct,prediction_incomplete,False,True,True,True,1620,True,39928,9808.832318760376,character-position fraction of exact full reasoning usage; NOT billed prefix tokens,stop,length,False,True,105,10210,215,10530,10425,105,2048,0,2153,2048
math_test_counting_probability_354,validation,counting_probability,True,correct,prediction_incomplete,False,True,True,True,6912,False,137,49.47114568599717,character-position fraction of exact full reasoning usage; NOT billed prefix tokens,stop,length,False,True,93,2553,228,2874,2781,93,2048,0,2141,2048
math_test_counting_probability_12,validation,counting_probability,True,correct,correct,False,True,True,True,,False,,,character-position fraction of exact full reasoning usage; NOT billed prefix tokens,stop,stop,False,False,83,276,169,528,445,83,432,159,674,591
math_test_counting_probability_137,validation,counting_probability,True,correct,prediction_incomplete,False,True,True,True,4074,False,33,10.116380353254295,character-position fraction of exact full reasoning usage; NOT billed prefix tokens,stop,length,False,True,160,1267,306,1733,1573,160,2048,0,2208,2048
math_test_counting_probability_255,validation,counting_probability,True,correct,correct,False,True,True,True,,False,,,character-position fraction of exact full reasoning usage; NOT billed prefix tokens,stop,stop,False,False,85,598,171,854,769,85,213,168,466,381
math_test_counting_probability_404,validation,counting_probability,True,correct,prediction_incomplete,False,True,True,True,15671,True,2215,544.9338025808614,character-position fraction of exact full reasoning usage; NOT billed prefix tokens,stop,length,False,True,113,4404,205,4722,4609,113,2048,0,2161,2048
math_test_counting_probability_107,validation,counting_probability,True,correct,correct,True,True,True,True,,False,,,character-position fraction of exact full reasoning usage; NOT billed prefix tokens,stop,stop,False,False,107,494,277,878,771,107,869,209,1185,1078
math_test_counting_probability_214,validation,counting_probability,True,correct,correct,True,True,True,True,642,False,50,22.206506364922205,character-position fraction of exact full reasoning usage; NOT billed prefix tokens,stop,stop,False,False,94,314,216,624,530,94,242,228,564,470
math_test_counting_probability_209,validation,counting_probability,True,correct,correct,True,True,True,True,1100,False,2,0.49731663685152055,character-position fraction of exact full reasoning usage; NOT billed prefix tokens,stop,stop,False,False,93,278,128,499,406,93,187,130,410,317
math_test_counting_probability_296,validation,counting_probability,True,correct,correct,False,True,True,True,,False,,,character-position fraction of exact full reasoning usage; NOT billed prefix tokens,stop,stop,False,False,107,247,156,510,403,107,311,166,584,477
math_test_counting_probability_19,validation,counting_probability,True,correct,correct,True,True,True,True,4749,True,1573,391.5132492113565,character-position fraction of exact full reasoning usage; NOT billed prefix tokens,stop,stop,False,False,111,1578,187,1876,1765,111,1008,149,1268,1157
math_test_counting_probability_366,validation,counting_probability,True,correct,prediction_incomplete,False,True,True,True,17311,False,150,41.23519652154013,character-position fraction of exact full reasoning usage; NOT billed prefix tokens,stop,length,False,True,87,4805,261,5153,5066,87,2048,0,2135,2048
math_test_counting_probability_376,validation,counting_probability,True,correct,correct,True,True,True,True,,False,,,character-position fraction of exact full reasoning usage; NOT billed prefix tokens,stop,stop,False,False,82,633,247,962,880,82,538,295,915,833
math_test_counting_probability_25,validation,counting_probability,True,correct,correct,False,True,True,True,,False,,,character-position fraction of exact full reasoning usage; NOT billed prefix tokens,stop,stop,False,False,85,171,154,410,325,85,151,179,415,330
math_test_counting_probability_300,validation,counting_probability,True,correct,correct,True,True,True,True,,False,,,character-position fraction of exact full reasoning usage; NOT billed prefix tokens,stop,stop,False,False,113,427,275,815,702,113,347,242,702,589
math_test_counting_probability_233,validation,counting_probability,True,correct,correct,True,True,True,True,8609,False,48,12.190915379294443,character-position fraction of exact full reasoning usage; NOT billed prefix tokens,stop,stop,False,False,101,2203,290,2594,2493,101,1663,148,1912,1811
math_test_counting_probability_450,validation,counting_probability,True,correct,correct,False,True,True,True,1206,False,26,9.2976,character-position fraction of exact full reasoning usage; NOT billed prefix tokens,stop,stop,False,False,100,447,263,810,710,100,399,258,757,657
math_test_counting_probability_3,validation,counting_probability,True,correct,correct,True,True,True,True,,False,,,character-position fraction of exact full reasoning usage; NOT billed prefix tokens,stop,stop,False,False,211,1141,442,1794,1583,211,1200,432,1843,1632
math_test_counting_probability_87,validation,counting_probability,True,correct,correct,True,True,True,True,,False,,,character-position fraction of exact full reasoning usage; NOT billed prefix tokens,stop,stop,False,False,80,303,142,525,445,80,272,135,487,407
math_test_counting_probability_158,validation,counting_probability,True,correct,correct,True,True,True,True,1463,True,688,234.94231656668205,character-position fraction of exact full reasoning usage; NOT billed prefix tokens,stop,stop,False,False,77,740,295,1112,1035,77,669,144,890,813
math_test_counting_probability_262,validation,counting_probability,True,correct,correct,True,True,True,True,1751,False,128,29.839662447257385,character-position fraction of exact full reasoning usage; NOT billed prefix tokens,stop,stop,False,False,107,442,183,732,625,107,1395,196,1698,1591
math_test_counting_probability_424,validation,counting_probability,True,correct,correct,True,True,True,True,3454,False,215,51.38768312533912,character-position fraction of exact full reasoning usage; NOT billed prefix tokens,stop,stop,False,False,156,881,214,1251,1095,156,760,201,1117,961
math_test_prealgebra_698,test,prealgebra,True,correct,correct,True,True,True,True,,False,,,character-position fraction of exact full reasoning usage; NOT billed prefix tokens,stop,stop,False,False,99,213,177,489,390,99,162,194,455,356
math_test_prealgebra_330,test,prealgebra,True,correct,correct,True,True,True,True,717,False,1,0.36239782016348776,character-position fraction of exact full reasoning usage; NOT billed prefix tokens,stop,stop,False,False,240,266,174,680,440,240,630,173,1043,803
math_test_prealgebra_452,test,prealgebra,True,correct,correct,True,True,True,True,,False,,,character-position fraction of exact full reasoning usage; NOT billed prefix tokens,stop,stop,False,False,71,141,135,347,276,71,111,118,300,229
math_test_prealgebra_674,test,prealgebra,True,correct,correct,False,True,True,True,,False,,,character-position fraction of exact full reasoning usage; NOT billed prefix tokens,stop,stop,False,False,81,223,95,399,318,81,118,152,351,270
math_test_prealgebra_139,test,prealgebra,True,correct,correct,True,True,True,True,,False,,,character-position fraction of exact full reasoning usage; NOT billed prefix tokens,stop,stop,False,False,180,913,311,1404,1224,180,439,178,797,617
math_test_prealgebra_573,test,prealgebra,True,correct,prediction_incomplete,False,True,True,True,7273,True,2466,700.2003691550451,character-position fraction of exact full reasoning usage; NOT billed prefix tokens,stop,length,False,True,357,2769,144,3270,2913,357,2048,0,2405,2048
math_test_prealgebra_170,test,prealgebra,True,correct,correct,False,True,True,True,,False,,,character-position fraction of exact full reasoning usage; NOT billed prefix tokens,stop,stop,False,False,301,671,262,1234,933,301,1035,343,1679,1378
math_test_prealgebra_808,test,prealgebra,True,correct,correct,True,True,True,True,,False,,,character-position fraction of exact full reasoning usage; NOT billed prefix tokens,stop,stop,False,False,65,97,78,240,175,65,191,86,342,277
math_test_prealgebra_411,test,prealgebra,True,correct,prediction_incomplete,False,True,True,True,13618,True,1215,415.99164926931104,character-position fraction of exact full reasoning usage; NOT billed prefix tokens,stop,length,False,True,422,5084,205,5711,5289,422,2048,0,2470,2048
math_test_prealgebra_217,test,prealgebra,True,correct,prediction_incomplete,False,True,True,True,4646,True,2832,992.8818897637796,character-position fraction of exact full reasoning usage; NOT billed prefix tokens,stop,length,False,True,424,2627,151,3202,2778,424,2048,0,2472,2048
math_test_prealgebra_274,test,prealgebra,True,correct,correct,True,True,True,True,1294,False,34,13.104166666666666,character-position fraction of exact full reasoning usage; NOT billed prefix tokens,stop,stop,False,False,89,518,420,1027,938,89,366,354,809,720
math_test_prealgebra_546,test,prealgebra,True,correct,correct,True,True,True,True,1381,True,1054,375.84496124031006,character-position fraction of exact full reasoning usage; NOT billed prefix tokens,stop,stop,False,False,222,874,187,1283,1061,222,911,220,1353,1131
math_test_prealgebra_130,test,prealgebra,True,correct,correct,True,True,True,True,,False,,,character-position fraction of exact full reasoning usage; NOT billed prefix tokens,stop,stop,False,False,83,537,159,779,696,83,733,241,1057,974
math_test_prealgebra_740,test,prealgebra,True,correct,correct,True,True,True,True,362,False,31,10.282926829268293,character-position fraction of exact full reasoning usage; NOT billed prefix tokens,stop,stop,False,False,115,136,131,382,267,115,129,106,350,235
math_test_prealgebra_219,test,prealgebra,True,correct,correct,True,True,True,True,576,False,1,0.34121621621621623,character-position fraction of exact full reasoning usage; NOT billed prefix tokens,stop,stop,False,False,119,202,177,498,379,119,212,248,579,460
math_test_prealgebra_204,test,prealgebra,True,correct,correct,True,True,True,True,,False,,,character-position fraction of exact full reasoning usage; NOT billed prefix tokens,stop,stop,False,False,89,175,123,387,298,89,171,157,417,328
math_test_prealgebra_675,test,prealgebra,True,correct,correct,False,True,True,True,,False,,,character-position fraction of exact full reasoning usage; NOT billed prefix tokens,stop,stop,False,False,135,224,149,508,373,135,207,162,504,369
math_test_prealgebra_145,test,prealgebra,False,prediction_incomplete,prediction_incomplete,False,True,True,True,,False,,,character-position fraction of exact full reasoning usage; NOT billed prefix tokens,length,length,True,True,425,16384,0,16809,16384,425,2048,0,2473,2048
math_test_prealgebra_132,test,prealgebra,True,correct,correct,True,True,True,True,532,False,17,4.3628318584070795,character-position fraction of exact full reasoning usage; NOT billed prefix tokens,stop,stop,False,False,89,145,120,354,265,89,290,125,504,415
math_test_prealgebra_653,test,prealgebra,True,correct,correct,True,True,True,True,1441,True,1691,414.0127186009539,character-position fraction of exact full reasoning usage; NOT billed prefix tokens,stop,stop,False,False,68,770,161,999,931,68,455,116,639,571
math_test_prealgebra_59,test,prealgebra,True,correct,correct,True,True,True,True,346,False,59,15.70503597122302,character-position fraction of exact full reasoning usage; NOT billed prefix tokens,stop,stop,False,False,99,111,178,388,289,99,142,130,371,272
math_test_prealgebra_166,test,prealgebra,True,correct,correct,False,True,True,True,,False,,,character-position fraction of exact full reasoning usage; NOT billed prefix tokens,stop,stop,False,False,85,184,142,411,326,85,225,136,446,361
math_test_prealgebra_701,test,prealgebra,True,correct,correct,False,True,True,True,,False,,,character-position fraction of exact full reasoning usage; NOT billed prefix tokens,stop,stop,False,False,100,160,131,391,291,100,83,146,329,229
math_test_prealgebra_850,test,prealgebra,True,correct,correct,True,True,True,True,,False,,,character-position fraction of exact full reasoning usage; NOT billed prefix tokens,stop,stop,False,False,84,378,111,573,489,84,479,194,757,673
math_test_prealgebra_825,test,prealgebra,True,correct,correct,False,True,True,True,558,False,92,37.32335329341317,character-position fraction of exact full reasoning usage; NOT billed prefix tokens,stop,stop,False,False,165,271,245,681,516,165,233,233,631,466
math_test_prealgebra_394,test,prealgebra,True,correct,correct,True,True,True,True,,False,,,character-position fraction of exact full reasoning usage; NOT billed prefix tokens,stop,stop,False,False,139,231,148,518,379,139,194,146,479,340
math_test_prealgebra_115,test,prealgebra,True,correct,correct,True,True,True,True,3001,False,16,3.6452357401912296,character-position fraction of exact full reasoning usage; NOT billed prefix tokens,stop,stop,False,False,167,691,117,975,808,167,191,120,478,311
math_test_prealgebra_520,test,prealgebra,True,correct,correct,True,True,True,True,,False,,,character-position fraction of exact full reasoning usage; NOT billed prefix tokens,stop,stop,False,False,100,358,282,740,640,100,450,469,1019,919
math_test_prealgebra_350,test,prealgebra,True,correct,correct,True,True,True,True,,False,,,character-position fraction of exact full reasoning usage; NOT billed prefix tokens,stop,stop,False,False,80,294,137,511,431,80,294,147,521,441
math_test_prealgebra_391,test,prealgebra,True,correct,correct,True,True,True,True,1172,False,378,89.97702616464582,character-position fraction of exact full reasoning usage; NOT billed prefix tokens,stop,stop,False,False,94,373,159,626,532,94,749,167,1010,916
math_test_prealgebra_4,test,prealgebra,True,correct,correct,False,True,True,True,,False,,,character-position fraction of exact full reasoning usage; NOT billed prefix tokens,stop,stop,False,False,127,208,139,474,347,127,140,161,428,301
math_test_prealgebra_184,test,prealgebra,True,correct,correct,True,True,True,True,,False,,,character-position fraction of exact full reasoning usage; NOT billed prefix tokens,stop,stop,False,False,83,116,232,431,348,83,106,187,376,293
math_test_prealgebra_407,test,prealgebra,True,correct,correct,True,True,True,True,817,False,1,0.28177458033573144,character-position fraction of exact full reasoning usage; NOT billed prefix tokens,stop,stop,False,False,85,235,144,464,379,85,166,173,424,339
math_test_prealgebra_385,test,prealgebra,True,correct,prediction_incomplete,False,True,True,True,10356,True,4818,1126.8747284576393,character-position fraction of exact full reasoning usage; NOT billed prefix tokens,stop,length,False,True,142,3553,158,3853,3711,142,2048,0,2190,2048
math_test_prealgebra_549,test,prealgebra,True,correct,correct,True,True,True,True,239,False,32,8.222222222222221,character-position fraction of exact full reasoning usage; NOT billed prefix tokens,stop,stop,False,False,128,74,145,347,219,128,66,154,348,220
math_test_prealgebra_140,test,prealgebra,True,correct,correct,True,True,True,True,549,False,2,0.6031746031746031,character-position fraction of exact full reasoning usage; NOT billed prefix tokens,stop,stop,False,False,103,171,162,436,333,103,222,145,470,367
math_test_prealgebra_803,test,prealgebra,True,correct,correct,True,True,True,True,,False,,,character-position fraction of exact full reasoning usage; NOT billed prefix tokens,stop,stop,False,False,256,273,194,723,467,256,261,142,659,403
math_test_prealgebra_100,test,prealgebra,True,correct,prediction_incomplete,False,True,True,True,19501,True,8943,2765.954039144032,character-position fraction of exact full reasoning usage; NOT billed prefix tokens,stop,length,False,True,261,8802,209,9272,9011,261,2048,0,2309,2048
math_test_prealgebra_822,test,prealgebra,True,correct,correct,False,True,True,True,2609,False,73,23.909596146721007,character-position fraction of exact full reasoning usage; NOT billed prefix tokens,stop,stop,False,False,804,884,129,1817,1013,804,1527,114,2445,1641
math_test_prealgebra_474,test,prealgebra,True,correct,correct,True,True,True,True,2104,False,60,14.972477064220184,character-position fraction of exact full reasoning usage; NOT billed prefix tokens,stop,stop,False,False,142,544,158,844,702,142,360,167,669,527
math_test_prealgebra_547,test,prealgebra,True,correct,unknown,True,True,True,True,,False,,,character-position fraction of exact full reasoning usage; NOT billed prefix tokens,stop,stop,False,False,81,102,85,268,187,81,114,80,275,194
math_test_prealgebra_55,test,prealgebra,True,correct,correct,True,True,True,True,285,False,46,16.56,character-position fraction of exact full reasoning usage; NOT billed prefix tokens,stop,stop,False,False,104,126,87,317,213,104,102,97,303,199
math_test_prealgebra_480,test,prealgebra,True,correct,correct,False,True,True,True,,False,,,character-position fraction of exact full reasoning usage; NOT billed prefix tokens,stop,stop,False,False,100,235,119,454,354,100,160,124,384,284
math_test_prealgebra_647,test,prealgebra,True,correct,prediction_incomplete,False,True,True,True,6239,True,2951,1009.6285434995112,character-position fraction of exact full reasoning usage; NOT billed prefix tokens,stop,length,False,True,159,3150,178,3487,3328,159,2048,0,2207,2048
math_test_prealgebra_28,test,prealgebra,True,correct,correct,False,True,True,True,,False,,,character-position fraction of exact full reasoning usage; NOT billed prefix tokens,stop,stop,False,False,165,113,94,372,207,165,143,144,452,287
math_test_prealgebra_119,test,prealgebra,True,unknown,unknown,False,True,True,True,,False,,,character-position fraction of exact full reasoning usage; NOT billed prefix tokens,stop,stop,False,False,98,136,135,369,271,98,91,117,306,208
math_test_prealgebra_421,test,prealgebra,True,correct,correct,True,True,True,True,2082,False,295,106.14082741328876,character-position fraction of exact full reasoning usage; NOT billed prefix tokens,stop,stop,False,False,85,861,262,1208,1123,85,1241,249,1575,1490
math_test_prealgebra_20,test,prealgebra,True,correct,correct,True,True,True,True,4227,True,1990,493.266977042864,character-position fraction of exact full reasoning usage; NOT billed prefix tokens,stop,stop,False,False,117,1544,79,1740,1623,117,1401,90,1608,1491
math_test_prealgebra_133,test,prealgebra,True,incorrect,incorrect,False,True,True,True,,False,,,character-position fraction of exact full reasoning usage; NOT billed prefix tokens,stop,stop,False,False,216,332,136,684,468,216,473,158,847,631
math_test_prealgebra_540,test,prealgebra,True,correct,prediction_incomplete,False,True,True,True,,False,,,character-position fraction of exact full reasoning usage; NOT billed prefix tokens,stop,length,False,True,260,3068,275,3603,3343,260,2048,0,2308,2048
math_test_prealgebra_581,test,prealgebra,True,correct,correct,False,True,True,True,811,False,1,0.2810615199034982,character-position fraction of exact full reasoning usage; NOT billed prefix tokens,stop,stop,False,False,505,233,62,800,295,505,260,85,850,345
math_test_prealgebra_514,test,prealgebra,True,correct,correct,True,True,True,True,,False,,,character-position fraction of exact full reasoning usage; NOT billed prefix tokens,stop,stop,False,False,112,76,95,283,171,112,86,102,300,188
math_test_prealgebra_580,test,prealgebra,True,correct,correct,True,True,True,True,629,False,2,0.6676970633693973,character-position fraction of exact full reasoning usage; NOT billed prefix tokens,stop,stop,False,False,113,216,152,481,368,113,126,167,406,293
math_test_prealgebra_46,test,prealgebra,True,correct,correct,False,True,True,True,,False,,,character-position fraction of exact full reasoning usage; NOT billed prefix tokens,stop,stop,False,False,112,174,117,403,291,112,166,125,403,291
math_test_prealgebra_231,test,prealgebra,True,correct,correct,True,True,True,True,,False,,,character-position fraction of exact full reasoning usage; NOT billed prefix tokens,stop,stop,False,False,197,1758,167,2122,1925,197,1289,164,1650,1453
math_test_prealgebra_392,test,prealgebra,True,correct,correct,False,True,True,True,,False,,,character-position fraction of exact full reasoning usage; NOT billed prefix tokens,stop,stop,False,False,95,136,165,396,301,95,168,167,430,335
math_test_prealgebra_592,test,prealgebra,True,correct,correct,True,True,True,True,,False,,,character-position fraction of exact full reasoning usage; NOT billed prefix tokens,stop,stop,False,False,137,218,195,550,413,137,142,159,438,301
math_test_prealgebra_0,test,prealgebra,True,correct,correct,True,True,True,True,,False,,,character-position fraction of exact full reasoning usage; NOT billed prefix tokens,stop,stop,False,False,174,827,252,1253,1079,174,1710,145,2029,1855
math_test_prealgebra_756,test,prealgebra,True,correct,correct,True,True,True,True,,False,,,character-position fraction of exact full reasoning usage; NOT billed prefix tokens,stop,stop,False,False,96,200,151,447,351,96,222,141,459,363
math_test_prealgebra_624,test,prealgebra,True,correct,correct,True,True,True,True,577,False,47,20.206299212598424,character-position fraction of exact full reasoning usage; NOT billed prefix tokens,stop,stop,False,False,86,273,145,504,418,86,562,147,795,709
math_test_prealgebra_257,test,prealgebra,True,correct,correct,True,True,True,True,548,True,486,199.5157894736842,character-position fraction of exact full reasoning usage; NOT billed prefix tokens,stop,stop,False,False,85,429,179,693,608,85,359,211,655,570
math_test_prealgebra_844,test,prealgebra,True,correct,correct,True,True,True,True,580,False,66,20.38235294117647,character-position fraction of exact full reasoning usage; NOT billed prefix tokens,stop,stop,False,False,170,210,180,560,390,170,196,130,496,326
math_test_prealgebra_240,test,prealgebra,True,correct,unknown,False,True,True,True,,False,,,character-position fraction of exact full reasoning usage; NOT billed prefix tokens,stop,stop,False,False,126,188,124,438,312,126,230,120,476,350
math_test_prealgebra_177,test,prealgebra,True,correct,correct,False,True,True,True,1092,False,62,23.402220324508967,character-position fraction of exact full reasoning usage; NOT billed prefix tokens,stop,stop,False,False,257,442,110,809,552,257,698,131,1086,829
math_test_prealgebra_492,test,prealgebra,True,correct,correct,True,True,True,True,303,False,58,15.497354497354497,character-position fraction of exact full reasoning usage; NOT billed prefix tokens,stop,stop,False,False,72,101,98,271,199,72,129,82,283,211
math_test_prealgebra_128,test,prealgebra,True,correct,correct,True,True,True,True,,False,,,character-position fraction of exact full reasoning usage; NOT billed prefix tokens,stop,stop,False,False,90,83,91,264,174,90,55,97,242,152
math_test_prealgebra_157,test,prealgebra,True,correct,correct,True,True,True,True,1616,False,25,7.895531400966184,character-position fraction of exact full reasoning usage; NOT billed prefix tokens,stop,stop,False,False,84,523,185,792,708,84,439,228,751,667
math_test_prealgebra_771,test,prealgebra,True,correct,correct,True,True,True,True,,False,,,character-position fraction of exact full reasoning usage; NOT billed prefix tokens,stop,stop,False,False,125,71,85,281,156,125,84,101,310,185
math_test_prealgebra_641,test,prealgebra,True,correct,correct,True,True,True,True,1821,True,913,260.05056384139687,character-position fraction of exact full reasoning usage; NOT billed prefix tokens,stop,stop,False,False,127,783,219,1129,1002,127,402,223,752,625
math_test_prealgebra_109,test,prealgebra,True,correct,correct,True,True,True,True,,False,,,character-position fraction of exact full reasoning usage; NOT billed prefix tokens,stop,stop,False,False,144,277,197,618,474,144,318,178,640,496
math_test_prealgebra_103,test,prealgebra,True,correct,correct,True,True,True,True,858,False,213,67.79059040590406,character-position fraction of exact full reasoning usage; NOT billed prefix tokens,stop,stop,False,False,79,345,147,571,492,79,408,165,652,573
math_test_prealgebra_611,test,prealgebra,True,correct,prediction_incomplete,False,True,True,True,14541,True,1087,241.91064808896843,character-position fraction of exact full reasoning usage; NOT billed prefix tokens,stop,length,False,True,104,3482,128,3714,3610,104,2048,0,2152,2048
math_test_prealgebra_594,test,prealgebra,True,unknown,unknown,False,True,True,True,,False,,,character-position fraction of exact full reasoning usage; NOT billed prefix tokens,stop,stop,False,False,136,141,155,432,296,136,137,113,386,250
math_test_prealgebra_329,test,prealgebra,True,correct,correct,False,True,True,True,,False,,,character-position fraction of exact full reasoning usage; NOT billed prefix tokens,stop,stop,False,False,131,242,124,497,366,131,220,109,460,329
math_test_prealgebra_448,test,prealgebra,True,correct,correct,True,True,True,True,,False,,,character-position fraction of exact full reasoning usage; NOT billed prefix tokens,stop,stop,False,False,92,402,92,586,494,92,473,99,664,572
math_test_prealgebra_321,test,prealgebra,True,correct,correct,True,True,True,True,,False,,,character-position fraction of exact full reasoning usage; NOT billed prefix tokens,stop,stop,False,False,88,134,167,389,301,88,201,207,496,408
math_test_prealgebra_348,test,prealgebra,True,correct,prediction_incomplete,False,True,True,True,5521,True,574,187.9211387434555,character-position fraction of exact full reasoning usage; NOT billed prefix tokens,stop,length,False,True,314,2001,202,2517,2203,314,2048,0,2362,2048
math_test_prealgebra_154,test,prealgebra,True,correct,correct,True,True,True,True,2519,False,75,20.02106472615856,character-position fraction of exact full reasoning usage; NOT billed prefix tokens,stop,stop,False,False,285,697,255,1237,952,285,578,198,1061,776
math_test_prealgebra_545,test,prealgebra,True,correct,correct,True,True,True,True,1827,False,131,34.52917505030181,character-position fraction of exact full reasoning usage; NOT billed prefix tokens,stop,stop,False,False,438,524,200,1162,724,438,670,194,1302,864
math_test_prealgebra_353,test,prealgebra,True,correct,prediction_incomplete,False,True,True,True,,False,,,character-position fraction of exact full reasoning usage; NOT billed prefix tokens,stop,length,False,True,99,1664,287,2050,1951,99,1947,101,2147,2048
math_test_prealgebra_305,test,prealgebra,True,correct,correct,True,True,True,True,,False,,,character-position fraction of exact full reasoning usage; NOT billed prefix tokens,stop,stop,False,False,105,143,80,328,223,105,177,68,350,245
math_test_prealgebra_842,test,prealgebra,True,correct,correct,True,True,True,True,358,False,86,28.359743040685224,character-position fraction of exact full reasoning usage; NOT billed prefix tokens,stop,stop,False,False,107,154,124,385,278,107,134,122,363,256
math_test_prealgebra_671,test,prealgebra,True,correct,prediction_incomplete,False,True,True,True,15705,True,10041,3186.0040764034475,character-position fraction of exact full reasoning usage; NOT billed prefix tokens,stop,length,False,True,205,8173,202,8580,8375,205,2048,0,2253,2048
math_test_prealgebra_185,test,prealgebra,True,correct,correct,True,True,True,True,,False,,,character-position fraction of exact full reasoning usage; NOT billed prefix tokens,stop,stop,False,False,119,72,161,352,233,119,76,182,377,258
math_test_prealgebra_388,test,prealgebra,True,correct,correct,False,True,True,True,,False,,,character-position fraction of exact full reasoning usage; NOT billed prefix tokens,stop,stop,False,False,106,95,95,296,190,106,102,84,292,186
math_test_prealgebra_626,test,prealgebra,True,correct,correct,False,True,True,True,,False,,,character-position fraction of exact full reasoning usage; NOT billed prefix tokens,stop,stop,False,False,96,201,156,453,357,96,148,172,416,320
math_test_prealgebra_795,test,prealgebra,True,correct,correct,False,True,True,True,,False,,,character-position fraction of exact full reasoning usage; NOT billed prefix tokens,stop,stop,False,False,114,342,129,585,471,114,234,178,526,412
math_test_prealgebra_229,test,prealgebra,True,correct,correct,False,True,True,True,1641,False,283,73.19216898505925,character-position fraction of exact full reasoning usage; NOT billed prefix tokens,stop,stop,False,False,116,502,159,777,661,116,1342,152,1610,1494
math_test_prealgebra_268,test,prealgebra,True,correct,correct,False,True,True,True,956,False,56,20.68027210884354,character-position fraction of exact full reasoning usage; NOT billed prefix tokens,stop,stop,False,False,317,380,235,932,615,317,333,263,913,596
math_test_prealgebra_137,test,prealgebra,True,correct,correct,True,True,True,True,,False,,,character-position fraction of exact full reasoning usage; NOT billed prefix tokens,stop,stop,False,False,182,1222,170,1574,1392,182,1189,160,1531,1349
math_test_prealgebra_171,test,prealgebra,True,correct,correct,True,True,True,True,,False,,,character-position fraction of exact full reasoning usage; NOT billed prefix tokens,stop,stop,False,False,138,688,133,959,821,138,287,154,579,441
math_test_prealgebra_563,test,prealgebra,True,correct,correct,False,True,True,True,3520,False,174,55.75483870967742,character-position fraction of exact full reasoning usage; NOT billed prefix tokens,stop,stop,False,False,217,1192,178,1587,1370,217,918,169,1304,1087
math_test_prealgebra_5,test,prealgebra,True,correct,correct,False,True,True,True,,False,,,character-position fraction of exact full reasoning usage; NOT billed prefix tokens,stop,stop,False,False,94,336,140,570,476,94,299,241,634,540
math_test_prealgebra_430,test,prealgebra,True,correct,correct,False,True,True,True,427,False,37,11.21443298969072,character-position fraction of exact full reasoning usage; NOT billed prefix tokens,stop,stop,False,False,68,147,143,358,290,68,335,159,562,494
math_test_prealgebra_209,test,prealgebra,True,correct,correct,True,True,True,True,,False,,,character-position fraction of exact full reasoning usage; NOT billed prefix tokens,stop,stop,False,False,140,108,116,364,224,140,156,154,450,310
math_test_prealgebra_564,test,prealgebra,True,correct,correct,False,True,True,True,,False,,,character-position fraction of exact full reasoning usage; NOT billed prefix tokens,stop,stop,False,False,108,184,171,463,355,108,143,177,428,320
math_test_prealgebra_766,test,prealgebra,True,correct,correct,False,True,True,True,,False,,,character-position fraction of exact full reasoning usage; NOT billed prefix tokens,stop,stop,False,False,80,468,204,752,672,80,343,216,639,559
math_test_prealgebra_787,test,prealgebra,True,correct,correct,True,True,True,True,898,False,27,6.850318471337579,character-position fraction of exact full reasoning usage; NOT billed prefix tokens,stop,stop,False,False,97,239,187,523,426,97,257,174,528,431
math_test_prealgebra_852,test,prealgebra,True,correct,correct,True,True,True,True,,False,,,character-position fraction of exact full reasoning usage; NOT billed prefix tokens,stop,stop,False,False,107,154,130,391,284,107,82,150,339,232
math_test_prealgebra_197,test,prealgebra,True,correct,correct,True,True,True,True,,False,,,character-position fraction of exact full reasoning usage; NOT billed prefix tokens,stop,stop,False,False,121,121,175,417,296,121,172,179,472,351
math_test_prealgebra_326,test,prealgebra,True,correct,correct,True,True,True,True,,False,,,character-position fraction of exact full reasoning usage; NOT billed prefix tokens,stop,stop,False,False,214,763,229,1206,992,214,379,245,838,624
math_test_prealgebra_138,test,prealgebra,True,correct,correct,False,True,True,True,,False,,,character-position fraction of exact full reasoning usage; NOT billed prefix tokens,stop,stop,False,False,85,159,122,366,281,85,308,162,555,470
math_test_prealgebra_29,test,prealgebra,True,correct,correct,True,True,True,True,450,False,22,9.170431211498974,character-position fraction of exact full reasoning usage; NOT billed prefix tokens,stop,stop,False,False,103,203,164,470,367,103,168,156,427,324
math_test_prealgebra_456,test,prealgebra,True,correct,correct,True,True,True,True,,False,,,character-position fraction of exact full reasoning usage; NOT billed prefix tokens,stop,stop,False,False,133,192,218,543,410,133,164,212,509,376
math_test_prealgebra_379,test,prealgebra,True,correct,correct,True,True,True,True,,False,,,character-position fraction of exact full reasoning usage; NOT billed prefix tokens,stop,stop,False,False,102,309,221,632,530,102,329,217,648,546
math_test_prealgebra_342,test,prealgebra,True,correct,correct,False,True,True,True,,False,,,character-position fraction of exact full reasoning usage; NOT billed prefix tokens,stop,stop,False,False,81,138,90,309,228,81,199,122,402,321
math_test_prealgebra_718,test,prealgebra,True,correct,correct,True,True,True,True,,False,,,character-position fraction of exact full reasoning usage; NOT billed prefix tokens,stop,stop,False,False,85,78,154,317,232,85,89,139,313,228
math_test_prealgebra_767,test,prealgebra,True,correct,correct,False,True,True,True,,False,,,character-position fraction of exact full reasoning usage; NOT billed prefix tokens,stop,stop,False,False,252,299,221,772,520,252,240,190,682,430
math_test_prealgebra_362,test,prealgebra,True,correct,prediction_incomplete,False,True,True,True,9957,True,1618,565.6717860224331,character-position fraction of exact full reasoning usage; NOT billed prefix tokens,stop,length,False,True,115,4052,342,4509,4394,115,2048,0,2163,2048
math_test_prealgebra_32,test,prealgebra,True,correct,correct,False,True,True,True,864,False,127,56.82242063492063,character-position fraction of exact full reasoning usage; NOT billed prefix tokens,stop,stop,False,False,80,451,180,711,631,80,296,107,483,403
math_test_prealgebra_66,test,prealgebra,True,incorrect,incorrect,True,True,True,True,488,False,15,4.335260115606936,character-position fraction of exact full reasoning usage; NOT billed prefix tokens,stop,stop,False,False,119,150,135,404,285,119,124,108,351,232
math_test_prealgebra_225,test,prealgebra,True,correct,correct,False,True,True,True,,False,,,character-position fraction of exact full reasoning usage; NOT billed prefix tokens,stop,stop,False,False,144,144,212,500,356,144,202,213,559,415
math_test_prealgebra_684,test,prealgebra,True,correct,correct,True,True,True,True,,False,,,character-position fraction of exact full reasoning usage; NOT billed prefix tokens,stop,stop,False,False,117,211,112,440,323,117,177,107,401,284
math_test_prealgebra_562,test,prealgebra,True,correct,correct,True,True,True,True,,False,,,character-position fraction of exact full reasoning usage; NOT billed prefix tokens,stop,stop,False,False,110,127,113,350,240,110,97,115,322,212
math_test_prealgebra_83,test,prealgebra,True,correct,correct,True,True,True,True,,False,,,character-position fraction of exact full reasoning usage; NOT billed prefix tokens,stop,stop,False,False,120,105,260,485,365,120,115,212,447,327
math_test_prealgebra_266,test,prealgebra,True,correct,correct,False,True,True,True,,False,,,character-position fraction of exact full reasoning usage; NOT billed prefix tokens,stop,stop,False,False,98,82,117,297,199,98,119,136,353,255
math_test_prealgebra_708,test,prealgebra,True,correct,correct,False,True,True,True,,False,,,character-position fraction of exact full reasoning usage; NOT billed prefix tokens,stop,stop,False,False,81,78,94,253,172,81,75,92,248,167
math_test_prealgebra_568,test,prealgebra,True,correct,correct,False,True,True,True,,False,,,character-position fraction of exact full reasoning usage; NOT billed prefix tokens,stop,stop,False,False,63,259,178,500,437,63,219,201,483,420
math_test_prealgebra_666,test,prealgebra,True,correct,correct,True,True,True,True,,False,,,character-position fraction of exact full reasoning usage; NOT billed prefix tokens,stop,stop,False,False,82,144,200,426,344,82,200,167,449,367
math_test_prealgebra_784,test,prealgebra,True,correct,correct,True,True,True,True,,False,,,character-position fraction of exact full reasoning usage; NOT billed prefix tokens,stop,stop,False,False,111,445,65,621,510,111,125,113,349,238
math_test_prealgebra_232,test,prealgebra,True,correct,correct,True,True,True,True,3618,True,372,128.8299625468165,character-position fraction of exact full reasoning usage; NOT billed prefix tokens,stop,stop,False,False,531,1387,139,2057,1526,531,1120,232,1883,1352
math_test_prealgebra_213,test,prealgebra,True,correct,correct,False,True,True,True,,False,,,character-position fraction of exact full reasoning usage; NOT billed prefix tokens,stop,stop,False,False,121,246,191,558,437,121,460,148,729,608
math_test_prealgebra_446,test,prealgebra,True,correct,correct,True,True,True,True,,False,,,character-position fraction of exact full reasoning usage; NOT billed prefix tokens,stop,stop,False,False,69,255,136,460,391,69,237,144,450,381
math_test_prealgebra_202,test,prealgebra,True,correct,correct,True,True,True,True,,False,,,character-position fraction of exact full reasoning usage; NOT billed prefix tokens,stop,stop,False,False,74,74,115,263,189,74,83,114,271,197
math_test_prealgebra_849,test,prealgebra,True,correct,correct,True,True,True,True,,False,,,character-position fraction of exact full reasoning usage; NOT billed prefix tokens,stop,stop,False,False,97,311,256,664,567,97,368,242,707,610
math_test_prealgebra_224,test,prealgebra,True,correct,prediction_incomplete,False,True,True,True,,False,,,character-position fraction of exact full reasoning usage; NOT billed prefix tokens,stop,length,False,True,235,8296,243,8774,8539,235,2048,0,2283,2048
math_test_prealgebra_192,test,prealgebra,True,correct,correct,True,True,True,True,,False,,,character-position fraction of exact full reasoning usage; NOT billed prefix tokens,stop,stop,False,False,105,326,224,655,550,105,327,192,624,519
math_test_prealgebra_361,test,prealgebra,True,correct,prediction_incomplete,False,True,True,True,2727,True,1810,417.08003518029903,character-position fraction of exact full reasoning usage; NOT billed prefix tokens,stop,length,False,True,102,1048,193,1343,1241,102,2048,0,2150,2048
math_test_prealgebra_95,test,prealgebra,True,correct,correct,False,True,True,True,736,False,1,0.3841059602649007,character-position fraction of exact full reasoning usage; NOT billed prefix tokens,stop,stop,False,False,136,290,248,674,538,136,303,235,674,538
math_test_prealgebra_220,test,prealgebra,True,correct,prediction_incomplete,False,True,True,True,2116,True,874,281.43789543789546,character-position fraction of exact full reasoning usage; NOT billed prefix tokens,stop,length,False,True,345,967,138,1450,1105,345,1949,99,2393,2048
math_test_prealgebra_663,test,prealgebra,True,correct,correct,True,True,True,True,1014,True,680,185.34583821805393,character-position fraction of exact full reasoning usage; NOT billed prefix tokens,stop,stop,False,False,119,465,194,778,659,119,401,160,680,561
math_test_prealgebra_840,test,prealgebra,True,correct,correct,True,True,True,True,270,False,29,11.618296529968454,character-position fraction of exact full reasoning usage; NOT billed prefix tokens,stop,stop,False,False,83,127,132,342,259,83,121,91,295,212
math_test_prealgebra_550,test,prealgebra,True,correct,correct,True,True,True,True,,False,,,character-position fraction of exact full reasoning usage; NOT billed prefix tokens,stop,stop,False,False,71,198,173,442,371,71,548,139,758,687
math_test_prealgebra_143,test,prealgebra,True,correct,correct,True,True,True,True,213,False,22,7.450199203187251,character-position fraction of exact full reasoning usage; NOT billed prefix tokens,stop,stop,False,False,75,85,114,274,199,75,80,91,246,171
math_test_prealgebra_655,test,prealgebra,True,correct,correct,True,True,True,True,,False,,,character-position fraction of exact full reasoning usage; NOT billed prefix tokens,stop,stop,False,False,74,431,175,680,606,74,508,162,744,670
math_test_prealgebra_805,test,prealgebra,True,correct,prediction_incomplete,False,True,True,True,3933,False,14,4.6537102473498235,character-position fraction of exact full reasoning usage; NOT billed prefix tokens,stop,length,False,True,856,1317,198,2371,1515,856,2048,0,2904,2048
math_test_prealgebra_3,test,prealgebra,True,correct,prediction_incomplete,False,True,True,True,13560,True,16823,5211.54498816101,character-position fraction of exact full reasoning usage; NOT billed prefix tokens,stop,length,False,True,248,9420,181,9849,9601,248,2048,0,2296,2048
math_test_prealgebra_206,test,prealgebra,True,correct,correct,True,True,True,True,,False,,,character-position fraction of exact full reasoning usage; NOT billed prefix tokens,stop,stop,False,False,101,134,177,412,311,101,197,160,458,357
math_test_prealgebra_628,test,prealgebra,True,correct,correct,True,True,True,True,,False,,,character-position fraction of exact full reasoning usage; NOT billed prefix tokens,stop,stop,False,False,122,373,296,791,669,122,390,295,807,685
math_test_prealgebra_553,test,prealgebra,True,correct,correct,True,True,True,True,,False,,,character-position fraction of exact full reasoning usage; NOT billed prefix tokens,stop,stop,False,False,107,210,167,484,377,107,262,128,497,390
math_test_prealgebra_642,test,prealgebra,True,correct,correct,False,True,True,True,410,False,2,0.6224256292906178,character-position fraction of exact full reasoning usage; NOT billed prefix tokens,stop,stop,False,False,87,136,165,388,301,87,145,159,391,304
math_test_prealgebra_417,test,prealgebra,True,correct,correct,False,True,True,True,4301,True,8144,2025.5455712451862,character-position fraction of exact full reasoning usage; NOT billed prefix tokens,stop,stop,False,False,663,3100,195,3958,3295,663,1710,185,2558,1895
math_test_prealgebra_405,test,prealgebra,True,correct,correct,True,True,True,True,,False,,,character-position fraction of exact full reasoning usage; NOT billed prefix tokens,stop,stop,False,False,90,115,98,303,213,90,91,89,270,180
math_test_prealgebra_473,test,prealgebra,True,correct,correct,True,True,True,True,,False,,,character-position fraction of exact full reasoning usage; NOT billed prefix tokens,stop,stop,False,False,85,154,184,423,338,85,163,163,411,326
math_test_prealgebra_359,test,prealgebra,True,correct,correct,False,True,True,True,4870,False,175,53.35408022130014,character-position fraction of exact full reasoning usage; NOT billed prefix tokens,stop,stop,False,False,119,1543,133,1795,1676,119,120,151,390,271
math_test_prealgebra_272,test,prealgebra,True,correct,correct,False,True,True,True,,False,,,character-position fraction of exact full reasoning usage; NOT billed prefix tokens,stop,stop,False,False,65,112,107,284,219,65,185,81,331,266
math_test_prealgebra_508,test,prealgebra,True,correct,correct,False,True,True,True,,False,,,character-position fraction of exact full reasoning usage; NOT billed prefix tokens,stop,stop,False,False,92,163,163,418,326,92,184,142,418,326
math_test_prealgebra_859,test,prealgebra,True,correct,correct,False,True,True,True,,False,,,character-position fraction of exact full reasoning usage; NOT billed prefix tokens,stop,stop,False,False,83,337,279,699,616,83,351,205,639,556
math_test_prealgebra_94,test,prealgebra,True,correct,correct,False,True,True,True,,False,,,character-position fraction of exact full reasoning usage; NOT billed prefix tokens,stop,stop,False,False,76,122,88,286,210,76,107,75,258,182
math_test_prealgebra_263,test,prealgebra,True,correct,correct,True,True,True,True,597,False,31,11.763608087091757,character-position fraction of exact full reasoning usage; NOT billed prefix tokens,stop,stop,False,False,94,244,220,558,464,94,236,170,500,406
math_test_prealgebra_441,test,prealgebra,True,correct,prediction_incomplete,False,True,True,True,2192,True,871,237.85435630689207,character-position fraction of exact full reasoning usage; NOT billed prefix tokens,stop,length,False,True,103,840,99,1042,939,103,2048,0,2151,2048
math_test_prealgebra_72,test,prealgebra,True,unknown,unknown,False,True,True,True,,False,,,character-position fraction of exact full reasoning usage; NOT billed prefix tokens,stop,stop,False,False,111,76,99,286,175,111,389,211,711,600
math_test_prealgebra_384,test,prealgebra,True,correct,correct,True,True,True,True,,False,,,character-position fraction of exact full reasoning usage; NOT billed prefix tokens,stop,stop,False,False,95,248,155,498,403,95,194,164,453,358
math_test_prealgebra_793,test,prealgebra,True,correct,correct,True,True,True,True,,False,,,character-position fraction of exact full reasoning usage; NOT billed prefix tokens,stop,stop,False,False,98,131,125,354,256,98,115,155,368,270
math_test_prealgebra_416,test,prealgebra,True,correct,correct,False,True,True,True,,False,,,character-position fraction of exact full reasoning usage; NOT billed prefix tokens,stop,stop,False,False,101,89,147,337,236,101,133,151,385,284
math_test_number_theory_487,test,number_theory,True,correct,correct,False,True,True,True,464,False,88,30.215929203539822,character-position fraction of exact full reasoning usage; NOT billed prefix tokens,stop,stop,False,False,105,194,156,455,350,105,193,167,465,360
math_test_number_theory_434,test,number_theory,True,correct,correct,True,True,True,True,664,False,2,0.7067448680351907,character-position fraction of exact full reasoning usage; NOT billed prefix tokens,stop,stop,False,False,91,241,213,545,454,91,427,216,734,643
math_test_number_theory_224,test,number_theory,True,correct,correct,True,True,True,True,,False,,,character-position fraction of exact full reasoning usage; NOT billed prefix tokens,stop,stop,False,False,132,220,164,516,384,132,196,169,497,365
math_test_number_theory_76,test,number_theory,True,correct,correct,True,True,True,True,,False,,,character-position fraction of exact full reasoning usage; NOT billed prefix tokens,stop,stop,False,False,104,377,171,652,548,104,364,155,623,519
math_test_number_theory_457,test,number_theory,True,correct,correct,True,True,True,True,8884,True,5027,1302.1333907674637,character-position fraction of exact full reasoning usage; NOT billed prefix tokens,stop,stop,False,False,113,3608,240,3961,3848,113,986,213,1312,1199
math_test_number_theory_509,test,number_theory,True,correct,prediction_incomplete,False,True,True,True,,False,,,character-position fraction of exact full reasoning usage; NOT billed prefix tokens,stop,length,False,True,99,2787,480,3366,3267,99,2048,0,2147,2048
math_test_number_theory_152,test,number_theory,True,correct,correct,False,True,True,True,578,False,2,0.8322147651006712,character-position fraction of exact full reasoning usage; NOT billed prefix tokens,stop,stop,False,False,114,248,218,580,466,114,437,205,756,642
math_test_number_theory_67,test,number_theory,True,correct,prediction_incomplete,False,True,True,True,2978,True,1369,404.7341743119266,character-position fraction of exact full reasoning usage; NOT billed prefix tokens,stop,length,False,True,133,1289,153,1575,1442,133,2048,0,2181,2048
math_test_number_theory_339,test,number_theory,True,correct,correct,True,True,True,True,,False,,,character-position fraction of exact full reasoning usage; NOT billed prefix tokens,stop,stop,False,False,123,337,213,673,550,123,490,386,999,876
math_test_number_theory_270,test,number_theory,True,correct,correct,True,True,True,True,,False,,,character-position fraction of exact full reasoning usage; NOT billed prefix tokens,stop,stop,False,False,80,158,126,364,284,80,166,168,414,334
math_test_number_theory_35,test,number_theory,True,correct,correct,True,True,True,True,2855,False,18,7.095616154642734,character-position fraction of exact full reasoning usage; NOT billed prefix tokens,stop,stop,False,False,84,1142,139,1365,1281,84,873,158,1115,1031
math_test_number_theory_415,test,number_theory,True,correct,correct,True,True,True,True,595,False,25,9.55188679245283,character-position fraction of exact full reasoning usage; NOT billed prefix tokens,stop,stop,False,False,101,243,210,554,453,101,192,176,469,368
math_test_number_theory_508,test,number_theory,True,correct,correct,True,True,True,True,1630,False,145,43.07091010608598,character-position fraction of exact full reasoning usage; NOT billed prefix tokens,stop,stop,False,False,86,532,145,763,677,86,389,162,637,551
math_test_number_theory_278,test,number_theory,True,correct,correct,True,True,True,True,,False,,,character-position fraction of exact full reasoning usage; NOT billed prefix tokens,stop,stop,False,False,90,128,143,361,271,90,181,161,432,342
math_test_number_theory_77,test,number_theory,True,correct,correct,True,True,True,True,,False,,,character-position fraction of exact full reasoning usage; NOT billed prefix tokens,stop,stop,False,False,77,310,232,619,542,77,371,229,677,600
math_test_number_theory_214,test,number_theory,True,correct,correct,False,True,True,True,2622,True,963,291.86677768526226,character-position fraction of exact full reasoning usage; NOT billed prefix tokens,stop,stop,False,False,119,1092,242,1453,1334,119,672,233,1024,905
math_test_number_theory_413,test,number_theory,True,correct,correct,True,True,True,True,1868,False,117,50.326990485728594,character-position fraction of exact full reasoning usage; NOT billed prefix tokens,stop,stop,False,False,97,859,410,1366,1269,97,1429,307,1833,1736
math_test_number_theory_104,test,number_theory,True,correct,correct,True,True,True,True,,False,,,character-position fraction of exact full reasoning usage; NOT billed prefix tokens,stop,stop,False,False,115,231,233,579,464,115,239,235,589,474
math_test_number_theory_18,test,number_theory,True,correct,correct,True,True,True,True,,False,,,character-position fraction of exact full reasoning usage; NOT billed prefix tokens,stop,stop,False,False,102,1774,360,2236,2134,102,1176,341,1619,1517
math_test_number_theory_87,test,number_theory,True,correct,correct,True,True,True,True,567,False,10,3.7774030354131534,character-position fraction of exact full reasoning usage; NOT billed prefix tokens,stop,stop,False,False,69,224,178,471,402,69,249,186,504,435
math_test_number_theory_142,test,number_theory,True,correct,prediction_incomplete,False,True,True,True,,False,,,character-position fraction of exact full reasoning usage; NOT billed prefix tokens,stop,length,False,True,156,1765,367,2288,2132,156,2048,0,2204,2048
math_test_number_theory_312,test,number_theory,True,correct,correct,True,True,True,True,1257,True,1858,756.1489769820972,character-position fraction of exact full reasoning usage; NOT billed prefix tokens,stop,stop,False,False,127,1273,401,1801,1674,127,837,246,1210,1083
math_test_number_theory_464,test,number_theory,True,correct,correct,True,True,True,True,,False,,,character-position fraction of exact full reasoning usage; NOT billed prefix tokens,stop,stop,False,False,120,514,295,929,809,120,519,283,922,802
math_test_number_theory_47,test,number_theory,True,correct,correct,True,True,True,True,885,False,1,0.2838137472283814,character-position fraction of exact full reasoning usage; NOT billed prefix tokens,stop,stop,False,False,93,256,157,506,413,93,244,162,499,406
math_test_number_theory_495,test,number_theory,True,correct,correct,True,True,True,True,,False,,,character-position fraction of exact full reasoning usage; NOT billed prefix tokens,stop,stop,False,False,71,174,243,488,417,71,193,175,439,368
math_test_number_theory_32,test,number_theory,True,unknown,unknown,False,True,True,True,,False,,,character-position fraction of exact full reasoning usage; NOT billed prefix tokens,stop,stop,False,False,121,301,191,613,492,121,236,145,502,381
math_test_number_theory_180,test,number_theory,True,correct,correct,True,True,True,True,,False,,,character-position fraction of exact full reasoning usage; NOT billed prefix tokens,stop,stop,False,False,83,308,201,592,509,83,293,258,634,551
math_test_number_theory_317,test,number_theory,True,correct,correct,True,True,True,True,1639,False,79,32.91286785920369,character-position fraction of exact full reasoning usage; NOT billed prefix tokens,stop,stop,False,False,76,722,318,1116,1040,76,473,348,897,821
math_test_number_theory_272,test,number_theory,True,correct,correct,True,True,True,True,,False,,,character-position fraction of exact full reasoning usage; NOT billed prefix tokens,stop,stop,False,False,195,676,239,1110,915,195,823,381,1399,1204
math_test_number_theory_3,test,number_theory,True,correct,correct,True,True,True,True,276,False,88,33.702127659574465,character-position fraction of exact full reasoning usage; NOT billed prefix tokens,stop,stop,False,False,102,144,184,430,328,102,162,211,475,373
math_test_number_theory_248,test,number_theory,True,correct,prediction_incomplete,False,True,True,True,4408,True,5421,1657.2194950206217,character-position fraction of exact full reasoning usage; NOT billed prefix tokens,stop,length,False,True,138,3039,440,3617,3479,138,2010,38,2186,2048
math_test_number_theory_517,test,number_theory,True,correct,correct,True,True,True,True,2126,True,808,281.56745762711864,character-position fraction of exact full reasoning usage; NOT billed prefix tokens,stop,stop,False,False,145,1028,280,1453,1308,145,609,272,1026,881
math_test_number_theory_436,test,number_theory,True,correct,correct,True,True,True,True,,False,,,character-position fraction of exact full reasoning usage; NOT billed prefix tokens,stop,stop,False,False,82,329,228,639,557,82,383,234,699,617
math_test_number_theory_73,test,number_theory,True,correct,correct,True,True,True,True,,False,,,character-position fraction of exact full reasoning usage; NOT billed prefix tokens,stop,stop,False,False,79,137,216,432,353,79,318,214,611,532
math_test_number_theory_192,test,number_theory,True,correct,correct,True,True,True,True,402,False,25,9.00900900900901,character-position fraction of exact full reasoning usage; NOT billed prefix tokens,stop,stop,False,False,116,160,170,446,330,116,147,130,393,277
math_test_number_theory_121,test,number_theory,True,correct,correct,True,True,True,True,,False,,,character-position fraction of exact full reasoning usage; NOT billed prefix tokens,stop,stop,False,False,84,251,207,542,458,84,268,189,541,457
math_test_number_theory_260,test,number_theory,True,correct,correct,True,True,True,True,,False,,,character-position fraction of exact full reasoning usage; NOT billed prefix tokens,stop,stop,False,False,89,329,180,598,509,89,427,195,711,622
math_test_number_theory_78,test,number_theory,True,correct,correct,True,True,True,True,2033,False,91,33.46588785046729,character-position fraction of exact full reasoning usage; NOT billed prefix tokens,stop,stop,False,False,84,787,263,1134,1050,84,1227,231,1542,1458
math_test_number_theory_103,test,number_theory,True,correct,prediction_incomplete,False,True,True,True,7992,False,95,34.492163396272986,character-position fraction of exact full reasoning usage; NOT billed prefix tokens,stop,length,False,True,127,2942,383,3452,3325,127,2048,0,2175,2048
math_test_number_theory_433,test,number_theory,True,correct,correct,True,True,True,True,633,True,1132,394.5427927927928,character-position fraction of exact full reasoning usage; NOT billed prefix tokens,stop,stop,False,False,92,619,243,954,862,92,462,223,777,685
math_test_number_theory_75,test,number_theory,True,unknown,unknown,False,True,True,True,489,False,150,50.60514372163389,character-position fraction of exact full reasoning usage; NOT billed prefix tokens,stop,stop,False,False,79,223,143,445,366,79,133,138,350,271
math_test_number_theory_68,test,number_theory,True,correct,correct,True,True,True,True,,False,,,character-position fraction of exact full reasoning usage; NOT billed prefix tokens,stop,stop,False,False,140,137,224,501,361,140,125,183,448,308
math_test_number_theory_362,test,number_theory,True,correct,correct,True,True,True,True,,False,,,character-position fraction of exact full reasoning usage; NOT billed prefix tokens,stop,stop,False,False,122,3113,309,3544,3422,122,1599,237,1958,1836
math_test_number_theory_101,test,number_theory,True,correct,prediction_incomplete,False,True,True,True,4562,True,3873,1523.2547046987809,character-position fraction of exact full reasoning usage; NOT billed prefix tokens,stop,length,False,True,115,3323,373,3811,3696,115,2048,0,2163,2048
math_test_number_theory_265,test,number_theory,True,correct,correct,True,True,True,True,,False,,,character-position fraction of exact full reasoning usage; NOT billed prefix tokens,stop,stop,False,False,94,825,310,1229,1135,94,667,294,1055,961
math_test_number_theory_515,test,number_theory,True,correct,correct,True,True,True,True,,False,,,character-position fraction of exact full reasoning usage; NOT billed prefix tokens,stop,stop,False,False,100,519,265,884,784,100,465,249,814,714
math_test_number_theory_453,test,number_theory,True,correct,correct,True,True,True,True,,False,,,character-position fraction of exact full reasoning usage; NOT billed prefix tokens,stop,stop,False,False,100,660,222,982,882,100,546,237,883,783
math_test_number_theory_131,test,number_theory,True,correct,correct,True,True,True,True,2183,True,353,148.06350450803606,character-position fraction of exact full reasoning usage; NOT billed prefix tokens,stop,stop,False,False,146,1070,527,1743,1597,146,896,524,1566,1420
math_test_number_theory_438,test,number_theory,True,correct,correct,True,True,True,True,,False,,,character-position fraction of exact full reasoning usage; NOT billed prefix tokens,stop,stop,False,False,87,298,233,618,531,87,241,211,539,452
math_test_number_theory_441,test,number_theory,True,correct,correct,True,True,True,True,,False,,,character-position fraction of exact full reasoning usage; NOT billed prefix tokens,stop,stop,False,False,99,196,177,472,373,99,238,193,530,431
math_test_number_theory_240,test,number_theory,True,correct,correct,True,True,True,True,,False,,,character-position fraction of exact full reasoning usage; NOT billed prefix tokens,stop,stop,False,False,71,154,150,375,304,71,124,113,308,237
math_test_number_theory_88,test,number_theory,True,correct,correct,True,True,True,True,2102,False,125,43.04192685102587,character-position fraction of exact full reasoning usage; NOT billed prefix tokens,stop,stop,False,False,91,772,198,1061,970,91,1340,213,1644,1553
math_test_number_theory_319,test,number_theory,True,correct,correct,True,True,True,True,,False,,,character-position fraction of exact full reasoning usage; NOT billed prefix tokens,stop,stop,False,False,100,1018,198,1316,1216,100,410,222,732,632
math_test_number_theory_403,test,number_theory,True,correct,correct,True,True,True,True,,False,,,character-position fraction of exact full reasoning usage; NOT billed prefix tokens,stop,stop,False,False,129,400,447,976,847,129,413,465,1007,878
math_test_number_theory_188,test,number_theory,True,correct,correct,True,True,True,True,1698,True,458,139.4463380930447,character-position fraction of exact full reasoning usage; NOT billed prefix tokens,stop,stop,False,False,120,661,338,1119,999,120,1021,369,1510,1390
math_test_number_theory_478,test,number_theory,True,correct,prediction_incomplete,False,True,True,True,9135,False,280,94.431721798134,character-position fraction of exact full reasoning usage; NOT billed prefix tokens,stop,length,False,True,92,3181,231,3504,3412,92,1762,286,2140,2048
math_test_number_theory_293,test,number_theory,True,correct,prediction_incomplete,False,True,True,True,19765,True,526,197.17884899163798,character-position fraction of exact full reasoning usage; NOT billed prefix tokens,stop,length,False,True,130,7621,451,8202,8072,130,2048,0,2178,2048
math_test_number_theory_146,test,number_theory,True,correct,correct,True,True,True,True,1692,False,101,40.56740331491713,character-position fraction of exact full reasoning usage; NOT billed prefix tokens,stop,stop,False,False,145,727,152,1024,879,145,1540,144,1829,1684
math_test_number_theory_19,test,number_theory,True,correct,correct,True,True,True,True,,False,,,character-position fraction of exact full reasoning usage; NOT billed prefix tokens,stop,stop,False,False,96,391,271,758,662,96,467,259,822,726
math_test_number_theory_488,test,number_theory,True,correct,correct,True,True,True,True,,False,,,character-position fraction of exact full reasoning usage; NOT billed prefix tokens,stop,stop,False,False,88,239,159,486,398,88,288,186,562,474
math_test_number_theory_399,test,number_theory,True,correct,correct,True,True,True,True,896,True,431,146.8878923766816,character-position fraction of exact full reasoning usage; NOT billed prefix tokens,stop,stop,False,False,139,456,178,773,634,139,363,154,656,517
math_test_number_theory_139,test,number_theory,True,correct,correct,True,True,True,True,2812,False,113,41.01054421768708,character-position fraction of exact full reasoning usage; NOT billed prefix tokens,stop,stop,False,False,101,1067,348,1516,1415,101,1545,361,2007,1906
math_test_number_theory_92,test,number_theory,True,correct,correct,True,True,True,True,,False,,,character-position fraction of exact full reasoning usage; NOT billed prefix tokens,stop,stop,False,False,81,395,170,646,565,81,449,155,685,604
math_test_number_theory_266,test,number_theory,True,correct,correct,False,True,True,True,,False,,,character-position fraction of exact full reasoning usage; NOT billed prefix tokens,stop,stop,False,False,88,464,299,851,763,88,572,190,850,762
math_test_number_theory_262,test,number_theory,False,prediction_incomplete,prediction_incomplete,False,True,True,True,42434,False,7025,2326.048929849027,character-position fraction of exact full reasoning usage; NOT billed prefix tokens,length,length,True,True,132,16383,0,16515,16383,132,2048,0,2180,2048
math_test_number_theory_89,test,number_theory,True,correct,correct,True,True,True,True,,False,,,character-position fraction of exact full reasoning usage; NOT billed prefix tokens,stop,stop,False,False,72,112,157,341,269,72,166,137,375,303
math_test_number_theory_447,test,number_theory,True,correct,correct,True,True,True,True,,False,,,character-position fraction of exact full reasoning usage; NOT billed prefix tokens,stop,stop,False,False,74,207,143,424,350,74,217,94,385,311
math_test_number_theory_24,test,number_theory,True,correct,correct,True,True,True,True,4155,True,1575,445.9288299155609,character-position fraction of exact full reasoning usage; NOT billed prefix tokens,stop,stop,False,False,151,1643,271,2065,1914,151,1137,289,1577,1426
math_test_number_theory_110,test,number_theory,True,correct,correct,True,True,True,True,,False,,,character-position fraction of exact full reasoning usage; NOT billed prefix tokens,stop,stop,False,False,100,388,217,705,605,100,389,234,723,623
math_test_number_theory_231,test,number_theory,True,correct,correct,True,True,True,True,950,False,135,54.83227561196736,character-position fraction of exact full reasoning usage; NOT billed prefix tokens,stop,stop,False,False,98,448,378,924,826,98,438,383,919,821
math_test_number_theory_391,test,number_theory,True,correct,correct,True,True,True,True,,False,,,character-position fraction of exact full reasoning usage; NOT billed prefix tokens,stop,stop,False,False,71,184,151,406,335,71,138,160,369,298
math_test_number_theory_294,test,number_theory,True,correct,correct,True,True,True,True,870,False,24,8.746432491767289,character-position fraction of exact full reasoning usage; NOT billed prefix tokens,stop,stop,False,False,83,332,315,730,647,83,408,269,760,677
math_test_number_theory_273,test,number_theory,True,correct,prediction_incomplete,False,True,True,True,19809,False,23,7.051340185409109,character-position fraction of exact full reasoning usage; NOT billed prefix tokens,stop,length,False,True,115,6085,460,6660,6545,115,2048,0,2163,2048
math_test_number_theory_481,test,number_theory,True,correct,correct,True,True,True,True,933,False,94,34.607861936720994,character-position fraction of exact full reasoning usage; NOT billed prefix tokens,stop,stop,False,False,86,384,247,717,631,86,821,246,1153,1067
math_test_number_theory_485,test,number_theory,True,correct,correct,True,True,True,True,2346,True,1248,512.8246051537822,character-position fraction of exact full reasoning usage; NOT billed prefix tokens,stop,stop,False,False,88,1483,320,1891,1803,88,1070,364,1522,1434
math_test_number_theory_289,test,number_theory,True,correct,correct,True,True,True,True,708,False,13,5.347767253044655,character-position fraction of exact full reasoning usage; NOT billed prefix tokens,stop,stop,False,False,80,304,145,529,449,80,444,139,663,583
math_test_number_theory_27,test,number_theory,True,correct,correct,True,True,True,True,,False,,,character-position fraction of exact full reasoning usage; NOT billed prefix tokens,stop,stop,False,False,91,288,229,608,517,91,187,221,499,408
math_test_number_theory_41,test,number_theory,True,correct,correct,False,True,True,True,1145,False,1,0.3957264957264957,character-position fraction of exact full reasoning usage; NOT billed prefix tokens,stop,stop,False,False,113,463,153,729,616,113,556,144,813,700
math_test_number_theory_170,test,number_theory,True,correct,correct,True,True,True,True,2125,True,701,195.84588318085855,character-position fraction of exact full reasoning usage; NOT billed prefix tokens,stop,stop,False,False,148,794,287,1229,1081,148,1012,287,1447,1299
math_test_number_theory_456,test,number_theory,True,correct,correct,True,True,True,True,,False,,,character-position fraction of exact full reasoning usage; NOT billed prefix tokens,stop,stop,False,False,84,358,251,693,609,84,277,253,614,530
math_test_number_theory_13,test,number_theory,True,correct,correct,True,True,True,True,,False,,,character-position fraction of exact full reasoning usage; NOT billed prefix tokens,stop,stop,False,False,102,1669,201,1972,1870,102,1506,229,1837,1735
math_test_number_theory_56,test,number_theory,True,correct,correct,True,True,True,True,,False,,,character-position fraction of exact full reasoning usage; NOT billed prefix tokens,stop,stop,False,False,130,143,168,441,311,130,197,187,514,384
math_test_number_theory_96,test,number_theory,True,correct,correct,False,True,True,True,,False,,,character-position fraction of exact full reasoning usage; NOT billed prefix tokens,stop,stop,False,False,98,1031,227,1356,1258,98,889,274,1261,1163
math_test_number_theory_236,test,number_theory,True,correct,correct,True,True,True,True,,False,,,character-position fraction of exact full reasoning usage; NOT billed prefix tokens,stop,stop,False,False,96,454,269,819,723,96,316,220,632,536
math_test_number_theory_473,test,number_theory,True,correct,correct,True,True,True,True,1784,False,2,0.7180910099889012,character-position fraction of exact full reasoning usage; NOT billed prefix tokens,stop,stop,False,False,85,647,327,1059,974,85,1094,362,1541,1456
math_test_number_theory_21,test,number_theory,True,correct,correct,True,True,True,True,,False,,,character-position fraction of exact full reasoning usage; NOT billed prefix tokens,stop,stop,False,False,136,515,240,891,755,136,482,183,801,665
math_test_number_theory_439,test,number_theory,True,correct,correct,True,True,True,True,663,False,45,13.86049723756906,character-position fraction of exact full reasoning usage; NOT billed prefix tokens,stop,stop,False,False,145,223,168,536,391,145,241,156,542,397
math_test_number_theory_333,test,number_theory,True,correct,correct,False,True,True,True,,False,,,character-position fraction of exact full reasoning usage; NOT billed prefix tokens,stop,stop,False,False,89,455,327,871,782,89,430,329,848,759
math_test_number_theory_7,test,number_theory,True,correct,correct,True,True,True,True,,False,,,character-position fraction of exact full reasoning usage; NOT billed prefix tokens,stop,stop,False,False,97,510,277,884,787,97,1103,235,1435,1338
math_test_number_theory_191,test,number_theory,True,correct,correct,True,True,True,True,430,True,405,165.92089728453365,character-position fraction of exact full reasoning usage; NOT billed prefix tokens,stop,stop,False,False,89,347,172,608,519,89,256,178,523,434
math_test_number_theory_422,test,number_theory,True,correct,correct,True,True,True,True,3279,False,30,10.120264582080578,character-position fraction of exact full reasoning usage; NOT billed prefix tokens,stop,stop,False,False,93,1122,255,1470,1377,93,921,231,1245,1152
math_test_number_theory_148,test,number_theory,True,correct,correct,True,True,True,True,1787,False,22,6.533698630136986,character-position fraction of exact full reasoning usage; NOT billed prefix tokens,stop,stop,False,False,115,542,229,886,771,115,460,265,840,725
math_test_number_theory_376,test,number_theory,True,correct,correct,True,True,True,True,1282,False,14,4.750186428038777,character-position fraction of exact full reasoning usage; NOT billed prefix tokens,stop,stop,False,False,115,455,283,853,738,115,315,235,665,550
math_test_number_theory_140,test,number_theory,True,correct,prediction_incomplete,False,True,True,True,5792,True,4400,1800.4508477898657,character-position fraction of exact full reasoning usage; NOT billed prefix tokens,stop,length,False,True,97,4175,617,4889,4792,97,2048,0,2145,2048
math_test_number_theory_450,test,number_theory,True,correct,correct,True,True,True,True,,False,,,character-position fraction of exact full reasoning usage; NOT billed prefix tokens,stop,stop,False,False,150,245,187,582,432,150,270,171,591,441
math_test_number_theory_124,test,number_theory,True,correct,correct,True,True,True,True,,False,,,character-position fraction of exact full reasoning usage; NOT billed prefix tokens,stop,stop,False,False,82,372,196,650,568,82,630,178,890,808
math_test_number_theory_451,test,number_theory,True,unknown,unknown,False,True,True,True,1007,False,71,30.85272727272727,character-position fraction of exact full reasoning usage; NOT billed prefix tokens,stop,stop,False,False,96,478,148,722,626,96,498,190,784,688
math_test_number_theory_184,test,number_theory,True,correct,correct,True,True,True,True,,False,,,character-position fraction of exact full reasoning usage; NOT billed prefix tokens,stop,stop,False,False,72,229,230,531,459,72,254,231,557,485
math_test_number_theory_529,test,number_theory,True,correct,correct,True,True,True,True,1728,False,105,33.90210924824229,character-position fraction of exact full reasoning usage; NOT billed prefix tokens,stop,stop,False,False,109,597,332,1038,929,109,1363,261,1733,1624
math_test_number_theory_161,test,number_theory,True,correct,correct,True,True,True,True,,False,,,character-position fraction of exact full reasoning usage; NOT billed prefix tokens,stop,stop,False,False,128,865,129,1122,994,128,948,111,1187,1059
math_test_number_theory_134,test,number_theory,True,correct,correct,True,True,True,True,,False,,,character-position fraction of exact full reasoning usage; NOT billed prefix tokens,stop,stop,False,False,89,737,383,1209,1120,89,338,325,752,663
math_test_number_theory_285,test,number_theory,True,correct,correct,True,True,True,True,3269,True,1642,423.5806778973006,character-position fraction of exact full reasoning usage; NOT billed prefix tokens,stop,stop,False,False,112,1271,245,1628,1516,112,781,237,1130,1018
math_test_number_theory_63,test,number_theory,True,correct,correct,True,True,True,True,927,False,76,30.849261083743844,character-position fraction of exact full reasoning usage; NOT billed prefix tokens,stop,stop,False,False,108,412,203,723,615,108,500,156,764,656
math_test_number_theory_160,test,number_theory,True,correct,prediction_incomplete,False,True,True,True,5255,True,6635,2015.2308596373405,character-position fraction of exact full reasoning usage; NOT billed prefix tokens,stop,length,False,True,96,3618,217,3931,3835,96,2048,0,2144,2048
math_test_number_theory_512,test,number_theory,True,correct,correct,True,True,True,True,,False,,,character-position fraction of exact full reasoning usage; NOT billed prefix tokens,stop,stop,False,False,99,274,268,641,542,99,304,274,677,578
math_test_number_theory_454,test,number_theory,True,correct,correct,True,True,True,True,1518,True,457,149.88498242089403,character-position fraction of exact full reasoning usage; NOT billed prefix tokens,stop,stop,False,False,135,653,176,964,829,135,428,201,764,629
math_test_number_theory_94,test,number_theory,True,correct,correct,True,True,True,True,2266,False,224,78.39106145251397,character-position fraction of exact full reasoning usage; NOT billed prefix tokens,stop,stop,False,False,133,877,247,1257,1124,133,1551,197,1881,1748
math_test_number_theory_499,test,number_theory,True,correct,correct,False,True,True,True,,False,,,character-position fraction of exact full reasoning usage; NOT billed prefix tokens,stop,stop,False,False,104,773,209,1086,982,104,569,217,890,786
math_test_number_theory_4,test,number_theory,True,correct,correct,True,True,True,True,,False,,,character-position fraction of exact full reasoning usage; NOT billed prefix tokens,stop,stop,False,False,106,366,334,806,700,106,362,348,816,710
math_test_number_theory_143,test,number_theory,True,correct,correct,True,True,True,True,634,False,2,0.6840490797546013,character-position fraction of exact full reasoning usage; NOT billed prefix tokens,stop,stop,False,False,85,223,207,515,430,85,171,197,453,368
math_test_number_theory_455,test,number_theory,True,correct,correct,True,True,True,True,1408,False,128,41.84139264990329,character-position fraction of exact full reasoning usage; NOT billed prefix tokens,stop,stop,False,False,107,507,240,854,747,107,758,251,1116,1009
math_test_number_theory_353,test,number_theory,True,correct,correct,True,True,True,True,2085,True,480,150.0,character-position fraction of exact full reasoning usage; NOT billed prefix tokens,stop,stop,False,False,107,805,370,1282,1175,107,846,239,1192,1085
math_test_number_theory_329,test,number_theory,True,correct,correct,True,True,True,True,1272,True,1320,483.59447004608296,character-position fraction of exact full reasoning usage; NOT billed prefix tokens,stop,stop,False,False,106,954,284,1344,1238,106,838,242,1186,1080
math_test_number_theory_424,test,number_theory,True,correct,correct,True,True,True,True,482,True,616,184.52622222222223,character-position fraction of exact full reasoning usage; NOT billed prefix tokens,stop,stop,False,False,120,337,172,629,509,120,190,161,471,351
math_test_number_theory_281,test,number_theory,True,correct,correct,True,True,True,True,,False,,,character-position fraction of exact full reasoning usage; NOT billed prefix tokens,stop,stop,False,False,76,147,322,545,469,76,273,268,617,541
math_test_number_theory_242,test,number_theory,False,prediction_incomplete,prediction_incomplete,False,True,True,True,33264,False,3205,1439.083559428869,character-position fraction of exact full reasoning usage; NOT billed prefix tokens,length,length,True,True,142,16384,0,16526,16384,142,2048,0,2190,2048
math_test_number_theory_437,test,number_theory,True,correct,correct,True,True,True,True,,False,,,character-position fraction of exact full reasoning usage; NOT billed prefix tokens,stop,stop,False,False,76,309,293,678,602,76,348,246,670,594
math_test_number_theory_536,test,number_theory,True,correct,correct,True,True,True,True,737,True,1847,597.6425269645608,character-position fraction of exact full reasoning usage; NOT billed prefix tokens,stop,stop,False,False,82,840,145,1067,985,82,476,167,725,643
math_test_number_theory_62,test,number_theory,True,correct,correct,True,True,True,True,,False,,,character-position fraction of exact full reasoning usage; NOT billed prefix tokens,stop,stop,False,False,95,211,183,489,394,95,233,173,501,406
math_test_number_theory_232,test,number_theory,True,correct,correct,False,True,True,True,1099,False,159,49.33621366849961,character-position fraction of exact full reasoning usage; NOT billed prefix tokens,stop,stop,False,False,90,395,181,666,576,90,582,198,870,780
math_test_number_theory_375,test,number_theory,True,correct,correct,True,True,True,True,,False,,,character-position fraction of exact full reasoning usage; NOT billed prefix tokens,stop,stop,False,False,96,805,401,1302,1206,96,634,391,1121,1025
math_test_number_theory_44,test,number_theory,True,unknown,unknown,False,True,True,True,,False,,,character-position fraction of exact full reasoning usage; NOT billed prefix tokens,stop,stop,False,False,82,529,169,780,698,82,514,170,766,684
math_test_number_theory_304,test,number_theory,True,correct,correct,False,True,True,True,,False,,,character-position fraction of exact full reasoning usage; NOT billed prefix tokens,stop,stop,False,False,97,1248,224,1569,1472,97,1227,231,1555,1458
math_test_number_theory_346,test,number_theory,True,correct,correct,True,True,True,True,1030,False,1,0.40822179732313574,character-position fraction of exact full reasoning usage; NOT billed prefix tokens,stop,stop,False,False,119,427,241,787,668,119,436,243,798,679
math_test_precalculus_43,test,precalculus,True,correct,correct,True,True,True,True,6753,True,916,355.67958387516256,character-position fraction of exact full reasoning usage; NOT billed prefix tokens,stop,stop,False,False,111,2986,317,3414,3303,111,1300,306,1717,1606
math_test_precalculus_522,test,precalculus,True,correct,prediction_incomplete,False,True,True,True,4788,True,5113,1917.1171843485276,character-position fraction of exact full reasoning usage; NOT billed prefix tokens,stop,length,False,True,128,3718,453,4299,4171,128,2048,0,2176,2048
math_test_precalculus_356,test,precalculus,True,correct,correct,False,True,True,True,,False,,,character-position fraction of exact full reasoning usage; NOT billed prefix tokens,stop,stop,False,False,188,465,240,893,705,188,453,235,876,688
math_test_precalculus_466,test,precalculus,True,correct,correct,False,True,True,True,,False,,,character-position fraction of exact full reasoning usage; NOT billed prefix tokens,stop,stop,False,False,227,333,175,735,508,227,295,273,795,568
math_test_precalculus_371,test,precalculus,True,correct,correct,False,True,True,True,,False,,,character-position fraction of exact full reasoning usage; NOT billed prefix tokens,stop,stop,False,False,99,714,393,1206,1107,99,1441,333,1873,1774
math_test_precalculus_116,test,precalculus,True,correct,prediction_incomplete,False,True,True,True,13665,True,5014,2209.795625902358,character-position fraction of exact full reasoning usage; NOT billed prefix tokens,stop,length,False,True,181,8242,404,8827,8646,181,2048,0,2229,2048
math_test_precalculus_1,test,precalculus,True,correct,correct,False,True,True,True,,False,,,character-position fraction of exact full reasoning usage; NOT billed prefix tokens,stop,stop,False,False,142,315,387,844,702,142,322,385,849,707
math_test_precalculus_292,test,precalculus,True,correct,correct,True,True,True,True,2239,True,1127,397.470239857862,character-position fraction of exact full reasoning usage; NOT billed prefix tokens,stop,stop,False,False,251,1191,212,1654,1403,251,640,221,1112,861
math_test_precalculus_225,test,precalculus,True,correct,correct,False,True,True,True,,False,,,character-position fraction of exact full reasoning usage; NOT billed prefix tokens,stop,stop,False,False,110,1275,391,1776,1666,110,1285,384,1779,1669
math_test_precalculus_78,test,precalculus,True,correct,prediction_incomplete,False,True,True,True,4030,True,1581,665.0483383685801,character-position fraction of exact full reasoning usage; NOT billed prefix tokens,stop,length,False,True,130,2367,319,2816,2686,130,2048,0,2178,2048
math_test_precalculus_488,test,precalculus,True,correct,correct,True,True,True,True,5965,False,23,6.275506812894649,character-position fraction of exact full reasoning usage; NOT billed prefix tokens,stop,stop,False,False,93,1642,348,2083,1990,93,1101,379,1573,1480
math_test_precalculus_505,test,precalculus,True,correct,prediction_incomplete,False,True,True,True,3687,True,615,225.37178596247395,character-position fraction of exact full reasoning usage; NOT billed prefix tokens,stop,length,False,True,113,1582,328,2023,1910,113,2048,0,2161,2048
math_test_precalculus_219,test,precalculus,True,correct,prediction_incomplete,False,True,True,True,5707,True,5521,2039.3767677666103,character-position fraction of exact full reasoning usage; NOT billed prefix tokens,stop,length,False,True,137,4153,310,4600,4463,137,2048,0,2185,2048
math_test_precalculus_56,test,precalculus,True,incorrect,prediction_incomplete,False,True,True,True,,False,,,character-position fraction of exact full reasoning usage; NOT billed prefix tokens,stop,length,False,True,307,2120,420,2847,2540,307,2048,0,2355,2048
math_test_precalculus_534,test,precalculus,True,correct,correct,True,True,True,True,1366,False,88,23.216522318454363,character-position fraction of exact full reasoning usage; NOT billed prefix tokens,stop,stop,False,False,133,396,215,744,611,133,638,204,975,842
math_test_precalculus_127,test,precalculus,True,correct,prediction_incomplete,False,True,True,True,6187,True,801,308.41131105398455,character-position fraction of exact full reasoning usage; NOT billed prefix tokens,stop,length,False,True,138,2696,274,3108,2970,138,1992,56,2186,2048
math_test_precalculus_75,test,precalculus,True,correct,prediction_incomplete,False,True,True,True,13478,False,211,77.10237139730026,character-position fraction of exact full reasoning usage; NOT billed prefix tokens,stop,length,False,True,169,5008,471,5648,5479,169,2048,0,2217,2048
math_test_precalculus_285,test,precalculus,True,correct,prediction_incomplete,False,True,True,True,,False,,,character-position fraction of exact full reasoning usage; NOT billed prefix tokens,stop,length,False,True,131,6980,489,7600,7469,131,2048,0,2179,2048
math_test_precalculus_297,test,precalculus,True,correct,correct,False,True,True,True,1923,True,441,138.66876574307304,character-position fraction of exact full reasoning usage; NOT billed prefix tokens,stop,stop,False,False,180,749,291,1220,1040,180,547,316,1043,863
math_test_precalculus_417,test,precalculus,True,correct,correct,False,True,True,True,2025,False,60,26.244645406949072,character-position fraction of exact full reasoning usage; NOT billed prefix tokens,stop,stop,False,False,138,919,346,1403,1265,138,1192,319,1649,1511
math_test_precalculus_190,test,precalculus,True,correct,correct,True,True,True,True,,False,,,character-position fraction of exact full reasoning usage; NOT billed prefix tokens,stop,stop,False,False,88,1460,431,1979,1891,88,1143,409,1640,1552
math_test_precalculus_100,test,precalculus,True,correct,prediction_incomplete,False,True,True,True,,False,,,character-position fraction of exact full reasoning usage; NOT billed prefix tokens,stop,length,False,True,134,2856,504,3494,3360,134,2048,0,2182,2048
math_test_precalculus_336,test,precalculus,True,correct,correct,False,True,True,True,1029,True,415,168.99048266485383,character-position fraction of exact full reasoning usage; NOT billed prefix tokens,stop,stop,False,False,105,599,447,1151,1046,105,1490,404,1999,1894
math_test_precalculus_287,test,precalculus,True,correct,prediction_incomplete,False,True,True,True,11585,True,6576,2913.1795774647885,character-position fraction of exact full reasoning usage; NOT billed prefix tokens,stop,length,False,True,93,8052,332,8477,8384,93,2048,0,2141,2048
math_test_precalculus_36,test,precalculus,True,correct,correct,False,True,True,True,1035,False,140,47.95969773299748,character-position fraction of exact full reasoning usage; NOT billed prefix tokens,stop,stop,False,False,99,408,244,751,652,99,614,234,947,848
math_test_precalculus_109,test,precalculus,True,correct,prediction_incomplete,False,True,True,True,12860,True,7921,2631.8271866134537,character-position fraction of exact full reasoning usage; NOT billed prefix tokens,stop,length,False,True,363,6910,459,7732,7369,363,2048,0,2411,2048
math_test_precalculus_539,test,precalculus,True,correct,correct,False,True,True,True,887,False,41,18.54968287526427,character-position fraction of exact full reasoning usage; NOT billed prefix tokens,stop,stop,False,False,238,428,257,923,685,238,413,243,894,656
math_test_precalculus_81,test,precalculus,True,correct,correct,True,True,True,True,994,False,49,21.304347826086957,character-position fraction of exact full reasoning usage; NOT billed prefix tokens,stop,stop,False,False,150,460,348,958,808,150,476,430,1056,906
math_test_precalculus_418,test,precalculus,True,unknown,unknown,False,True,True,True,836,True,1071,439.568921011874,character-position fraction of exact full reasoning usage; NOT billed prefix tokens,stop,stop,False,False,187,795,194,1176,989,187,643,326,1156,969
math_test_precalculus_96,test,precalculus,True,correct,prediction_incomplete,False,True,True,True,9246,True,9033,3045.891063132003,character-position fraction of exact full reasoning usage; NOT billed prefix tokens,stop,length,False,True,159,6169,294,6622,6463,159,2048,0,2207,2048
math_test_precalculus_258,test,precalculus,True,correct,correct,False,True,True,True,821,False,30,13.680781758957655,character-position fraction of exact full reasoning usage; NOT billed prefix tokens,stop,stop,False,False,101,420,363,884,783,101,503,345,949,848
math_test_precalculus_283,test,precalculus,True,correct,correct,False,True,True,True,1609,True,737,282.5996621621622,character-position fraction of exact full reasoning usage; NOT billed prefix tokens,stop,stop,False,False,106,908,215,1229,1123,106,221,223,550,444
math_test_precalculus_442,test,precalculus,,incorrect,prediction_incomplete,False,True,True,True,8617,False,108,41.407989074769546,character-position fraction of exact full reasoning usage; NOT billed prefix tokens,stop,length,False,True,112,3369,285,3766,3654,112,2048,0,2160,2048
math_test_precalculus_217,test,precalculus,True,correct,correct,True,True,True,True,,False,,,character-position fraction of exact full reasoning usage; NOT billed prefix tokens,stop,stop,False,False,135,682,411,1228,1093,135,1233,311,1679,1544
math_test_precalculus_19,test,precalculus,True,correct,correct,True,True,True,True,,False,,,character-position fraction of exact full reasoning usage; NOT billed prefix tokens,stop,stop,False,False,193,966,328,1487,1294,193,1571,374,2138,1945
math_test_precalculus_403,test,precalculus,True,correct,correct,True,True,True,True,1646,False,2,0.7672880336740829,character-position fraction of exact full reasoning usage; NOT billed prefix tokens,stop,stop,False,False,144,638,297,1079,935,144,348,243,735,591
math_test_precalculus_315,test,precalculus,True,correct,correct,False,True,True,True,2435,False,115,39.90968485780169,character-position fraction of exact full reasoning usage; NOT billed prefix tokens,stop,stop,False,False,106,903,315,1324,1218,106,1195,294,1595,1489
math_test_precalculus_346,test,precalculus,True,correct,prediction_incomplete,False,True,True,True,7901,True,3392,1313.5936311366652,character-position fraction of exact full reasoning usage; NOT billed prefix tokens,stop,length,False,True,147,4378,578,5103,4956,147,2048,0,2195,2048
math_test_precalculus_201,test,precalculus,True,correct,prediction_incomplete,False,True,True,True,8322,False,25,6.98090692124105,character-position fraction of exact full reasoning usage; NOT billed prefix tokens,stop,length,False,True,97,2340,433,2870,2773,97,2048,0,2145,2048
math_test_precalculus_112,test,precalculus,True,correct,prediction_incomplete,False,True,True,True,6536,True,2769,1143.4977462974887,character-position fraction of exact full reasoning usage; NOT billed prefix tokens,stop,length,False,True,109,3848,386,4343,4234,109,2048,0,2157,2048
math_test_precalculus_111,test,precalculus,True,correct,prediction_incomplete,False,True,True,True,5326,True,630,285.72098475967175,character-position fraction of exact full reasoning usage; NOT billed prefix tokens,stop,length,False,True,106,2708,534,3348,3242,106,2048,0,2154,2048
math_test_precalculus_509,test,precalculus,True,correct,correct,True,True,True,True,,False,,,character-position fraction of exact full reasoning usage; NOT billed prefix tokens,stop,stop,False,False,102,695,355,1152,1050,102,426,338,866,764
math_test_precalculus_31,test,precalculus,True,correct,prediction_incomplete,False,True,True,True,10627,True,1420,494.24568965517244,character-position fraction of exact full reasoning usage; NOT billed prefix tokens,stop,length,False,True,136,4199,427,4762,4626,136,2048,0,2184,2048
math_test_precalculus_159,test,precalculus,True,correct,correct,True,True,True,True,,False,,,character-position fraction of exact full reasoning usage; NOT billed prefix tokens,stop,stop,False,False,132,214,199,545,413,132,330,245,707,575
math_test_precalculus_300,test,precalculus,True,unknown,unknown,False,True,True,True,3062,True,659,245.31988241582042,character-position fraction of exact full reasoning usage; NOT billed prefix tokens,stop,stop,False,False,134,1393,251,1778,1644,134,1111,281,1526,1392
math_test_precalculus_339,test,precalculus,True,correct,prediction_incomplete,False,True,True,True,5591,True,2922,1094.769176882662,character-position fraction of exact full reasoning usage; NOT billed prefix tokens,stop,length,False,True,95,3209,361,3665,3570,95,2048,0,2143,2048
math_test_precalculus_477,test,precalculus,True,correct,correct,False,True,True,True,,False,,,character-position fraction of exact full reasoning usage; NOT billed prefix tokens,stop,stop,False,False,151,418,336,905,754,151,305,331,787,636
math_test_precalculus_494,test,precalculus,True,correct,correct,True,True,True,True,,False,,,character-position fraction of exact full reasoning usage; NOT billed prefix tokens,stop,stop,False,False,111,1718,320,2149,2038,111,1209,347,1667,1556
math_test_precalculus_32,test,precalculus,True,correct,prediction_incomplete,False,True,True,True,,False,,,character-position fraction of exact full reasoning usage; NOT billed prefix tokens,stop,length,False,True,177,8800,649,9626,9449,177,2048,0,2225,2048
math_test_precalculus_50,test,precalculus,True,correct,correct,False,True,True,True,3834,True,1149,484.11629303442754,character-position fraction of exact full reasoning usage; NOT billed prefix tokens,stop,stop,False,False,139,2105,327,2571,2432,139,1051,424,1614,1475
math_test_precalculus_426,test,precalculus,False,prediction_incomplete,prediction_incomplete,False,True,True,True,22666,False,26140,8716.724360418671,character-position fraction of exact full reasoning usage; NOT billed prefix tokens,length,length,True,True,87,16280,104,16471,16384,87,2048,0,2135,2048
math_test_precalculus_11,test,precalculus,True,correct,prediction_incomplete,False,True,True,True,6262,True,6184,1813.8012522074168,character-position fraction of exact full reasoning usage; NOT billed prefix tokens,stop,length,False,True,156,3654,278,4088,3932,156,2048,0,2204,2048
math_test_precalculus_61,test,precalculus,True,correct,prediction_incomplete,False,True,True,True,1657,True,10039,3880.7579385294616,character-position fraction of exact full reasoning usage; NOT billed prefix tokens,stop,length,False,True,134,4553,462,5149,5015,134,2048,0,2182,2048
math_test_precalculus_123,test,precalculus,True,correct,prediction_incomplete,False,True,True,True,1111,True,7302,3145.2637571157497,character-position fraction of exact full reasoning usage; NOT billed prefix tokens,stop,length,False,True,94,3632,431,4157,4063,94,1672,376,2142,2048
math_test_precalculus_305,test,precalculus,True,correct,correct,False,True,True,True,,False,,,character-position fraction of exact full reasoning usage; NOT billed prefix tokens,stop,stop,False,False,147,831,314,1292,1145,147,766,239,1152,1005
math_test_precalculus_541,test,precalculus,True,correct,correct,False,True,True,True,689,False,128,53.959281437125746,character-position fraction of exact full reasoning usage; NOT billed prefix tokens,stop,stop,False,False,86,352,374,812,726,86,306,310,702,616
math_test_precalculus_29,test,precalculus,True,correct,correct,True,True,True,True,,False,,,character-position fraction of exact full reasoning usage; NOT billed prefix tokens,stop,stop,False,False,88,587,264,939,851,88,415,275,778,690
math_test_precalculus_463,test,precalculus,True,correct,prediction_incomplete,False,True,True,True,14259,True,500,225.61882862166914,character-position fraction of exact full reasoning usage; NOT billed prefix tokens,stop,length,False,True,164,6672,371,7207,7043,164,1698,350,2212,2048
math_test_precalculus_501,test,precalculus,True,correct,prediction_incomplete,False,True,True,True,9558,True,2744,873.1819878296146,character-position fraction of exact full reasoning usage; NOT billed prefix tokens,stop,length,False,True,332,3922,211,4465,4133,332,2048,0,2380,2048
math_test_precalculus_474,test,precalculus,True,correct,prediction_incomplete,False,True,True,True,8165,True,8894,4038.325801919925,character-position fraction of exact full reasoning usage; NOT billed prefix tokens,stop,length,False,True,131,7757,478,8366,8235,131,2048,0,2179,2048
math_test_precalculus_218,test,precalculus,True,correct,correct,False,True,True,True,6634,False,23,7.374124310627515,character-position fraction of exact full reasoning usage; NOT billed prefix tokens,stop,stop,False,False,233,2151,227,2611,2378,233,1063,218,1514,1281
math_test_precalculus_204,test,precalculus,True,correct,unknown,False,True,True,True,1515,True,638,268.8483171968649,character-position fraction of exact full reasoning usage; NOT billed prefix tokens,stop,stop,False,False,120,914,269,1303,1183,120,1694,288,2102,1982
math_test_precalculus_437,test,precalculus,True,incorrect,incorrect,False,True,True,True,,False,,,character-position fraction of exact full reasoning usage; NOT billed prefix tokens,stop,stop,False,False,79,164,247,490,411,79,179,179,437,358
math_test_precalculus_188,test,precalculus,True,correct,prediction_incomplete,False,True,True,True,24549,True,2297,885.7242945424764,character-position fraction of exact full reasoning usage; NOT billed prefix tokens,stop,length,False,True,142,10358,320,10820,10678,142,2048,0,2190,2048
math_test_precalculus_544,test,precalculus,True,correct,correct,True,True,True,True,1876,False,177,64.04492753623188,character-position fraction of exact full reasoning usage; NOT billed prefix tokens,stop,stop,False,False,99,749,380,1228,1129,99,1046,228,1373,1274
math_test_precalculus_276,test,precalculus,True,correct,correct,False,True,True,True,,False,,,character-position fraction of exact full reasoning usage; NOT billed prefix tokens,stop,stop,False,False,118,382,384,884,766,118,1170,362,1650,1532
math_test_precalculus_542,test,precalculus,True,correct,correct,False,True,True,True,1741,False,46,19.14378730330982,character-position fraction of exact full reasoning usage; NOT billed prefix tokens,stop,stop,False,False,247,767,365,1379,1132,247,745,276,1268,1021
math_test_precalculus_351,test,precalculus,True,correct,prediction_incomplete,False,True,True,True,16739,True,1566,673.5208503679477,character-position fraction of exact full reasoning usage; NOT billed prefix tokens,stop,length,False,True,141,7890,610,8641,8500,141,2048,0,2189,2048
math_test_precalculus_487,test,precalculus,True,correct,correct,True,True,True,True,,False,,,character-position fraction of exact full reasoning usage; NOT billed prefix tokens,stop,stop,False,False,141,1618,256,2015,1874,141,874,273,1288,1147
math_test_precalculus_406,test,precalculus,True,correct,prediction_incomplete,False,True,True,True,10024,True,2684,1120.2288135593221,character-position fraction of exact full reasoning usage; NOT billed prefix tokens,stop,length,False,True,107,5319,350,5776,5669,107,1965,83,2155,2048
math_test_precalculus_147,test,precalculus,True,incorrect,incorrect,False,True,True,True,4063,True,1875,554.2472490830277,character-position fraction of exact full reasoning usage; NOT billed prefix tokens,stop,stop,False,False,221,1773,250,2244,2023,221,1307,247,1775,1554
math_test_precalculus_243,test,precalculus,True,correct,correct,False,True,True,True,1141,False,107,47.59305993690852,character-position fraction of exact full reasoning usage; NOT billed prefix tokens,stop,stop,False,False,157,564,484,1205,1048,157,842,521,1520,1363
math_test_precalculus_404,test,precalculus,True,correct,correct,False,True,True,True,6133,False,90,37.941741357234314,character-position fraction of exact full reasoning usage; NOT billed prefix tokens,stop,stop,False,False,125,2634,484,3243,3118,125,1644,355,2124,1999
math_test_precalculus_196,test,precalculus,True,unknown,prediction_incomplete,False,True,True,True,2757,True,546,220.83544303797467,character-position fraction of exact full reasoning usage; NOT billed prefix tokens,stop,length,False,True,133,1342,381,1856,1723,133,2048,0,2181,2048
math_test_precalculus_399,test,precalculus,True,correct,correct,False,True,True,True,1156,True,1365,525.5787401574803,character-position fraction of exact full reasoning usage; NOT billed prefix tokens,stop,stop,False,False,127,978,342,1447,1320,127,594,316,1037,910
math_test_precalculus_535,test,precalculus,True,correct,correct,True,True,True,True,,False,,,character-position fraction of exact full reasoning usage; NOT billed prefix tokens,stop,stop,False,False,135,731,447,1313,1178,135,547,402,1084,949
math_test_precalculus_227,test,precalculus,True,correct,correct,False,True,True,True,2651,False,88,32.92017416545718,character-position fraction of exact full reasoning usage; NOT billed prefix tokens,stop,stop,False,False,92,1031,321,1444,1352,92,722,381,1195,1103
math_test_precalculus_333,test,precalculus,True,correct,correct,True,True,True,True,1619,False,89,26.84944991314418,character-position fraction of exact full reasoning usage; NOT billed prefix tokens,stop,stop,False,False,159,521,276,956,797,159,276,282,717,558
math_test_precalculus_107,test,precalculus,True,correct,prediction_incomplete,False,True,True,True,3213,True,1473,569.3379396984925,character-position fraction of exact full reasoning usage; NOT billed prefix tokens,stop,length,False,True,183,1846,391,2420,2237,183,2048,0,2231,2048
math_test_precalculus_537,test,precalculus,True,correct,prediction_incomplete,False,True,True,True,11620,True,3736,1506.0051988562516,character-position fraction of exact full reasoning usage; NOT billed prefix tokens,stop,length,False,True,116,6203,262,6581,6465,116,2048,0,2164,2048
math_test_precalculus_249,test,precalculus,True,correct,prediction_incomplete,False,True,True,True,6450,False,125,46.34238310708899,character-position fraction of exact full reasoning usage; NOT billed prefix tokens,stop,length,False,True,130,2458,309,2897,2767,130,2048,0,2178,2048
math_test_precalculus_279,test,precalculus,True,correct,prediction_incomplete,False,True,True,True,10758,True,2511,999.7867630449514,character-position fraction of exact full reasoning usage; NOT billed prefix tokens,stop,length,False,True,176,5288,416,5880,5704,176,2048,0,2224,2048
math_test_precalculus_490,test,precalculus,True,correct,prediction_incomplete,False,True,True,True,9032,False,39,17.92690154757985,character-position fraction of exact full reasoning usage; NOT billed prefix tokens,stop,length,False,True,215,4188,430,4833,4618,215,2048,0,2263,2048
math_test_precalculus_122,test,precalculus,True,correct,prediction_incomplete,False,True,True,True,3886,True,1461,465.1358047690015,character-position fraction of exact full reasoning usage; NOT billed prefix tokens,stop,length,False,True,156,1709,275,2140,1984,156,2048,0,2204,2048
math_test_precalculus_99,test,precalculus,True,correct,prediction_incomplete,False,True,True,True,11521,True,13171,4433.501213886866,character-position fraction of exact full reasoning usage; NOT billed prefix tokens,stop,length,False,True,137,8319,495,8951,8814,137,2048,0,2185,2048
math_test_precalculus_471,test,precalculus,True,correct,correct,True,True,True,True,5417,True,871,363.55023012220283,character-position fraction of exact full reasoning usage; NOT billed prefix tokens,stop,stop,False,False,115,2630,410,3155,3040,115,1208,401,1724,1609
math_test_precalculus_521,test,precalculus,True,correct,prediction_incomplete,False,True,True,True,15566,True,3150,1326.5282152581283,character-position fraction of exact full reasoning usage; NOT billed prefix tokens,stop,length,False,True,160,7888,667,8715,8555,160,2048,0,2208,2048
math_test_precalculus_4,test,precalculus,True,correct,correct,True,True,True,True,,False,,,character-position fraction of exact full reasoning usage; NOT billed prefix tokens,stop,stop,False,False,364,593,374,1331,967,364,647,354,1365,1001
math_test_precalculus_215,test,precalculus,True,correct,prediction_incomplete,False,True,True,True,2792,False,161,57.036601746138345,character-position fraction of exact full reasoning usage; NOT billed prefix tokens,stop,length,False,True,97,1055,294,1446,1349,97,1960,88,2145,2048
math_test_precalculus_72,test,precalculus,True,correct,prediction_incomplete,False,True,True,True,10029,True,1013,465.8829219781213,character-position fraction of exact full reasoning usage; NOT billed prefix tokens,stop,length,False,True,132,5087,508,5727,5595,132,2048,0,2180,2048
math_test_precalculus_8,test,precalculus,True,incorrect,incorrect,False,True,True,True,,False,,,character-position fraction of exact full reasoning usage; NOT billed prefix tokens,stop,stop,False,False,186,648,417,1251,1065,186,582,412,1180,994
math_test_precalculus_77,test,precalculus,True,incorrect,incorrect,False,True,True,True,2278,False,396,124.27505486466715,character-position fraction of exact full reasoning usage; NOT billed prefix tokens,stop,stop,False,False,149,858,212,1219,1070,149,1205,282,1636,1487
math_test_precalculus_465,test,precalculus,True,correct,correct,False,True,True,True,,False,,,character-position fraction of exact full reasoning usage; NOT billed prefix tokens,stop,stop,False,False,143,243,212,598,455,143,179,178,500,357
math_test_precalculus_451,test,precalculus,True,correct,correct,False,True,True,True,,False,,,character-position fraction of exact full reasoning usage; NOT billed prefix tokens,stop,stop,False,False,89,558,356,1003,914,89,560,402,1051,962
math_test_precalculus_499,test,precalculus,True,correct,correct,True,True,True,True,2790,False,267,114.8220502901354,character-position fraction of exact full reasoning usage; NOT billed prefix tokens,stop,stop,False,False,93,1334,349,1776,1683,93,729,328,1150,1057
math_test_precalculus_391,test,precalculus,True,correct,prediction_incomplete,False,True,True,True,7691,False,30,13.026621866115276,character-position fraction of exact full reasoning usage; NOT billed prefix tokens,stop,length,False,True,97,3360,432,3889,3792,97,2048,0,2145,2048
math_test_precalculus_523,test,precalculus,True,correct,correct,False,True,True,True,,False,,,character-position fraction of exact full reasoning usage; NOT billed prefix tokens,stop,stop,False,False,130,1083,226,1439,1309,130,1233,312,1675,1545
math_test_precalculus_319,test,precalculus,True,correct,correct,False,True,True,True,,False,,,character-position fraction of exact full reasoning usage; NOT billed prefix tokens,stop,stop,False,False,111,957,212,1280,1169,111,974,226,1311,1200
math_test_precalculus_385,test,precalculus,True,correct,prediction_incomplete,False,True,True,True,5137,False,186,80.86805165637283,character-position fraction of exact full reasoning usage; NOT billed prefix tokens,stop,length,False,True,121,2323,342,2786,2665,121,2048,0,2169,2048
math_test_precalculus_365,test,precalculus,True,correct,prediction_incomplete,False,True,True,True,3250,True,3497,1291.6613928729853,character-position fraction of exact full reasoning usage; NOT billed prefix tokens,stop,length,False,True,183,2498,357,3038,2855,183,2048,0,2231,2048
math_test_precalculus_512,test,precalculus,True,correct,correct,False,True,True,True,,False,,,character-position fraction of exact full reasoning usage; NOT billed prefix tokens,stop,stop,False,False,89,2102,336,2527,2438,89,1321,340,1750,1661
math_test_precalculus_545,test,precalculus,True,correct,correct,True,True,True,True,1256,False,284,125.87812700449005,character-position fraction of exact full reasoning usage; NOT billed prefix tokens,stop,stop,False,False,247,691,341,1279,1032,247,1292,347,1886,1639
math_test_precalculus_71,test,precalculus,True,correct,correct,True,True,True,True,,False,,,character-position fraction of exact full reasoning usage; NOT billed prefix tokens,stop,stop,False,False,166,1165,344,1675,1509,166,1021,304,1491,1325
math_test_precalculus_301,test,precalculus,True,correct,prediction_incomplete,False,True,True,True,,False,,,character-position fraction of exact full reasoning usage; NOT billed prefix tokens,stop,length,False,True,176,2815,337,3328,3152,176,1929,119,2224,2048
math_test_precalculus_469,test,precalculus,,unknown,prediction_incomplete,False,True,True,True,9468,False,14159,4844.199289610554,character-position fraction of exact full reasoning usage; NOT billed prefix tokens,stop,length,False,True,126,8091,459,8676,8550,126,2048,0,2174,2048
math_test_precalculus_52,test,precalculus,True,correct,prediction_incomplete,False,True,True,True,5752,True,749,328.11802575107293,character-position fraction of exact full reasoning usage; NOT billed prefix tokens,stop,length,False,True,251,2858,297,3406,3155,251,2048,0,2299,2048
math_test_precalculus_413,test,precalculus,True,correct,correct,False,True,True,True,1151,True,411,150.63098236775818,character-position fraction of exact full reasoning usage; NOT billed prefix tokens,stop,stop,False,False,164,582,186,932,768,164,642,187,993,829
math_test_precalculus_464,test,precalculus,True,correct,correct,False,True,True,True,4065,False,17,7.391660641118341,character-position fraction of exact full reasoning usage; NOT billed prefix tokens,stop,stop,False,False,340,1804,527,2671,2331,340,1299,533,2172,1832
math_test_counting_probability_80,test,counting_probability,True,correct,correct,True,True,True,True,,False,,,character-position fraction of exact full reasoning usage; NOT billed prefix tokens,stop,stop,False,False,97,435,271,803,706,97,382,253,732,635
math_test_counting_probability_149,test,counting_probability,True,correct,correct,True,True,True,True,1111,True,1057,233.0622140896615,character-position fraction of exact full reasoning usage; NOT billed prefix tokens,stop,stop,False,False,90,482,124,696,606,90,380,158,628,538
math_test_counting_probability_452,test,counting_probability,True,correct,correct,True,True,True,True,1345,False,20,6.753434562545191,character-position fraction of exact full reasoning usage; NOT billed prefix tokens,stop,stop,False,False,115,467,253,835,720,115,392,329,836,721
math_test_counting_probability_381,test,counting_probability,True,correct,correct,False,True,True,True,,False,,,character-position fraction of exact full reasoning usage; NOT billed prefix tokens,stop,stop,False,False,169,571,274,1014,845,169,758,218,1145,976
math_test_counting_probability_123,test,counting_probability,True,correct,correct,True,True,True,True,670,False,33,10.755894590846047,character-position fraction of exact full reasoning usage; NOT billed prefix tokens,stop,stop,False,False,130,235,200,565,435,130,345,216,691,561
math_test_counting_probability_361,test,counting_probability,True,correct,correct,True,True,True,True,,False,,,character-position fraction of exact full reasoning usage; NOT billed prefix tokens,stop,stop,False,False,128,362,177,667,539,128,558,180,866,738
math_test_counting_probability_29,test,counting_probability,True,correct,correct,False,True,True,True,,False,,,character-position fraction of exact full reasoning usage; NOT billed prefix tokens,stop,stop,False,False,112,227,195,534,422,112,186,202,500,388
math_test_counting_probability_38,test,counting_probability,True,correct,correct,True,True,True,True,,False,,,character-position fraction of exact full reasoning usage; NOT billed prefix tokens,stop,stop,False,False,111,222,189,522,411,111,528,180,819,708
math_test_counting_probability_279,test,counting_probability,True,correct,correct,True,True,True,True,,False,,,character-position fraction of exact full reasoning usage; NOT billed prefix tokens,stop,stop,False,False,98,416,134,648,550,98,576,157,831,733
math_test_counting_probability_65,test,counting_probability,True,correct,correct,True,True,True,True,2896,False,81,22.814233210825257,character-position fraction of exact full reasoning usage; NOT billed prefix tokens,stop,stop,False,False,462,843,143,1448,986,462,687,139,1288,826
math_test_counting_probability_451,test,counting_probability,True,correct,correct,True,True,True,True,,False,,,character-position fraction of exact full reasoning usage; NOT billed prefix tokens,stop,stop,False,False,114,384,259,757,643,114,283,240,637,523
math_test_counting_probability_459,test,counting_probability,True,correct,prediction_incomplete,False,True,True,True,,False,,,character-position fraction of exact full reasoning usage; NOT billed prefix tokens,stop,length,False,True,110,2781,228,3119,3009,110,2048,0,2158,2048
math_test_counting_probability_340,test,counting_probability,True,correct,correct,True,True,True,True,3497,True,1821,446.29342327150084,character-position fraction of exact full reasoning usage; NOT billed prefix tokens,stop,stop,False,False,108,1308,272,1688,1580,108,1716,236,2060,1952
math_test_counting_probability_105,test,counting_probability,True,correct,correct,True,True,True,True,3958,True,913,226.0548393697565,character-position fraction of exact full reasoning usage; NOT billed prefix tokens,stop,stop,False,False,91,1210,244,1545,1454,91,945,214,1250,1159
math_test_counting_probability_308,test,counting_probability,True,correct,correct,True,True,True,True,1020,True,526,152.78566858605245,character-position fraction of exact full reasoning usage; NOT billed prefix tokens,stop,stop,False,False,150,454,166,770,620,150,734,221,1105,955
math_test_counting_probability_260,test,counting_probability,True,correct,correct,False,True,True,True,1680,False,51,17.97087378640777,character-position fraction of exact full reasoning usage; NOT billed prefix tokens,stop,stop,False,False,85,617,274,976,891,85,620,230,935,850
math_test_counting_probability_18,test,counting_probability,True,correct,correct,False,True,True,True,,False,,,character-position fraction of exact full reasoning usage; NOT billed prefix tokens,stop,stop,False,False,107,160,220,487,380,107,177,258,542,435
math_test_counting_probability_111,test,counting_probability,True,correct,correct,False,True,True,True,3168,False,151,52.83642899940084,character-position fraction of exact full reasoning usage; NOT billed prefix tokens,stop,stop,False,False,128,1168,144,1440,1312,128,914,193,1235,1107
math_test_counting_probability_84,test,counting_probability,True,correct,correct,True,True,True,True,,False,,,character-position fraction of exact full reasoning usage; NOT billed prefix tokens,stop,stop,False,False,115,1305,138,1558,1443,115,1570,159,1844,1729
math_test_counting_probability_274,test,counting_probability,True,correct,correct,True,True,True,True,,False,,,character-position fraction of exact full reasoning usage; NOT billed prefix tokens,stop,stop,False,False,93,506,367,966,873,93,597,341,1031,938
math_test_counting_probability_97,test,counting_probability,True,correct,prediction_incomplete,False,True,True,True,2261,True,905,282.0113314447592,character-position fraction of exact full reasoning usage; NOT billed prefix tokens,stop,length,False,True,127,990,352,1469,1342,127,2048,0,2175,2048
math_test_counting_probability_467,test,counting_probability,True,correct,prediction_incomplete,False,True,True,True,5586,True,6969,2015.7668999522825,character-position fraction of exact full reasoning usage; NOT billed prefix tokens,stop,length,False,True,282,3637,286,4205,3923,282,2048,0,2330,2048
math_test_counting_probability_407,test,counting_probability,True,correct,correct,True,True,True,True,1535,True,710,194.40850686752327,character-position fraction of exact full reasoning usage; NOT billed prefix tokens,stop,stop,False,False,95,618,180,893,798,95,892,214,1201,1106
math_test_counting_probability_13,test,counting_probability,True,correct,prediction_incomplete,False,True,True,True,,False,,,character-position fraction of exact full reasoning usage; NOT billed prefix tokens,stop,length,False,True,111,2338,141,2590,2479,111,2048,0,2159,2048
math_test_counting_probability_259,test,counting_probability,True,correct,correct,False,True,True,True,,False,,,character-position fraction of exact full reasoning usage; NOT billed prefix tokens,stop,stop,False,False,129,572,381,1082,953,129,834,369,1332,1203
math_test_counting_probability_273,test,counting_probability,True,correct,correct,False,True,True,True,2396,False,1,0.3111019055509528,character-position fraction of exact full reasoning usage; NOT billed prefix tokens,stop,stop,False,False,101,751,213,1065,964,101,343,260,704,603
math_test_counting_probability_133,test,counting_probability,True,correct,correct,False,True,True,True,850,False,171,50.380998080614205,character-position fraction of exact full reasoning usage; NOT billed prefix tokens,stop,stop,False,False,115,307,159,581,466,115,194,160,469,354
math_test_counting_probability_199,test,counting_probability,True,correct,correct,True,True,True,True,,False,,,character-position fraction of exact full reasoning usage; NOT billed prefix tokens,stop,stop,False,False,87,421,303,811,724,87,509,295,891,804
math_test_counting_probability_115,test,counting_probability,True,correct,correct,True,True,True,True,517,False,102,39.23076923076923,character-position fraction of exact full reasoning usage; NOT billed prefix tokens,stop,stop,False,False,92,245,119,456,364,92,311,126,529,437
math_test_counting_probability_46,test,counting_probability,True,correct,correct,True,True,True,True,,False,,,character-position fraction of exact full reasoning usage; NOT billed prefix tokens,stop,stop,False,False,78,195,150,423,345,78,163,196,437,359
math_test_counting_probability_264,test,counting_probability,True,correct,correct,False,True,True,True,,False,,,character-position fraction of exact full reasoning usage; NOT billed prefix tokens,stop,stop,False,False,100,230,177,507,407,100,272,175,547,447
math_test_counting_probability_112,test,counting_probability,True,correct,prediction_incomplete,False,True,True,True,416,False,249,62.43362831858407,character-position fraction of exact full reasoning usage; NOT billed prefix tokens,stop,length,False,True,125,170,163,458,333,125,2048,0,2173,2048
math_test_counting_probability_315,test,counting_probability,True,correct,correct,True,True,True,True,1309,False,2,0.5195783132530121,character-position fraction of exact full reasoning usage; NOT billed prefix tokens,stop,stop,False,False,95,345,96,536,441,95,284,77,456,361
math_test_counting_probability_16,test,counting_probability,True,correct,correct,True,True,True,True,,False,,,character-position fraction of exact full reasoning usage; NOT billed prefix tokens,stop,stop,False,False,108,619,288,1015,907,108,716,265,1089,981
math_test_counting_probability_150,test,counting_probability,True,correct,correct,False,True,True,True,5927,True,4402,1187.5103421612216,character-position fraction of exact full reasoning usage; NOT billed prefix tokens,stop,stop,False,False,106,2791,210,3107,3001,106,1738,194,2038,1932
math_test_counting_probability_426,test,counting_probability,True,correct,correct,False,True,True,True,3738,True,868,296.40397923875435,character-position fraction of exact full reasoning usage; NOT billed prefix tokens,stop,stop,False,False,117,1579,215,1911,1794,117,795,256,1168,1051
math_test_counting_probability_270,test,counting_probability,True,correct,correct,True,True,True,True,630,False,2,0.5978428351309707,character-position fraction of exact full reasoning usage; NOT billed prefix tokens,stop,stop,False,False,105,194,137,436,331,105,250,144,499,394
math_test_counting_probability_327,test,counting_probability,False,prediction_incomplete,prediction_incomplete,False,True,True,True,,False,,,character-position fraction of exact full reasoning usage; NOT billed prefix tokens,length,length,True,True,1377,16384,0,17761,16384,1377,2048,0,3425,2048
math_test_counting_probability_94,test,counting_probability,True,correct,prediction_incomplete,False,True,True,True,18048,True,4089,1358.1393942129735,character-position fraction of exact full reasoning usage; NOT billed prefix tokens,stop,length,False,True,663,7358,283,8304,7641,663,2048,0,2711,2048
math_test_counting_probability_58,test,counting_probability,True,correct,prediction_incomplete,False,True,True,True,7069,True,935,315.27985539765643,character-position fraction of exact full reasoning usage; NOT billed prefix tokens,stop,length,False,True,134,2705,395,3234,3100,134,2048,0,2182,2048
math_test_counting_probability_391,test,counting_probability,True,correct,correct,False,True,True,True,,False,,,character-position fraction of exact full reasoning usage; NOT billed prefix tokens,stop,stop,False,False,197,296,252,745,548,197,280,232,709,512
math_test_counting_probability_418,test,counting_probability,True,correct,correct,True,True,True,True,,False,,,character-position fraction of exact full reasoning usage; NOT billed prefix tokens,stop,stop,False,False,149,1023,216,1388,1239,149,590,298,1037,888
math_test_counting_probability_17,test,counting_probability,True,correct,correct,True,True,True,True,4382,False,478,123.12715340442986,character-position fraction of exact full reasoning usage; NOT billed prefix tokens,stop,stop,False,False,110,1256,196,1562,1452,110,1424,249,1783,1673
math_test_counting_probability_30,test,counting_probability,True,correct,correct,False,True,True,True,1831,True,562,255.11535269709543,character-position fraction of exact full reasoning usage; NOT billed prefix tokens,stop,stop,False,False,114,1094,143,1351,1237,114,906,332,1352,1238
math_test_counting_probability_439,test,counting_probability,True,correct,correct,True,True,True,True,,False,,,character-position fraction of exact full reasoning usage; NOT billed prefix tokens,stop,stop,False,False,76,217,339,632,556,76,204,349,629,553
math_test_counting_probability_8,test,counting_probability,True,correct,correct,True,True,True,True,7329,True,2405,746.9066666666666,character-position fraction of exact full reasoning usage; NOT billed prefix tokens,stop,stop,False,False,108,3028,384,3520,3412,108,1229,256,1593,1485
math_test_counting_probability_48,test,counting_probability,True,unknown,unknown,True,True,True,True,704,False,24,9.302826379542395,character-position fraction of exact full reasoning usage; NOT billed prefix tokens,stop,stop,False,False,109,288,211,608,499,109,240,191,540,431
math_test_counting_probability_129,test,counting_probability,True,correct,correct,True,True,True,True,2418,False,66,17.98559423769508,character-position fraction of exact full reasoning usage; NOT billed prefix tokens,stop,stop,False,False,112,681,167,960,848,112,518,149,779,667
math_test_counting_probability_278,test,counting_probability,True,correct,correct,True,True,True,True,,False,,,character-position fraction of exact full reasoning usage; NOT billed prefix tokens,stop,stop,False,False,192,316,96,604,412,192,166,106,464,272
math_test_counting_probability_383,test,counting_probability,True,correct,correct,False,True,True,True,2268,False,89,32.162810265039965,character-position fraction of exact full reasoning usage; NOT billed prefix tokens,stop,stop,False,False,124,859,194,1177,1053,124,324,160,608,484
math_test_counting_probability_15,test,counting_probability,True,correct,correct,True,True,True,True,690,True,425,174.73474801061008,character-position fraction of exact full reasoning usage; NOT billed prefix tokens,stop,stop,False,False,128,465,330,923,795,128,785,251,1164,1036
math_test_counting_probability_345,test,counting_probability,True,correct,correct,False,True,True,True,,False,,,character-position fraction of exact full reasoning usage; NOT billed prefix tokens,stop,stop,False,False,108,216,218,542,434,108,228,240,576,468
math_test_counting_probability_415,test,counting_probability,True,correct,correct,True,True,True,True,4070,False,136,44.291804831833254,character-position fraction of exact full reasoning usage; NOT billed prefix tokens,stop,stop,False,False,119,1375,247,1741,1622,119,1298,287,1704,1585
math_test_counting_probability_387,test,counting_probability,True,correct,correct,False,True,True,True,,False,,,character-position fraction of exact full reasoning usage; NOT billed prefix tokens,stop,stop,False,False,82,377,227,686,604,82,393,247,722,640
math_test_counting_probability_211,test,counting_probability,True,correct,correct,False,True,True,True,526,False,1,0.32783882783882784,character-position fraction of exact full reasoning usage; NOT billed prefix tokens,stop,stop,False,False,79,179,186,444,365,79,153,177,409,330
math_test_counting_probability_200,test,counting_probability,True,correct,correct,True,True,True,True,3452,False,31,10.064589882823665,character-position fraction of exact full reasoning usage; NOT billed prefix tokens,stop,stop,False,False,138,1136,206,1480,1342,138,1004,246,1388,1250
math_test_counting_probability_442,test,counting_probability,True,correct,prediction_incomplete,False,True,True,True,7105,True,1400,425.7156264664477,character-position fraction of exact full reasoning usage; NOT billed prefix tokens,stop,length,False,True,132,2592,349,3073,2941,132,1733,315,2180,2048
math_test_counting_probability_190,test,counting_probability,True,correct,correct,True,True,True,True,4098,False,95,25.076027559990496,character-position fraction of exact full reasoning usage; NOT billed prefix tokens,stop,stop,False,False,97,1111,229,1437,1340,97,743,189,1029,932
math_test_counting_probability_339,test,counting_probability,True,correct,correct,True,True,True,True,1062,False,196,49.653333333333336,character-position fraction of exact full reasoning usage; NOT billed prefix tokens,stop,stop,False,False,115,323,232,670,555,115,246,171,532,417
math_test_counting_probability_253,test,counting_probability,True,correct,prediction_incomplete,False,True,True,True,,False,,,character-position fraction of exact full reasoning usage; NOT billed prefix tokens,stop,length,False,True,85,852,292,1229,1144,85,1959,89,2133,2048
math_test_counting_probability_457,test,counting_probability,True,correct,prediction_incomplete,False,True,True,True,,False,,,character-position fraction of exact full reasoning usage; NOT billed prefix tokens,stop,length,False,True,117,3097,426,3640,3523,117,2048,0,2165,2048
math_test_counting_probability_309,test,counting_probability,True,correct,correct,False,True,True,True,,False,,,character-position fraction of exact full reasoning usage; NOT billed prefix tokens,stop,stop,False,False,126,635,154,915,789,126,594,188,908,782
math_test_counting_probability_384,test,counting_probability,True,correct,correct,False,True,True,True,,False,,,character-position fraction of exact full reasoning usage; NOT billed prefix tokens,stop,stop,False,False,110,238,216,564,454,110,211,181,502,392
math_test_counting_probability_141,test,counting_probability,True,unknown,unknown,False,True,True,True,668,False,85,23.240506329113924,character-position fraction of exact full reasoning usage; NOT billed prefix tokens,stop,stop,False,False,97,216,154,467,370,97,209,175,481,384
math_test_counting_probability_238,test,counting_probability,True,correct,correct,True,True,True,True,,False,,,character-position fraction of exact full reasoning usage; NOT billed prefix tokens,stop,stop,False,False,103,418,163,684,581,103,350,171,624,521
math_test_counting_probability_196,test,counting_probability,True,correct,prediction_incomplete,False,True,True,True,6745,False,50,16.896450572015254,character-position fraction of exact full reasoning usage; NOT billed prefix tokens,stop,length,False,True,104,2304,220,2628,2524,104,1765,283,2152,2048
math_test_counting_probability_353,test,counting_probability,True,correct,prediction_incomplete,False,True,True,True,19071,False,338,116.45816610064834,character-position fraction of exact full reasoning usage; NOT billed prefix tokens,stop,length,False,True,209,6696,414,7319,7110,209,2048,0,2257,2048
math_test_counting_probability_412,test,counting_probability,True,correct,prediction_incomplete,False,True,True,True,8417,True,2944,748.6193616460037,character-position fraction of exact full reasoning usage; NOT billed prefix tokens,stop,length,False,True,80,2892,192,3164,3084,80,2012,36,2128,2048
math_test_counting_probability_235,test,counting_probability,True,correct,correct,False,True,True,True,,False,,,character-position fraction of exact full reasoning usage; NOT billed prefix tokens,stop,stop,False,False,100,428,172,700,600,100,342,278,720,620
math_test_counting_probability_293,test,counting_probability,True,correct,correct,True,True,True,True,,False,,,character-position fraction of exact full reasoning usage; NOT billed prefix tokens,stop,stop,False,False,88,129,145,362,274,88,181,153,422,334
math_test_counting_probability_108,test,counting_probability,True,correct,correct,True,True,True,True,,False,,,character-position fraction of exact full reasoning usage; NOT billed prefix tokens,stop,stop,False,False,120,449,283,852,732,120,448,390,958,838
math_test_counting_probability_445,test,counting_probability,True,correct,correct,True,True,True,True,972,False,59,22.25883476599809,character-position fraction of exact full reasoning usage; NOT billed prefix tokens,stop,stop,False,False,85,395,356,836,751,85,521,348,954,869
math_test_counting_probability_239,test,counting_probability,True,correct,correct,True,True,True,True,1861,True,1034,265.702786377709,character-position fraction of exact full reasoning usage; NOT billed prefix tokens,stop,stop,False,False,91,747,138,976,885,91,553,131,775,684
math_test_counting_probability_257,test,counting_probability,True,correct,correct,True,True,True,True,1144,False,1,0.24720068906115417,character-position fraction of exact full reasoning usage; NOT billed prefix tokens,stop,stop,False,False,108,287,100,495,387,108,728,68,904,796
math_test_counting_probability_443,test,counting_probability,True,correct,correct,False,True,True,True,,False,,,character-position fraction of exact full reasoning usage; NOT billed prefix tokens,stop,stop,False,False,98,577,187,862,764,98,561,226,885,787
math_test_counting_probability_126,test,counting_probability,True,correct,prediction_incomplete,False,True,True,True,8142,True,3391,1191.9166738847987,character-position fraction of exact full reasoning usage; NOT billed prefix tokens,stop,length,False,True,188,4058,221,4467,4279,188,2048,0,2236,2048
math_test_counting_probability_98,test,counting_probability,True,correct,correct,False,True,True,True,2860,True,453,158.31956912028724,character-position fraction of exact full reasoning usage; NOT billed prefix tokens,stop,stop,False,False,101,1168,257,1526,1425,101,1177,279,1557,1456
math_test_counting_probability_425,test,counting_probability,True,correct,correct,True,True,True,True,2603,True,629,142.8753462603878,character-position fraction of exact full reasoning usage; NOT billed prefix tokens,stop,stop,False,False,161,738,190,1089,928,161,901,210,1272,1111
math_test_counting_probability_5,test,counting_probability,True,correct,correct,True,True,True,True,,False,,,character-position fraction of exact full reasoning usage; NOT billed prefix tokens,stop,stop,False,False,106,204,212,522,416,106,288,250,644,538
math_test_counting_probability_208,test,counting_probability,True,correct,correct,False,True,True,True,,False,,,character-position fraction of exact full reasoning usage; NOT billed prefix tokens,stop,stop,False,False,91,96,180,367,276,91,126,164,381,290
math_test_counting_probability_61,test,counting_probability,True,correct,unknown,False,True,True,True,1385,True,778,244.23923006416132,character-position fraction of exact full reasoning usage; NOT billed prefix tokens,stop,stop,False,False,230,685,227,1142,912,230,569,193,992,762
math_test_counting_probability_7,test,counting_probability,True,correct,correct,True,True,True,True,,False,,,character-position fraction of exact full reasoning usage; NOT billed prefix tokens,stop,stop,False,False,117,69,90,276,159,117,73,152,342,225
math_test_counting_probability_73,test,counting_probability,True,correct,correct,True,True,True,True,1345,False,26,9.240287769784173,character-position fraction of exact full reasoning usage; NOT billed prefix tokens,stop,stop,False,False,98,494,201,793,695,98,274,212,584,486
math_test_counting_probability_411,test,counting_probability,True,correct,correct,False,True,True,True,,False,,,character-position fraction of exact full reasoning usage; NOT billed prefix tokens,stop,stop,False,False,131,1319,159,1609,1478,131,978,157,1266,1135
math_test_counting_probability_397,test,counting_probability,True,correct,correct,True,True,True,True,2149,False,51,18.409643983776476,character-position fraction of exact full reasoning usage; NOT billed prefix tokens,stop,stop,False,False,155,801,276,1232,1077,155,1097,324,1576,1421
math_test_counting_probability_347,test,counting_probability,True,correct,correct,False,True,True,True,902,False,37,10.632183908045977,character-position fraction of exact full reasoning usage; NOT billed prefix tokens,stop,stop,False,False,124,275,209,608,484,124,189,239,552,428
math_test_counting_probability_429,test,counting_probability,True,correct,correct,True,True,True,True,3110,False,332,100.52168883747831,character-position fraction of exact full reasoning usage; NOT billed prefix tokens,stop,stop,False,False,106,1047,253,1406,1300,106,1326,222,1654,1548
math_test_counting_probability_289,test,counting_probability,True,correct,correct,True,True,True,True,909,False,21,7.471578947368421,character-position fraction of exact full reasoning usage; NOT billed prefix tokens,stop,stop,False,False,108,338,263,709,601,108,249,300,657,549
math_test_counting_probability_346,test,counting_probability,True,correct,correct,False,True,True,True,,False,,,character-position fraction of exact full reasoning usage; NOT billed prefix tokens,stop,stop,False,False,87,352,206,645,558,87,215,163,465,378
math_test_counting_probability_328,test,counting_probability,True,correct,prediction_incomplete,False,True,True,True,5998,False,127,42.719121236777866,character-position fraction of exact full reasoning usage; NOT billed prefix tokens,stop,length,False,True,649,2067,140,2856,2207,649,2048,0,2697,2048
math_test_counting_probability_473,test,counting_probability,True,correct,correct,False,True,True,True,,False,,,character-position fraction of exact full reasoning usage; NOT billed prefix tokens,stop,stop,False,False,130,1209,381,1720,1590,130,920,528,1578,1448
math_test_counting_probability_59,test,counting_probability,True,correct,correct,True,True,True,True,,False,,,character-position fraction of exact full reasoning usage; NOT billed prefix tokens,stop,stop,False,False,93,158,175,426,333,93,334,142,569,476
math_test_counting_probability_244,test,counting_probability,True,correct,correct,True,True,True,True,,False,,,character-position fraction of exact full reasoning usage; NOT billed prefix tokens,stop,stop,False,False,92,287,107,486,394,92,342,85,519,427
math_test_counting_probability_277,test,counting_probability,True,correct,correct,False,True,True,True,,False,,,character-position fraction of exact full reasoning usage; NOT billed prefix tokens,stop,stop,False,False,82,163,225,470,388,82,192,174,448,366
math_test_counting_probability_416,test,counting_probability,True,correct,correct,True,True,True,True,,False,,,character-position fraction of exact full reasoning usage; NOT billed prefix tokens,stop,stop,False,False,98,983,298,1379,1281,98,701,154,953,855
math_test_counting_probability_32,test,counting_probability,True,correct,correct,False,True,True,True,972,False,180,50.042771599657826,character-position fraction of exact full reasoning usage; NOT billed prefix tokens,stop,stop,False,False,102,325,302,729,627,102,273,267,642,540
math_test_counting_probability_368,test,counting_probability,True,correct,correct,True,True,True,True,4017,True,961,309.0372670807453,character-position fraction of exact full reasoning usage; NOT billed prefix tokens,stop,stop,False,False,135,1605,167,1907,1772,135,1730,246,2111,1976
math_test_counting_probability_203,test,counting_probability,True,correct,correct,True,True,True,True,2266,False,69,17.696815286624204,character-position fraction of exact full reasoning usage; NOT billed prefix tokens,stop,stop,False,False,166,604,273,1043,877,166,610,236,1012,846
math_test_counting_probability_410,test,counting_probability,True,correct,correct,False,True,True,True,1126,False,1,0.3795811518324607,character-position fraction of exact full reasoning usage; NOT billed prefix tokens,stop,stop,False,False,88,435,210,733,645,88,476,219,783,695
